city,country,latitude,longitude,forecast_date,extracted_at,temperature_max,temperature_min,precipitation_sum,precipitation_probability_max,wind_speed_10m_max,wind_gusts_10m_max,weather_code,source
Casablanca,Morocco,33.5992,-7.62,2026-09-19,2026-09-19 12:01:45.530247+00:00,26.5,18.9,0.0,0,11.9,32.8,45,open-meteo
Casablanca,Morocco,33.5992,-7.62,2026-09-20,2026-09-19 12:01:45.530247+00:00,29.4,20.3,0.0,0,10.4,30.6,45,open-meteo
Casablanca,Morocco,33.5992,-7.62,2026-09-21,2026-09-19 12:01:45.530247+00:00,29.0,20.9,0.0,0,10.6,31.7,45,open-meteo
Casablanca,Morocco,33.5992,-7.62,2026-09-22,2026-09-19 12:01:45.530247+00:00,28.8,20.5,0.0,0,10.4,30.6,45,open-meteo
Casablanca,Morocco,33.5992,-7.62,2026-09-23,2026-09-19 12:01:45.530247+00:00,28.0,18.9,0.0,0,10.2,29.9,45,open-meteo
Casablanca,Morocco,33.5992,-7.62,2026-09-24,2026-09-19 12:01:45.530247+00:00,29.4,17.9,0.0,0,11.3,30.2,45,open-meteo
Casablanca,Morocco,33.5992,-7.62,2026-09-25,2026-09-19 12:01:45.530247+00:00,26.5,20.0,0.0,0,12.0,33.1,45,open-meteo
Tangier,Morocco,35.7767,-5.8039,2026-09-19,2026-09-19 12:01:45.620368+00:00,27.6,22.9,0.0,0,32.1,75.6,2,open-meteo
Tangier,Morocco,35.7767,-5.8039,2026-09-20,2026-09-19 12:01:45.620368+00:00,28.5,23.9,0.0,0,29.9,72.0,2,open-meteo
Tangier,Morocco,35.7767,-5.8039,2026-09-21,2026-09-19 12:01:45.620368+00:00,28.8,22.7,0.0,0,27.9,65.9,1,open-meteo
Tangier,Morocco,35.7767,-5.8039,2026-09-22,2026-09-19 12:01:45.620368+00:00,28.2,21.4,0.0,0,24.3,58.0,1,open-meteo
Tangier,Morocco,35.7767,-5.8039,2026-09-23,2026-09-19 12:01:45.620368+00:00,28.8,20.9,0.0,0,22.1,51.8,1,open-meteo
Tangier,Morocco,35.7767,-5.8039,2026-09-24,2026-09-19 12:01:45.620368+00:00,28.0,22.5,0.0,0,24.9,45.7,1,open-meteo
Tangier,Morocco,35.7767,-5.8039,2026-09-25,2026-09-19 12:01:45.620368+00:00,24.8,18.3,0.0,0,10.1,20.9,45,open-meteo
Fès,Morocco,34.0433,-5.0033,2026-09-19,2026-09-19 12:01:45.714155+00:00,33.7,21.2,0.0,5,17.5,44.6,2,open-meteo
Fès,Morocco,34.0433,-5.0033,2026-09-20,2026-09-19 12:01:45.714155+00:00,35.2,21.9,0.0,0,14.5,38.5,2,open-meteo
Fès,Morocco,34.0433,-5.0033,2026-09-21,2026-09-19 12:01:45.714155+00:00,34.2,21.9,0.0,0,12.7,33.8,1,open-meteo
Fès,Morocco,34.0433,-5.0033,2026-09-22,2026-09-19 12:01:45.714155+00:00,33.2,20.5,0.0,0,12.0,32.0,0,open-meteo
Fès,Morocco,34.0433,-5.0033,2026-09-23,2026-09-19 12:01:45.714155+00:00,34.8,18.9,0.0,0,8.4,22.7,0,open-meteo
Fès,Morocco,34.0433,-5.0033,2026-09-24,2026-09-19 12:01:45.714155+00:00,36.0,20.3,0.0,0,13.7,33.5,2,open-meteo
Fès,Morocco,34.0433,-5.0033,2026-09-25,2026-09-19 12:01:45.714155+00:00,33.5,20.0,0.0,0,16.3,40.3,3,open-meteo
Marrakech,Morocco,31.6295,-7.9811,2026-09-19,2026-09-19 12:01:45.800661+00:00,36.8,20.3,0.2,23,9.6,28.8,3,open-meteo
Marrakech,Morocco,31.6295,-7.9811,2026-09-20,2026-09-19 12:01:45.800661+00:00,37.2,22.4,0.1,48,12.5,43.6,3,open-meteo
Marrakech,Morocco,31.6295,-7.9811,2026-09-21,2026-09-19 12:01:45.800661+00:00,37.4,22.7,0.0,3,14.7,40.0,3,open-meteo
Marrakech,Morocco,31.6295,-7.9811,2026-09-22,2026-09-19 12:01:45.800661+00:00,36.9,20.5,0.0,0,13.3,36.4,0,open-meteo
Marrakech,Morocco,31.6295,-7.9811,2026-09-23,2026-09-19 12:01:45.800661+00:00,36.7,19.0,0.0,0,12.6,34.6,0,open-meteo
Marrakech,Morocco,31.6295,-7.9811,2026-09-24,2026-09-19 12:01:45.800661+00:00,37.1,20.7,0.0,0,16.6,28.4,1,open-meteo
Marrakech,Morocco,31.6295,-7.9811,2026-09-25,2026-09-19 12:01:45.800661+00:00,34.5,21.7,0.0,3,17.9,30.6,3,open-meteo
Sale,Morocco,34.05,-6.8167,2026-09-19,2026-09-19 12:01:45.886974+00:00,28.6,17.0,0.0,0,12.1,31.3,2,open-meteo
Sale,Morocco,34.05,-6.8167,2026-09-20,2026-09-19 12:01:45.886974+00:00,30.9,20.0,0.0,0,11.9,31.3,0,open-meteo
Sale,Morocco,34.05,-6.8167,2026-09-21,2026-09-19 12:01:45.886974+00:00,30.4,20.7,0.0,0,11.5,31.0,1,open-meteo
Sale,Morocco,34.05,-6.8167,2026-09-22,2026-09-19 12:01:45.886974+00:00,29.9,20.2,0.0,0,10.8,28.8,0,open-meteo
Sale,Morocco,34.05,-6.8167,2026-09-23,2026-09-19 12:01:45.886974+00:00,28.6,18.2,0.0,0,11.4,29.2,0,open-meteo
Sale,Morocco,34.05,-6.8167,2026-09-24,2026-09-19 12:01:45.886974+00:00,27.4,18.7,0.0,0,10.7,25.6,45,open-meteo
Sale,Morocco,34.05,-6.8167,2026-09-25,2026-09-19 12:01:45.886974+00:00,25.7,20.3,0.0,0,11.5,27.7,45,open-meteo
Meknès,Morocco,33.8833,-5.55,2026-09-19,2026-09-19 12:01:45.974631+00:00,33.9,18.9,0.0,0,12.0,35.3,2,open-meteo
Meknès,Morocco,33.8833,-5.55,2026-09-20,2026-09-19 12:01:45.974631+00:00,35.3,20.6,0.0,0,11.7,33.8,1,open-meteo
Meknès,Morocco,33.8833,-5.55,2026-09-21,2026-09-19 12:01:45.974631+00:00,34.7,20.2,0.0,0,12.9,32.4,0,open-meteo
Meknès,Morocco,33.8833,-5.55,2026-09-22,2026-09-19 12:01:45.974631+00:00,33.4,19.6,0.0,0,12.3,31.3,0,open-meteo
Meknès,Morocco,33.8833,-5.55,2026-09-23,2026-09-19 12:01:45.974631+00:00,34.0,17.2,0.0,0,13.1,33.8,0,open-meteo
Meknès,Morocco,33.8833,-5.55,2026-09-24,2026-09-19 12:01:45.974631+00:00,34.9,19.0,0.0,0,15.1,35.3,2,open-meteo
Meknès,Morocco,33.8833,-5.55,2026-09-25,2026-09-19 12:01:45.974631+00:00,32.1,18.8,0.0,3,17.3,39.2,3,open-meteo
Rabat,Morocco,34.0211,-6.8414,2026-09-19,2026-09-19 12:01:46.063705+00:00,28.7,17.1,0.0,0,12.1,31.3,2,open-meteo
Rabat,Morocco,34.0211,-6.8414,2026-09-20,2026-09-19 12:01:46.063705+00:00,31.0,20.0,0.0,0,11.9,31.3,0,open-meteo
Rabat,Morocco,34.0211,-6.8414,2026-09-21,2026-09-19 12:01:46.063705+00:00,30.4,20.8,0.0,0,11.5,31.0,1,open-meteo
Rabat,Morocco,34.0211,-6.8414,2026-09-22,2026-09-19 12:01:46.063705+00:00,29.9,20.3,0.0,0,10.8,28.8,0,open-meteo
Rabat,Morocco,34.0211,-6.8414,2026-09-23,2026-09-19 12:01:46.063705+00:00,28.6,18.2,0.0,0,11.4,29.2,0,open-meteo
Rabat,Morocco,34.0211,-6.8414,2026-09-24,2026-09-19 12:01:46.063705+00:00,27.5,18.8,0.0,0,10.7,25.6,45,open-meteo
Rabat,Morocco,34.0211,-6.8414,2026-09-25,2026-09-19 12:01:46.063705+00:00,25.7,20.4,0.0,0,11.5,27.7,45,open-meteo
Agadir,Morocco,30.4214,-9.5831,2026-09-19,2026-09-19 12:01:46.158038+00:00,26.5,21.2,0.0,0,12.6,39.2,2,open-meteo
Agadir,Morocco,30.4214,-9.5831,2026-09-20,2026-09-19 12:01:46.158038+00:00,27.8,20.6,0.0,0,12.2,36.7,45,open-meteo
Agadir,Morocco,30.4214,-9.5831,2026-09-21,2026-09-19 12:01:46.158038+00:00,34.8,22.7,0.0,0,9.5,28.4,3,open-meteo
Agadir,Morocco,30.4214,-9.5831,2026-09-22,2026-09-19 12:01:46.158038+00:00,33.3,22.6,0.0,0,11.9,37.1,2,open-meteo
Agadir,Morocco,30.4214,-9.5831,2026-09-23,2026-09-19 12:01:46.158038+00:00,32.9,22.3,0.0,0,10.5,31.7,2,open-meteo
Agadir,Morocco,30.4214,-9.5831,2026-09-24,2026-09-19 12:01:46.158038+00:00,38.9,22.6,0.0,0,14.2,30.6,3,open-meteo
Agadir,Morocco,30.4214,-9.5831,2026-09-25,2026-09-19 12:01:46.158038+00:00,31.0,20.8,0.0,0,14.0,28.1,45,open-meteo
Kenitra,Morocco,34.25,-6.5833,2026-09-19,2026-09-19 12:01:46.246288+00:00,33.8,17.6,0.0,0,16.0,40.0,1,open-meteo
Kenitra,Morocco,34.25,-6.5833,2026-09-20,2026-09-19 12:01:46.246288+00:00,36.0,20.0,0.0,0,13.2,37.1,0,open-meteo
Kenitra,Morocco,34.25,-6.5833,2026-09-21,2026-09-19 12:01:46.246288+00:00,34.3,20.6,0.0,0,14.0,37.1,1,open-meteo
Kenitra,Morocco,34.25,-6.5833,2026-09-22,2026-09-19 12:01:46.246288+00:00,33.1,20.5,0.0,0,12.5,34.9,0,open-meteo
Kenitra,Morocco,34.25,-6.5833,2026-09-23,2026-09-19 12:01:46.246288+00:00,31.3,17.9,0.0,0,12.0,30.6,0,open-meteo
Kenitra,Morocco,34.25,-6.5833,2026-09-24,2026-09-19 12:01:46.246288+00:00,28.1,17.9,0.0,0,10.9,26.3,45,open-meteo
Kenitra,Morocco,34.25,-6.5833,2026-09-25,2026-09-19 12:01:46.246288+00:00,25.9,20.1,0.0,0,10.7,26.3,45,open-meteo
Oujda-Angad,Morocco,34.6867,-1.9114,2026-09-19,2026-09-19 12:01:46.333155+00:00,29.1,19.2,0.5,58,15.2,35.3,80,open-meteo
Oujda-Angad,Morocco,34.6867,-1.9114,2026-09-20,2026-09-19 12:01:46.333155+00:00,29.4,19.3,0.3,18,19.1,40.7,80,open-meteo
Oujda-Angad,Morocco,34.6867,-1.9114,2026-09-21,2026-09-19 12:01:46.333155+00:00,26.5,17.6,0.2,3,18.2,38.2,45,open-meteo
Oujda-Angad,Morocco,34.6867,-1.9114,2026-09-22,2026-09-19 12:01:46.333155+00:00,28.2,14.8,0.0,0,15.3,35.6,45,open-meteo
Oujda-Angad,Morocco,34.6867,-1.9114,2026-09-23,2026-09-19 12:01:46.333155+00:00,30.1,15.3,0.0,0,18.4,38.9,2,open-meteo
Oujda-Angad,Morocco,34.6867,-1.9114,2026-09-24,2026-09-19 12:01:46.333155+00:00,34.6,18.2,0.0,0,11.9,34.2,1,open-meteo
Oujda-Angad,Morocco,34.6867,-1.9114,2026-09-25,2026-09-19 12:01:46.333155+00:00,34.3,21.3,0.0,0,22.8,41.0,3,open-meteo
Tétouan,Morocco,35.5667,-5.3667,2026-09-19,2026-09-19 12:01:46.421552+00:00,25.9,22.6,0.0,0,31.4,72.0,3,open-meteo
Tétouan,Morocco,35.5667,-5.3667,2026-09-20,2026-09-19 12:01:46.421552+00:00,26.1,23.3,0.0,0,27.6,64.4,3,open-meteo
Tétouan,Morocco,35.5667,-5.3667,2026-09-21,2026-09-19 12:01:46.421552+00:00,27.3,22.4,0.0,0,27.2,65.2,2,open-meteo
Tétouan,Morocco,35.5667,-5.3667,2026-09-22,2026-09-19 12:01:46.421552+00:00,26.7,21.0,0.0,0,17.7,46.4,2,open-meteo
Tétouan,Morocco,35.5667,-5.3667,2026-09-23,2026-09-19 12:01:46.421552+00:00,26.5,20.3,0.0,0,17.1,44.6,2,open-meteo
Tétouan,Morocco,35.5667,-5.3667,2026-09-24,2026-09-19 12:01:46.421552+00:00,27.2,21.0,0.0,0,16.5,40.0,45,open-meteo
Tétouan,Morocco,35.5667,-5.3667,2026-09-25,2026-09-19 12:01:46.421552+00:00,30.1,19.6,0.0,0,9.8,22.3,45,open-meteo
Safi,Morocco,32.2833,-9.2333,2026-09-19,2026-09-19 12:01:46.511654+00:00,27.4,19.0,0.0,0,18.9,35.3,2,open-meteo
Safi,Morocco,32.2833,-9.2333,2026-09-20,2026-09-19 12:01:46.511654+00:00,24.5,19.8,0.0,0,9.4,18.7,2,open-meteo
Safi,Morocco,32.2833,-9.2333,2026-09-21,2026-09-19 12:01:46.511654+00:00,26.8,19.1,0.0,0,8.6,18.4,45,open-meteo
Safi,Morocco,32.2833,-9.2333,2026-09-22,2026-09-19 12:01:46.511654+00:00,26.3,18.4,0.0,0,12.0,23.8,45,open-meteo
Safi,Morocco,32.2833,-9.2333,2026-09-23,2026-09-19 12:01:46.511654+00:00,24.6,18.5,0.0,0,9.3,18.7,45,open-meteo
Safi,Morocco,32.2833,-9.2333,2026-09-24,2026-09-19 12:01:46.511654+00:00,26.9,19.0,0.0,0,12.7,25.6,45,open-meteo
Safi,Morocco,32.2833,-9.2333,2026-09-25,2026-09-19 12:01:46.511654+00:00,26.7,19.8,0.0,0,14.5,29.9,3,open-meteo
Taourirt,Morocco,34.41,-2.89,2026-09-19,2026-09-19 12:01:46.606702+00:00,30.8,20.0,0.6,25,31.0,51.1,80,open-meteo
Taourirt,Morocco,34.41,-2.89,2026-09-20,2026-09-19 12:01:46.606702+00:00,31.1,21.2,0.0,0,30.9,51.5,45,open-meteo
Taourirt,Morocco,34.41,-2.89,2026-09-21,2026-09-19 12:01:46.606702+00:00,28.7,19.6,0.0,0,27.1,46.1,3,open-meteo
Taourirt,Morocco,34.41,-2.89,2026-09-22,2026-09-19 12:01:46.606702+00:00,29.8,17.1,0.0,0,23.8,42.5,2,open-meteo
Taourirt,Morocco,34.41,-2.89,2026-09-23,2026-09-19 12:01:46.606702+00:00,31.7,17.9,0.0,0,24.1,43.2,0,open-meteo
Taourirt,Morocco,34.41,-2.89,2026-09-24,2026-09-19 12:01:46.606702+00:00,34.1,18.5,0.0,0,16.3,36.4,0,open-meteo
Taourirt,Morocco,34.41,-2.89,2026-09-25,2026-09-19 12:01:46.606702+00:00,35.2,20.4,0.0,0,16.3,41.0,3,open-meteo
Temara,Morocco,33.9234,-6.9076,2026-09-19,2026-09-19 12:01:46.693436+00:00,28.7,16.7,0.0,0,11.8,32.4,2,open-meteo
Temara,Morocco,33.9234,-6.9076,2026-09-20,2026-09-19 12:01:46.693436+00:00,30.7,19.6,0.0,0,11.1,31.0,1,open-meteo
Temara,Morocco,33.9234,-6.9076,2026-09-21,2026-09-19 12:01:46.693436+00:00,30.5,20.5,0.0,0,11.1,31.3,1,open-meteo
Temara,Morocco,33.9234,-6.9076,2026-09-22,2026-09-19 12:01:46.693436+00:00,29.9,20.3,0.0,0,10.7,28.8,0,open-meteo
Temara,Morocco,33.9234,-6.9076,2026-09-23,2026-09-19 12:01:46.693436+00:00,28.5,18.1,0.0,0,11.0,29.9,0,open-meteo
Temara,Morocco,33.9234,-6.9076,2026-09-24,2026-09-19 12:01:46.693436+00:00,25.1,18.6,0.0,0,10.7,22.7,45,open-meteo
Temara,Morocco,33.9234,-6.9076,2026-09-25,2026-09-19 12:01:46.693436+00:00,24.1,19.9,0.0,0,12.0,25.6,45,open-meteo
Laâyoune,Morocco,27.15,-13.2,2026-09-19,2026-09-19 12:01:46.832723+00:00,28.8,18.1,0.0,0,22.5,45.4,3,open-meteo
Laâyoune,Morocco,27.15,-13.2,2026-09-20,2026-09-19 12:01:46.832723+00:00,33.3,18.5,0.0,0,21.6,42.8,3,open-meteo
Laâyoune,Morocco,27.15,-13.2,2026-09-21,2026-09-19 12:01:46.832723+00:00,37.5,20.6,0.0,1,23.2,45.4,0,open-meteo
Laâyoune,Morocco,27.15,-13.2,2026-09-22,2026-09-19 12:01:46.832723+00:00,36.2,20.7,0.0,2,24.9,47.5,1,open-meteo
Laâyoune,Morocco,27.15,-13.2,2026-09-23,2026-09-19 12:01:46.832723+00:00,42.3,21.6,0.0,0,26.8,52.6,0,open-meteo
Laâyoune,Morocco,27.15,-13.2,2026-09-24,2026-09-19 12:01:46.832723+00:00,41.5,25.7,0.0,0,25.0,56.9,1,open-meteo
Laâyoune,Morocco,27.15,-13.2,2026-09-25,2026-09-19 12:01:46.832723+00:00,37.9,22.7,0.0,0,22.5,49.3,2,open-meteo
El Jadid,Morocco,33.2566,-8.5025,2026-09-19,2026-09-19 12:01:46.921109+00:00,25.5,20.0,0.0,0,16.0,29.5,2,open-meteo
El Jadid,Morocco,33.2566,-8.5025,2026-09-20,2026-09-19 12:01:46.921109+00:00,27.5,20.3,0.0,0,13.2,24.5,45,open-meteo
El Jadid,Morocco,33.2566,-8.5025,2026-09-21,2026-09-19 12:01:46.921109+00:00,26.8,20.9,0.0,0,13.0,23.8,45,open-meteo
El Jadid,Morocco,33.2566,-8.5025,2026-09-22,2026-09-19 12:01:46.921109+00:00,25.3,20.4,0.0,0,12.3,23.0,45,open-meteo
El Jadid,Morocco,33.2566,-8.5025,2026-09-23,2026-09-19 12:01:46.921109+00:00,26.2,20.8,0.0,0,12.5,23.4,45,open-meteo
El Jadid,Morocco,33.2566,-8.5025,2026-09-24,2026-09-19 12:01:46.921109+00:00,27.1,19.4,0.0,0,12.4,25.2,45,open-meteo
El Jadid,Morocco,33.2566,-8.5025,2026-09-25,2026-09-19 12:01:46.921109+00:00,25.3,20.1,0.0,0,11.5,24.8,3,open-meteo
Ait Melloul,Morocco,30.3342,-9.4972,2026-09-19,2026-09-19 12:01:47.008686+00:00,25.8,20.0,0.0,0,20.5,40.7,2,open-meteo
Ait Melloul,Morocco,30.3342,-9.4972,2026-09-20,2026-09-19 12:01:47.008686+00:00,26.5,20.2,0.0,0,18.4,37.4,2,open-meteo
Ait Melloul,Morocco,30.3342,-9.4972,2026-09-21,2026-09-19 12:01:47.008686+00:00,35.3,21.3,0.0,0,14.9,31.0,3,open-meteo
Ait Melloul,Morocco,30.3342,-9.4972,2026-09-22,2026-09-19 12:01:47.008686+00:00,35.4,21.1,0.0,0,19.6,38.5,2,open-meteo
Ait Melloul,Morocco,30.3342,-9.4972,2026-09-23,2026-09-19 12:01:47.008686+00:00,32.6,20.4,0.0,0,15.1,33.5,0,open-meteo
Ait Melloul,Morocco,30.3342,-9.4972,2026-09-24,2026-09-19 12:01:47.008686+00:00,39.1,22.8,0.0,0,14.2,30.6,3,open-meteo
Ait Melloul,Morocco,30.3342,-9.4972,2026-09-25,2026-09-19 12:01:47.008686+00:00,31.2,21.1,0.0,0,14.0,28.1,45,open-meteo
Béni Mellal,Morocco,32.3394,-6.3608,2026-09-19,2026-09-19 12:01:47.096422+00:00,34.8,22.9,0.0,5,17.5,38.5,2,open-meteo
Béni Mellal,Morocco,32.3394,-6.3608,2026-09-20,2026-09-19 12:01:47.096422+00:00,36.1,24.4,0.0,8,20.2,49.3,3,open-meteo
Béni Mellal,Morocco,32.3394,-6.3608,2026-09-21,2026-09-19 12:01:47.096422+00:00,34.6,24.0,0.0,0,15.0,40.7,3,open-meteo
Béni Mellal,Morocco,32.3394,-6.3608,2026-09-22,2026-09-19 12:01:47.096422+00:00,34.4,23.7,0.0,0,17.0,34.9,1,open-meteo
Béni Mellal,Morocco,32.3394,-6.3608,2026-09-23,2026-09-19 12:01:47.096422+00:00,34.9,22.4,0.0,0,15.4,32.8,0,open-meteo
Béni Mellal,Morocco,32.3394,-6.3608,2026-09-24,2026-09-19 12:01:47.096422+00:00,36.0,26.2,0.0,3,17.4,32.8,1,open-meteo
Béni Mellal,Morocco,32.3394,-6.3608,2026-09-25,2026-09-19 12:01:47.096422+00:00,33.7,24.1,0.0,8,10.8,25.2,3,open-meteo
Bouskoura,Morocco,33.4489,-7.6486,2026-09-19,2026-09-19 12:01:47.192518+00:00,29.8,18.2,0.0,0,14.3,36.4,45,open-meteo
Bouskoura,Morocco,33.4489,-7.6486,2026-09-20,2026-09-19 12:01:47.192518+00:00,33.5,19.8,0.0,0,14.9,37.4,45,open-meteo
Bouskoura,Morocco,33.4489,-7.6486,2026-09-21,2026-09-19 12:01:47.192518+00:00,33.4,19.7,0.0,0,13.5,34.6,45,open-meteo
Bouskoura,Morocco,33.4489,-7.6486,2026-09-22,2026-09-19 12:01:47.192518+00:00,33.1,19.4,0.0,0,14.6,36.0,45,open-meteo
Bouskoura,Morocco,33.4489,-7.6486,2026-09-23,2026-09-19 12:01:47.192518+00:00,32.4,17.6,0.0,0,13.1,34.2,45,open-meteo
Bouskoura,Morocco,33.4489,-7.6486,2026-09-24,2026-09-19 12:01:47.192518+00:00,28.6,17.1,0.0,0,11.3,30.2,45,open-meteo
Bouskoura,Morocco,33.4489,-7.6486,2026-09-25,2026-09-19 12:01:47.192518+00:00,25.7,19.2,0.0,0,12.0,33.1,45,open-meteo
Tiznit,Morocco,29.7,-9.7269,2026-09-19,2026-09-19 12:01:47.289414+00:00,27.3,19.1,0.0,0,17.0,29.9,2,open-meteo
Tiznit,Morocco,29.7,-9.7269,2026-09-20,2026-09-19 12:01:47.289414+00:00,29.8,19.4,0.0,0,11.5,20.5,45,open-meteo
Tiznit,Morocco,29.7,-9.7269,2026-09-21,2026-09-19 12:01:47.289414+00:00,36.0,21.9,0.0,0,16.0,27.4,3,open-meteo
Tiznit,Morocco,29.7,-9.7269,2026-09-22,2026-09-19 12:01:47.289414+00:00,36.2,24.6,0.0,0,17.6,29.5,3,open-meteo
Tiznit,Morocco,29.7,-9.7269,2026-09-23,2026-09-19 12:01:47.289414+00:00,34.8,21.7,0.0,0,18.2,31.0,0,open-meteo
Tiznit,Morocco,29.7,-9.7269,2026-09-24,2026-09-19 12:01:47.289414+00:00,32.7,21.3,0.0,0,15.8,26.3,3,open-meteo
Tiznit,Morocco,29.7,-9.7269,2026-09-25,2026-09-19 12:01:47.289414+00:00,25.1,19.5,0.0,0,15.2,25.2,3,open-meteo
Mohammedia,Morocco,33.6833,-7.3833,2026-09-19,2026-09-19 12:01:47.378800+00:00,26.3,17.2,0.0,0,13.0,31.7,3,open-meteo
Mohammedia,Morocco,33.6833,-7.3833,2026-09-20,2026-09-19 12:01:47.378800+00:00,28.4,19.2,0.0,0,11.8,29.5,45,open-meteo
Mohammedia,Morocco,33.6833,-7.3833,2026-09-21,2026-09-19 12:01:47.378800+00:00,27.3,20.2,0.0,0,11.6,29.2,45,open-meteo
Mohammedia,Morocco,33.6833,-7.3833,2026-09-22,2026-09-19 12:01:47.378800+00:00,27.9,20.0,0.0,0,12.0,30.2,45,open-meteo
Mohammedia,Morocco,33.6833,-7.3833,2026-09-23,2026-09-19 12:01:47.378800+00:00,26.8,18.3,0.0,0,12.1,29.9,45,open-meteo
Mohammedia,Morocco,33.6833,-7.3833,2026-09-24,2026-09-19 12:01:47.378800+00:00,31.3,17.2,0.0,0,14.7,28.1,45,open-meteo
Mohammedia,Morocco,33.6833,-7.3833,2026-09-25,2026-09-19 12:01:47.378800+00:00,27.6,19.8,0.0,0,15.6,30.6,45,open-meteo
Kouribga,Morocco,32.88,-6.9,2026-09-19,2026-09-19 12:01:47.465650+00:00,34.0,18.7,0.0,0,18.9,40.3,2,open-meteo
Kouribga,Morocco,32.88,-6.9,2026-09-20,2026-09-19 12:01:47.465650+00:00,34.3,21.4,0.3,8,19.8,46.4,3,open-meteo
Kouribga,Morocco,32.88,-6.9,2026-09-21,2026-09-19 12:01:47.465650+00:00,34.0,21.2,0.2,0,21.9,40.7,3,open-meteo
Kouribga,Morocco,32.88,-6.9,2026-09-22,2026-09-19 12:01:47.465650+00:00,33.9,21.0,0.0,0,14.8,29.2,1,open-meteo
Kouribga,Morocco,32.88,-6.9,2026-09-23,2026-09-19 12:01:47.465650+00:00,34.1,19.1,0.0,0,18.4,37.1,0,open-meteo
Kouribga,Morocco,32.88,-6.9,2026-09-24,2026-09-19 12:01:47.465650+00:00,33.6,18.0,0.0,3,17.3,33.8,3,open-meteo
Kouribga,Morocco,32.88,-6.9,2026-09-25,2026-09-19 12:01:47.465650+00:00,30.9,17.6,0.0,3,16.2,33.8,3,open-meteo
Settat,Morocco,33.0023,-7.6198,2026-09-19,2026-09-19 12:01:47.554527+00:00,34.0,17.2,0.0,0,16.2,34.9,2,open-meteo
Settat,Morocco,33.0023,-7.6198,2026-09-20,2026-09-19 12:01:47.554527+00:00,36.2,20.7,0.0,0,17.4,38.2,2,open-meteo
Settat,Morocco,33.0023,-7.6198,2026-09-21,2026-09-19 12:01:47.554527+00:00,36.3,21.3,0.0,0,17.0,40.7,2,open-meteo
Settat,Morocco,33.0023,-7.6198,2026-09-22,2026-09-19 12:01:47.554527+00:00,36.2,19.2,0.0,0,15.2,36.4,1,open-meteo
Settat,Morocco,33.0023,-7.6198,2026-09-23,2026-09-19 12:01:47.554527+00:00,36.2,18.2,0.0,0,14.8,35.3,0,open-meteo
Settat,Morocco,33.0023,-7.6198,2026-09-24,2026-09-19 12:01:47.554527+00:00,36.4,17.6,0.0,0,14.8,34.6,3,open-meteo
Settat,Morocco,33.0023,-7.6198,2026-09-25,2026-09-19 12:01:47.554527+00:00,29.8,17.3,0.0,3,15.5,30.6,3,open-meteo
Barrechid,Morocco,33.27,-7.5872,2026-09-19,2026-09-19 12:01:47.642186+00:00,33.3,16.7,0.0,0,16.6,30.6,2,open-meteo
Barrechid,Morocco,33.27,-7.5872,2026-09-20,2026-09-19 12:01:47.642186+00:00,36.1,18.7,0.0,0,19.5,35.6,1,open-meteo
Barrechid,Morocco,33.27,-7.5872,2026-09-21,2026-09-19 12:01:47.642186+00:00,36.3,19.5,0.0,0,18.2,33.5,45,open-meteo
Barrechid,Morocco,33.27,-7.5872,2026-09-22,2026-09-19 12:01:47.642186+00:00,35.8,18.5,0.0,0,18.4,33.8,1,open-meteo
Barrechid,Morocco,33.27,-7.5872,2026-09-23,2026-09-19 12:01:47.642186+00:00,35.0,17.4,0.0,0,17.2,33.1,45,open-meteo
Barrechid,Morocco,33.27,-7.5872,2026-09-24,2026-09-19 12:01:47.642186+00:00,34.3,16.5,0.0,0,19.1,34.9,45,open-meteo
Barrechid,Morocco,33.27,-7.5872,2026-09-25,2026-09-19 12:01:47.642186+00:00,29.0,19.2,0.0,3,16.1,31.3,45,open-meteo
Ad Dakhla,Morocco,23.7167,-15.95,2026-09-19,2026-09-19 12:01:47.728694+00:00,21.5,20.3,0.0,0,30.9,38.5,1,open-meteo
Ad Dakhla,Morocco,23.7167,-15.95,2026-09-20,2026-09-19 12:01:47.728694+00:00,21.7,19.5,0.0,0,27.9,34.9,0,open-meteo
Ad Dakhla,Morocco,23.7167,-15.95,2026-09-21,2026-09-19 12:01:47.728694+00:00,21.7,20.5,0.0,8,29.5,35.6,0,open-meteo
Ad Dakhla,Morocco,23.7167,-15.95,2026-09-22,2026-09-19 12:01:47.728694+00:00,21.9,20.2,0.0,6,31.3,39.6,0,open-meteo
Ad Dakhla,Morocco,23.7167,-15.95,2026-09-23,2026-09-19 12:01:47.728694+00:00,22.2,20.2,0.0,4,30.2,38.2,1,open-meteo
Ad Dakhla,Morocco,23.7167,-15.95,2026-09-24,2026-09-19 12:01:47.728694+00:00,23.1,20.5,0.0,4,25.3,33.5,3,open-meteo
Ad Dakhla,Morocco,23.7167,-15.95,2026-09-25,2026-09-19 12:01:47.728694+00:00,24.4,22.8,0.0,4,26.6,41.8,3,open-meteo
Nador,Morocco,35.1667,-2.9333,2026-09-19,2026-09-19 12:01:47.816041+00:00,25.6,22.7,4.6,5,22.1,48.2,80,open-meteo
Nador,Morocco,35.1667,-2.9333,2026-09-20,2026-09-19 12:01:47.816041+00:00,26.1,23.2,3.4,15,22.6,46.8,80,open-meteo
Nador,Morocco,35.1667,-2.9333,2026-09-21,2026-09-19 12:01:47.816041+00:00,26.2,22.6,0.0,0,16.8,36.7,2,open-meteo
Nador,Morocco,35.1667,-2.9333,2026-09-22,2026-09-19 12:01:47.816041+00:00,25.7,20.5,0.0,0,13.0,29.2,2,open-meteo
Nador,Morocco,35.1667,-2.9333,2026-09-23,2026-09-19 12:01:47.816041+00:00,25.8,21.5,0.0,0,13.1,30.2,2,open-meteo
Nador,Morocco,35.1667,-2.9333,2026-09-24,2026-09-19 12:01:47.816041+00:00,28.1,18.7,0.0,0,17.8,32.0,45,open-meteo
Nador,Morocco,35.1667,-2.9333,2026-09-25,2026-09-19 12:01:47.816041+00:00,28.7,18.5,0.0,0,14.8,27.7,3,open-meteo
Taza,Morocco,34.2144,-4.0088,2026-09-19,2026-09-19 12:01:47.903467+00:00,28.9,19.3,0.0,0,25.1,56.2,3,open-meteo
Taza,Morocco,34.2144,-4.0088,2026-09-20,2026-09-19 12:01:47.903467+00:00,30.1,20.6,0.0,0,20.4,42.1,3,open-meteo
Taza,Morocco,34.2144,-4.0088,2026-09-21,2026-09-19 12:01:47.903467+00:00,28.5,19.8,0.0,0,20.7,41.8,3,open-meteo
Taza,Morocco,34.2144,-4.0088,2026-09-22,2026-09-19 12:01:47.903467+00:00,29.3,16.8,0.0,0,18.5,37.8,1,open-meteo
Taza,Morocco,34.2144,-4.0088,2026-09-23,2026-09-19 12:01:47.903467+00:00,31.5,18.1,0.0,0,15.5,32.8,0,open-meteo
Taza,Morocco,34.2144,-4.0088,2026-09-24,2026-09-19 12:01:47.903467+00:00,33.9,17.8,0.0,0,9.5,18.7,0,open-meteo
Taza,Morocco,34.2144,-4.0088,2026-09-25,2026-09-19 12:01:47.903467+00:00,33.6,19.2,0.0,0,21.7,40.0,3,open-meteo
Inezgane,Morocco,30.3658,-9.5381,2026-09-19,2026-09-19 12:01:47.990577+00:00,24.5,19.9,0.0,0,14.4,42.1,45,open-meteo
Inezgane,Morocco,30.3658,-9.5381,2026-09-20,2026-09-19 12:01:47.990577+00:00,25.6,19.5,0.0,0,13.8,37.8,45,open-meteo
Inezgane,Morocco,30.3658,-9.5381,2026-09-21,2026-09-19 12:01:47.990577+00:00,31.9,20.8,0.0,0,10.0,27.4,3,open-meteo
Inezgane,Morocco,30.3658,-9.5381,2026-09-22,2026-09-19 12:01:47.990577+00:00,31.0,20.3,0.0,0,14.0,38.2,2,open-meteo
Inezgane,Morocco,30.3658,-9.5381,2026-09-23,2026-09-19 12:01:47.990577+00:00,30.1,20.2,0.0,0,10.7,29.5,0,open-meteo
Inezgane,Morocco,30.3658,-9.5381,2026-09-24,2026-09-19 12:01:47.990577+00:00,39.2,22.9,0.0,0,14.2,30.6,3,open-meteo
Inezgane,Morocco,30.3658,-9.5381,2026-09-25,2026-09-19 12:01:47.990577+00:00,31.3,21.1,0.0,0,14.0,28.1,45,open-meteo
Larache,Morocco,35.1833,-6.15,2026-09-19,2026-09-19 12:01:48.077225+00:00,34.5,18.2,0.0,0,20.9,37.8,1,open-meteo
Larache,Morocco,35.1833,-6.15,2026-09-20,2026-09-19 12:01:48.077225+00:00,33.7,24.9,0.0,0,15.4,27.7,2,open-meteo
Larache,Morocco,35.1833,-6.15,2026-09-21,2026-09-19 12:01:48.077225+00:00,32.5,22.5,0.0,0,14.8,27.4,1,open-meteo
Larache,Morocco,35.1833,-6.15,2026-09-22,2026-09-19 12:01:48.077225+00:00,31.6,18.4,0.0,0,15.5,28.8,0,open-meteo
Larache,Morocco,35.1833,-6.15,2026-09-23,2026-09-19 12:01:48.077225+00:00,31.8,17.9,0.0,0,17.2,32.0,0,open-meteo
Larache,Morocco,35.1833,-6.15,2026-09-24,2026-09-19 12:01:48.077225+00:00,30.1,17.9,0.0,0,12.3,23.0,45,open-meteo
Larache,Morocco,35.1833,-6.15,2026-09-25,2026-09-19 12:01:48.077225+00:00,26.6,18.3,0.0,0,12.6,23.4,45,open-meteo
Al Khmissat,Morocco,33.81,-6.06,2026-09-19,2026-09-19 12:01:48.164341+00:00,34.7,18.2,0.0,0,12.5,28.1,2,open-meteo
Al Khmissat,Morocco,33.81,-6.06,2026-09-20,2026-09-19 12:01:48.164341+00:00,36.5,20.9,0.0,0,14.7,33.5,2,open-meteo
Al Khmissat,Morocco,33.81,-6.06,2026-09-21,2026-09-19 12:01:48.164341+00:00,35.7,20.3,0.0,0,14.8,30.6,1,open-meteo
Al Khmissat,Morocco,33.81,-6.06,2026-09-22,2026-09-19 12:01:48.164341+00:00,34.6,19.8,0.0,0,14.1,30.2,0,open-meteo
Al Khmissat,Morocco,33.81,-6.06,2026-09-23,2026-09-19 12:01:48.164341+00:00,35.0,18.0,0.0,0,14.6,32.0,0,open-meteo
Al Khmissat,Morocco,33.81,-6.06,2026-09-24,2026-09-19 12:01:48.164341+00:00,35.1,16.5,0.0,0,17.0,32.4,1,open-meteo
Al Khmissat,Morocco,33.81,-6.06,2026-09-25,2026-09-19 12:01:48.164341+00:00,30.2,17.8,0.0,3,17.4,33.5,3,open-meteo
Guelmim,Morocco,28.9833,-10.0667,2026-09-19,2026-09-19 12:01:48.253316+00:00,29.4,18.0,0.0,0,22.9,40.0,3,open-meteo
Guelmim,Morocco,28.9833,-10.0667,2026-09-20,2026-09-19 12:01:48.253316+00:00,37.7,17.9,0.0,0,19.6,34.9,0,open-meteo
Guelmim,Morocco,28.9833,-10.0667,2026-09-21,2026-09-19 12:01:48.253316+00:00,39.9,23.2,0.0,0,21.1,35.6,1,open-meteo
Guelmim,Morocco,28.9833,-10.0667,2026-09-22,2026-09-19 12:01:48.253316+00:00,39.1,24.3,0.0,0,22.0,36.0,2,open-meteo
Guelmim,Morocco,28.9833,-10.0667,2026-09-23,2026-09-19 12:01:48.253316+00:00,39.2,24.4,0.0,2,21.8,40.7,2,open-meteo
Guelmim,Morocco,28.9833,-10.0667,2026-09-24,2026-09-19 12:01:48.253316+00:00,38.4,22.5,0.0,2,19.0,37.8,0,open-meteo
Guelmim,Morocco,28.9833,-10.0667,2026-09-25,2026-09-19 12:01:48.253316+00:00,34.3,19.5,0.0,4,15.6,33.8,0,open-meteo
Ksar El Kebir,Morocco,35.0,-5.9,2026-09-19,2026-09-19 12:01:48.339949+00:00,35.8,18.8,0.0,0,10.5,22.0,1,open-meteo
Ksar El Kebir,Morocco,35.0,-5.9,2026-09-20,2026-09-19 12:01:48.339949+00:00,36.8,22.9,0.0,0,15.5,29.2,1,open-meteo
Ksar El Kebir,Morocco,35.0,-5.9,2026-09-21,2026-09-19 12:01:48.339949+00:00,36.1,22.0,0.0,0,15.6,31.0,1,open-meteo
Ksar El Kebir,Morocco,35.0,-5.9,2026-09-22,2026-09-19 12:01:48.339949+00:00,35.0,19.7,0.0,0,12.7,27.0,0,open-meteo
Ksar El Kebir,Morocco,35.0,-5.9,2026-09-23,2026-09-19 12:01:48.339949+00:00,35.5,19.9,0.0,0,14.8,31.3,0,open-meteo
Ksar El Kebir,Morocco,35.0,-5.9,2026-09-24,2026-09-19 12:01:48.339949+00:00,34.4,19.2,0.0,0,16.2,31.3,1,open-meteo
Ksar El Kebir,Morocco,35.0,-5.9,2026-09-25,2026-09-19 12:01:48.339949+00:00,29.7,19.6,0.0,0,14.4,27.7,45,open-meteo
Khénifra,Morocco,32.93,-5.66,2026-09-19,2026-09-19 12:01:48.426622+00:00,33.7,19.9,0.0,5,19.6,37.1,3,open-meteo
Khénifra,Morocco,32.93,-5.66,2026-09-20,2026-09-19 12:01:48.426622+00:00,34.6,19.3,0.0,5,18.1,36.4,3,open-meteo
Khénifra,Morocco,32.93,-5.66,2026-09-21,2026-09-19 12:01:48.426622+00:00,34.5,18.8,0.0,0,21.4,40.7,3,open-meteo
Khénifra,Morocco,32.93,-5.66,2026-09-22,2026-09-19 12:01:48.426622+00:00,33.2,17.5,0.0,0,15.7,32.0,2,open-meteo
Khénifra,Morocco,32.93,-5.66,2026-09-23,2026-09-19 12:01:48.426622+00:00,33.4,17.3,0.0,0,11.9,26.3,1,open-meteo
Khénifra,Morocco,32.93,-5.66,2026-09-24,2026-09-19 12:01:48.426622+00:00,33.7,18.5,0.0,0,16.0,30.2,0,open-meteo
Khénifra,Morocco,32.93,-5.66,2026-09-25,2026-09-19 12:01:48.426622+00:00,32.9,18.7,0.0,8,17.3,32.8,3,open-meteo
Skhirate,Morocco,33.85,-7.03,2026-09-19,2026-09-19 12:01:48.511586+00:00,26.8,16.8,0.0,0,13.0,29.5,2,open-meteo
Skhirate,Morocco,33.85,-7.03,2026-09-20,2026-09-19 12:01:48.511586+00:00,27.7,19.2,0.0,0,12.0,27.7,0,open-meteo
Skhirate,Morocco,33.85,-7.03,2026-09-21,2026-09-19 12:01:48.511586+00:00,27.5,20.0,0.0,0,12.1,28.1,1,open-meteo
Skhirate,Morocco,33.85,-7.03,2026-09-22,2026-09-19 12:01:48.511586+00:00,27.5,19.9,0.0,0,11.5,27.4,1,open-meteo
Skhirate,Morocco,33.85,-7.03,2026-09-23,2026-09-19 12:01:48.511586+00:00,26.4,17.8,0.0,0,12.0,28.1,1,open-meteo
Skhirate,Morocco,33.85,-7.03,2026-09-24,2026-09-19 12:01:48.511586+00:00,25.2,18.7,0.0,0,10.7,22.7,45,open-meteo
Skhirate,Morocco,33.85,-7.03,2026-09-25,2026-09-19 12:01:48.511586+00:00,24.2,20.0,0.0,0,12.0,25.6,45,open-meteo
Beni Yakhlef,Morocco,33.6555,-7.3221,2026-09-19,2026-09-19 12:01:48.601431+00:00,28.5,15.9,0.0,0,16.9,31.7,2,open-meteo
Beni Yakhlef,Morocco,33.6555,-7.3221,2026-09-20,2026-09-19 12:01:48.601431+00:00,32.2,18.6,0.0,0,15.7,29.5,1,open-meteo
Beni Yakhlef,Morocco,33.6555,-7.3221,2026-09-21,2026-09-19 12:01:48.601431+00:00,31.5,19.8,0.0,0,17.0,31.7,1,open-meteo
Beni Yakhlef,Morocco,33.6555,-7.3221,2026-09-22,2026-09-19 12:01:48.601431+00:00,31.6,19.3,0.0,0,16.3,31.0,0,open-meteo
Beni Yakhlef,Morocco,33.6555,-7.3221,2026-09-23,2026-09-19 12:01:48.601431+00:00,30.7,17.1,0.0,0,16.8,31.7,1,open-meteo
Beni Yakhlef,Morocco,33.6555,-7.3221,2026-09-24,2026-09-19 12:01:48.601431+00:00,30.7,16.6,0.0,0,14.7,28.1,45,open-meteo
Beni Yakhlef,Morocco,33.6555,-7.3221,2026-09-25,2026-09-19 12:01:48.601431+00:00,27.0,19.3,0.0,0,15.6,30.6,45,open-meteo
Sidi Yahya Zaer,Morocco,33.7105,-6.8831,2026-09-19,2026-09-19 12:01:48.697857+00:00,31.8,16.9,0.0,0,15.4,31.7,2,open-meteo
Sidi Yahya Zaer,Morocco,33.7105,-6.8831,2026-09-20,2026-09-19 12:01:48.697857+00:00,35.1,20.3,0.0,0,18.1,37.1,2,open-meteo
Sidi Yahya Zaer,Morocco,33.7105,-6.8831,2026-09-21,2026-09-19 12:01:48.697857+00:00,34.4,20.4,0.0,0,17.1,34.6,1,open-meteo
Sidi Yahya Zaer,Morocco,33.7105,-6.8831,2026-09-22,2026-09-19 12:01:48.697857+00:00,33.6,20.1,0.0,0,16.3,32.8,0,open-meteo
Sidi Yahya Zaer,Morocco,33.7105,-6.8831,2026-09-23,2026-09-19 12:01:48.697857+00:00,33.5,16.9,0.0,0,16.5,34.2,0,open-meteo
Sidi Yahya Zaer,Morocco,33.7105,-6.8831,2026-09-24,2026-09-19 12:01:48.697857+00:00,31.6,16.5,0.0,0,15.1,30.6,3,open-meteo
Sidi Yahya Zaer,Morocco,33.7105,-6.8831,2026-09-25,2026-09-19 12:01:48.697857+00:00,27.2,15.6,0.0,0,16.3,32.0,45,open-meteo
Ben Guerir,Morocco,32.23,-7.95,2026-09-19,2026-09-19 12:01:48.783574+00:00,35.0,19.7,0.0,0,16.6,34.6,2,open-meteo
Ben Guerir,Morocco,32.23,-7.95,2026-09-20,2026-09-19 12:01:48.783574+00:00,35.6,23.5,0.0,8,19.7,40.3,2,open-meteo
Ben Guerir,Morocco,32.23,-7.95,2026-09-21,2026-09-19 12:01:48.783574+00:00,37.2,23.3,0.0,0,19.3,39.2,3,open-meteo
Ben Guerir,Morocco,32.23,-7.95,2026-09-22,2026-09-19 12:01:48.783574+00:00,36.4,21.6,0.0,0,16.4,32.8,0,open-meteo
Ben Guerir,Morocco,32.23,-7.95,2026-09-23,2026-09-19 12:01:48.783574+00:00,36.1,19.3,0.0,0,11.5,24.5,0,open-meteo
Ben Guerir,Morocco,32.23,-7.95,2026-09-24,2026-09-19 12:01:48.783574+00:00,36.5,21.6,0.0,0,20.1,35.6,3,open-meteo
Ben Guerir,Morocco,32.23,-7.95,2026-09-25,2026-09-19 12:01:48.783574+00:00,32.2,20.1,0.0,0,19.3,34.9,3,open-meteo
Ait Ali,Morocco,30.1739,-9.4881,2026-09-19,2026-09-19 12:01:48.872577+00:00,26.4,19.7,0.0,0,20.4,34.2,2,open-meteo
Ait Ali,Morocco,30.1739,-9.4881,2026-09-20,2026-09-19 12:01:48.872577+00:00,27.0,19.9,0.0,0,18.9,32.0,2,open-meteo
Ait Ali,Morocco,30.1739,-9.4881,2026-09-21,2026-09-19 12:01:48.872577+00:00,37.0,21.8,0.0,0,19.3,32.8,3,open-meteo
Ait Ali,Morocco,30.1739,-9.4881,2026-09-22,2026-09-19 12:01:48.872577+00:00,37.6,21.4,0.0,0,22.5,37.8,3,open-meteo
Ait Ali,Morocco,30.1739,-9.4881,2026-09-23,2026-09-19 12:01:48.872577+00:00,33.8,20.8,0.0,0,20.3,34.2,0,open-meteo
Ait Ali,Morocco,30.1739,-9.4881,2026-09-24,2026-09-19 12:01:48.872577+00:00,36.6,23.7,0.0,0,20.0,35.6,3,open-meteo
Ait Ali,Morocco,30.1739,-9.4881,2026-09-25,2026-09-19 12:01:48.872577+00:00,26.8,20.8,0.0,0,18.2,31.7,3,open-meteo
My Drarga,Morocco,30.3805,-9.4763,2026-09-19,2026-09-19 12:01:48.962058+00:00,26.0,20.1,0.0,0,17.7,38.5,45,open-meteo
My Drarga,Morocco,30.3805,-9.4763,2026-09-20,2026-09-19 12:01:48.962058+00:00,27.2,19.9,0.0,0,15.5,34.2,45,open-meteo
My Drarga,Morocco,30.3805,-9.4763,2026-09-21,2026-09-19 12:01:48.962058+00:00,35.0,22.1,0.0,0,12.4,26.3,3,open-meteo
My Drarga,Morocco,30.3805,-9.4763,2026-09-22,2026-09-19 12:01:48.962058+00:00,34.3,21.5,0.0,0,18.2,39.2,2,open-meteo
My Drarga,Morocco,30.3805,-9.4763,2026-09-23,2026-09-19 12:01:48.962058+00:00,33.5,21.2,0.0,0,13.8,29.5,0,open-meteo
My Drarga,Morocco,30.3805,-9.4763,2026-09-24,2026-09-19 12:01:48.962058+00:00,39.0,22.7,0.0,0,14.2,30.6,3,open-meteo
My Drarga,Morocco,30.3805,-9.4763,2026-09-25,2026-09-19 12:01:48.962058+00:00,31.1,21.0,0.0,0,14.0,28.1,45,open-meteo
Lqoliaa,Morocco,30.2942,-9.4544,2026-09-19,2026-09-19 12:01:49.057759+00:00,26.7,19.6,0.0,0,21.4,46.8,45,open-meteo
Lqoliaa,Morocco,30.2942,-9.4544,2026-09-20,2026-09-19 12:01:49.057759+00:00,27.4,19.8,0.0,0,19.5,42.5,45,open-meteo
Lqoliaa,Morocco,30.2942,-9.4544,2026-09-21,2026-09-19 12:01:49.057759+00:00,37.8,21.3,0.0,0,15.2,33.5,3,open-meteo
Lqoliaa,Morocco,30.2942,-9.4544,2026-09-22,2026-09-19 12:01:49.057759+00:00,37.7,21.2,0.0,0,21.3,46.4,2,open-meteo
Lqoliaa,Morocco,30.2942,-9.4544,2026-09-23,2026-09-19 12:01:49.057759+00:00,36.0,19.9,0.0,0,17.3,38.5,1,open-meteo
Lqoliaa,Morocco,30.2942,-9.4544,2026-09-24,2026-09-19 12:01:49.057759+00:00,37.0,21.9,0.0,0,17.2,38.9,3,open-meteo
Lqoliaa,Morocco,30.2942,-9.4544,2026-09-25,2026-09-19 12:01:49.057759+00:00,26.8,19.9,0.0,0,17.4,38.2,45,open-meteo
El Kelaa des Srarhna,Morocco,32.05,-7.4,2026-09-19,2026-09-19 12:01:49.144689+00:00,36.0,20.6,0.0,5,17.4,30.6,3,open-meteo
El Kelaa des Srarhna,Morocco,32.05,-7.4,2026-09-20,2026-09-19 12:01:49.144689+00:00,37.4,23.3,0.1,13,19.0,34.2,3,open-meteo
El Kelaa des Srarhna,Morocco,32.05,-7.4,2026-09-21,2026-09-19 12:01:49.144689+00:00,37.4,22.2,0.0,0,13.9,24.5,2,open-meteo
El Kelaa des Srarhna,Morocco,32.05,-7.4,2026-09-22,2026-09-19 12:01:49.144689+00:00,36.8,21.5,0.0,0,13.9,28.1,1,open-meteo
El Kelaa des Srarhna,Morocco,32.05,-7.4,2026-09-23,2026-09-19 12:01:49.144689+00:00,36.7,20.6,0.0,0,13.3,22.7,0,open-meteo
El Kelaa des Srarhna,Morocco,32.05,-7.4,2026-09-24,2026-09-19 12:01:49.144689+00:00,36.7,18.9,0.0,3,14.7,26.6,3,open-meteo
El Kelaa des Srarhna,Morocco,32.05,-7.4,2026-09-25,2026-09-19 12:01:49.144689+00:00,33.5,20.6,0.0,3,15.3,25.2,3,open-meteo
Moulay Abdallah,Morocco,33.1978,-8.5883,2026-09-19,2026-09-19 12:01:49.231605+00:00,26.9,20.0,0.0,0,18.1,28.4,2,open-meteo
Moulay Abdallah,Morocco,33.1978,-8.5883,2026-09-20,2026-09-19 12:01:49.231605+00:00,27.4,20.3,0.0,0,13.9,22.3,45,open-meteo
Moulay Abdallah,Morocco,33.1978,-8.5883,2026-09-21,2026-09-19 12:01:49.231605+00:00,28.6,20.8,0.0,0,14.1,22.0,45,open-meteo
Moulay Abdallah,Morocco,33.1978,-8.5883,2026-09-22,2026-09-19 12:01:49.231605+00:00,26.2,20.3,0.0,0,13.5,20.9,45,open-meteo
Moulay Abdallah,Morocco,33.1978,-8.5883,2026-09-23,2026-09-19 12:01:49.231605+00:00,26.8,20.8,0.0,0,13.5,20.5,45,open-meteo
Moulay Abdallah,Morocco,33.1978,-8.5883,2026-09-24,2026-09-19 12:01:49.231605+00:00,26.1,19.3,0.0,0,12.5,24.5,45,open-meteo
Moulay Abdallah,Morocco,33.1978,-8.5883,2026-09-25,2026-09-19 12:01:49.231605+00:00,25.3,19.6,0.0,0,11.5,23.4,45,open-meteo
Tiflet,Morocco,33.9,-6.33,2026-09-19,2026-09-19 12:01:49.336800+00:00,34.5,18.2,0.0,0,14.5,30.2,2,open-meteo
Tiflet,Morocco,33.9,-6.33,2026-09-20,2026-09-19 12:01:49.336800+00:00,36.7,21.4,0.0,0,17.2,37.1,2,open-meteo
Tiflet,Morocco,33.9,-6.33,2026-09-21,2026-09-19 12:01:49.336800+00:00,35.6,21.4,0.0,0,16.2,33.1,1,open-meteo
Tiflet,Morocco,33.9,-6.33,2026-09-22,2026-09-19 12:01:49.336800+00:00,34.5,20.0,0.0,0,14.6,30.2,0,open-meteo
Tiflet,Morocco,33.9,-6.33,2026-09-23,2026-09-19 12:01:49.336800+00:00,35.0,19.4,0.0,0,14.5,32.8,0,open-meteo
Tiflet,Morocco,33.9,-6.33,2026-09-24,2026-09-19 12:01:49.336800+00:00,34.6,19.2,0.0,0,16.1,33.8,2,open-meteo
Tiflet,Morocco,33.9,-6.33,2026-09-25,2026-09-19 12:01:49.336800+00:00,29.9,17.5,0.0,3,15.8,33.5,3,open-meteo
Oulad Teïma,Morocco,30.4,-9.21,2026-09-19,2026-09-19 12:01:49.455868+00:00,29.3,19.1,0.0,0,25.8,48.2,2,open-meteo
Oulad Teïma,Morocco,30.4,-9.21,2026-09-20,2026-09-19 12:01:49.455868+00:00,30.9,19.2,0.0,0,23.2,43.9,45,open-meteo
Oulad Teïma,Morocco,30.4,-9.21,2026-09-21,2026-09-19 12:01:49.455868+00:00,40.3,21.6,0.0,0,20.5,37.1,3,open-meteo
Oulad Teïma,Morocco,30.4,-9.21,2026-09-22,2026-09-19 12:01:49.455868+00:00,38.4,20.7,0.0,0,28.9,55.4,2,open-meteo
Oulad Teïma,Morocco,30.4,-9.21,2026-09-23,2026-09-19 12:01:49.455868+00:00,39.2,19.4,0.0,0,24.0,44.6,0,open-meteo
Oulad Teïma,Morocco,30.4,-9.21,2026-09-24,2026-09-19 12:01:49.455868+00:00,39.0,22.4,0.0,0,26.4,43.6,3,open-meteo
Oulad Teïma,Morocco,30.4,-9.21,2026-09-25,2026-09-19 12:01:49.455868+00:00,29.4,19.6,0.0,0,28.3,48.6,45,open-meteo
Berkane,Morocco,34.9167,-2.3167,2026-09-19,2026-09-19 12:01:49.553504+00:00,26.9,20.2,0.0,13,19.7,41.0,45,open-meteo
Berkane,Morocco,34.9167,-2.3167,2026-09-20,2026-09-19 12:01:49.553504+00:00,27.4,20.9,0.1,3,18.4,39.2,45,open-meteo
Berkane,Morocco,34.9167,-2.3167,2026-09-21,2026-09-19 12:01:49.553504+00:00,26.7,18.6,0.0,13,21.2,43.2,45,open-meteo
Berkane,Morocco,34.9167,-2.3167,2026-09-22,2026-09-19 12:01:49.553504+00:00,26.8,16.4,0.0,0,15.3,35.3,2,open-meteo
Berkane,Morocco,34.9167,-2.3167,2026-09-23,2026-09-19 12:01:49.553504+00:00,27.1,17.6,0.0,0,14.7,32.8,1,open-meteo
Berkane,Morocco,34.9167,-2.3167,2026-09-24,2026-09-19 12:01:49.553504+00:00,30.1,18.4,0.0,0,14.0,27.0,1,open-meteo
Berkane,Morocco,34.9167,-2.3167,2026-09-25,2026-09-19 12:01:49.553504+00:00,30.6,20.6,0.0,0,12.0,24.1,3,open-meteo
Ain El Aouda,Morocco,33.8111,-6.7922,2026-09-19,2026-09-19 12:01:49.705443+00:00,32.2,15.8,0.0,0,15.8,31.3,2,open-meteo
Ain El Aouda,Morocco,33.8111,-6.7922,2026-09-20,2026-09-19 12:01:49.705443+00:00,35.0,18.9,0.0,0,17.1,34.9,2,open-meteo
Ain El Aouda,Morocco,33.8111,-6.7922,2026-09-21,2026-09-19 12:01:49.705443+00:00,34.1,19.6,0.0,0,15.9,31.3,1,open-meteo
Ain El Aouda,Morocco,33.8111,-6.7922,2026-09-22,2026-09-19 12:01:49.705443+00:00,33.4,19.4,0.0,0,14.0,28.8,0,open-meteo
Ain El Aouda,Morocco,33.8111,-6.7922,2026-09-23,2026-09-19 12:01:49.705443+00:00,33.2,16.3,0.0,0,15.6,31.0,0,open-meteo
Ain El Aouda,Morocco,33.8111,-6.7922,2026-09-24,2026-09-19 12:01:49.705443+00:00,32.5,16.9,0.0,0,15.6,30.2,3,open-meteo
Ain El Aouda,Morocco,33.8111,-6.7922,2026-09-25,2026-09-19 12:01:49.705443+00:00,28.7,16.5,0.0,3,15.3,30.2,45,open-meteo
Errachidia,Morocco,31.9319,-4.4244,2026-09-19,2026-09-19 12:01:49.795097+00:00,29.2,19.2,11.8,65,17.6,35.3,81,open-meteo
Errachidia,Morocco,31.9319,-4.4244,2026-09-20,2026-09-19 12:01:49.795097+00:00,29.3,18.6,0.4,23,12.3,23.4,80,open-meteo
Errachidia,Morocco,31.9319,-4.4244,2026-09-21,2026-09-19 12:01:49.795097+00:00,32.1,19.3,0.0,14,19.8,43.2,2,open-meteo
Errachidia,Morocco,31.9319,-4.4244,2026-09-22,2026-09-19 12:01:49.795097+00:00,29.5,17.4,0.0,3,10.5,25.2,2,open-meteo
Errachidia,Morocco,31.9319,-4.4244,2026-09-23,2026-09-19 12:01:49.795097+00:00,29.9,17.4,0.0,3,14.3,27.7,1,open-meteo
Errachidia,Morocco,31.9319,-4.4244,2026-09-24,2026-09-19 12:01:49.795097+00:00,30.3,17.9,0.0,0,12.5,23.4,1,open-meteo
Errachidia,Morocco,31.9319,-4.4244,2026-09-25,2026-09-19 12:01:49.795097+00:00,30.1,18.3,0.3,19,21.1,35.3,3,open-meteo
Al Fqih Ben Çalah,Morocco,32.507,-6.6886,2026-09-19,2026-09-19 12:01:49.884374+00:00,37.5,20.1,0.0,0,18.1,33.5,2,open-meteo
Al Fqih Ben Çalah,Morocco,32.507,-6.6886,2026-09-20,2026-09-19 12:01:49.884374+00:00,38.8,22.5,0.0,8,22.2,41.8,3,open-meteo
Al Fqih Ben Çalah,Morocco,32.507,-6.6886,2026-09-21,2026-09-19 12:01:49.884374+00:00,37.4,20.5,0.0,0,17.1,32.0,3,open-meteo
Al Fqih Ben Çalah,Morocco,32.507,-6.6886,2026-09-22,2026-09-19 12:01:49.884374+00:00,37.1,19.8,0.0,0,12.1,24.1,2,open-meteo
Al Fqih Ben Çalah,Morocco,32.507,-6.6886,2026-09-23,2026-09-19 12:01:49.884374+00:00,37.1,18.9,0.0,0,9.1,18.7,0,open-meteo
Al Fqih Ben Çalah,Morocco,32.507,-6.6886,2026-09-24,2026-09-19 12:01:49.884374+00:00,37.5,17.7,0.0,0,13.7,24.8,1,open-meteo
Al Fqih Ben Çalah,Morocco,32.507,-6.6886,2026-09-25,2026-09-19 12:01:49.884374+00:00,35.2,18.9,0.0,3,11.6,20.5,3,open-meteo
Ad Darwa,Morocco,33.4167,-7.5333,2026-09-19,2026-09-19 12:01:50.256170+00:00,30.4,17.6,0.0,0,15.7,31.3,45,open-meteo
Ad Darwa,Morocco,33.4167,-7.5333,2026-09-20,2026-09-19 12:01:50.256170+00:00,34.7,19.1,0.0,0,16.0,32.0,45,open-meteo
Ad Darwa,Morocco,33.4167,-7.5333,2026-09-21,2026-09-19 12:01:50.256170+00:00,34.3,19.5,0.0,0,15.1,30.6,45,open-meteo
Ad Darwa,Morocco,33.4167,-7.5333,2026-09-22,2026-09-19 12:01:50.256170+00:00,33.7,19.2,0.0,0,16.7,32.4,1,open-meteo
Ad Darwa,Morocco,33.4167,-7.5333,2026-09-23,2026-09-19 12:01:50.256170+00:00,33.0,17.3,0.0,0,14.8,29.5,45,open-meteo
Ad Darwa,Morocco,33.4167,-7.5333,2026-09-24,2026-09-19 12:01:50.256170+00:00,34.1,16.1,0.0,0,17.3,34.2,45,open-meteo
Ad Darwa,Morocco,33.4167,-7.5333,2026-09-25,2026-09-19 12:01:50.256170+00:00,29.2,19.1,0.0,3,15.5,32.0,45,open-meteo
Martil,Morocco,35.61,-5.27,2026-09-19,2026-09-19 12:01:50.823064+00:00,24.4,22.0,4.1,40,26.8,57.2,80,open-meteo
Martil,Morocco,35.61,-5.27,2026-09-20,2026-09-19 12:01:50.823064+00:00,24.6,22.9,2.1,45,23.4,50.4,80,open-meteo
Martil,Morocco,35.61,-5.27,2026-09-21,2026-09-19 12:01:50.823064+00:00,25.6,21.7,0.0,8,21.7,48.6,2,open-meteo
Martil,Morocco,35.61,-5.27,2026-09-22,2026-09-19 12:01:50.823064+00:00,24.7,21.1,0.0,0,18.4,40.0,2,open-meteo
Martil,Morocco,35.61,-5.27,2026-09-23,2026-09-19 12:01:50.823064+00:00,24.8,20.5,0.0,0,17.3,37.4,2,open-meteo
Martil,Morocco,35.61,-5.27,2026-09-24,2026-09-19 12:01:50.823064+00:00,25.3,20.3,0.0,0,13.6,24.1,45,open-meteo
Martil,Morocco,35.61,-5.27,2026-09-25,2026-09-19 12:01:50.823064+00:00,29.4,20.0,0.0,0,8.6,15.8,45,open-meteo
Sidi Slimane,Morocco,34.26,-5.93,2026-09-19,2026-09-19 12:01:50.944600+00:00,37.2,19.2,0.0,0,16.3,35.6,1,open-meteo
Sidi Slimane,Morocco,34.26,-5.93,2026-09-20,2026-09-19 12:01:50.944600+00:00,38.6,23.9,0.0,0,16.2,34.6,0,open-meteo
Sidi Slimane,Morocco,34.26,-5.93,2026-09-21,2026-09-19 12:01:50.944600+00:00,37.7,22.3,0.0,0,12.7,29.2,0,open-meteo
Sidi Slimane,Morocco,34.26,-5.93,2026-09-22,2026-09-19 12:01:50.944600+00:00,36.8,22.1,0.0,0,12.6,28.8,0,open-meteo
Sidi Slimane,Morocco,34.26,-5.93,2026-09-23,2026-09-19 12:01:50.944600+00:00,37.0,18.0,0.0,0,12.5,35.3,0,open-meteo
Sidi Slimane,Morocco,34.26,-5.93,2026-09-24,2026-09-19 12:01:50.944600+00:00,35.3,17.5,0.0,0,17.1,32.4,2,open-meteo
Sidi Slimane,Morocco,34.26,-5.93,2026-09-25,2026-09-19 12:01:50.944600+00:00,30.5,19.8,0.0,3,17.1,31.7,45,open-meteo
Oued Zem,Morocco,32.8619,-6.5711,2026-09-19,2026-09-19 12:01:51.085475+00:00,34.3,19.6,0.0,0,19.3,42.8,2,open-meteo
Oued Zem,Morocco,32.8619,-6.5711,2026-09-20,2026-09-19 12:01:51.085475+00:00,35.2,22.1,0.1,8,19.9,49.7,80,open-meteo
Oued Zem,Morocco,32.8619,-6.5711,2026-09-21,2026-09-19 12:01:51.085475+00:00,34.5,21.7,0.0,3,22.9,48.6,3,open-meteo
Oued Zem,Morocco,32.8619,-6.5711,2026-09-22,2026-09-19 12:01:51.085475+00:00,33.9,21.8,0.0,0,14.5,32.4,2,open-meteo
Oued Zem,Morocco,32.8619,-6.5711,2026-09-23,2026-09-19 12:01:51.085475+00:00,34.1,19.8,0.0,0,11.3,29.5,0,open-meteo
Oued Zem,Morocco,32.8619,-6.5711,2026-09-24,2026-09-19 12:01:51.085475+00:00,33.5,19.2,0.0,0,12.7,27.0,2,open-meteo
Oued Zem,Morocco,32.8619,-6.5711,2026-09-25,2026-09-19 12:01:51.085475+00:00,31.6,18.4,0.0,0,16.5,34.2,3,open-meteo
Sa’ada,Morocco,31.6258,-8.1028,2026-09-19,2026-09-19 12:01:51.219671+00:00,37.0,19.6,0.0,13,15.1,30.6,3,open-meteo
Sa’ada,Morocco,31.6258,-8.1028,2026-09-20,2026-09-19 12:01:51.219671+00:00,37.1,21.9,0.3,38,15.8,33.1,80,open-meteo
Sa’ada,Morocco,31.6258,-8.1028,2026-09-21,2026-09-19 12:01:51.219671+00:00,37.6,21.8,0.0,0,20.7,38.9,3,open-meteo
Sa’ada,Morocco,31.6258,-8.1028,2026-09-22,2026-09-19 12:01:51.219671+00:00,37.1,19.7,0.0,0,16.6,32.0,1,open-meteo
Sa’ada,Morocco,31.6258,-8.1028,2026-09-23,2026-09-19 12:01:51.219671+00:00,36.9,17.7,0.0,0,16.6,31.7,0,open-meteo
Sa’ada,Morocco,31.6258,-8.1028,2026-09-24,2026-09-19 12:01:51.219671+00:00,37.3,20.0,0.0,0,17.3,34.2,0,open-meteo
Sa’ada,Morocco,31.6258,-8.1028,2026-09-25,2026-09-19 12:01:51.219671+00:00,34.8,21.3,0.0,3,17.4,36.0,3,open-meteo
Douar Ain Chkef,Morocco,33.9636,-5.0281,2026-09-19,2026-09-19 12:01:51.791731+00:00,33.2,19.7,0.1,5,21.7,42.5,2,open-meteo
Douar Ain Chkef,Morocco,33.9636,-5.0281,2026-09-20,2026-09-19 12:01:51.791731+00:00,35.0,20.3,0.0,0,15.9,30.6,1,open-meteo
Douar Ain Chkef,Morocco,33.9636,-5.0281,2026-09-21,2026-09-19 12:01:51.791731+00:00,34.1,20.6,0.0,0,14.1,27.7,1,open-meteo
Douar Ain Chkef,Morocco,33.9636,-5.0281,2026-09-22,2026-09-19 12:01:51.791731+00:00,33.0,19.4,0.0,0,12.5,25.2,0,open-meteo
Douar Ain Chkef,Morocco,33.9636,-5.0281,2026-09-23,2026-09-19 12:01:51.791731+00:00,34.5,18.3,0.0,0,11.4,23.4,0,open-meteo
Douar Ain Chkef,Morocco,33.9636,-5.0281,2026-09-24,2026-09-19 12:01:51.791731+00:00,35.3,19.6,0.0,0,13.7,33.5,2,open-meteo
Douar Ain Chkef,Morocco,33.9636,-5.0281,2026-09-25,2026-09-19 12:01:51.791731+00:00,32.8,19.3,0.0,0,16.3,40.3,3,open-meteo
Gueznaia,Morocco,35.7066,-5.9088,2026-09-19,2026-09-19 12:01:51.899290+00:00,27.7,23.0,0.0,0,40.7,73.4,1,open-meteo
Gueznaia,Morocco,35.7066,-5.9088,2026-09-20,2026-09-19 12:01:51.899290+00:00,28.6,23.9,0.0,0,38.9,70.2,2,open-meteo
Gueznaia,Morocco,35.7066,-5.9088,2026-09-21,2026-09-19 12:01:51.899290+00:00,29.1,23.0,0.0,0,36.1,64.8,1,open-meteo
Gueznaia,Morocco,35.7066,-5.9088,2026-09-22,2026-09-19 12:01:51.899290+00:00,28.9,21.6,0.0,0,31.2,55.1,0,open-meteo
Gueznaia,Morocco,35.7066,-5.9088,2026-09-23,2026-09-19 12:01:51.899290+00:00,29.6,21.1,0.0,0,26.9,46.4,0,open-meteo
Gueznaia,Morocco,35.7066,-5.9088,2026-09-24,2026-09-19 12:01:51.899290+00:00,32.0,22.3,0.0,0,18.0,33.1,1,open-meteo
Gueznaia,Morocco,35.7066,-5.9088,2026-09-25,2026-09-19 12:01:51.899290+00:00,26.1,19.1,0.0,0,12.7,23.8,45,open-meteo
Sefrou,Morocco,33.83,-4.83,2026-09-19,2026-09-19 12:01:51.985378+00:00,32.0,20.0,0.6,13,17.4,40.3,80,open-meteo
Sefrou,Morocco,33.83,-4.83,2026-09-20,2026-09-19 12:01:51.985378+00:00,31.8,20.5,0.0,0,17.4,38.9,1,open-meteo
Sefrou,Morocco,33.83,-4.83,2026-09-21,2026-09-19 12:01:51.985378+00:00,30.7,20.4,0.0,0,16.5,36.0,1,open-meteo
Sefrou,Morocco,33.83,-4.83,2026-09-22,2026-09-19 12:01:51.985378+00:00,29.6,18.8,0.0,0,16.3,35.6,0,open-meteo
Sefrou,Morocco,33.83,-4.83,2026-09-23,2026-09-19 12:01:51.985378+00:00,31.1,19.9,0.0,0,14.8,32.0,0,open-meteo
Sefrou,Morocco,33.83,-4.83,2026-09-24,2026-09-19 12:01:51.985378+00:00,33.1,18.1,0.0,0,15.8,31.7,2,open-meteo
Sefrou,Morocco,33.83,-4.83,2026-09-25,2026-09-19 12:01:51.985378+00:00,31.2,16.8,0.0,0,18.9,36.4,3,open-meteo
Qal’at Mgouna,Morocco,31.2414,-6.1283,2026-09-19,2026-09-19 12:01:52.076745+00:00,27.1,16.4,0.2,50,27.5,42.1,3,open-meteo
Qal’at Mgouna,Morocco,31.2414,-6.1283,2026-09-20,2026-09-19 12:01:52.076745+00:00,27.2,16.5,0.2,40,24.1,41.8,3,open-meteo
Qal’at Mgouna,Morocco,31.2414,-6.1283,2026-09-21,2026-09-19 12:01:52.076745+00:00,27.9,17.0,1.1,15,18.6,30.2,80,open-meteo
Qal’at Mgouna,Morocco,31.2414,-6.1283,2026-09-22,2026-09-19 12:01:52.076745+00:00,28.9,15.9,0.0,0,25.3,38.9,1,open-meteo
Qal’at Mgouna,Morocco,31.2414,-6.1283,2026-09-23,2026-09-19 12:01:52.076745+00:00,28.4,15.6,0.0,0,20.1,28.1,2,open-meteo
Qal’at Mgouna,Morocco,31.2414,-6.1283,2026-09-24,2026-09-19 12:01:52.076745+00:00,29.0,15.7,0.0,8,17.8,27.4,1,open-meteo
Qal’at Mgouna,Morocco,31.2414,-6.1283,2026-09-25,2026-09-19 12:01:52.076745+00:00,25.3,17.1,0.9,15,14.6,36.0,80,open-meteo
Taroudannt,Morocco,30.4711,-8.8778,2026-09-19,2026-09-19 12:01:52.171491+00:00,32.1,20.9,0.0,0,22.9,46.4,2,open-meteo
Taroudannt,Morocco,30.4711,-8.8778,2026-09-20,2026-09-19 12:01:52.171491+00:00,33.6,19.8,0.0,0,21.1,43.2,2,open-meteo
Taroudannt,Morocco,30.4711,-8.8778,2026-09-21,2026-09-19 12:01:52.171491+00:00,39.9,23.3,0.0,0,25.0,49.0,3,open-meteo
Taroudannt,Morocco,30.4711,-8.8778,2026-09-22,2026-09-19 12:01:52.171491+00:00,38.9,22.2,0.0,0,29.7,61.9,2,open-meteo
Taroudannt,Morocco,30.4711,-8.8778,2026-09-23,2026-09-19 12:01:52.171491+00:00,39.9,21.1,0.0,0,25.0,49.3,0,open-meteo
Taroudannt,Morocco,30.4711,-8.8778,2026-09-24,2026-09-19 12:01:52.171491+00:00,40.5,21.8,0.0,0,26.4,49.3,3,open-meteo
Taroudannt,Morocco,30.4711,-8.8778,2026-09-25,2026-09-19 12:01:52.171491+00:00,34.1,19.8,0.0,3,28.7,50.8,3,open-meteo
Essaouira,Morocco,31.513,-9.7687,2026-09-19,2026-09-19 12:01:52.258190+00:00,24.5,18.5,0.0,0,21.3,40.7,2,open-meteo
Essaouira,Morocco,31.513,-9.7687,2026-09-20,2026-09-19 12:01:52.258190+00:00,24.4,18.9,0.0,0,13.4,26.3,2,open-meteo
Essaouira,Morocco,31.513,-9.7687,2026-09-21,2026-09-19 12:01:52.258190+00:00,25.4,19.1,0.0,0,8.6,17.6,3,open-meteo
Essaouira,Morocco,31.513,-9.7687,2026-09-22,2026-09-19 12:01:52.258190+00:00,23.5,17.9,0.0,0,10.7,22.0,45,open-meteo
Essaouira,Morocco,31.513,-9.7687,2026-09-23,2026-09-19 12:01:52.258190+00:00,23.4,17.5,0.0,0,10.0,19.8,45,open-meteo
Essaouira,Morocco,31.513,-9.7687,2026-09-24,2026-09-19 12:01:52.258190+00:00,28.6,20.1,0.0,0,10.0,20.2,3,open-meteo
Essaouira,Morocco,31.513,-9.7687,2026-09-25,2026-09-19 12:01:52.258190+00:00,26.6,19.7,0.0,0,15.3,30.6,3,open-meteo
Azrou,Morocco,33.4344,-5.2213,2026-09-19,2026-09-19 12:01:52.343180+00:00,28.2,19.0,0.2,38,15.3,38.2,3,open-meteo
Azrou,Morocco,33.4344,-5.2213,2026-09-20,2026-09-19 12:01:52.343180+00:00,29.0,18.0,0.0,3,20.6,45.4,3,open-meteo
Azrou,Morocco,33.4344,-5.2213,2026-09-21,2026-09-19 12:01:52.343180+00:00,28.3,17.1,0.0,0,18.7,41.8,2,open-meteo
Azrou,Morocco,33.4344,-5.2213,2026-09-22,2026-09-19 12:01:52.343180+00:00,27.2,15.0,0.0,0,15.5,38.2,0,open-meteo
Azrou,Morocco,33.4344,-5.2213,2026-09-23,2026-09-19 12:01:52.343180+00:00,28.4,15.8,0.0,0,10.8,28.1,0,open-meteo
Azrou,Morocco,33.4344,-5.2213,2026-09-24,2026-09-19 12:01:52.343180+00:00,28.8,18.0,0.0,0,15.5,36.7,2,open-meteo
Azrou,Morocco,33.4344,-5.2213,2026-09-25,2026-09-19 12:01:52.343180+00:00,28.4,18.2,0.0,5,15.1,40.7,3,open-meteo
Guercif,Morocco,34.23,-3.36,2026-09-19,2026-09-19 12:01:52.429887+00:00,30.6,20.9,0.0,23,29.7,58.0,3,open-meteo
Guercif,Morocco,34.23,-3.36,2026-09-20,2026-09-19 12:01:52.429887+00:00,31.6,21.2,0.0,0,30.3,57.6,3,open-meteo
Guercif,Morocco,34.23,-3.36,2026-09-21,2026-09-19 12:01:52.429887+00:00,29.3,19.8,0.0,0,26.8,50.4,3,open-meteo
Guercif,Morocco,34.23,-3.36,2026-09-22,2026-09-19 12:01:52.429887+00:00,30.8,16.4,0.0,0,23.7,46.4,45,open-meteo
Guercif,Morocco,34.23,-3.36,2026-09-23,2026-09-19 12:01:52.429887+00:00,32.9,17.1,0.0,0,23.3,49.3,1,open-meteo
Guercif,Morocco,34.23,-3.36,2026-09-24,2026-09-19 12:01:52.429887+00:00,35.5,18.1,0.0,0,20.6,33.5,0,open-meteo
Guercif,Morocco,34.23,-3.36,2026-09-25,2026-09-19 12:01:52.429887+00:00,36.5,20.2,0.0,0,23.9,42.1,3,open-meteo
Warzat,Morocco,30.9167,-6.9167,2026-09-19,2026-09-19 12:01:52.556245+00:00,31.0,19.1,0.2,30,21.9,36.0,3,open-meteo
Warzat,Morocco,30.9167,-6.9167,2026-09-20,2026-09-19 12:01:52.556245+00:00,31.6,19.6,0.0,28,19.2,38.9,3,open-meteo
Warzat,Morocco,30.9167,-6.9167,2026-09-21,2026-09-19 12:01:52.556245+00:00,32.7,18.8,0.0,5,24.8,43.9,3,open-meteo
Warzat,Morocco,30.9167,-6.9167,2026-09-22,2026-09-19 12:01:52.556245+00:00,33.4,17.4,0.0,0,34.8,62.3,1,open-meteo
Warzat,Morocco,30.9167,-6.9167,2026-09-23,2026-09-19 12:01:52.556245+00:00,32.5,16.7,0.0,0,22.8,38.9,1,open-meteo
Warzat,Morocco,30.9167,-6.9167,2026-09-24,2026-09-19 12:01:52.556245+00:00,32.9,16.6,0.0,0,12.7,20.9,3,open-meteo
Warzat,Morocco,30.9167,-6.9167,2026-09-25,2026-09-19 12:01:52.556245+00:00,29.4,18.0,3.9,15,10.2,26.6,80,open-meteo
Fnidq,Morocco,35.8414,-5.3587,2026-09-19,2026-09-19 12:01:53.436545+00:00,24.2,21.3,1.6,40,24.3,47.5,80,open-meteo
Fnidq,Morocco,35.8414,-5.3587,2026-09-20,2026-09-19 12:01:53.436545+00:00,24.3,22.0,3.2,45,22.0,43.9,80,open-meteo
Fnidq,Morocco,35.8414,-5.3587,2026-09-21,2026-09-19 12:01:53.436545+00:00,25.2,21.3,0.0,8,19.9,37.8,2,open-meteo
Fnidq,Morocco,35.8414,-5.3587,2026-09-22,2026-09-19 12:01:53.436545+00:00,24.4,20.6,0.0,0,19.7,38.2,2,open-meteo
Fnidq,Morocco,35.8414,-5.3587,2026-09-23,2026-09-19 12:01:53.436545+00:00,24.3,20.5,0.0,0,16.7,33.8,2,open-meteo
Fnidq,Morocco,35.8414,-5.3587,2026-09-24,2026-09-19 12:01:53.436545+00:00,25.2,20.2,0.0,0,13.6,24.1,45,open-meteo
Fnidq,Morocco,35.8414,-5.3587,2026-09-25,2026-09-19 12:01:53.436545+00:00,29.4,19.9,0.0,0,8.6,15.8,45,open-meteo
Sidi Taibi,Morocco,32.16,-8.58,2026-09-19,2026-09-19 12:01:53.545981+00:00,33.6,17.4,0.0,0,19.1,30.6,2,open-meteo
Sidi Taibi,Morocco,32.16,-8.58,2026-09-20,2026-09-19 12:01:53.545981+00:00,34.1,22.4,0.0,3,22.7,35.3,2,open-meteo
Sidi Taibi,Morocco,32.16,-8.58,2026-09-21,2026-09-19 12:01:53.545981+00:00,36.9,22.6,0.0,0,18.0,28.8,3,open-meteo
Sidi Taibi,Morocco,32.16,-8.58,2026-09-22,2026-09-19 12:01:53.545981+00:00,36.5,20.2,0.0,0,19.6,33.5,2,open-meteo
Sidi Taibi,Morocco,32.16,-8.58,2026-09-23,2026-09-19 12:01:53.545981+00:00,35.5,17.8,0.0,0,16.0,25.9,1,open-meteo
Sidi Taibi,Morocco,32.16,-8.58,2026-09-24,2026-09-19 12:01:53.545981+00:00,35.5,19.3,0.0,0,19.9,37.4,3,open-meteo
Sidi Taibi,Morocco,32.16,-8.58,2026-09-25,2026-09-19 12:01:53.545981+00:00,30.8,18.5,0.0,3,19.7,37.8,3,open-meteo
Tan-Tan,Morocco,28.4333,-11.1,2026-09-19,2026-09-19 12:01:53.664792+00:00,26.9,19.3,0.0,0,20.8,39.2,3,open-meteo
Tan-Tan,Morocco,28.4333,-11.1,2026-09-20,2026-09-19 12:01:53.664792+00:00,31.7,18.0,0.0,0,18.0,34.9,3,open-meteo
Tan-Tan,Morocco,28.4333,-11.1,2026-09-21,2026-09-19 12:01:53.664792+00:00,35.8,18.7,0.0,0,24.5,45.0,1,open-meteo
Tan-Tan,Morocco,28.4333,-11.1,2026-09-22,2026-09-19 12:01:53.664792+00:00,35.0,18.8,0.0,0,22.8,41.4,1,open-meteo
Tan-Tan,Morocco,28.4333,-11.1,2026-09-23,2026-09-19 12:01:53.664792+00:00,37.3,25.3,0.0,0,21.8,42.8,1,open-meteo
Tan-Tan,Morocco,28.4333,-11.1,2026-09-24,2026-09-19 12:01:53.664792+00:00,38.3,23.4,0.0,2,22.6,40.7,0,open-meteo
Tan-Tan,Morocco,28.4333,-11.1,2026-09-25,2026-09-19 12:01:53.664792+00:00,31.3,17.9,0.0,2,14.3,38.5,3,open-meteo
Sidi Qacem,Morocco,34.21,-5.7,2026-09-19,2026-09-19 12:01:53.753171+00:00,36.6,20.9,0.0,0,17.1,37.1,1,open-meteo
Sidi Qacem,Morocco,34.21,-5.7,2026-09-20,2026-09-19 12:01:53.753171+00:00,37.7,25.1,0.0,0,16.2,35.3,0,open-meteo
Sidi Qacem,Morocco,34.21,-5.7,2026-09-21,2026-09-19 12:01:53.753171+00:00,37.0,23.9,0.0,0,13.1,29.5,0,open-meteo
Sidi Qacem,Morocco,34.21,-5.7,2026-09-22,2026-09-19 12:01:53.753171+00:00,36.0,23.5,0.0,0,10.7,24.8,0,open-meteo
Sidi Qacem,Morocco,34.21,-5.7,2026-09-23,2026-09-19 12:01:53.753171+00:00,36.6,20.7,0.0,0,8.7,21.6,0,open-meteo
Sidi Qacem,Morocco,34.21,-5.7,2026-09-24,2026-09-19 12:01:53.753171+00:00,36.4,19.3,0.0,0,15.4,35.3,1,open-meteo
Sidi Qacem,Morocco,34.21,-5.7,2026-09-25,2026-09-19 12:01:53.753171+00:00,31.4,18.8,0.0,3,16.3,33.8,45,open-meteo
Sidi Bibi,Morocco,30.2333,-9.5333,2026-09-19,2026-09-19 12:01:53.835454+00:00,25.1,20.0,0.0,0,19.7,32.4,3,open-meteo
Sidi Bibi,Morocco,30.2333,-9.5333,2026-09-20,2026-09-19 12:01:53.835454+00:00,25.5,20.3,0.0,0,18.3,31.0,2,open-meteo
Sidi Bibi,Morocco,30.2333,-9.5333,2026-09-21,2026-09-19 12:01:53.835454+00:00,33.0,20.9,0.0,0,15.9,27.0,3,open-meteo
Sidi Bibi,Morocco,30.2333,-9.5333,2026-09-22,2026-09-19 12:01:53.835454+00:00,31.1,20.6,0.0,0,20.3,32.4,2,open-meteo
Sidi Bibi,Morocco,30.2333,-9.5333,2026-09-23,2026-09-19 12:01:53.835454+00:00,29.5,20.6,0.0,0,21.4,38.9,1,open-meteo
Sidi Bibi,Morocco,30.2333,-9.5333,2026-09-24,2026-09-19 12:01:53.835454+00:00,36.9,21.8,0.0,0,17.2,38.9,3,open-meteo
Sidi Bibi,Morocco,30.2333,-9.5333,2026-09-25,2026-09-19 12:01:53.835454+00:00,26.8,19.9,0.0,0,17.4,38.2,45,open-meteo
M’diq,Morocco,35.68,-5.32,2026-09-19,2026-09-19 12:01:53.924056+00:00,24.3,21.9,4.1,0,26.8,57.2,80,open-meteo
M’diq,Morocco,35.68,-5.32,2026-09-20,2026-09-19 12:01:53.924056+00:00,24.4,22.8,2.1,0,23.4,50.4,80,open-meteo
M’diq,Morocco,35.68,-5.32,2026-09-21,2026-09-19 12:01:53.924056+00:00,25.5,21.5,0.0,0,21.7,48.6,2,open-meteo
M’diq,Morocco,35.68,-5.32,2026-09-22,2026-09-19 12:01:53.924056+00:00,24.6,21.0,0.0,0,18.4,40.0,2,open-meteo
M’diq,Morocco,35.68,-5.32,2026-09-23,2026-09-19 12:01:53.924056+00:00,24.7,20.4,0.0,0,17.3,37.4,2,open-meteo
M’diq,Morocco,35.68,-5.32,2026-09-24,2026-09-19 12:01:53.924056+00:00,27.5,21.3,0.0,0,16.5,40.0,45,open-meteo
M’diq,Morocco,35.68,-5.32,2026-09-25,2026-09-19 12:01:53.924056+00:00,30.4,19.9,0.0,0,9.8,22.3,45,open-meteo
Benslimane,Morocco,33.6122,-7.1211,2026-09-19,2026-09-19 12:01:54.006203+00:00,29.8,15.3,0.0,0,16.4,32.4,2,open-meteo
Benslimane,Morocco,33.6122,-7.1211,2026-09-20,2026-09-19 12:01:54.006203+00:00,33.9,18.4,0.0,0,17.6,34.9,1,open-meteo
Benslimane,Morocco,33.6122,-7.1211,2026-09-21,2026-09-19 12:01:54.006203+00:00,33.2,19.7,0.0,0,18.4,36.7,1,open-meteo
Benslimane,Morocco,33.6122,-7.1211,2026-09-22,2026-09-19 12:01:54.006203+00:00,33.0,19.2,0.0,0,17.7,34.6,0,open-meteo
Benslimane,Morocco,33.6122,-7.1211,2026-09-23,2026-09-19 12:01:54.006203+00:00,32.4,16.6,0.0,0,18.2,36.4,0,open-meteo
Benslimane,Morocco,33.6122,-7.1211,2026-09-24,2026-09-19 12:01:54.006203+00:00,32.3,16.2,0.0,0,16.3,32.8,3,open-meteo
Benslimane,Morocco,33.6122,-7.1211,2026-09-25,2026-09-19 12:01:54.006203+00:00,27.2,18.2,0.0,3,17.1,34.2,45,open-meteo
Youssoufia,Morocco,32.25,-8.53,2026-09-19,2026-09-19 12:01:54.088366+00:00,34.2,17.4,0.0,0,16.4,34.2,2,open-meteo
Youssoufia,Morocco,32.25,-8.53,2026-09-20,2026-09-19 12:01:54.088366+00:00,34.9,21.7,0.0,3,18.3,38.9,2,open-meteo
Youssoufia,Morocco,32.25,-8.53,2026-09-21,2026-09-19 12:01:54.088366+00:00,37.5,22.5,0.0,0,16.3,35.6,3,open-meteo
Youssoufia,Morocco,32.25,-8.53,2026-09-22,2026-09-19 12:01:54.088366+00:00,36.9,20.6,0.0,0,16.3,38.5,1,open-meteo
Youssoufia,Morocco,32.25,-8.53,2026-09-23,2026-09-19 12:01:54.088366+00:00,36.0,17.2,0.0,0,14.0,30.6,1,open-meteo
Youssoufia,Morocco,32.25,-8.53,2026-09-24,2026-09-19 12:01:54.088366+00:00,35.9,19.8,0.0,0,19.6,36.7,3,open-meteo
Youssoufia,Morocco,32.25,-8.53,2026-09-25,2026-09-19 12:01:54.088366+00:00,30.7,19.7,0.0,3,20.6,37.8,3,open-meteo
Midalt,Morocco,32.68,-4.74,2026-09-19,2026-09-19 12:01:54.172348+00:00,26.7,13.3,1.2,58,22.8,42.5,80,open-meteo
Midalt,Morocco,32.68,-4.74,2026-09-20,2026-09-19 12:01:54.172348+00:00,29.0,13.5,0.0,25,21.2,46.1,45,open-meteo
Midalt,Morocco,32.68,-4.74,2026-09-21,2026-09-19 12:01:54.172348+00:00,28.9,15.0,0.0,3,27.9,48.2,3,open-meteo
Midalt,Morocco,32.68,-4.74,2026-09-22,2026-09-19 12:01:54.172348+00:00,28.0,13.6,0.0,0,23.5,38.2,3,open-meteo
Midalt,Morocco,32.68,-4.74,2026-09-23,2026-09-19 12:01:54.172348+00:00,28.1,13.1,0.0,0,12.2,15.1,2,open-meteo
Midalt,Morocco,32.68,-4.74,2026-09-24,2026-09-19 12:01:54.172348+00:00,29.4,12.4,0.0,0,23.6,38.2,1,open-meteo
Midalt,Morocco,32.68,-4.74,2026-09-25,2026-09-19 12:01:54.172348+00:00,29.3,12.2,0.6,5,11.2,20.5,3,open-meteo
Aïn Harrouda,Morocco,33.6372,-7.4483,2026-09-19,2026-09-19 12:01:54.254102+00:00,27.2,17.3,0.0,0,12.4,33.8,45,open-meteo
Aïn Harrouda,Morocco,33.6372,-7.4483,2026-09-20,2026-09-19 12:01:54.254102+00:00,30.3,19.1,0.0,0,11.5,31.3,45,open-meteo
Aïn Harrouda,Morocco,33.6372,-7.4483,2026-09-21,2026-09-19 12:01:54.254102+00:00,29.5,20.2,0.0,0,12.0,33.1,45,open-meteo
Aïn Harrouda,Morocco,33.6372,-7.4483,2026-09-22,2026-09-19 12:01:54.254102+00:00,29.7,20.2,0.0,0,11.4,32.0,0,open-meteo
Aïn Harrouda,Morocco,33.6372,-7.4483,2026-09-23,2026-09-19 12:01:54.254102+00:00,28.7,18.0,0.0,0,11.9,31.7,45,open-meteo
Aïn Harrouda,Morocco,33.6372,-7.4483,2026-09-24,2026-09-19 12:01:54.254102+00:00,28.2,17.4,0.0,0,11.8,27.4,45,open-meteo
Aïn Harrouda,Morocco,33.6372,-7.4483,2026-09-25,2026-09-19 12:01:54.254102+00:00,26.0,20.0,0.0,0,12.3,30.6,45,open-meteo
Souq Sebt Oulad Nemma,Morocco,32.3,-6.7,2026-09-19,2026-09-19 12:01:54.336069+00:00,38.0,20.8,0.0,0,14.8,29.9,3,open-meteo
Souq Sebt Oulad Nemma,Morocco,32.3,-6.7,2026-09-20,2026-09-19 12:01:54.336069+00:00,38.8,22.4,0.2,5,17.5,32.4,3,open-meteo
Souq Sebt Oulad Nemma,Morocco,32.3,-6.7,2026-09-21,2026-09-19 12:01:54.336069+00:00,37.7,22.5,0.0,0,14.7,26.3,3,open-meteo
Souq Sebt Oulad Nemma,Morocco,32.3,-6.7,2026-09-22,2026-09-19 12:01:54.336069+00:00,37.4,23.0,0.0,0,11.9,21.2,2,open-meteo
Souq Sebt Oulad Nemma,Morocco,32.3,-6.7,2026-09-23,2026-09-19 12:01:54.336069+00:00,37.6,20.6,0.0,0,11.0,20.9,0,open-meteo
Souq Sebt Oulad Nemma,Morocco,32.3,-6.7,2026-09-24,2026-09-19 12:01:54.336069+00:00,37.7,18.2,0.0,0,13.4,24.1,1,open-meteo
Souq Sebt Oulad Nemma,Morocco,32.3,-6.7,2026-09-25,2026-09-19 12:01:54.336069+00:00,35.4,20.6,0.0,3,11.9,22.0,3,open-meteo
Mehdya,Morocco,34.2557,-6.6745,2026-09-19,2026-09-19 12:01:54.419746+00:00,32.5,18.0,0.0,0,15.6,34.2,1,open-meteo
Mehdya,Morocco,34.2557,-6.6745,2026-09-20,2026-09-19 12:01:54.419746+00:00,35.2,20.4,0.0,0,12.0,30.6,0,open-meteo
Mehdya,Morocco,34.2557,-6.6745,2026-09-21,2026-09-19 12:01:54.419746+00:00,33.0,20.7,0.0,0,13.0,30.2,1,open-meteo
Mehdya,Morocco,34.2557,-6.6745,2026-09-22,2026-09-19 12:01:54.419746+00:00,31.9,20.6,0.0,0,11.9,29.5,0,open-meteo
Mehdya,Morocco,34.2557,-6.6745,2026-09-23,2026-09-19 12:01:54.419746+00:00,29.1,18.2,0.0,0,11.5,26.6,0,open-meteo
Mehdya,Morocco,34.2557,-6.6745,2026-09-24,2026-09-19 12:01:54.419746+00:00,28.1,17.9,0.0,0,10.9,26.3,45,open-meteo
Mehdya,Morocco,34.2557,-6.6745,2026-09-25,2026-09-19 12:01:54.419746+00:00,25.9,20.1,0.0,0,10.7,26.3,45,open-meteo
Ouezzane,Morocco,34.8,-5.6,2026-09-19,2026-09-19 12:01:54.502035+00:00,35.4,17.7,0.0,0,16.3,30.2,2,open-meteo
Ouezzane,Morocco,34.8,-5.6,2026-09-20,2026-09-19 12:01:54.502035+00:00,36.3,21.2,0.0,0,14.4,28.1,2,open-meteo
Ouezzane,Morocco,34.8,-5.6,2026-09-21,2026-09-19 12:01:54.502035+00:00,35.5,20.4,0.0,0,11.5,23.8,1,open-meteo
Ouezzane,Morocco,34.8,-5.6,2026-09-22,2026-09-19 12:01:54.502035+00:00,34.8,17.8,0.0,0,9.8,21.6,0,open-meteo
Ouezzane,Morocco,34.8,-5.6,2026-09-23,2026-09-19 12:01:54.502035+00:00,35.2,17.5,0.0,0,14.3,26.6,0,open-meteo
Ouezzane,Morocco,34.8,-5.6,2026-09-24,2026-09-19 12:01:54.502035+00:00,35.8,18.3,0.0,0,12.9,31.7,1,open-meteo
Ouezzane,Morocco,34.8,-5.6,2026-09-25,2026-09-19 12:01:54.502035+00:00,31.3,17.7,0.0,3,15.3,32.0,45,open-meteo
Semara,Morocco,26.7394,-11.6703,2026-09-19,2026-09-19 12:01:54.672394+00:00,32.0,19.7,0.1,0,18.6,31.3,51,open-meteo
Semara,Morocco,26.7394,-11.6703,2026-09-20,2026-09-19 12:01:54.672394+00:00,37.8,18.9,0.0,0,21.7,37.8,2,open-meteo
Semara,Morocco,26.7394,-11.6703,2026-09-21,2026-09-19 12:01:54.672394+00:00,41.9,25.2,0.0,10,23.8,41.4,3,open-meteo
Semara,Morocco,26.7394,-11.6703,2026-09-22,2026-09-19 12:01:54.672394+00:00,41.6,25.0,0.0,2,25.3,47.9,0,open-meteo
Semara,Morocco,26.7394,-11.6703,2026-09-23,2026-09-19 12:01:54.672394+00:00,41.7,27.2,0.0,2,24.2,44.3,1,open-meteo
Semara,Morocco,26.7394,-11.6703,2026-09-24,2026-09-19 12:01:54.672394+00:00,41.7,26.9,0.0,2,29.0,49.0,0,open-meteo
Semara,Morocco,26.7394,-11.6703,2026-09-25,2026-09-19 12:01:54.672394+00:00,40.1,25.0,0.0,2,25.3,51.5,3,open-meteo
Ait Ourir,Morocco,31.5644,-7.6628,2026-09-19,2026-09-19 12:01:54.760399+00:00,34.8,19.9,0.0,18,30.3,64.1,3,open-meteo
Ait Ourir,Morocco,31.5644,-7.6628,2026-09-20,2026-09-19 12:01:54.760399+00:00,35.6,23.3,0.1,23,13.0,25.9,3,open-meteo
Ait Ourir,Morocco,31.5644,-7.6628,2026-09-21,2026-09-19 12:01:54.760399+00:00,35.6,22.3,0.0,3,17.0,32.0,3,open-meteo
Ait Ourir,Morocco,31.5644,-7.6628,2026-09-22,2026-09-19 12:01:54.760399+00:00,35.4,22.2,0.0,0,17.0,32.4,3,open-meteo
Ait Ourir,Morocco,31.5644,-7.6628,2026-09-23,2026-09-19 12:01:54.760399+00:00,35.2,19.8,0.0,3,15.1,28.4,0,open-meteo
Ait Ourir,Morocco,31.5644,-7.6628,2026-09-24,2026-09-19 12:01:54.760399+00:00,35.7,19.5,0.0,3,14.3,27.7,1,open-meteo
Ait Ourir,Morocco,31.5644,-7.6628,2026-09-25,2026-09-19 12:01:54.760399+00:00,32.9,19.7,0.0,5,11.6,23.0,3,open-meteo
Oulad Tayeb,Morocco,33.9598,-4.9954,2026-09-19,2026-09-19 12:01:54.844745+00:00,33.1,19.7,0.1,5,21.7,42.5,2,open-meteo
Oulad Tayeb,Morocco,33.9598,-4.9954,2026-09-20,2026-09-19 12:01:54.844745+00:00,34.9,20.3,0.0,0,15.9,30.6,1,open-meteo
Oulad Tayeb,Morocco,33.9598,-4.9954,2026-09-21,2026-09-19 12:01:54.844745+00:00,34.1,20.5,0.0,0,14.1,27.7,1,open-meteo
Oulad Tayeb,Morocco,33.9598,-4.9954,2026-09-22,2026-09-19 12:01:54.844745+00:00,33.0,19.4,0.0,0,12.5,25.2,0,open-meteo
Oulad Tayeb,Morocco,33.9598,-4.9954,2026-09-23,2026-09-19 12:01:54.844745+00:00,34.5,18.3,0.0,0,11.4,23.4,0,open-meteo
Oulad Tayeb,Morocco,33.9598,-4.9954,2026-09-24,2026-09-19 12:01:54.844745+00:00,35.2,19.5,0.0,0,13.7,33.5,2,open-meteo
Oulad Tayeb,Morocco,33.9598,-4.9954,2026-09-25,2026-09-19 12:01:54.844745+00:00,32.7,19.2,0.0,0,16.3,40.3,3,open-meteo
Tit Mellil,Morocco,33.5533,-7.4822,2026-09-19,2026-09-19 12:01:54.927552+00:00,27.5,17.4,0.0,0,13.1,35.3,45,open-meteo
Tit Mellil,Morocco,33.5533,-7.4822,2026-09-20,2026-09-19 12:01:54.927552+00:00,31.1,18.9,0.0,0,12.2,33.1,45,open-meteo
Tit Mellil,Morocco,33.5533,-7.4822,2026-09-21,2026-09-19 12:01:54.927552+00:00,30.5,19.9,0.0,0,12.9,35.6,45,open-meteo
Tit Mellil,Morocco,33.5533,-7.4822,2026-09-22,2026-09-19 12:01:54.927552+00:00,30.4,19.8,0.0,0,12.3,33.8,0,open-meteo
Tit Mellil,Morocco,33.5533,-7.4822,2026-09-23,2026-09-19 12:01:54.927552+00:00,29.5,17.8,0.0,0,12.2,33.5,45,open-meteo
Tit Mellil,Morocco,33.5533,-7.4822,2026-09-24,2026-09-19 12:01:54.927552+00:00,28.7,17.2,0.0,0,11.3,30.2,45,open-meteo
Tit Mellil,Morocco,33.5533,-7.4822,2026-09-25,2026-09-19 12:01:54.927552+00:00,25.9,19.4,0.0,3,12.0,33.1,45,open-meteo
Sidi Bennour,Morocco,32.655,-8.4292,2026-09-19,2026-09-19 12:01:55.012131+00:00,33.6,16.6,0.0,0,19.1,33.8,3,open-meteo
Sidi Bennour,Morocco,32.655,-8.4292,2026-09-20,2026-09-19 12:01:55.012131+00:00,35.2,18.8,0.0,0,17.6,30.2,2,open-meteo
Sidi Bennour,Morocco,32.655,-8.4292,2026-09-21,2026-09-19 12:01:55.012131+00:00,37.8,19.6,0.0,0,17.8,31.7,3,open-meteo
Sidi Bennour,Morocco,32.655,-8.4292,2026-09-22,2026-09-19 12:01:55.012131+00:00,36.4,18.1,0.0,0,16.2,30.6,45,open-meteo
Sidi Bennour,Morocco,32.655,-8.4292,2026-09-23,2026-09-19 12:01:55.012131+00:00,35.8,18.3,0.0,0,13.8,27.7,45,open-meteo
Sidi Bennour,Morocco,32.655,-8.4292,2026-09-24,2026-09-19 12:01:55.012131+00:00,34.6,16.6,0.0,3,17.4,32.8,3,open-meteo
Sidi Bennour,Morocco,32.655,-8.4292,2026-09-25,2026-09-19 12:01:55.012131+00:00,29.4,18.4,0.0,3,18.1,33.5,45,open-meteo
Bouznika,Morocco,33.7894,-7.1597,2026-09-19,2026-09-19 12:01:55.094990+00:00,25.5,17.6,0.0,0,13.3,24.1,3,open-meteo
Bouznika,Morocco,33.7894,-7.1597,2026-09-20,2026-09-19 12:01:55.094990+00:00,26.1,19.3,0.0,0,12.0,21.6,1,open-meteo
Bouznika,Morocco,33.7894,-7.1597,2026-09-21,2026-09-19 12:01:55.094990+00:00,25.7,20.1,0.0,0,11.5,21.2,2,open-meteo
Bouznika,Morocco,33.7894,-7.1597,2026-09-22,2026-09-19 12:01:55.094990+00:00,26.1,20.0,0.0,0,11.7,22.3,1,open-meteo
Bouznika,Morocco,33.7894,-7.1597,2026-09-23,2026-09-19 12:01:55.094990+00:00,25.2,18.2,0.0,0,12.4,22.3,0,open-meteo
Bouznika,Morocco,33.7894,-7.1597,2026-09-24,2026-09-19 12:01:55.094990+00:00,26.0,17.6,0.0,0,12.9,22.7,45,open-meteo
Bouznika,Morocco,33.7894,-7.1597,2026-09-25,2026-09-19 12:01:55.094990+00:00,24.5,19.8,0.0,0,13.1,24.5,45,open-meteo
Sidi Mohamed Lahmar,Morocco,34.7167,-6.2667,2026-09-19,2026-09-19 12:01:55.182736+00:00,34.6,18.0,0.0,0,19.2,35.6,45,open-meteo
Sidi Mohamed Lahmar,Morocco,34.7167,-6.2667,2026-09-20,2026-09-19 12:01:55.182736+00:00,37.0,22.5,0.0,0,21.1,38.5,0,open-meteo
Sidi Mohamed Lahmar,Morocco,34.7167,-6.2667,2026-09-21,2026-09-19 12:01:55.182736+00:00,35.9,22.4,0.0,0,20.5,37.1,0,open-meteo
Sidi Mohamed Lahmar,Morocco,34.7167,-6.2667,2026-09-22,2026-09-19 12:01:55.182736+00:00,34.5,21.6,0.0,0,18.1,32.8,0,open-meteo
Sidi Mohamed Lahmar,Morocco,34.7167,-6.2667,2026-09-23,2026-09-19 12:01:55.182736+00:00,34.1,20.1,0.0,0,18.7,37.1,0,open-meteo
Sidi Mohamed Lahmar,Morocco,34.7167,-6.2667,2026-09-24,2026-09-19 12:01:55.182736+00:00,27.5,18.2,0.0,0,13.6,23.0,3,open-meteo
Sidi Mohamed Lahmar,Morocco,34.7167,-6.2667,2026-09-25,2026-09-19 12:01:55.182736+00:00,25.2,20.3,0.0,0,12.5,21.2,45,open-meteo
Temsia,Morocco,30.3633,-9.4144,2026-09-19,2026-09-19 12:01:55.265489+00:00,27.0,19.8,0.0,0,22.2,47.2,45,open-meteo
Temsia,Morocco,30.3633,-9.4144,2026-09-20,2026-09-19 12:01:55.265489+00:00,28.3,19.7,0.0,0,19.5,41.8,45,open-meteo
Temsia,Morocco,30.3633,-9.4144,2026-09-21,2026-09-19 12:01:55.265489+00:00,37.9,22.1,0.0,0,15.5,33.5,3,open-meteo
Temsia,Morocco,30.3633,-9.4144,2026-09-22,2026-09-19 12:01:55.265489+00:00,37.7,21.3,0.0,0,21.7,46.4,2,open-meteo
Temsia,Morocco,30.3633,-9.4144,2026-09-23,2026-09-19 12:01:55.265489+00:00,37.0,20.9,0.0,0,17.8,38.5,1,open-meteo
Temsia,Morocco,30.3633,-9.4144,2026-09-24,2026-09-19 12:01:55.265489+00:00,39.5,22.9,0.0,0,26.4,43.6,3,open-meteo
Temsia,Morocco,30.3633,-9.4144,2026-09-25,2026-09-19 12:01:55.265489+00:00,29.9,20.1,0.0,0,28.3,48.6,45,open-meteo
Biougra,Morocco,30.2144,-9.3708,2026-09-19,2026-09-19 12:01:55.348906+00:00,27.8,19.7,0.0,0,21.7,36.4,2,open-meteo
Biougra,Morocco,30.2144,-9.3708,2026-09-20,2026-09-19 12:01:55.348906+00:00,28.8,19.9,0.0,0,19.1,32.8,2,open-meteo
Biougra,Morocco,30.2144,-9.3708,2026-09-21,2026-09-19 12:01:55.348906+00:00,39.5,22.3,0.0,0,18.8,32.4,3,open-meteo
Biougra,Morocco,30.2144,-9.3708,2026-09-22,2026-09-19 12:01:55.348906+00:00,38.1,23.0,0.0,0,22.1,41.8,2,open-meteo
Biougra,Morocco,30.2144,-9.3708,2026-09-23,2026-09-19 12:01:55.348906+00:00,37.1,21.8,0.0,0,22.1,38.9,0,open-meteo
Biougra,Morocco,30.2144,-9.3708,2026-09-24,2026-09-19 12:01:55.348906+00:00,37.8,21.8,0.0,0,22.8,38.5,3,open-meteo
Biougra,Morocco,30.2144,-9.3708,2026-09-25,2026-09-19 12:01:55.348906+00:00,28.1,19.5,0.0,0,24.4,41.0,45,open-meteo
Ourika Wawrmas,Morocco,31.378,-7.8048,2026-09-19,2026-09-19 12:01:55.435012+00:00,32.7,19.1,0.0,18,15.3,29.5,3,open-meteo
Ourika Wawrmas,Morocco,31.378,-7.8048,2026-09-20,2026-09-19 12:01:55.435012+00:00,33.2,23.2,0.4,20,17.9,36.0,3,open-meteo
Ourika Wawrmas,Morocco,31.378,-7.8048,2026-09-21,2026-09-19 12:01:55.435012+00:00,33.8,23.2,0.0,0,18.3,33.8,3,open-meteo
Ourika Wawrmas,Morocco,31.378,-7.8048,2026-09-22,2026-09-19 12:01:55.435012+00:00,33.9,22.1,0.0,3,19.9,36.0,1,open-meteo
Ourika Wawrmas,Morocco,31.378,-7.8048,2026-09-23,2026-09-19 12:01:55.435012+00:00,33.8,20.8,0.0,3,16.1,29.2,0,open-meteo
Ourika Wawrmas,Morocco,31.378,-7.8048,2026-09-24,2026-09-19 12:01:55.435012+00:00,33.9,20.2,0.0,3,15.3,29.2,0,open-meteo
Ourika Wawrmas,Morocco,31.378,-7.8048,2026-09-25,2026-09-19 12:01:55.435012+00:00,31.1,18.8,0.6,5,9.8,21.6,80,open-meteo
Beni Enzar,Morocco,35.2569,-2.9342,2026-09-19,2026-09-19 12:01:55.530083+00:00,26.0,23.3,4.2,38,20.3,60.5,80,open-meteo
Beni Enzar,Morocco,35.2569,-2.9342,2026-09-20,2026-09-19 12:01:55.530083+00:00,26.4,23.9,2.8,60,20.5,67.0,80,open-meteo
Beni Enzar,Morocco,35.2569,-2.9342,2026-09-21,2026-09-19 12:01:55.530083+00:00,26.7,23.5,0.0,5,15.3,44.6,2,open-meteo
Beni Enzar,Morocco,35.2569,-2.9342,2026-09-22,2026-09-19 12:01:55.530083+00:00,25.9,21.9,0.0,0,10.5,29.9,45,open-meteo
Beni Enzar,Morocco,35.2569,-2.9342,2026-09-23,2026-09-19 12:01:55.530083+00:00,26.0,22.5,0.0,0,11.3,28.4,45,open-meteo
Beni Enzar,Morocco,35.2569,-2.9342,2026-09-24,2026-09-19 12:01:55.530083+00:00,28.4,21.0,0.0,0,11.0,25.9,45,open-meteo
Beni Enzar,Morocco,35.2569,-2.9342,2026-09-25,2026-09-19 12:01:55.530083+00:00,29.5,20.8,0.0,0,9.8,24.1,45,open-meteo
Al Hoceïma,Morocco,35.2472,-3.9322,2026-09-19,2026-09-19 12:01:55.647378+00:00,27.6,21.3,0.0,0,28.1,50.0,3,open-meteo
Al Hoceïma,Morocco,35.2472,-3.9322,2026-09-20,2026-09-19 12:01:55.647378+00:00,28.2,23.9,0.0,10,23.9,42.1,2,open-meteo
Al Hoceïma,Morocco,35.2472,-3.9322,2026-09-21,2026-09-19 12:01:55.647378+00:00,28.8,20.3,0.0,0,24.3,43.9,1,open-meteo
Al Hoceïma,Morocco,35.2472,-3.9322,2026-09-22,2026-09-19 12:01:55.647378+00:00,27.8,17.7,0.0,0,14.9,27.4,0,open-meteo
Al Hoceïma,Morocco,35.2472,-3.9322,2026-09-23,2026-09-19 12:01:55.647378+00:00,26.8,17.8,0.0,0,13.0,24.1,1,open-meteo
Al Hoceïma,Morocco,35.2472,-3.9322,2026-09-24,2026-09-19 12:01:55.647378+00:00,26.7,19.5,0.0,0,8.4,16.2,45,open-meteo
Al Hoceïma,Morocco,35.2472,-3.9322,2026-09-25,2026-09-19 12:01:55.647378+00:00,27.7,21.1,0.0,0,7.2,14.8,45,open-meteo
Douar Laouamra,Morocco,31.8,-8.7167,2026-09-19,2026-09-19 12:01:55.729245+00:00,36.6,20.6,0.0,0,17.6,27.7,3,open-meteo
Douar Laouamra,Morocco,31.8,-8.7167,2026-09-20,2026-09-19 12:01:55.729245+00:00,37.5,23.8,0.0,3,18.2,28.8,2,open-meteo
Douar Laouamra,Morocco,31.8,-8.7167,2026-09-21,2026-09-19 12:01:55.729245+00:00,38.8,23.5,0.0,0,19.5,30.6,3,open-meteo
Douar Laouamra,Morocco,31.8,-8.7167,2026-09-22,2026-09-19 12:01:55.729245+00:00,38.8,21.7,0.0,0,17.8,33.1,0,open-meteo
Douar Laouamra,Morocco,31.8,-8.7167,2026-09-23,2026-09-19 12:01:55.729245+00:00,38.0,18.8,0.0,0,16.1,26.3,0,open-meteo
Douar Laouamra,Morocco,31.8,-8.7167,2026-09-24,2026-09-19 12:01:55.729245+00:00,37.5,19.1,0.0,0,22.0,37.4,3,open-meteo
Douar Laouamra,Morocco,31.8,-8.7167,2026-09-25,2026-09-19 12:01:55.729245+00:00,32.7,20.5,0.0,0,23.3,39.2,3,open-meteo
Qasbat Tadla,Morocco,32.6,-6.26,2026-09-19,2026-09-19 12:01:55.813581+00:00,36.9,20.1,0.0,0,16.3,33.5,2,open-meteo
Qasbat Tadla,Morocco,32.6,-6.26,2026-09-20,2026-09-19 12:01:55.813581+00:00,38.1,22.3,0.0,0,23.2,41.4,3,open-meteo
Qasbat Tadla,Morocco,32.6,-6.26,2026-09-21,2026-09-19 12:01:55.813581+00:00,36.7,20.8,0.1,0,16.6,31.3,3,open-meteo
Qasbat Tadla,Morocco,32.6,-6.26,2026-09-22,2026-09-19 12:01:55.813581+00:00,36.3,20.2,0.0,0,13.0,23.8,2,open-meteo
Qasbat Tadla,Morocco,32.6,-6.26,2026-09-23,2026-09-19 12:01:55.813581+00:00,36.6,18.8,0.0,0,8.8,17.3,0,open-meteo
Qasbat Tadla,Morocco,32.6,-6.26,2026-09-24,2026-09-19 12:01:55.813581+00:00,36.8,16.5,0.0,3,13.5,25.2,1,open-meteo
Qasbat Tadla,Morocco,32.6,-6.26,2026-09-25,2026-09-19 12:01:55.813581+00:00,34.7,18.0,0.0,5,11.7,23.0,3,open-meteo
Aziylal,Morocco,31.96,-6.56,2026-09-19,2026-09-19 12:01:55.896409+00:00,28.5,18.7,0.0,20,20.6,41.0,3,open-meteo
Aziylal,Morocco,31.96,-6.56,2026-09-20,2026-09-19 12:01:55.896409+00:00,28.7,19.6,0.2,15,16.2,38.2,3,open-meteo
Aziylal,Morocco,31.96,-6.56,2026-09-21,2026-09-19 12:01:55.896409+00:00,27.6,19.0,0.0,3,19.0,39.6,3,open-meteo
Aziylal,Morocco,31.96,-6.56,2026-09-22,2026-09-19 12:01:55.896409+00:00,28.4,17.8,0.0,0,19.1,39.6,1,open-meteo
Aziylal,Morocco,31.96,-6.56,2026-09-23,2026-09-19 12:01:55.896409+00:00,28.8,16.9,0.0,0,17.7,37.4,0,open-meteo
Aziylal,Morocco,31.96,-6.56,2026-09-24,2026-09-19 12:01:55.896409+00:00,29.0,18.0,0.0,3,20.9,43.6,0,open-meteo
Aziylal,Morocco,31.96,-6.56,2026-09-25,2026-09-19 12:01:55.896409+00:00,27.3,17.2,0.3,10,15.2,35.3,3,open-meteo
Boujad,Morocco,32.7741,-6.3925,2026-09-19,2026-09-19 12:01:55.978948+00:00,35.0,20.5,0.0,0,21.4,38.9,2,open-meteo
Boujad,Morocco,32.7741,-6.3925,2026-09-20,2026-09-19 12:01:55.978948+00:00,36.1,21.7,0.0,3,22.1,45.0,3,open-meteo
Boujad,Morocco,32.7741,-6.3925,2026-09-21,2026-09-19 12:01:55.978948+00:00,34.8,21.4,0.0,0,21.3,40.3,3,open-meteo
Boujad,Morocco,32.7741,-6.3925,2026-09-22,2026-09-19 12:01:55.978948+00:00,34.6,20.7,0.0,0,14.0,30.2,2,open-meteo
Boujad,Morocco,32.7741,-6.3925,2026-09-23,2026-09-19 12:01:55.978948+00:00,34.6,19.5,0.0,0,13.8,25.1,0,open-meteo
Boujad,Morocco,32.7741,-6.3925,2026-09-24,2026-09-19 12:01:55.978948+00:00,34.1,19.8,0.0,0,12.8,31.7,2,open-meteo
Boujad,Morocco,32.7741,-6.3925,2026-09-25,2026-09-19 12:01:55.978948+00:00,32.9,20.0,0.0,0,17.4,33.8,3,open-meteo
Al Aaroui,Morocco,35.0104,-3.0073,2026-09-19,2026-09-19 12:01:56.061593+00:00,26.2,21.3,0.0,3,28.6,51.5,45,open-meteo
Al Aaroui,Morocco,35.0104,-3.0073,2026-09-20,2026-09-19 12:01:56.061593+00:00,27.0,21.5,0.1,8,29.0,51.8,3,open-meteo
Al Aaroui,Morocco,35.0104,-3.0073,2026-09-21,2026-09-19 12:01:56.061593+00:00,26.8,20.2,0.0,3,22.9,40.7,45,open-meteo
Al Aaroui,Morocco,35.0104,-3.0073,2026-09-22,2026-09-19 12:01:56.061593+00:00,27.3,15.7,0.0,0,22.4,40.3,45,open-meteo
Al Aaroui,Morocco,35.0104,-3.0073,2026-09-23,2026-09-19 12:01:56.061593+00:00,27.2,18.1,0.0,0,21.1,38.9,45,open-meteo
Al Aaroui,Morocco,35.0104,-3.0073,2026-09-24,2026-09-19 12:01:56.061593+00:00,31.5,17.0,0.0,0,14.2,26.6,1,open-meteo
Al Aaroui,Morocco,35.0104,-3.0073,2026-09-25,2026-09-19 12:01:56.061593+00:00,32.2,17.7,0.0,0,18.7,34.2,3,open-meteo
Mrirt,Morocco,33.1654,-5.5634,2026-09-19,2026-09-19 12:01:56.146535+00:00,31.5,18.0,0.2,10,16.7,37.1,3,open-meteo
Mrirt,Morocco,33.1654,-5.5634,2026-09-20,2026-09-19 12:01:56.146535+00:00,32.8,17.7,0.0,8,21.8,50.4,2,open-meteo
Mrirt,Morocco,33.1654,-5.5634,2026-09-21,2026-09-19 12:01:56.146535+00:00,31.8,17.8,0.0,0,23.4,47.9,2,open-meteo
Mrirt,Morocco,33.1654,-5.5634,2026-09-22,2026-09-19 12:01:56.146535+00:00,31.3,16.1,0.0,0,20.5,42.1,1,open-meteo
Mrirt,Morocco,33.1654,-5.5634,2026-09-23,2026-09-19 12:01:56.146535+00:00,32.5,16.1,0.0,0,15.3,36.0,1,open-meteo
Mrirt,Morocco,33.1654,-5.5634,2026-09-24,2026-09-19 12:01:56.146535+00:00,32.2,16.2,0.0,0,13.8,26.6,0,open-meteo
Mrirt,Morocco,33.1654,-5.5634,2026-09-25,2026-09-19 12:01:56.146535+00:00,31.7,15.5,0.0,8,15.3,34.9,3,open-meteo
Chefchaouene,Morocco,35.1714,-5.2697,2026-09-19,2026-09-19 12:01:56.234379+00:00,28.1,19.6,0.0,0,19.6,39.2,1,open-meteo
Chefchaouene,Morocco,35.1714,-5.2697,2026-09-20,2026-09-19 12:01:56.234379+00:00,28.8,20.8,0.0,0,19.1,37.4,2,open-meteo
Chefchaouene,Morocco,35.1714,-5.2697,2026-09-21,2026-09-19 12:01:56.234379+00:00,28.8,19.7,0.0,0,17.9,33.8,1,open-meteo
Chefchaouene,Morocco,35.1714,-5.2697,2026-09-22,2026-09-19 12:01:56.234379+00:00,29.2,17.3,0.0,0,16.3,30.6,0,open-meteo
Chefchaouene,Morocco,35.1714,-5.2697,2026-09-23,2026-09-19 12:01:56.234379+00:00,29.9,17.1,0.0,0,16.2,30.6,0,open-meteo
Chefchaouene,Morocco,35.1714,-5.2697,2026-09-24,2026-09-19 12:01:56.234379+00:00,34.3,20.2,0.0,0,10.0,19.4,1,open-meteo
Chefchaouene,Morocco,35.1714,-5.2697,2026-09-25,2026-09-19 12:01:56.234379+00:00,31.6,18.2,0.0,3,13.4,27.0,3,open-meteo
Tineghir,Morocco,31.5147,-5.5328,2026-09-19,2026-09-19 12:01:56.328387+00:00,28.3,18.0,5.7,70,17.9,28.1,95,open-meteo
Tineghir,Morocco,31.5147,-5.5328,2026-09-20,2026-09-19 12:01:56.328387+00:00,28.0,17.2,0.1,55,8.9,24.8,3,open-meteo
Tineghir,Morocco,31.5147,-5.5328,2026-09-21,2026-09-19 12:01:56.328387+00:00,29.8,18.4,0.4,26,20.7,33.1,80,open-meteo
Tineghir,Morocco,31.5147,-5.5328,2026-09-22,2026-09-19 12:01:56.328387+00:00,29.6,17.8,0.0,0,11.2,19.1,1,open-meteo
Tineghir,Morocco,31.5147,-5.5328,2026-09-23,2026-09-19 12:01:56.328387+00:00,29.4,17.5,0.0,0,14.2,27.4,2,open-meteo
Tineghir,Morocco,31.5147,-5.5328,2026-09-24,2026-09-19 12:01:56.328387+00:00,30.1,17.0,0.0,5,11.6,22.3,2,open-meteo
Tineghir,Morocco,31.5147,-5.5328,2026-09-25,2026-09-19 12:01:56.328387+00:00,26.6,17.5,0.6,13,11.8,25.6,3,open-meteo
Bouknadel,Morocco,34.1766,-6.6893,2026-09-19,2026-09-19 12:01:56.411295+00:00,29.6,18.1,0.0,0,16.1,28.1,1,open-meteo
Bouknadel,Morocco,34.1766,-6.6893,2026-09-20,2026-09-19 12:01:56.411295+00:00,31.8,20.1,0.0,0,13.2,24.5,0,open-meteo
Bouknadel,Morocco,34.1766,-6.6893,2026-09-21,2026-09-19 12:01:56.411295+00:00,29.2,20.6,0.0,0,13.8,24.1,1,open-meteo
Bouknadel,Morocco,34.1766,-6.6893,2026-09-22,2026-09-19 12:01:56.411295+00:00,28.7,20.2,0.0,0,13.2,23.8,0,open-meteo
Bouknadel,Morocco,34.1766,-6.6893,2026-09-23,2026-09-19 12:01:56.411295+00:00,27.2,18.9,0.0,0,12.2,21.6,0,open-meteo
Bouknadel,Morocco,34.1766,-6.6893,2026-09-24,2026-09-19 12:01:56.411295+00:00,28.1,17.9,0.0,0,10.9,26.3,45,open-meteo
Bouknadel,Morocco,34.1766,-6.6893,2026-09-25,2026-09-19 12:01:56.411295+00:00,25.9,20.0,0.0,0,10.7,26.3,45,open-meteo
Douar Bni Malek,Morocco,34.7583,-6.0572,2026-09-19,2026-09-19 12:01:56.493541+00:00,36.3,18.5,0.0,0,15.4,28.8,1,open-meteo
Douar Bni Malek,Morocco,34.7583,-6.0572,2026-09-20,2026-09-19 12:01:56.493541+00:00,37.7,23.8,0.0,0,17.2,32.4,1,open-meteo
Douar Bni Malek,Morocco,34.7583,-6.0572,2026-09-21,2026-09-19 12:01:56.493541+00:00,37.0,22.3,0.0,0,17.8,33.1,0,open-meteo
Douar Bni Malek,Morocco,34.7583,-6.0572,2026-09-22,2026-09-19 12:01:56.493541+00:00,36.4,22.8,0.0,0,13.6,31.0,0,open-meteo
Douar Bni Malek,Morocco,34.7583,-6.0572,2026-09-23,2026-09-19 12:01:56.493541+00:00,36.2,19.9,0.0,0,17.2,31.7,0,open-meteo
Douar Bni Malek,Morocco,34.7583,-6.0572,2026-09-24,2026-09-19 12:01:56.493541+00:00,33.7,20.1,0.0,0,16.5,33.1,2,open-meteo
Douar Bni Malek,Morocco,34.7583,-6.0572,2026-09-25,2026-09-19 12:01:56.493541+00:00,29.2,20.2,0.0,0,14.4,28.8,45,open-meteo
Had Abdallah Rhiat,Morocco,31.5183,-7.8494,2026-09-19,2026-09-19 12:01:56.575354+00:00,35.4,19.1,0.1,18,13.9,32.8,3,open-meteo
Had Abdallah Rhiat,Morocco,31.5183,-7.8494,2026-09-20,2026-09-19 12:01:56.575354+00:00,36.1,21.6,0.1,40,13.6,26.6,3,open-meteo
Had Abdallah Rhiat,Morocco,31.5183,-7.8494,2026-09-21,2026-09-19 12:01:56.575354+00:00,36.1,21.2,0.0,3,18.4,37.1,3,open-meteo
Had Abdallah Rhiat,Morocco,31.5183,-7.8494,2026-09-22,2026-09-19 12:01:56.575354+00:00,35.8,20.3,0.0,0,18.9,36.7,1,open-meteo
Had Abdallah Rhiat,Morocco,31.5183,-7.8494,2026-09-23,2026-09-19 12:01:56.575354+00:00,35.7,17.6,0.0,0,16.4,31.7,0,open-meteo
Had Abdallah Rhiat,Morocco,31.5183,-7.8494,2026-09-24,2026-09-19 12:01:56.575354+00:00,36.5,18.2,0.0,0,15.0,27.4,1,open-meteo
Had Abdallah Rhiat,Morocco,31.5183,-7.8494,2026-09-25,2026-09-19 12:01:56.575354+00:00,34.1,19.9,0.0,5,16.8,29.5,3,open-meteo
Cabo Bojador,Morocco,26.1269,-14.4992,2026-09-19,2026-09-19 12:01:56.664956+00:00,24.8,20.0,0.0,0,22.2,42.5,3,open-meteo
Cabo Bojador,Morocco,26.1269,-14.4992,2026-09-20,2026-09-19 12:01:56.664956+00:00,27.5,18.9,0.0,0,26.2,47.9,1,open-meteo
Cabo Bojador,Morocco,26.1269,-14.4992,2026-09-21,2026-09-19 12:01:56.664956+00:00,27.0,20.3,0.0,5,26.4,47.9,2,open-meteo
Cabo Bojador,Morocco,26.1269,-14.4992,2026-09-22,2026-09-19 12:01:56.664956+00:00,26.6,20.7,0.0,7,26.9,49.0,1,open-meteo
Cabo Bojador,Morocco,26.1269,-14.4992,2026-09-23,2026-09-19 12:01:56.664956+00:00,28.4,20.5,0.0,2,24.6,46.1,1,open-meteo
Cabo Bojador,Morocco,26.1269,-14.4992,2026-09-24,2026-09-19 12:01:56.664956+00:00,34.1,23.6,0.0,2,30.6,51.5,1,open-meteo
Cabo Bojador,Morocco,26.1269,-14.4992,2026-09-25,2026-09-19 12:01:56.664956+00:00,29.7,23.4,0.0,4,29.8,51.1,3,open-meteo
Zagora,Morocco,30.3316,-5.8376,2026-09-19,2026-09-19 12:01:57.021589+00:00,33.4,25.3,0.0,8,26.3,41.0,3,open-meteo
Zagora,Morocco,30.3316,-5.8376,2026-09-20,2026-09-19 12:01:57.021589+00:00,34.2,23.5,0.0,8,12.5,21.2,3,open-meteo
Zagora,Morocco,30.3316,-5.8376,2026-09-21,2026-09-19 12:01:57.021589+00:00,34.3,24.2,1.7,28,15.8,25.2,80,open-meteo
Zagora,Morocco,30.3316,-5.8376,2026-09-22,2026-09-19 12:01:57.021589+00:00,34.2,25.0,0.0,0,10.9,19.8,3,open-meteo
Zagora,Morocco,30.3316,-5.8376,2026-09-23,2026-09-19 12:01:57.021589+00:00,33.3,24.8,0.0,0,12.0,19.8,2,open-meteo
Zagora,Morocco,30.3316,-5.8376,2026-09-24,2026-09-19 12:01:57.021589+00:00,34.2,23.8,0.8,3,17.1,27.0,80,open-meteo
Zagora,Morocco,30.3316,-5.8376,2026-09-25,2026-09-19 12:01:57.021589+00:00,31.6,23.3,1.6,10,12.9,24.5,80,open-meteo
Azemmour,Morocco,33.2833,-8.3333,2026-09-19,2026-09-19 12:01:57.112248+00:00,26.9,18.8,0.0,0,16.8,31.3,45,open-meteo
Azemmour,Morocco,33.2833,-8.3333,2026-09-20,2026-09-19 12:01:57.112248+00:00,28.2,18.9,0.0,0,13.7,25.6,45,open-meteo
Azemmour,Morocco,33.2833,-8.3333,2026-09-21,2026-09-19 12:01:57.112248+00:00,28.5,20.6,0.0,0,14.2,27.0,45,open-meteo
Azemmour,Morocco,33.2833,-8.3333,2026-09-22,2026-09-19 12:01:57.112248+00:00,27.0,20.2,0.0,0,13.1,24.8,45,open-meteo
Azemmour,Morocco,33.2833,-8.3333,2026-09-23,2026-09-19 12:01:57.112248+00:00,27.5,20.0,0.0,0,12.9,24.5,45,open-meteo
Azemmour,Morocco,33.2833,-8.3333,2026-09-24,2026-09-19 12:01:57.112248+00:00,27.2,19.5,0.0,0,12.4,25.2,45,open-meteo
Azemmour,Morocco,33.2833,-8.3333,2026-09-25,2026-09-19 12:01:57.112248+00:00,25.3,20.1,0.0,0,11.5,24.8,3,open-meteo
Mnasra,Morocco,34.7667,-5.5167,2026-09-19,2026-09-19 12:01:57.206328+00:00,35.3,18.5,0.0,0,15.9,31.0,2,open-meteo
Mnasra,Morocco,34.7667,-5.5167,2026-09-20,2026-09-19 12:01:57.206328+00:00,35.9,21.9,0.0,0,15.9,31.0,1,open-meteo
Mnasra,Morocco,34.7667,-5.5167,2026-09-21,2026-09-19 12:01:57.206328+00:00,35.4,21.6,0.0,0,12.2,23.8,1,open-meteo
Mnasra,Morocco,34.7667,-5.5167,2026-09-22,2026-09-19 12:01:57.206328+00:00,34.6,19.1,0.0,0,8.4,19.4,0,open-meteo
Mnasra,Morocco,34.7667,-5.5167,2026-09-23,2026-09-19 12:01:57.206328+00:00,35.4,18.8,0.0,0,10.4,22.0,0,open-meteo
Mnasra,Morocco,34.7667,-5.5167,2026-09-24,2026-09-19 12:01:57.206328+00:00,35.5,19.3,0.0,0,13.7,28.8,1,open-meteo
Mnasra,Morocco,34.7667,-5.5167,2026-09-25,2026-09-19 12:01:57.206328+00:00,31.7,17.5,0.0,3,14.5,32.0,3,open-meteo
El Hajeb,Morocco,33.6928,-5.3711,2026-09-19,2026-09-19 12:01:57.300796+00:00,30.9,17.1,0.6,20,19.8,43.2,80,open-meteo
El Hajeb,Morocco,33.6928,-5.3711,2026-09-20,2026-09-19 12:01:57.300796+00:00,32.3,20.1,0.0,0,18.0,38.2,2,open-meteo
El Hajeb,Morocco,33.6928,-5.3711,2026-09-21,2026-09-19 12:01:57.300796+00:00,31.4,20.5,0.0,0,17.7,37.4,1,open-meteo
El Hajeb,Morocco,33.6928,-5.3711,2026-09-22,2026-09-19 12:01:57.300796+00:00,30.3,19.2,0.0,0,18.3,37.8,0,open-meteo
El Hajeb,Morocco,33.6928,-5.3711,2026-09-23,2026-09-19 12:01:57.300796+00:00,31.6,19.1,0.0,0,15.9,33.8,0,open-meteo
El Hajeb,Morocco,33.6928,-5.3711,2026-09-24,2026-09-19 12:01:57.300796+00:00,32.6,20.0,0.0,0,19.5,39.2,2,open-meteo
El Hajeb,Morocco,33.6928,-5.3711,2026-09-25,2026-09-19 12:01:57.300796+00:00,30.6,18.5,0.0,3,19.8,38.9,3,open-meteo
Jerada,Morocco,34.31,-2.16,2026-09-19,2026-09-19 12:01:57.401567+00:00,27.1,16.8,0.6,60,20.2,41.8,80,open-meteo
Jerada,Morocco,34.31,-2.16,2026-09-20,2026-09-19 12:01:57.401567+00:00,27.8,16.4,0.5,25,21.3,60.1,80,open-meteo
Jerada,Morocco,34.31,-2.16,2026-09-21,2026-09-19 12:01:57.401567+00:00,25.0,15.3,0.0,3,23.4,43.6,45,open-meteo
Jerada,Morocco,34.31,-2.16,2026-09-22,2026-09-19 12:01:57.401567+00:00,26.9,14.6,0.0,0,16.7,48.2,2,open-meteo
Jerada,Morocco,34.31,-2.16,2026-09-23,2026-09-19 12:01:57.401567+00:00,29.0,16.4,0.0,0,16.3,46.4,2,open-meteo
Jerada,Morocco,34.31,-2.16,2026-09-24,2026-09-19 12:01:57.401567+00:00,30.0,15.7,0.0,0,16.7,28.1,0,open-meteo
Jerada,Morocco,34.31,-2.16,2026-09-25,2026-09-19 12:01:57.401567+00:00,31.4,16.6,0.0,0,21.6,42.1,3,open-meteo
El Aïoun,Morocco,34.5726,-2.5127,2026-09-19,2026-09-19 12:01:57.490454+00:00,29.9,18.9,0.2,28,24.1,43.6,3,open-meteo
El Aïoun,Morocco,34.5726,-2.5127,2026-09-20,2026-09-19 12:01:57.490454+00:00,31.2,18.9,0.0,10,22.0,37.8,3,open-meteo
El Aïoun,Morocco,34.5726,-2.5127,2026-09-21,2026-09-19 12:01:57.490454+00:00,27.2,17.6,0.0,3,20.3,34.2,45,open-meteo
El Aïoun,Morocco,34.5726,-2.5127,2026-09-22,2026-09-19 12:01:57.490454+00:00,29.5,13.8,0.0,0,16.1,30.6,45,open-meteo
El Aïoun,Morocco,34.5726,-2.5127,2026-09-23,2026-09-19 12:01:57.490454+00:00,31.5,15.7,0.0,0,19.2,33.8,1,open-meteo
El Aïoun,Morocco,34.5726,-2.5127,2026-09-24,2026-09-19 12:01:57.490454+00:00,34.4,16.2,0.0,0,17.7,28.8,1,open-meteo
El Aïoun,Morocco,34.5726,-2.5127,2026-09-25,2026-09-19 12:01:57.490454+00:00,33.2,18.6,0.0,0,16.6,28.8,3,open-meteo
Tameslouht,Morocco,31.5,-8.1,2026-09-19,2026-09-19 12:01:57.578919+00:00,35.7,20.4,0.0,10,16.3,27.7,3,open-meteo
Tameslouht,Morocco,31.5,-8.1,2026-09-20,2026-09-19 12:01:57.578919+00:00,36.5,23.0,0.6,35,17.4,32.0,80,open-meteo
Tameslouht,Morocco,31.5,-8.1,2026-09-21,2026-09-19 12:01:57.578919+00:00,36.7,23.4,0.0,0,22.2,35.6,3,open-meteo
Tameslouht,Morocco,31.5,-8.1,2026-09-22,2026-09-19 12:01:57.578919+00:00,36.3,22.4,0.0,0,19.2,30.2,0,open-meteo
Tameslouht,Morocco,31.5,-8.1,2026-09-23,2026-09-19 12:01:57.578919+00:00,36.0,19.7,0.0,0,18.6,30.2,0,open-meteo
Tameslouht,Morocco,31.5,-8.1,2026-09-24,2026-09-19 12:01:57.578919+00:00,36.3,21.1,0.0,0,22.7,37.8,1,open-meteo
Tameslouht,Morocco,31.5,-8.1,2026-09-25,2026-09-19 12:01:57.578919+00:00,33.6,21.8,0.0,5,21.0,34.9,3,open-meteo
Sidi Yahia El Gharb,Morocco,34.3058,-6.3058,2026-09-19,2026-09-19 12:01:57.772407+00:00,36.2,17.7,0.0,0,19.9,35.6,1,open-meteo
Sidi Yahia El Gharb,Morocco,34.3058,-6.3058,2026-09-20,2026-09-19 12:01:57.772407+00:00,38.1,22.4,0.0,0,18.6,33.8,0,open-meteo
Sidi Yahia El Gharb,Morocco,34.3058,-6.3058,2026-09-21,2026-09-19 12:01:57.772407+00:00,37.0,19.8,0.0,0,19.1,33.5,45,open-meteo
Sidi Yahia El Gharb,Morocco,34.3058,-6.3058,2026-09-22,2026-09-19 12:01:57.772407+00:00,36.7,21.1,0.0,0,12.0,27.4,0,open-meteo
Sidi Yahia El Gharb,Morocco,34.3058,-6.3058,2026-09-23,2026-09-19 12:01:57.772407+00:00,34.0,17.0,0.0,0,19.1,34.9,0,open-meteo
Sidi Yahia El Gharb,Morocco,34.3058,-6.3058,2026-09-24,2026-09-19 12:01:57.772407+00:00,33.4,17.3,0.0,0,17.6,33.1,45,open-meteo
Sidi Yahia El Gharb,Morocco,34.3058,-6.3058,2026-09-25,2026-09-19 12:01:57.772407+00:00,29.3,19.7,0.0,3,16.6,31.7,45,open-meteo
Taounate,Morocco,34.5358,-4.64,2026-09-19,2026-09-19 12:01:57.861749+00:00,32.4,19.9,0.0,0,27.2,49.7,3,open-meteo
Taounate,Morocco,34.5358,-4.64,2026-09-20,2026-09-19 12:01:57.861749+00:00,33.8,21.6,0.0,3,23.0,43.2,3,open-meteo
Taounate,Morocco,34.5358,-4.64,2026-09-21,2026-09-19 12:01:57.861749+00:00,32.5,19.6,0.0,0,15.4,30.2,2,open-meteo
Taounate,Morocco,34.5358,-4.64,2026-09-22,2026-09-19 12:01:57.861749+00:00,32.7,16.8,0.0,0,18.1,33.1,0,open-meteo
Taounate,Morocco,34.5358,-4.64,2026-09-23,2026-09-19 12:01:57.861749+00:00,34.2,17.7,0.0,0,13.0,25.9,0,open-meteo
Taounate,Morocco,34.5358,-4.64,2026-09-24,2026-09-19 12:01:57.861749+00:00,35.2,18.8,0.0,0,10.1,20.2,2,open-meteo
Taounate,Morocco,34.5358,-4.64,2026-09-25,2026-09-19 12:01:57.861749+00:00,33.1,17.9,0.0,0,14.5,31.3,3,open-meteo
Bahharet Oulad Ayyad,Morocco,34.7703,-6.3047,2026-09-19,2026-09-19 12:01:57.952622+00:00,30.6,18.6,0.0,0,17.1,29.9,45,open-meteo
Bahharet Oulad Ayyad,Morocco,34.7703,-6.3047,2026-09-20,2026-09-19 12:01:57.952622+00:00,35.0,22.3,0.0,0,19.5,33.8,0,open-meteo
Bahharet Oulad Ayyad,Morocco,34.7703,-6.3047,2026-09-21,2026-09-19 12:01:57.952622+00:00,33.3,22.7,0.0,0,19.8,34.2,0,open-meteo
Bahharet Oulad Ayyad,Morocco,34.7703,-6.3047,2026-09-22,2026-09-19 12:01:57.952622+00:00,33.0,22.1,0.0,0,19.3,33.5,0,open-meteo
Bahharet Oulad Ayyad,Morocco,34.7703,-6.3047,2026-09-23,2026-09-19 12:01:57.952622+00:00,32.9,20.5,0.0,0,18.3,32.0,0,open-meteo
Bahharet Oulad Ayyad,Morocco,34.7703,-6.3047,2026-09-24,2026-09-19 12:01:57.952622+00:00,27.4,18.1,0.0,0,13.6,23.0,3,open-meteo
Bahharet Oulad Ayyad,Morocco,34.7703,-6.3047,2026-09-25,2026-09-19 12:01:57.952622+00:00,25.1,20.3,0.0,0,12.5,21.2,45,open-meteo
Chichaoua,Morocco,31.5333,-8.7667,2026-09-19,2026-09-19 12:01:58.041299+00:00,35.1,19.4,0.0,0,19.6,33.1,2,open-meteo
Chichaoua,Morocco,31.5333,-8.7667,2026-09-20,2026-09-19 12:01:58.041299+00:00,34.4,22.4,0.0,8,22.4,36.7,2,open-meteo
Chichaoua,Morocco,31.5333,-8.7667,2026-09-21,2026-09-19 12:01:58.041299+00:00,37.4,22.1,0.0,0,24.3,39.2,3,open-meteo
Chichaoua,Morocco,31.5333,-8.7667,2026-09-22,2026-09-19 12:01:58.041299+00:00,37.4,20.0,0.0,0,21.2,39.2,0,open-meteo
Chichaoua,Morocco,31.5333,-8.7667,2026-09-23,2026-09-19 12:01:58.041299+00:00,36.5,18.0,0.0,0,19.4,34.6,1,open-meteo
Chichaoua,Morocco,31.5333,-8.7667,2026-09-24,2026-09-19 12:01:58.041299+00:00,37.0,21.2,0.0,0,19.6,36.4,3,open-meteo
Chichaoua,Morocco,31.5333,-8.7667,2026-09-25,2026-09-19 12:01:58.041299+00:00,32.3,20.6,0.0,0,20.9,35.6,3,open-meteo
Al ’Attawia,Morocco,31.83,-7.31,2026-09-19,2026-09-19 12:01:58.132999+00:00,34.8,19.8,0.0,5,15.7,29.2,3,open-meteo
Al ’Attawia,Morocco,31.83,-7.31,2026-09-20,2026-09-19 12:01:58.132999+00:00,36.3,22.2,0.3,13,21.3,39.6,80,open-meteo
Al ’Attawia,Morocco,31.83,-7.31,2026-09-21,2026-09-19 12:01:58.132999+00:00,35.8,21.5,0.0,0,16.5,30.2,2,open-meteo
Al ’Attawia,Morocco,31.83,-7.31,2026-09-22,2026-09-19 12:01:58.132999+00:00,35.4,20.9,0.0,0,13.7,27.0,0,open-meteo
Al ’Attawia,Morocco,31.83,-7.31,2026-09-23,2026-09-19 12:01:58.132999+00:00,35.6,19.0,0.0,0,14.3,27.0,0,open-meteo
Al ’Attawia,Morocco,31.83,-7.31,2026-09-24,2026-09-19 12:01:58.132999+00:00,35.7,17.2,0.0,3,13.8,25.6,3,open-meteo
Al ’Attawia,Morocco,31.83,-7.31,2026-09-25,2026-09-19 12:01:58.132999+00:00,32.5,17.9,0.0,13,13.4,24.1,3,open-meteo
Tabount,Morocco,30.9014,-6.9217,2026-09-19,2026-09-19 12:01:58.222503+00:00,31.1,19.9,0.1,30,19.0,29.2,3,open-meteo
Tabount,Morocco,30.9014,-6.9217,2026-09-20,2026-09-19 12:01:58.222503+00:00,31.8,19.7,0.0,28,18.1,35.6,3,open-meteo
Tabount,Morocco,30.9014,-6.9217,2026-09-21,2026-09-19 12:01:58.222503+00:00,32.7,19.6,0.0,5,25.3,43.2,3,open-meteo
Tabount,Morocco,30.9014,-6.9217,2026-09-22,2026-09-19 12:01:58.222503+00:00,33.9,18.6,0.0,0,34.3,56.9,1,open-meteo
Tabount,Morocco,30.9014,-6.9217,2026-09-23,2026-09-19 12:01:58.222503+00:00,32.5,18.1,0.0,0,19.7,32.8,1,open-meteo
Tabount,Morocco,30.9014,-6.9217,2026-09-24,2026-09-19 12:01:58.222503+00:00,32.8,16.5,0.0,0,12.7,20.9,3,open-meteo
Tabount,Morocco,30.9014,-6.9217,2026-09-25,2026-09-19 12:01:58.222503+00:00,29.3,17.9,3.9,15,10.2,26.6,80,open-meteo
Bellaa,Morocco,30.0314,-9.5542,2026-09-19,2026-09-19 12:01:58.312941+00:00,26.2,19.6,0.0,0,17.6,33.5,2,open-meteo
Bellaa,Morocco,30.0314,-9.5542,2026-09-20,2026-09-19 12:01:58.312941+00:00,27.1,19.9,0.0,0,16.2,30.6,2,open-meteo
Bellaa,Morocco,30.0314,-9.5542,2026-09-21,2026-09-19 12:01:58.312941+00:00,36.0,20.7,0.0,0,18.0,33.5,3,open-meteo
Bellaa,Morocco,30.0314,-9.5542,2026-09-22,2026-09-19 12:01:58.312941+00:00,36.1,21.6,0.0,0,18.5,37.1,3,open-meteo
Bellaa,Morocco,30.0314,-9.5542,2026-09-23,2026-09-19 12:01:58.312941+00:00,32.9,19.9,0.0,0,18.9,34.6,0,open-meteo
Bellaa,Morocco,30.0314,-9.5542,2026-09-24,2026-09-19 12:01:58.312941+00:00,36.7,24.5,0.0,0,17.4,28.4,2,open-meteo
Bellaa,Morocco,30.0314,-9.5542,2026-09-25,2026-09-19 12:01:58.312941+00:00,28.1,21.7,0.0,0,14.2,25.6,3,open-meteo
Zaïo,Morocco,34.9396,-2.7334,2026-09-19,2026-09-19 12:01:58.401647+00:00,28.1,21.0,0.0,5,22.7,53.6,45,open-meteo
Zaïo,Morocco,34.9396,-2.7334,2026-09-20,2026-09-19 12:01:58.401647+00:00,29.5,21.4,0.0,0,23.2,50.8,45,open-meteo
Zaïo,Morocco,34.9396,-2.7334,2026-09-21,2026-09-19 12:01:58.401647+00:00,27.9,19.7,0.0,0,22.1,41.4,2,open-meteo
Zaïo,Morocco,34.9396,-2.7334,2026-09-22,2026-09-19 12:01:58.401647+00:00,29.1,16.9,0.0,0,14.3,31.7,45,open-meteo
Zaïo,Morocco,34.9396,-2.7334,2026-09-23,2026-09-19 12:01:58.401647+00:00,29.8,18.1,0.0,0,12.0,28.4,45,open-meteo
Zaïo,Morocco,34.9396,-2.7334,2026-09-24,2026-09-19 12:01:58.401647+00:00,31.6,16.7,0.0,0,15.9,29.2,45,open-meteo
Zaïo,Morocco,34.9396,-2.7334,2026-09-25,2026-09-19 12:01:58.401647+00:00,33.2,17.6,0.0,0,14.8,27.4,3,open-meteo
Zoumi,Morocco,34.8,-5.35,2026-09-19,2026-09-19 12:01:58.498359+00:00,33.7,20.2,0.0,0,19.1,49.7,1,open-meteo
Zoumi,Morocco,34.8,-5.35,2026-09-20,2026-09-19 12:01:58.498359+00:00,35.0,22.6,0.0,0,18.4,45.4,2,open-meteo
Zoumi,Morocco,34.8,-5.35,2026-09-21,2026-09-19 12:01:58.498359+00:00,34.8,21.9,0.0,0,12.2,37.4,1,open-meteo
Zoumi,Morocco,34.8,-5.35,2026-09-22,2026-09-19 12:01:58.498359+00:00,34.3,19.8,0.0,0,9.3,33.1,0,open-meteo
Zoumi,Morocco,34.8,-5.35,2026-09-23,2026-09-19 12:01:58.498359+00:00,35.0,19.8,0.0,0,10.0,28.8,0,open-meteo
Zoumi,Morocco,34.8,-5.35,2026-09-24,2026-09-19 12:01:58.498359+00:00,34.9,18.7,0.0,0,13.7,28.8,1,open-meteo
Zoumi,Morocco,34.8,-5.35,2026-09-25,2026-09-19 12:01:58.498359+00:00,31.1,16.9,0.0,3,14.5,32.0,3,open-meteo
Aguelmous,Morocco,33.1324,-5.8366,2026-09-19,2026-09-19 12:01:58.593416+00:00,31.4,18.2,0.1,8,16.8,43.2,3,open-meteo
Aguelmous,Morocco,33.1324,-5.8366,2026-09-20,2026-09-19 12:01:58.593416+00:00,32.8,19.2,0.0,5,21.3,44.6,2,open-meteo
Aguelmous,Morocco,33.1324,-5.8366,2026-09-21,2026-09-19 12:01:58.593416+00:00,32.0,19.7,0.0,0,20.9,43.9,2,open-meteo
Aguelmous,Morocco,33.1324,-5.8366,2026-09-22,2026-09-19 12:01:58.593416+00:00,31.1,18.8,0.0,0,16.3,34.6,1,open-meteo
Aguelmous,Morocco,33.1324,-5.8366,2026-09-23,2026-09-19 12:01:58.593416+00:00,31.8,18.1,0.0,0,14.9,29.9,1,open-meteo
Aguelmous,Morocco,33.1324,-5.8366,2026-09-24,2026-09-19 12:01:58.593416+00:00,31.6,17.9,0.0,0,15.3,31.0,0,open-meteo
Aguelmous,Morocco,33.1324,-5.8366,2026-09-25,2026-09-19 12:01:58.593416+00:00,30.4,18.4,0.0,8,16.5,36.0,3,open-meteo
Mograne,Morocco,34.4497,-6.3562,2026-09-19,2026-09-19 12:01:58.693258+00:00,34.9,17.6,0.0,0,18.7,39.2,45,open-meteo
Mograne,Morocco,34.4497,-6.3562,2026-09-20,2026-09-19 12:01:58.693258+00:00,37.0,22.6,0.0,0,23.7,43.2,0,open-meteo
Mograne,Morocco,34.4497,-6.3562,2026-09-21,2026-09-19 12:01:58.693258+00:00,36.6,20.6,0.0,0,18.4,36.0,1,open-meteo
Mograne,Morocco,34.4497,-6.3562,2026-09-22,2026-09-19 12:01:58.693258+00:00,36.4,20.0,0.0,0,15.9,29.5,0,open-meteo
Mograne,Morocco,34.4497,-6.3562,2026-09-23,2026-09-19 12:01:58.693258+00:00,32.3,16.5,0.0,0,18.9,37.4,0,open-meteo
Mograne,Morocco,34.4497,-6.3562,2026-09-24,2026-09-19 12:01:58.693258+00:00,29.3,17.1,0.0,0,13.8,25.9,45,open-meteo
Mograne,Morocco,34.4497,-6.3562,2026-09-25,2026-09-19 12:01:58.693258+00:00,26.7,19.9,0.0,0,13.0,24.5,45,open-meteo
Zawyat an Nwaçer,Morocco,33.3611,-7.6114,2026-09-19,2026-09-19 12:01:58.781304+00:00,30.8,17.7,0.0,0,15.4,33.1,45,open-meteo
Zawyat an Nwaçer,Morocco,33.3611,-7.6114,2026-09-20,2026-09-19 12:01:58.781304+00:00,34.4,19.4,0.0,0,16.9,36.4,45,open-meteo
Zawyat an Nwaçer,Morocco,33.3611,-7.6114,2026-09-21,2026-09-19 12:01:58.781304+00:00,34.3,19.5,0.0,0,14.8,32.4,45,open-meteo
Zawyat an Nwaçer,Morocco,33.3611,-7.6114,2026-09-22,2026-09-19 12:01:58.781304+00:00,33.9,19.0,0.0,0,16.1,34.2,1,open-meteo
Zawyat an Nwaçer,Morocco,33.3611,-7.6114,2026-09-23,2026-09-19 12:01:58.781304+00:00,33.1,17.3,0.0,0,14.3,31.3,45,open-meteo
Zawyat an Nwaçer,Morocco,33.3611,-7.6114,2026-09-24,2026-09-19 12:01:58.781304+00:00,31.4,17.3,0.0,0,15.8,34.9,45,open-meteo
Zawyat an Nwaçer,Morocco,33.3611,-7.6114,2026-09-25,2026-09-19 12:01:58.781304+00:00,27.2,19.1,0.0,3,14.9,34.2,45,open-meteo
Asilah,Morocco,35.4667,-6.0333,2026-09-19,2026-09-19 12:01:58.872194+00:00,29.2,23.0,0.0,0,34.6,64.8,1,open-meteo
Asilah,Morocco,35.4667,-6.0333,2026-09-20,2026-09-19 12:01:58.872194+00:00,30.4,24.3,0.0,0,27.2,50.4,1,open-meteo
Asilah,Morocco,35.4667,-6.0333,2026-09-21,2026-09-19 12:01:58.872194+00:00,30.9,23.7,0.0,0,25.4,46.4,1,open-meteo
Asilah,Morocco,35.4667,-6.0333,2026-09-22,2026-09-19 12:01:58.872194+00:00,30.6,21.9,0.0,0,18.8,36.4,0,open-meteo
Asilah,Morocco,35.4667,-6.0333,2026-09-23,2026-09-19 12:01:58.872194+00:00,30.6,21.4,0.0,0,17.3,32.8,0,open-meteo
Asilah,Morocco,35.4667,-6.0333,2026-09-24,2026-09-19 12:01:58.872194+00:00,34.7,20.3,0.0,0,13.3,25.9,1,open-meteo
Asilah,Morocco,35.4667,-6.0333,2026-09-25,2026-09-19 12:01:58.872194+00:00,28.5,20.1,0.0,0,12.2,24.5,3,open-meteo
Douar Oulad Hssine,Morocco,33.0681,-8.5108,2026-09-19,2026-09-19 12:01:58.962713+00:00,29.4,18.5,0.0,0,18.0,31.7,45,open-meteo
Douar Oulad Hssine,Morocco,33.0681,-8.5108,2026-09-20,2026-09-19 12:01:58.962713+00:00,31.3,19.4,0.0,0,14.3,25.6,45,open-meteo
Douar Oulad Hssine,Morocco,33.0681,-8.5108,2026-09-21,2026-09-19 12:01:58.962713+00:00,32.9,20.2,0.0,0,14.6,25.9,45,open-meteo
Douar Oulad Hssine,Morocco,33.0681,-8.5108,2026-09-22,2026-09-19 12:01:58.962713+00:00,30.7,19.6,0.0,0,14.8,26.6,45,open-meteo
Douar Oulad Hssine,Morocco,33.0681,-8.5108,2026-09-23,2026-09-19 12:01:58.962713+00:00,30.5,20.2,0.0,0,14.2,25.2,45,open-meteo
Douar Oulad Hssine,Morocco,33.0681,-8.5108,2026-09-24,2026-09-19 12:01:58.962713+00:00,25.8,19.0,0.0,0,12.5,24.5,45,open-meteo
Douar Oulad Hssine,Morocco,33.0681,-8.5108,2026-09-25,2026-09-19 12:01:58.962713+00:00,25.0,19.3,0.0,0,11.5,23.4,45,open-meteo
Dabouziya,Morocco,33.2172,-8.419,2026-09-19,2026-09-19 12:01:59.053062+00:00,27.4,19.0,0.0,0,18.1,32.8,45,open-meteo
Dabouziya,Morocco,33.2172,-8.419,2026-09-20,2026-09-19 12:01:59.053062+00:00,30.4,19.6,0.0,0,13.8,24.8,45,open-meteo
Dabouziya,Morocco,33.2172,-8.419,2026-09-21,2026-09-19 12:01:59.053062+00:00,29.6,20.6,0.0,0,14.4,26.6,45,open-meteo
Dabouziya,Morocco,33.2172,-8.419,2026-09-22,2026-09-19 12:01:59.053062+00:00,28.0,19.9,0.0,0,14.5,26.6,45,open-meteo
Dabouziya,Morocco,33.2172,-8.419,2026-09-23,2026-09-19 12:01:59.053062+00:00,29.0,20.3,0.0,0,13.9,25.6,45,open-meteo
Dabouziya,Morocco,33.2172,-8.419,2026-09-24,2026-09-19 12:01:59.053062+00:00,26.9,19.2,0.0,0,12.4,25.2,45,open-meteo
Dabouziya,Morocco,33.2172,-8.419,2026-09-25,2026-09-19 12:01:59.053062+00:00,25.0,19.8,0.0,0,11.5,24.8,3,open-meteo
Lalla Mimouna,Morocco,34.85,-6.0669,2026-09-19,2026-09-19 12:01:59.142745+00:00,35.3,19.0,0.0,0,13.8,27.4,0,open-meteo
Lalla Mimouna,Morocco,34.85,-6.0669,2026-09-20,2026-09-19 12:01:59.142745+00:00,37.1,23.3,0.0,0,15.8,29.9,1,open-meteo
Lalla Mimouna,Morocco,34.85,-6.0669,2026-09-21,2026-09-19 12:01:59.142745+00:00,36.2,22.3,0.0,0,16.2,32.4,0,open-meteo
Lalla Mimouna,Morocco,34.85,-6.0669,2026-09-22,2026-09-19 12:01:59.142745+00:00,35.6,20.1,0.0,0,12.9,28.8,0,open-meteo
Lalla Mimouna,Morocco,34.85,-6.0669,2026-09-23,2026-09-19 12:01:59.142745+00:00,35.2,19.9,0.0,0,17.6,33.1,0,open-meteo
Lalla Mimouna,Morocco,34.85,-6.0669,2026-09-24,2026-09-19 12:01:59.142745+00:00,32.2,18.8,0.0,0,16.5,31.3,45,open-meteo
Lalla Mimouna,Morocco,34.85,-6.0669,2026-09-25,2026-09-19 12:01:59.142745+00:00,27.9,20.1,0.0,0,14.8,28.8,45,open-meteo
Aourir,Morocco,30.5252,-9.6116,2026-09-19,2026-09-19 12:01:59.231509+00:00,24.8,18.7,0.0,0,10.9,22.3,45,open-meteo
Aourir,Morocco,30.5252,-9.6116,2026-09-20,2026-09-19 12:01:59.231509+00:00,26.0,18.6,0.0,0,10.5,21.6,45,open-meteo
Aourir,Morocco,30.5252,-9.6116,2026-09-21,2026-09-19 12:01:59.231509+00:00,33.8,20.1,0.0,0,10.5,23.8,3,open-meteo
Aourir,Morocco,30.5252,-9.6116,2026-09-22,2026-09-19 12:01:59.231509+00:00,32.8,22.5,0.0,0,15.8,33.8,2,open-meteo
Aourir,Morocco,30.5252,-9.6116,2026-09-23,2026-09-19 12:01:59.231509+00:00,32.0,20.0,0.0,0,10.6,24.1,0,open-meteo
Aourir,Morocco,30.5252,-9.6116,2026-09-24,2026-09-19 12:01:59.231509+00:00,33.9,22.7,0.0,0,12.4,28.1,3,open-meteo
Aourir,Morocco,30.5252,-9.6116,2026-09-25,2026-09-19 12:01:59.231509+00:00,27.2,18.0,0.0,0,11.9,26.3,45,open-meteo
Arbaoua,Morocco,34.9132,-5.9308,2026-09-19,2026-09-19 12:01:59.319786+00:00,34.9,19.4,0.0,0,12.5,24.1,1,open-meteo
Arbaoua,Morocco,34.9132,-5.9308,2026-09-20,2026-09-19 12:01:59.319786+00:00,36.5,23.7,0.0,0,15.7,29.9,1,open-meteo
Arbaoua,Morocco,34.9132,-5.9308,2026-09-21,2026-09-19 12:01:59.319786+00:00,35.4,22.7,0.0,0,14.6,27.7,0,open-meteo
Arbaoua,Morocco,34.9132,-5.9308,2026-09-22,2026-09-19 12:01:59.319786+00:00,34.6,20.1,0.0,0,12.0,26.6,0,open-meteo
Arbaoua,Morocco,34.9132,-5.9308,2026-09-23,2026-09-19 12:01:59.319786+00:00,34.8,20.2,0.0,0,15.4,31.0,0,open-meteo
Arbaoua,Morocco,34.9132,-5.9308,2026-09-24,2026-09-19 12:01:59.319786+00:00,35.6,19.9,0.0,0,14.6,29.5,1,open-meteo
Arbaoua,Morocco,34.9132,-5.9308,2026-09-25,2026-09-19 12:01:59.319786+00:00,30.8,18.4,0.0,0,14.4,30.6,45,open-meteo
Imzouren,Morocco,35.1464,-3.8506,2026-09-19,2026-09-19 12:01:59.408361+00:00,29.3,20.4,0.0,0,25.5,46.1,3,open-meteo
Imzouren,Morocco,35.1464,-3.8506,2026-09-20,2026-09-19 12:01:59.408361+00:00,28.9,22.6,0.0,0,19.9,36.0,2,open-meteo
Imzouren,Morocco,35.1464,-3.8506,2026-09-21,2026-09-19 12:01:59.408361+00:00,29.3,20.0,0.0,0,22.7,41.8,2,open-meteo
Imzouren,Morocco,35.1464,-3.8506,2026-09-22,2026-09-19 12:01:59.408361+00:00,28.4,17.6,0.0,0,14.6,27.0,0,open-meteo
Imzouren,Morocco,35.1464,-3.8506,2026-09-23,2026-09-19 12:01:59.408361+00:00,27.3,17.6,0.0,0,14.1,27.0,1,open-meteo
Imzouren,Morocco,35.1464,-3.8506,2026-09-24,2026-09-19 12:01:59.408361+00:00,29.3,18.7,0.0,0,10.7,22.0,2,open-meteo
Imzouren,Morocco,35.1464,-3.8506,2026-09-25,2026-09-19 12:01:59.408361+00:00,30.0,22.6,0.0,0,11.2,22.0,3,open-meteo
Mediouna,Morocco,33.4556,-7.5208,2026-09-19,2026-09-19 12:01:59.497062+00:00,30.8,17.1,0.0,0,17.1,30.6,45,open-meteo
Mediouna,Morocco,33.4556,-7.5208,2026-09-20,2026-09-19 12:01:59.497062+00:00,35.2,18.8,0.0,0,17.2,31.3,45,open-meteo
Mediouna,Morocco,33.4556,-7.5208,2026-09-21,2026-09-19 12:01:59.497062+00:00,34.6,19.5,0.0,0,17.2,31.0,45,open-meteo
Mediouna,Morocco,33.4556,-7.5208,2026-09-22,2026-09-19 12:01:59.497062+00:00,34.0,19.0,0.0,0,18.1,32.8,1,open-meteo
Mediouna,Morocco,33.4556,-7.5208,2026-09-23,2026-09-19 12:01:59.497062+00:00,33.3,17.3,0.0,0,16.2,29.2,45,open-meteo
Mediouna,Morocco,33.4556,-7.5208,2026-09-24,2026-09-19 12:01:59.497062+00:00,28.3,16.8,0.0,0,11.3,30.2,45,open-meteo
Mediouna,Morocco,33.4556,-7.5208,2026-09-25,2026-09-19 12:01:59.497062+00:00,25.5,19.0,0.0,3,12.0,33.1,45,open-meteo
Demnat,Morocco,31.7311,-7.0361,2026-09-19,2026-09-19 12:01:59.585994+00:00,31.8,18.4,0.0,13,16.3,31.0,3,open-meteo
Demnat,Morocco,31.7311,-7.0361,2026-09-20,2026-09-19 12:01:59.585994+00:00,32.9,22.0,0.2,15,17.4,33.8,3,open-meteo
Demnat,Morocco,31.7311,-7.0361,2026-09-21,2026-09-19 12:01:59.585994+00:00,32.0,20.8,0.0,0,17.7,34.2,2,open-meteo
Demnat,Morocco,31.7311,-7.0361,2026-09-22,2026-09-19 12:01:59.585994+00:00,32.1,20.4,0.0,0,16.2,32.0,2,open-meteo
Demnat,Morocco,31.7311,-7.0361,2026-09-23,2026-09-19 12:01:59.585994+00:00,32.5,18.0,0.0,0,16.8,32.8,0,open-meteo
Demnat,Morocco,31.7311,-7.0361,2026-09-24,2026-09-19 12:01:59.585994+00:00,32.6,17.6,0.0,5,15.4,30.2,3,open-meteo
Demnat,Morocco,31.7311,-7.0361,2026-09-25,2026-09-19 12:01:59.585994+00:00,29.9,16.7,0.0,15,15.8,30.2,3,open-meteo
Ben Ahmed,Morocco,33.0714,-7.2436,2026-09-19,2026-09-19 12:01:59.676709+00:00,33.0,17.0,0.0,0,17.0,32.4,2,open-meteo
Ben Ahmed,Morocco,33.0714,-7.2436,2026-09-20,2026-09-19 12:01:59.676709+00:00,34.6,21.0,0.0,0,20.4,38.9,2,open-meteo
Ben Ahmed,Morocco,33.0714,-7.2436,2026-09-21,2026-09-19 12:01:59.676709+00:00,34.6,20.7,0.0,3,22.5,42.8,2,open-meteo
Ben Ahmed,Morocco,33.0714,-7.2436,2026-09-22,2026-09-19 12:01:59.676709+00:00,34.3,20.1,0.0,0,15.5,33.8,0,open-meteo
Ben Ahmed,Morocco,33.0714,-7.2436,2026-09-23,2026-09-19 12:01:59.676709+00:00,34.4,18.3,0.0,0,15.9,34.9,0,open-meteo
Ben Ahmed,Morocco,33.0714,-7.2436,2026-09-24,2026-09-19 12:01:59.676709+00:00,35.4,17.1,0.0,3,16.5,36.4,3,open-meteo
Ben Ahmed,Morocco,33.0714,-7.2436,2026-09-25,2026-09-19 12:01:59.676709+00:00,29.0,15.8,0.0,3,16.7,31.7,45,open-meteo
Oulad Hammou,Morocco,33.25,-8.3347,2026-09-19,2026-09-19 12:01:59.767380+00:00,27.8,18.5,0.0,0,17.6,32.0,45,open-meteo
Oulad Hammou,Morocco,33.25,-8.3347,2026-09-20,2026-09-19 12:01:59.767380+00:00,30.4,19.5,0.0,0,14.9,27.7,45,open-meteo
Oulad Hammou,Morocco,33.25,-8.3347,2026-09-21,2026-09-19 12:01:59.767380+00:00,30.1,20.2,0.0,0,14.8,27.4,45,open-meteo
Oulad Hammou,Morocco,33.25,-8.3347,2026-09-22,2026-09-19 12:01:59.767380+00:00,28.3,19.6,0.0,0,14.7,27.0,45,open-meteo
Oulad Hammou,Morocco,33.25,-8.3347,2026-09-23,2026-09-19 12:01:59.767380+00:00,29.1,19.9,0.0,0,14.2,25.9,45,open-meteo
Oulad Hammou,Morocco,33.25,-8.3347,2026-09-24,2026-09-19 12:01:59.767380+00:00,26.8,19.1,0.0,0,12.4,25.2,45,open-meteo
Oulad Hammou,Morocco,33.25,-8.3347,2026-09-25,2026-09-19 12:01:59.767380+00:00,25.0,19.8,0.0,0,11.5,24.8,3,open-meteo
Aït Faska,Morocco,31.5058,-7.7161,2026-09-19,2026-09-19 12:01:59.859760+00:00,34.6,20.2,0.0,13,32.6,72.0,3,open-meteo
Aït Faska,Morocco,31.5058,-7.7161,2026-09-20,2026-09-19 12:01:59.859760+00:00,35.3,24.1,0.3,28,14.7,32.8,3,open-meteo
Aït Faska,Morocco,31.5058,-7.7161,2026-09-21,2026-09-19 12:01:59.859760+00:00,35.4,22.4,0.0,8,16.2,32.4,3,open-meteo
Aït Faska,Morocco,31.5058,-7.7161,2026-09-22,2026-09-19 12:01:59.859760+00:00,35.3,22.5,0.0,3,16.6,33.8,2,open-meteo
Aït Faska,Morocco,31.5058,-7.7161,2026-09-23,2026-09-19 12:01:59.859760+00:00,35.1,19.9,0.0,3,14.9,29.2,0,open-meteo
Aït Faska,Morocco,31.5058,-7.7161,2026-09-24,2026-09-19 12:01:59.859760+00:00,36.1,18.7,0.0,0,14.0,27.4,1,open-meteo
Aït Faska,Morocco,31.5058,-7.7161,2026-09-25,2026-09-19 12:01:59.859760+00:00,33.0,19.2,0.0,5,13.3,24.8,3,open-meteo
Aïn Taoujdat,Morocco,33.9333,-5.2167,2026-09-19,2026-09-19 12:01:59.949733+00:00,33.5,18.8,0.1,5,18.7,37.4,2,open-meteo
Aïn Taoujdat,Morocco,33.9333,-5.2167,2026-09-20,2026-09-19 12:01:59.949733+00:00,35.1,19.4,0.0,0,14.7,28.8,1,open-meteo
Aïn Taoujdat,Morocco,33.9333,-5.2167,2026-09-21,2026-09-19 12:01:59.949733+00:00,34.0,19.8,0.0,0,13.5,26.6,1,open-meteo
Aïn Taoujdat,Morocco,33.9333,-5.2167,2026-09-22,2026-09-19 12:01:59.949733+00:00,32.8,18.8,0.0,0,13.1,25.2,0,open-meteo
Aïn Taoujdat,Morocco,33.9333,-5.2167,2026-09-23,2026-09-19 12:01:59.949733+00:00,33.9,17.4,0.0,0,12.5,24.5,0,open-meteo
Aïn Taoujdat,Morocco,33.9333,-5.2167,2026-09-24,2026-09-19 12:01:59.949733+00:00,35.6,19.7,0.0,0,17.3,33.1,2,open-meteo
Aïn Taoujdat,Morocco,33.9333,-5.2167,2026-09-25,2026-09-19 12:01:59.949733+00:00,32.7,18.9,0.0,3,18.4,34.2,3,open-meteo
Ksebia,Morocco,34.2933,-6.1594,2026-09-19,2026-09-19 12:02:00.038332+00:00,36.4,18.1,0.0,0,16.8,31.3,1,open-meteo
Ksebia,Morocco,34.2933,-6.1594,2026-09-20,2026-09-19 12:02:00.038332+00:00,38.0,23.3,0.0,0,19.9,36.4,0,open-meteo
Ksebia,Morocco,34.2933,-6.1594,2026-09-21,2026-09-19 12:02:00.038332+00:00,37.3,21.0,0.0,0,16.4,31.3,1,open-meteo
Ksebia,Morocco,34.2933,-6.1594,2026-09-22,2026-09-19 12:02:00.038332+00:00,36.6,21.3,0.0,0,14.0,25.9,0,open-meteo
Ksebia,Morocco,34.2933,-6.1594,2026-09-23,2026-09-19 12:02:00.038332+00:00,36.4,17.2,0.0,0,13.1,29.9,0,open-meteo
Ksebia,Morocco,34.2933,-6.1594,2026-09-24,2026-09-19 12:02:00.038332+00:00,33.3,17.2,0.0,0,17.6,33.1,45,open-meteo
Ksebia,Morocco,34.2933,-6.1594,2026-09-25,2026-09-19 12:02:00.038332+00:00,29.2,19.6,0.0,3,16.6,31.7,45,open-meteo
Dar Bel Hamri,Morocco,34.1889,-5.9697,2026-09-19,2026-09-19 12:02:00.127365+00:00,37.1,18.1,0.0,0,15.3,28.4,1,open-meteo
Dar Bel Hamri,Morocco,34.1889,-5.9697,2026-09-20,2026-09-19 12:02:00.127365+00:00,38.7,22.4,0.0,0,13.8,28.8,0,open-meteo
Dar Bel Hamri,Morocco,34.1889,-5.9697,2026-09-21,2026-09-19 12:02:00.127365+00:00,37.8,21.2,0.0,0,12.6,25.9,0,open-meteo
Dar Bel Hamri,Morocco,34.1889,-5.9697,2026-09-22,2026-09-19 12:02:00.127365+00:00,36.8,21.4,0.0,0,13.5,25.2,0,open-meteo
Dar Bel Hamri,Morocco,34.1889,-5.9697,2026-09-23,2026-09-19 12:02:00.127365+00:00,36.9,17.7,0.0,0,14.3,34.6,0,open-meteo
Dar Bel Hamri,Morocco,34.1889,-5.9697,2026-09-24,2026-09-19 12:02:00.127365+00:00,35.3,17.5,0.0,0,17.1,32.4,2,open-meteo
Dar Bel Hamri,Morocco,34.1889,-5.9697,2026-09-25,2026-09-19 12:02:00.127365+00:00,30.5,19.8,0.0,3,17.1,31.7,45,open-meteo
Sidi Smai’il,Morocco,32.8167,-8.5,2026-09-19,2026-09-19 12:02:00.239227+00:00,31.8,17.2,0.0,0,17.2,31.0,3,open-meteo
Sidi Smai’il,Morocco,32.8167,-8.5,2026-09-20,2026-09-19 12:02:00.239227+00:00,33.3,19.7,0.0,0,14.8,26.3,45,open-meteo
Sidi Smai’il,Morocco,32.8167,-8.5,2026-09-21,2026-09-19 12:02:00.239227+00:00,35.9,20.1,0.0,0,14.7,25.9,45,open-meteo
Sidi Smai’il,Morocco,32.8167,-8.5,2026-09-22,2026-09-19 12:02:00.239227+00:00,33.5,18.2,0.0,0,15.0,27.4,45,open-meteo
Sidi Smai’il,Morocco,32.8167,-8.5,2026-09-23,2026-09-19 12:02:00.239227+00:00,32.6,19.3,0.0,0,13.9,25.6,45,open-meteo
Sidi Smai’il,Morocco,32.8167,-8.5,2026-09-24,2026-09-19 12:02:00.239227+00:00,30.8,18.2,0.0,3,15.5,28.8,45,open-meteo
Sidi Smai’il,Morocco,32.8167,-8.5,2026-09-25,2026-09-19 12:02:00.239227+00:00,27.2,19.6,0.0,3,16.0,29.2,3,open-meteo
Moulay Bousselham,Morocco,34.8786,-6.2933,2026-09-19,2026-09-19 12:02:00.364465+00:00,30.3,18.2,0.0,0,15.6,26.6,0,open-meteo
Moulay Bousselham,Morocco,34.8786,-6.2933,2026-09-20,2026-09-19 12:02:00.364465+00:00,33.5,21.4,0.0,0,18.7,31.3,0,open-meteo
Moulay Bousselham,Morocco,34.8786,-6.2933,2026-09-21,2026-09-19 12:02:00.364465+00:00,30.6,20.5,0.0,0,17.7,29.5,0,open-meteo
Moulay Bousselham,Morocco,34.8786,-6.2933,2026-09-22,2026-09-19 12:02:00.364465+00:00,30.8,19.8,0.0,0,18.7,30.6,0,open-meteo
Moulay Bousselham,Morocco,34.8786,-6.2933,2026-09-23,2026-09-19 12:02:00.364465+00:00,31.6,17.5,0.0,0,19.9,33.5,0,open-meteo
Moulay Bousselham,Morocco,34.8786,-6.2933,2026-09-24,2026-09-19 12:02:00.364465+00:00,30.6,17.5,0.0,0,15.1,27.0,45,open-meteo
Moulay Bousselham,Morocco,34.8786,-6.2933,2026-09-25,2026-09-19 12:02:00.364465+00:00,26.6,19.4,0.0,0,14.1,25.6,45,open-meteo
Mechraa Bel Ksiri,Morocco,34.56,-5.95,2026-09-19,2026-09-19 12:02:00.510509+00:00,36.9,19.2,0.0,0,17.8,34.2,45,open-meteo
Mechraa Bel Ksiri,Morocco,34.56,-5.95,2026-09-20,2026-09-19 12:02:00.510509+00:00,37.8,24.7,0.0,0,22.6,41.4,0,open-meteo
Mechraa Bel Ksiri,Morocco,34.56,-5.95,2026-09-21,2026-09-19 12:02:00.510509+00:00,37.1,24.2,0.0,0,18.8,34.9,0,open-meteo
Mechraa Bel Ksiri,Morocco,34.56,-5.95,2026-09-22,2026-09-19 12:02:00.510509+00:00,36.7,23.5,0.0,0,18.4,35.3,0,open-meteo
Mechraa Bel Ksiri,Morocco,34.56,-5.95,2026-09-23,2026-09-19 12:02:00.510509+00:00,36.9,22.5,0.0,0,12.7,27.7,0,open-meteo
Mechraa Bel Ksiri,Morocco,34.56,-5.95,2026-09-24,2026-09-19 12:02:00.510509+00:00,35.2,17.6,0.0,0,16.0,31.0,45,open-meteo
Mechraa Bel Ksiri,Morocco,34.56,-5.95,2026-09-25,2026-09-19 12:02:00.510509+00:00,30.1,19.9,0.0,3,16.6,31.3,45,open-meteo
Souk et Tnine Jorf el Mellah,Morocco,34.4945,-5.5047,2026-09-19,2026-09-19 12:02:00.625306+00:00,36.7,21.5,0.0,0,20.5,37.8,1,open-meteo
Souk et Tnine Jorf el Mellah,Morocco,34.4945,-5.5047,2026-09-20,2026-09-19 12:02:00.625306+00:00,37.4,24.8,0.0,0,20.9,38.9,0,open-meteo
Souk et Tnine Jorf el Mellah,Morocco,34.4945,-5.5047,2026-09-21,2026-09-19 12:02:00.625306+00:00,36.5,24.6,0.0,0,17.8,33.8,1,open-meteo
Souk et Tnine Jorf el Mellah,Morocco,34.4945,-5.5047,2026-09-22,2026-09-19 12:02:00.625306+00:00,36.1,23.2,0.0,0,16.9,33.1,0,open-meteo
Souk et Tnine Jorf el Mellah,Morocco,34.4945,-5.5047,2026-09-23,2026-09-19 12:02:00.625306+00:00,36.7,21.8,0.0,0,10.8,23.0,0,open-meteo
Souk et Tnine Jorf el Mellah,Morocco,34.4945,-5.5047,2026-09-24,2026-09-19 12:02:00.625306+00:00,37.1,19.7,0.0,0,15.6,27.4,2,open-meteo
Souk et Tnine Jorf el Mellah,Morocco,34.4945,-5.5047,2026-09-25,2026-09-19 12:02:00.625306+00:00,33.1,19.5,0.0,3,16.4,32.4,45,open-meteo
Zeghanghane,Morocco,35.1575,-3.0017,2026-09-19,2026-09-19 12:02:00.715176+00:00,26.2,22.0,0.5,18,27.2,54.7,3,open-meteo
Zeghanghane,Morocco,35.1575,-3.0017,2026-09-20,2026-09-19 12:02:00.715176+00:00,26.8,22.4,0.1,28,26.5,54.4,3,open-meteo
Zeghanghane,Morocco,35.1575,-3.0017,2026-09-21,2026-09-19 12:02:00.715176+00:00,26.6,21.4,0.1,3,21.1,42.5,3,open-meteo
Zeghanghane,Morocco,35.1575,-3.0017,2026-09-22,2026-09-19 12:02:00.715176+00:00,26.7,18.1,0.0,0,21.1,42.8,2,open-meteo
Zeghanghane,Morocco,35.1575,-3.0017,2026-09-23,2026-09-19 12:02:00.715176+00:00,26.9,19.1,0.0,0,19.0,38.9,45,open-meteo
Zeghanghane,Morocco,35.1575,-3.0017,2026-09-24,2026-09-19 12:02:00.715176+00:00,29.1,18.5,0.0,0,17.6,32.4,45,open-meteo
Zeghanghane,Morocco,35.1575,-3.0017,2026-09-25,2026-09-19 12:02:00.715176+00:00,31.2,18.0,0.0,0,12.4,24.1,45,open-meteo
Bni Frassen,Morocco,34.3819,-4.3761,2026-09-19,2026-09-19 12:02:00.807119+00:00,31.0,21.9,0.0,0,32.4,64.4,3,open-meteo
Bni Frassen,Morocco,34.3819,-4.3761,2026-09-20,2026-09-19 12:02:00.807119+00:00,32.1,23.0,0.0,0,28.2,56.9,1,open-meteo
Bni Frassen,Morocco,34.3819,-4.3761,2026-09-21,2026-09-19 12:02:00.807119+00:00,30.9,22.4,0.0,0,26.3,55.1,1,open-meteo
Bni Frassen,Morocco,34.3819,-4.3761,2026-09-22,2026-09-19 12:02:00.807119+00:00,31.7,20.7,0.0,0,22.0,42.5,0,open-meteo
Bni Frassen,Morocco,34.3819,-4.3761,2026-09-23,2026-09-19 12:02:00.807119+00:00,33.9,22.5,0.0,0,17.9,36.4,0,open-meteo
Bni Frassen,Morocco,34.3819,-4.3761,2026-09-24,2026-09-19 12:02:00.807119+00:00,36.3,22.3,0.0,0,11.6,23.6,1,open-meteo
Bni Frassen,Morocco,34.3819,-4.3761,2026-09-25,2026-09-19 12:02:00.807119+00:00,34.5,20.5,0.0,0,14.7,31.3,3,open-meteo
Oulad Barhil,Morocco,30.6408,-8.475,2026-09-19,2026-09-19 12:02:00.895780+00:00,37.4,20.3,0.0,3,28.0,52.6,3,open-meteo
Oulad Barhil,Morocco,30.6408,-8.475,2026-09-20,2026-09-19 12:02:00.895780+00:00,37.6,22.6,0.0,3,27.2,48.2,2,open-meteo
Oulad Barhil,Morocco,30.6408,-8.475,2026-09-21,2026-09-19 12:02:00.895780+00:00,38.0,21.7,0.0,0,32.1,56.9,3,open-meteo
Oulad Barhil,Morocco,30.6408,-8.475,2026-09-22,2026-09-19 12:02:00.895780+00:00,38.1,20.2,0.0,0,26.6,48.6,1,open-meteo
Oulad Barhil,Morocco,30.6408,-8.475,2026-09-23,2026-09-19 12:02:00.895780+00:00,38.2,19.2,0.0,5,23.0,43.6,0,open-meteo
Oulad Barhil,Morocco,30.6408,-8.475,2026-09-24,2026-09-19 12:02:00.895780+00:00,37.8,20.8,0.0,0,26.8,49.0,3,open-meteo
Oulad Barhil,Morocco,30.6408,-8.475,2026-09-25,2026-09-19 12:02:00.895780+00:00,35.6,19.9,0.0,0,21.6,40.0,3,open-meteo
Bir Jdid,Morocco,33.3737,-8.0002,2026-09-19,2026-09-19 12:02:00.996120+00:00,27.3,18.3,0.0,0,16.9,33.5,45,open-meteo
Bir Jdid,Morocco,33.3737,-8.0002,2026-09-20,2026-09-19 12:02:00.996120+00:00,31.0,19.7,0.0,0,15.5,31.0,45,open-meteo
Bir Jdid,Morocco,33.3737,-8.0002,2026-09-21,2026-09-19 12:02:00.996120+00:00,29.4,20.1,0.0,0,14.8,28.8,45,open-meteo
Bir Jdid,Morocco,33.3737,-8.0002,2026-09-22,2026-09-19 12:02:00.996120+00:00,29.1,18.6,0.0,0,15.1,29.9,45,open-meteo
Bir Jdid,Morocco,33.3737,-8.0002,2026-09-23,2026-09-19 12:02:00.996120+00:00,29.3,19.1,0.0,0,14.2,28.4,45,open-meteo
Bir Jdid,Morocco,33.3737,-8.0002,2026-09-24,2026-09-19 12:02:00.996120+00:00,28.6,17.4,0.0,0,14.7,28.4,45,open-meteo
Bir Jdid,Morocco,33.3737,-8.0002,2026-09-25,2026-09-19 12:02:00.996120+00:00,25.6,19.2,0.0,0,14.5,28.4,45,open-meteo
Bou Arfa,Morocco,32.531,-1.9631,2026-09-19,2026-09-19 12:02:01.088294+00:00,26.6,18.5,1.7,75,16.6,32.4,95,open-meteo
Bou Arfa,Morocco,32.531,-1.9631,2026-09-20,2026-09-19 12:02:01.088294+00:00,26.7,16.2,2.9,28,29.2,50.0,80,open-meteo
Bou Arfa,Morocco,32.531,-1.9631,2026-09-21,2026-09-19 12:02:01.088294+00:00,26.3,15.6,0.0,0,17.6,27.7,3,open-meteo
Bou Arfa,Morocco,32.531,-1.9631,2026-09-22,2026-09-19 12:02:01.088294+00:00,25.7,15.2,0.0,0,17.7,27.7,3,open-meteo
Bou Arfa,Morocco,32.531,-1.9631,2026-09-23,2026-09-19 12:02:01.088294+00:00,27.0,15.3,0.0,0,14.8,25.2,2,open-meteo
Bou Arfa,Morocco,32.531,-1.9631,2026-09-24,2026-09-19 12:02:01.088294+00:00,29.0,14.6,0.0,0,8.6,13.4,2,open-meteo
Bou Arfa,Morocco,32.531,-1.9631,2026-09-25,2026-09-19 12:02:01.088294+00:00,29.4,16.5,0.0,3,14.2,22.7,3,open-meteo
Oulad Zemam,Morocco,32.35,-6.6333,2026-09-19,2026-09-19 12:02:01.178379+00:00,38.1,20.3,0.0,3,21.3,34.9,3,open-meteo
Oulad Zemam,Morocco,32.35,-6.6333,2026-09-20,2026-09-19 12:02:01.178379+00:00,39.0,21.5,0.0,5,16.6,28.8,3,open-meteo
Oulad Zemam,Morocco,32.35,-6.6333,2026-09-21,2026-09-19 12:02:01.178379+00:00,37.7,21.3,0.0,3,16.0,28.1,3,open-meteo
Oulad Zemam,Morocco,32.35,-6.6333,2026-09-22,2026-09-19 12:02:01.178379+00:00,37.5,21.6,0.0,0,12.9,22.7,2,open-meteo
Oulad Zemam,Morocco,32.35,-6.6333,2026-09-23,2026-09-19 12:02:01.178379+00:00,37.6,19.3,0.0,0,10.7,19.8,0,open-meteo
Oulad Zemam,Morocco,32.35,-6.6333,2026-09-24,2026-09-19 12:02:01.178379+00:00,37.8,19.5,0.0,0,14.1,25.9,1,open-meteo
Oulad Zemam,Morocco,32.35,-6.6333,2026-09-25,2026-09-19 12:02:01.178379+00:00,35.2,21.4,0.0,3,9.4,20.5,3,open-meteo
Taza,Morocco,35.0639,-5.2025,2026-09-19,2026-09-19 12:02:01.272849+00:00,29.2,19.5,0.0,0,16.1,30.2,1,open-meteo
Taza,Morocco,35.0639,-5.2025,2026-09-20,2026-09-19 12:02:01.272849+00:00,29.8,20.5,0.0,0,14.5,26.3,1,open-meteo
Taza,Morocco,35.0639,-5.2025,2026-09-21,2026-09-19 12:02:01.272849+00:00,30.7,20.1,0.0,0,13.1,25.2,1,open-meteo
Taza,Morocco,35.0639,-5.2025,2026-09-22,2026-09-19 12:02:01.272849+00:00,30.8,18.5,0.0,0,11.7,25.2,0,open-meteo
Taza,Morocco,35.0639,-5.2025,2026-09-23,2026-09-19 12:02:01.272849+00:00,31.7,17.9,0.0,0,10.1,19.8,0,open-meteo
Taza,Morocco,35.0639,-5.2025,2026-09-24,2026-09-19 12:02:01.272849+00:00,32.8,18.7,0.0,0,10.0,19.4,1,open-meteo
Taza,Morocco,35.0639,-5.2025,2026-09-25,2026-09-19 12:02:01.272849+00:00,30.2,16.7,0.0,3,13.4,27.0,3,open-meteo
Selouane,Morocco,35.0708,-2.9392,2026-09-19,2026-09-19 12:02:01.363547+00:00,26.6,22.1,0.0,18,29.2,51.8,3,open-meteo
Selouane,Morocco,35.0708,-2.9392,2026-09-20,2026-09-19 12:02:01.363547+00:00,27.4,22.3,0.1,28,27.5,48.6,3,open-meteo
Selouane,Morocco,35.0708,-2.9392,2026-09-21,2026-09-19 12:02:01.363547+00:00,26.9,21.0,0.1,3,23.7,41.0,3,open-meteo
Selouane,Morocco,35.0708,-2.9392,2026-09-22,2026-09-19 12:02:01.363547+00:00,27.0,17.0,0.0,0,22.4,40.0,45,open-meteo
Selouane,Morocco,35.0708,-2.9392,2026-09-23,2026-09-19 12:02:01.363547+00:00,26.8,19.0,0.0,0,20.6,38.2,45,open-meteo
Selouane,Morocco,35.0708,-2.9392,2026-09-24,2026-09-19 12:02:01.363547+00:00,29.3,18.7,0.0,0,17.6,32.4,45,open-meteo
Selouane,Morocco,35.0708,-2.9392,2026-09-25,2026-09-19 12:02:01.363547+00:00,31.4,18.2,0.0,0,12.4,24.1,45,open-meteo
Fritissa,Morocco,33.6962,-3.438,2026-09-19,2026-09-19 12:02:01.456669+00:00,29.1,18.1,0.9,38,18.2,40.0,80,open-meteo
Fritissa,Morocco,33.6962,-3.438,2026-09-20,2026-09-19 12:02:01.456669+00:00,28.9,17.9,0.0,0,25.2,41.0,2,open-meteo
Fritissa,Morocco,33.6962,-3.438,2026-09-21,2026-09-19 12:02:01.456669+00:00,27.1,17.8,0.0,0,28.4,45.0,3,open-meteo
Fritissa,Morocco,33.6962,-3.438,2026-09-22,2026-09-19 12:02:01.456669+00:00,28.3,14.7,0.0,0,19.1,29.9,2,open-meteo
Fritissa,Morocco,33.6962,-3.438,2026-09-23,2026-09-19 12:02:01.456669+00:00,31.3,16.6,0.0,0,19.9,35.3,0,open-meteo
Fritissa,Morocco,33.6962,-3.438,2026-09-24,2026-09-19 12:02:01.456669+00:00,33.2,16.9,0.0,0,16.1,27.0,2,open-meteo
Fritissa,Morocco,33.6962,-3.438,2026-09-25,2026-09-19 12:02:01.456669+00:00,33.0,19.1,0.3,0,16.1,25.2,3,open-meteo
Tahannawt,Morocco,31.3514,-7.9508,2026-09-19,2026-09-19 12:02:01.546078+00:00,32.2,18.5,0.2,18,15.5,31.3,3,open-meteo
Tahannawt,Morocco,31.3514,-7.9508,2026-09-20,2026-09-19 12:02:01.546078+00:00,32.7,21.5,0.3,25,16.1,30.6,3,open-meteo
Tahannawt,Morocco,31.3514,-7.9508,2026-09-21,2026-09-19 12:02:01.546078+00:00,33.2,21.5,0.0,3,17.2,33.8,3,open-meteo
Tahannawt,Morocco,31.3514,-7.9508,2026-09-22,2026-09-19 12:02:01.546078+00:00,33.1,20.9,0.0,0,18.2,34.9,0,open-meteo
Tahannawt,Morocco,31.3514,-7.9508,2026-09-23,2026-09-19 12:02:01.546078+00:00,32.9,18.6,0.0,0,16.1,30.6,0,open-meteo
Tahannawt,Morocco,31.3514,-7.9508,2026-09-24,2026-09-19 12:02:01.546078+00:00,33.8,19.1,0.0,3,16.2,28.8,1,open-meteo
Tahannawt,Morocco,31.3514,-7.9508,2026-09-25,2026-09-19 12:02:01.546078+00:00,31.3,18.6,0.3,10,17.8,29.9,3,open-meteo
Sidi Allal el Bahraoui,Morocco,33.983,-6.417,2026-09-19,2026-09-19 12:02:01.635327+00:00,35.2,17.3,0.0,0,17.6,34.2,1,open-meteo
Sidi Allal el Bahraoui,Morocco,33.983,-6.417,2026-09-20,2026-09-19 12:02:01.635327+00:00,37.4,20.6,0.0,0,18.6,36.0,2,open-meteo
Sidi Allal el Bahraoui,Morocco,33.983,-6.417,2026-09-21,2026-09-19 12:02:01.635327+00:00,36.3,20.9,0.0,0,16.3,33.1,1,open-meteo
Sidi Allal el Bahraoui,Morocco,33.983,-6.417,2026-09-22,2026-09-19 12:02:01.635327+00:00,35.5,19.6,0.0,0,13.0,29.5,0,open-meteo
Sidi Allal el Bahraoui,Morocco,33.983,-6.417,2026-09-23,2026-09-19 12:02:01.635327+00:00,35.2,18.3,0.0,0,14.7,29.5,0,open-meteo
Sidi Allal el Bahraoui,Morocco,33.983,-6.417,2026-09-24,2026-09-19 12:02:01.635327+00:00,34.4,19.0,0.0,0,16.6,34.6,2,open-meteo
Sidi Allal el Bahraoui,Morocco,33.983,-6.417,2026-09-25,2026-09-19 12:02:01.635327+00:00,29.7,18.0,0.0,3,15.5,33.1,3,open-meteo
El Mansouria,Morocco,33.75,-7.3,2026-09-19,2026-09-19 12:02:01.725952+00:00,25.6,17.6,0.0,0,13.8,24.5,3,open-meteo
El Mansouria,Morocco,33.75,-7.3,2026-09-20,2026-09-19 12:02:01.725952+00:00,26.5,19.6,0.0,0,12.2,21.2,1,open-meteo
El Mansouria,Morocco,33.75,-7.3,2026-09-21,2026-09-19 12:02:01.725952+00:00,25.9,20.3,0.0,0,11.9,21.2,1,open-meteo
El Mansouria,Morocco,33.75,-7.3,2026-09-22,2026-09-19 12:02:01.725952+00:00,26.2,20.3,0.0,0,12.0,22.7,1,open-meteo
El Mansouria,Morocco,33.75,-7.3,2026-09-23,2026-09-19 12:02:01.725952+00:00,25.3,18.6,0.0,0,12.8,22.3,1,open-meteo
El Mansouria,Morocco,33.75,-7.3,2026-09-24,2026-09-19 12:02:01.725952+00:00,26.1,17.2,0.0,0,13.4,23.8,45,open-meteo
El Mansouria,Morocco,33.75,-7.3,2026-09-25,2026-09-19 12:02:01.725952+00:00,24.9,20.1,0.0,0,13.2,25.6,45,open-meteo
Arfoud,Morocco,31.4361,-4.2328,2026-09-19,2026-09-19 12:02:01.818798+00:00,30.4,20.6,1.8,53,22.4,37.4,95,open-meteo
Arfoud,Morocco,31.4361,-4.2328,2026-09-20,2026-09-19 12:02:01.818798+00:00,31.1,20.3,0.0,8,15.0,37.1,3,open-meteo
Arfoud,Morocco,31.4361,-4.2328,2026-09-21,2026-09-19 12:02:01.818798+00:00,33.9,21.1,0.0,13,14.3,23.4,3,open-meteo
Arfoud,Morocco,31.4361,-4.2328,2026-09-22,2026-09-19 12:02:01.818798+00:00,31.5,20.3,0.0,3,15.1,23.8,3,open-meteo
Arfoud,Morocco,31.4361,-4.2328,2026-09-23,2026-09-19 12:02:01.818798+00:00,31.7,19.1,0.0,3,11.7,19.4,1,open-meteo
Arfoud,Morocco,31.4361,-4.2328,2026-09-24,2026-09-19 12:02:01.818798+00:00,32.1,20.8,0.0,0,6.3,9.4,2,open-meteo
Arfoud,Morocco,31.4361,-4.2328,2026-09-25,2026-09-19 12:02:01.818798+00:00,32.1,21.1,0.3,3,12.3,22.0,3,open-meteo
Sabaa Aiyoun,Morocco,33.9031,-5.3786,2026-09-19,2026-09-19 12:02:01.909280+00:00,33.3,18.5,0.1,5,20.2,38.9,2,open-meteo
Sabaa Aiyoun,Morocco,33.9031,-5.3786,2026-09-20,2026-09-19 12:02:01.909280+00:00,34.7,19.2,0.0,0,17.7,33.8,1,open-meteo
Sabaa Aiyoun,Morocco,33.9031,-5.3786,2026-09-21,2026-09-19 12:02:01.909280+00:00,33.7,19.3,0.0,0,15.1,29.2,0,open-meteo
Sabaa Aiyoun,Morocco,33.9031,-5.3786,2026-09-22,2026-09-19 12:02:01.909280+00:00,32.5,18.3,0.0,0,14.8,28.1,0,open-meteo
Sabaa Aiyoun,Morocco,33.9031,-5.3786,2026-09-23,2026-09-19 12:02:01.909280+00:00,34.0,17.2,0.0,0,13.1,25.2,0,open-meteo
Sabaa Aiyoun,Morocco,33.9031,-5.3786,2026-09-24,2026-09-19 12:02:01.909280+00:00,35.1,20.2,0.0,0,17.3,34.6,2,open-meteo
Sabaa Aiyoun,Morocco,33.9031,-5.3786,2026-09-25,2026-09-19 12:02:01.909280+00:00,32.3,18.4,0.0,3,19.3,35.6,3,open-meteo
Ej Jem’a Ghemat,Morocco,31.4278,-7.7922,2026-09-19,2026-09-19 12:02:02.000929+00:00,33.8,18.6,0.0,18,21.2,40.3,3,open-meteo
Ej Jem’a Ghemat,Morocco,31.4278,-7.7922,2026-09-20,2026-09-19 12:02:02.000929+00:00,34.4,22.0,0.0,20,19.0,42.8,3,open-meteo
Ej Jem’a Ghemat,Morocco,31.4278,-7.7922,2026-09-21,2026-09-19 12:02:02.000929+00:00,34.7,21.2,0.0,0,16.8,32.8,3,open-meteo
Ej Jem’a Ghemat,Morocco,31.4278,-7.7922,2026-09-22,2026-09-19 12:02:02.000929+00:00,34.5,20.8,0.0,3,17.6,33.8,1,open-meteo
Ej Jem’a Ghemat,Morocco,31.4278,-7.7922,2026-09-23,2026-09-19 12:02:02.000929+00:00,34.4,18.2,0.0,3,14.3,27.4,0,open-meteo
Ej Jem’a Ghemat,Morocco,31.4278,-7.7922,2026-09-24,2026-09-19 12:02:02.000929+00:00,34.6,20.9,0.0,3,15.3,29.2,0,open-meteo
Ej Jem’a Ghemat,Morocco,31.4278,-7.7922,2026-09-25,2026-09-19 12:02:02.000929+00:00,31.8,19.5,0.6,5,9.8,21.6,80,open-meteo
Tahla,Morocco,34.05,-4.42,2026-09-19,2026-09-19 12:02:02.094868+00:00,32.7,20.2,0.5,15,23.2,45.0,80,open-meteo
Tahla,Morocco,34.05,-4.42,2026-09-20,2026-09-19 12:02:02.094868+00:00,33.1,20.9,0.0,0,21.2,42.1,2,open-meteo
Tahla,Morocco,34.05,-4.42,2026-09-21,2026-09-19 12:02:02.094868+00:00,32.3,20.2,0.0,0,17.7,35.3,1,open-meteo
Tahla,Morocco,34.05,-4.42,2026-09-22,2026-09-19 12:02:02.094868+00:00,31.5,17.8,0.0,0,15.3,29.5,1,open-meteo
Tahla,Morocco,34.05,-4.42,2026-09-23,2026-09-19 12:02:02.094868+00:00,33.7,17.9,0.0,0,12.3,24.5,0,open-meteo
Tahla,Morocco,34.05,-4.42,2026-09-24,2026-09-19 12:02:02.094868+00:00,35.0,19.5,0.0,0,13.0,25.9,1,open-meteo
Tahla,Morocco,34.05,-4.42,2026-09-25,2026-09-19 12:02:02.094868+00:00,33.4,19.1,0.0,0,17.5,33.5,3,open-meteo
Aïn Cheggag,Morocco,33.8635,-5.0599,2026-09-19,2026-09-19 12:02:02.286194+00:00,32.0,18.8,0.4,18,21.7,41.8,80,open-meteo
Aïn Cheggag,Morocco,33.8635,-5.0599,2026-09-20,2026-09-19 12:02:02.286194+00:00,33.9,19.0,0.0,0,15.8,30.2,1,open-meteo
Aïn Cheggag,Morocco,33.8635,-5.0599,2026-09-21,2026-09-19 12:02:02.286194+00:00,33.0,19.6,0.0,0,14.1,27.7,1,open-meteo
Aïn Cheggag,Morocco,33.8635,-5.0599,2026-09-22,2026-09-19 12:02:02.286194+00:00,31.8,18.6,0.0,0,13.0,25.9,0,open-meteo
Aïn Cheggag,Morocco,33.8635,-5.0599,2026-09-23,2026-09-19 12:02:02.286194+00:00,33.2,17.9,0.0,0,12.1,23.4,0,open-meteo
Aïn Cheggag,Morocco,33.8635,-5.0599,2026-09-24,2026-09-19 12:02:02.286194+00:00,33.8,22.1,0.0,0,18.0,36.7,2,open-meteo
Aïn Cheggag,Morocco,33.8635,-5.0599,2026-09-25,2026-09-19 12:02:02.286194+00:00,32.0,20.4,0.0,0,19.6,37.8,3,open-meteo
Rich,Morocco,32.2593,-4.4991,2026-09-19,2026-09-19 12:02:02.436321+00:00,27.0,15.4,18.4,78,23.9,38.9,95,open-meteo
Rich,Morocco,32.2593,-4.4991,2026-09-20,2026-09-19 12:02:02.436321+00:00,27.0,14.4,1.1,48,12.5,23.0,80,open-meteo
Rich,Morocco,32.2593,-4.4991,2026-09-21,2026-09-19 12:02:02.436321+00:00,29.4,15.2,0.0,3,27.0,45.4,45,open-meteo
Rich,Morocco,32.2593,-4.4991,2026-09-22,2026-09-19 12:02:02.436321+00:00,27.7,15.0,0.0,0,21.4,32.8,2,open-meteo
Rich,Morocco,32.2593,-4.4991,2026-09-23,2026-09-19 12:02:02.436321+00:00,28.1,13.1,0.0,0,15.1,24.8,1,open-meteo
Rich,Morocco,32.2593,-4.4991,2026-09-24,2026-09-19 12:02:02.436321+00:00,28.8,14.4,0.0,0,13.9,21.6,2,open-meteo
Rich,Morocco,32.2593,-4.4991,2026-09-25,2026-09-19 12:02:02.436321+00:00,28.0,13.0,1.2,19,17.4,28.1,3,open-meteo
Missour,Morocco,33.05,-3.9908,2026-09-19,2026-09-19 12:02:02.585383+00:00,30.1,17.7,1.3,53,26.3,43.2,80,open-meteo
Missour,Morocco,33.05,-3.9908,2026-09-20,2026-09-19 12:02:02.585383+00:00,30.1,16.5,0.0,15,27.3,42.5,2,open-meteo
Missour,Morocco,33.05,-3.9908,2026-09-21,2026-09-19 12:02:02.585383+00:00,28.6,18.3,0.0,0,28.5,45.0,45,open-meteo
Missour,Morocco,33.05,-3.9908,2026-09-22,2026-09-19 12:02:02.585383+00:00,28.7,14.5,0.0,0,21.9,32.8,1,open-meteo
Missour,Morocco,33.05,-3.9908,2026-09-23,2026-09-19 12:02:02.585383+00:00,30.7,15.1,0.0,0,14.5,30.2,1,open-meteo
Missour,Morocco,33.05,-3.9908,2026-09-24,2026-09-19 12:02:02.585383+00:00,33.2,16.3,0.0,0,9.4,15.1,2,open-meteo
Missour,Morocco,33.05,-3.9908,2026-09-25,2026-09-19 12:02:02.585383+00:00,33.2,17.1,0.0,0,14.8,22.3,3,open-meteo
Safsaf,Morocco,34.5581,-6.0078,2026-09-19,2026-09-19 12:02:02.756096+00:00,36.8,19.1,0.0,0,18.0,32.4,45,open-meteo
Safsaf,Morocco,34.5581,-6.0078,2026-09-20,2026-09-19 12:02:02.756096+00:00,37.9,24.5,0.0,0,23.0,43.2,0,open-meteo
Safsaf,Morocco,34.5581,-6.0078,2026-09-21,2026-09-19 12:02:02.756096+00:00,37.3,24.0,0.0,0,19.2,35.6,0,open-meteo
Safsaf,Morocco,34.5581,-6.0078,2026-09-22,2026-09-19 12:02:02.756096+00:00,36.8,23.5,0.0,0,18.9,36.4,0,open-meteo
Safsaf,Morocco,34.5581,-6.0078,2026-09-23,2026-09-19 12:02:02.756096+00:00,37.0,22.3,0.0,0,13.8,30.2,0,open-meteo
Safsaf,Morocco,34.5581,-6.0078,2026-09-24,2026-09-19 12:02:02.756096+00:00,35.3,17.6,0.0,0,16.0,31.0,45,open-meteo
Safsaf,Morocco,34.5581,-6.0078,2026-09-25,2026-09-19 12:02:02.756096+00:00,30.2,20.0,0.0,3,16.6,31.3,45,open-meteo
Douar Olad. Salem,Morocco,32.8739,-8.8589,2026-09-19,2026-09-19 12:02:02.861598+00:00,27.1,18.8,0.0,0,18.7,35.6,3,open-meteo
Douar Olad. Salem,Morocco,32.8739,-8.8589,2026-09-20,2026-09-19 12:02:02.861598+00:00,27.8,20.1,0.0,0,12.7,25.2,45,open-meteo
Douar Olad. Salem,Morocco,32.8739,-8.8589,2026-09-21,2026-09-19 12:02:02.861598+00:00,30.5,20.4,0.0,0,10.4,22.0,45,open-meteo
Douar Olad. Salem,Morocco,32.8739,-8.8589,2026-09-22,2026-09-19 12:02:02.861598+00:00,26.7,20.1,0.0,0,12.7,25.2,45,open-meteo
Douar Olad. Salem,Morocco,32.8739,-8.8589,2026-09-23,2026-09-19 12:02:02.861598+00:00,27.7,20.2,0.0,0,13.2,25.9,45,open-meteo
Douar Olad. Salem,Morocco,32.8739,-8.8589,2026-09-24,2026-09-19 12:02:02.861598+00:00,26.3,19.4,0.0,0,13.2,24.1,45,open-meteo
Douar Olad. Salem,Morocco,32.8739,-8.8589,2026-09-25,2026-09-19 12:02:02.861598+00:00,25.5,19.7,0.0,0,14.1,25.9,45,open-meteo
Oulad Hassoune,Morocco,31.6503,-7.8361,2026-09-19,2026-09-19 12:02:03.058001+00:00,36.6,19.0,0.0,18,16.1,45.7,2,open-meteo
Oulad Hassoune,Morocco,31.6503,-7.8361,2026-09-20,2026-09-19 12:02:03.058001+00:00,37.4,21.2,0.2,40,19.1,35.6,3,open-meteo
Oulad Hassoune,Morocco,31.6503,-7.8361,2026-09-21,2026-09-19 12:02:03.058001+00:00,37.2,21.2,0.0,3,17.5,35.3,3,open-meteo
Oulad Hassoune,Morocco,31.6503,-7.8361,2026-09-22,2026-09-19 12:02:03.058001+00:00,36.8,19.5,0.0,0,16.6,33.5,3,open-meteo
Oulad Hassoune,Morocco,31.6503,-7.8361,2026-09-23,2026-09-19 12:02:03.058001+00:00,36.7,17.9,0.0,0,15.3,31.0,1,open-meteo
Oulad Hassoune,Morocco,31.6503,-7.8361,2026-09-24,2026-09-19 12:02:03.058001+00:00,37.3,19.0,0.0,0,15.0,27.4,1,open-meteo
Oulad Hassoune,Morocco,31.6503,-7.8361,2026-09-25,2026-09-19 12:02:03.058001+00:00,34.9,20.7,0.0,0,16.8,29.5,3,open-meteo
Hairel Nhai,Morocco,35.6108,-5.9186,2026-09-19,2026-09-19 12:02:03.199115+00:00,28.6,23.2,0.0,0,41.1,81.4,1,open-meteo
Hairel Nhai,Morocco,35.6108,-5.9186,2026-09-20,2026-09-19 12:02:03.199115+00:00,29.4,24.2,0.0,0,38.6,76.3,1,open-meteo
Hairel Nhai,Morocco,35.6108,-5.9186,2026-09-21,2026-09-19 12:02:03.199115+00:00,30.2,23.7,0.0,0,35.5,69.1,1,open-meteo
Hairel Nhai,Morocco,35.6108,-5.9186,2026-09-22,2026-09-19 12:02:03.199115+00:00,30.0,22.1,0.0,0,29.5,56.9,0,open-meteo
Hairel Nhai,Morocco,35.6108,-5.9186,2026-09-23,2026-09-19 12:02:03.199115+00:00,30.7,21.9,0.0,0,25.3,47.5,0,open-meteo
Hairel Nhai,Morocco,35.6108,-5.9186,2026-09-24,2026-09-19 12:02:03.199115+00:00,32.1,22.4,0.0,0,18.0,33.1,1,open-meteo
Hairel Nhai,Morocco,35.6108,-5.9186,2026-09-25,2026-09-19 12:02:03.199115+00:00,26.2,19.2,0.0,0,12.7,23.8,45,open-meteo
Sidi Lmokhtar,Morocco,31.57,-9.01,2026-09-19,2026-09-19 12:02:03.912566+00:00,33.9,19.4,0.0,0,16.1,26.6,2,open-meteo
Sidi Lmokhtar,Morocco,31.57,-9.01,2026-09-20,2026-09-19 12:02:03.912566+00:00,33.9,22.6,0.0,0,18.2,31.0,2,open-meteo
Sidi Lmokhtar,Morocco,31.57,-9.01,2026-09-21,2026-09-19 12:02:03.912566+00:00,37.0,22.1,0.0,0,19.1,29.9,3,open-meteo
Sidi Lmokhtar,Morocco,31.57,-9.01,2026-09-22,2026-09-19 12:02:03.912566+00:00,37.3,19.7,0.0,0,19.2,32.4,0,open-meteo
Sidi Lmokhtar,Morocco,31.57,-9.01,2026-09-23,2026-09-19 12:02:03.912566+00:00,36.6,17.4,0.0,0,16.5,27.7,1,open-meteo
Sidi Lmokhtar,Morocco,31.57,-9.01,2026-09-24,2026-09-19 12:02:03.912566+00:00,35.4,19.2,0.0,0,23.0,38.2,3,open-meteo
Sidi Lmokhtar,Morocco,31.57,-9.01,2026-09-25,2026-09-19 12:02:03.912566+00:00,29.8,19.0,0.0,0,21.6,38.2,3,open-meteo
Lamzoudia,Morocco,31.5833,-8.4833,2026-09-19,2026-09-19 12:02:04.057647+00:00,35.7,20.1,0.0,0,18.9,29.9,3,open-meteo
Lamzoudia,Morocco,31.5833,-8.4833,2026-09-20,2026-09-19 12:02:04.057647+00:00,36.5,23.0,0.0,15,22.1,35.3,2,open-meteo
Lamzoudia,Morocco,31.5833,-8.4833,2026-09-21,2026-09-19 12:02:04.057647+00:00,37.5,23.7,0.0,0,24.8,39.2,3,open-meteo
Lamzoudia,Morocco,31.5833,-8.4833,2026-09-22,2026-09-19 12:02:04.057647+00:00,37.2,21.5,0.0,0,24.4,38.5,0,open-meteo
Lamzoudia,Morocco,31.5833,-8.4833,2026-09-23,2026-09-19 12:02:04.057647+00:00,36.7,19.0,0.0,0,20.4,32.4,0,open-meteo
Lamzoudia,Morocco,31.5833,-8.4833,2026-09-24,2026-09-19 12:02:04.057647+00:00,37.1,20.3,0.0,0,22.7,39.2,3,open-meteo
Lamzoudia,Morocco,31.5833,-8.4833,2026-09-25,2026-09-19 12:02:04.057647+00:00,33.6,21.0,0.0,0,24.2,37.8,3,open-meteo
Douar Toulal,Morocco,33.8951,-5.6021,2026-09-19,2026-09-19 12:02:04.182890+00:00,34.5,18.8,0.0,0,12.9,29.2,2,open-meteo
Douar Toulal,Morocco,33.8951,-5.6021,2026-09-20,2026-09-19 12:02:04.182890+00:00,35.9,21.0,0.0,0,13.1,30.2,1,open-meteo
Douar Toulal,Morocco,33.8951,-5.6021,2026-09-21,2026-09-19 12:02:04.182890+00:00,35.3,20.3,0.0,0,13.7,31.0,0,open-meteo
Douar Toulal,Morocco,33.8951,-5.6021,2026-09-22,2026-09-19 12:02:04.182890+00:00,33.8,19.8,0.0,0,12.9,29.9,0,open-meteo
Douar Toulal,Morocco,33.8951,-5.6021,2026-09-23,2026-09-19 12:02:04.182890+00:00,34.3,17.6,0.0,0,14.7,33.5,0,open-meteo
Douar Toulal,Morocco,33.8951,-5.6021,2026-09-24,2026-09-19 12:02:04.182890+00:00,35.2,19.6,0.0,0,16.8,33.1,1,open-meteo
Douar Toulal,Morocco,33.8951,-5.6021,2026-09-25,2026-09-19 12:02:04.182890+00:00,31.7,18.6,0.0,3,19.7,37.4,3,open-meteo
Douar Oulad Aj-jabri,Morocco,32.2567,-6.7839,2026-09-19,2026-09-19 12:02:04.299086+00:00,38.0,20.7,0.0,0,15.6,26.6,3,open-meteo
Douar Oulad Aj-jabri,Morocco,32.2567,-6.7839,2026-09-20,2026-09-19 12:02:04.299086+00:00,38.5,23.2,0.0,5,19.3,34.2,3,open-meteo
Douar Oulad Aj-jabri,Morocco,32.2567,-6.7839,2026-09-21,2026-09-19 12:02:04.299086+00:00,37.8,22.7,0.0,0,15.9,27.7,2,open-meteo
Douar Oulad Aj-jabri,Morocco,32.2567,-6.7839,2026-09-22,2026-09-19 12:02:04.299086+00:00,37.6,21.7,0.0,0,13.3,23.0,1,open-meteo
Douar Oulad Aj-jabri,Morocco,32.2567,-6.7839,2026-09-23,2026-09-19 12:02:04.299086+00:00,37.7,21.2,0.0,0,13.4,23.0,0,open-meteo
Douar Oulad Aj-jabri,Morocco,32.2567,-6.7839,2026-09-24,2026-09-19 12:02:04.299086+00:00,37.8,18.3,0.0,0,13.4,24.1,1,open-meteo
Douar Oulad Aj-jabri,Morocco,32.2567,-6.7839,2026-09-25,2026-09-19 12:02:04.299086+00:00,35.4,20.6,0.0,3,11.9,22.0,3,open-meteo
Echemmaia Est,Morocco,32.0706,-8.6533,2026-09-19,2026-09-19 12:02:04.684704+00:00,34.2,18.8,0.0,0,18.7,33.1,2,open-meteo
Echemmaia Est,Morocco,32.0706,-8.6533,2026-09-20,2026-09-19 12:02:04.684704+00:00,34.5,22.6,0.0,3,21.3,37.8,2,open-meteo
Echemmaia Est,Morocco,32.0706,-8.6533,2026-09-21,2026-09-19 12:02:04.684704+00:00,37.4,22.7,0.0,0,16.8,31.0,3,open-meteo
Echemmaia Est,Morocco,32.0706,-8.6533,2026-09-22,2026-09-19 12:02:04.684704+00:00,37.1,19.7,0.0,0,18.6,34.2,0,open-meteo
Echemmaia Est,Morocco,32.0706,-8.6533,2026-09-23,2026-09-19 12:02:04.684704+00:00,36.0,17.8,0.0,0,16.1,28.4,0,open-meteo
Echemmaia Est,Morocco,32.0706,-8.6533,2026-09-24,2026-09-19 12:02:04.684704+00:00,35.7,19.4,0.0,0,19.9,37.4,3,open-meteo
Echemmaia Est,Morocco,32.0706,-8.6533,2026-09-25,2026-09-19 12:02:04.684704+00:00,30.9,18.7,0.0,0,19.7,37.8,3,open-meteo
Ouaoula,Morocco,31.8075,-6.7821,2026-09-19,2026-09-19 12:02:04.782414+00:00,32.4,19.1,0.0,18,14.7,29.5,3,open-meteo
Ouaoula,Morocco,31.8075,-6.7821,2026-09-20,2026-09-19 12:02:04.782414+00:00,33.4,21.4,0.3,13,20.6,38.5,80,open-meteo
Ouaoula,Morocco,31.8075,-6.7821,2026-09-21,2026-09-19 12:02:04.782414+00:00,32.2,20.7,0.0,0,19.5,36.4,3,open-meteo
Ouaoula,Morocco,31.8075,-6.7821,2026-09-22,2026-09-19 12:02:04.782414+00:00,32.7,19.9,0.0,0,17.6,33.1,2,open-meteo
Ouaoula,Morocco,31.8075,-6.7821,2026-09-23,2026-09-19 12:02:04.782414+00:00,33.1,17.8,0.0,0,18.4,34.6,0,open-meteo
Ouaoula,Morocco,31.8075,-6.7821,2026-09-24,2026-09-19 12:02:04.782414+00:00,33.1,20.4,0.0,3,19.0,37.8,3,open-meteo
Ouaoula,Morocco,31.8075,-6.7821,2026-09-25,2026-09-19 12:02:04.782414+00:00,31.2,19.5,0.0,3,17.8,34.2,3,open-meteo
Khenichet-sur Ouerrha,Morocco,34.4383,-5.6844,2026-09-19,2026-09-19 12:02:04.886310+00:00,37.2,20.0,0.0,0,21.6,39.6,1,open-meteo
Khenichet-sur Ouerrha,Morocco,34.4383,-5.6844,2026-09-20,2026-09-19 12:02:04.886310+00:00,38.0,24.7,0.0,0,24.1,43.6,0,open-meteo
Khenichet-sur Ouerrha,Morocco,34.4383,-5.6844,2026-09-21,2026-09-19 12:02:04.886310+00:00,37.2,24.7,0.0,0,20.0,37.1,0,open-meteo
Khenichet-sur Ouerrha,Morocco,34.4383,-5.6844,2026-09-22,2026-09-19 12:02:04.886310+00:00,36.6,23.3,0.0,0,19.7,36.7,0,open-meteo
Khenichet-sur Ouerrha,Morocco,34.4383,-5.6844,2026-09-23,2026-09-19 12:02:04.886310+00:00,37.0,22.9,0.0,0,12.1,24.5,0,open-meteo
Khenichet-sur Ouerrha,Morocco,34.4383,-5.6844,2026-09-24,2026-09-19 12:02:04.886310+00:00,36.9,19.6,0.0,0,15.5,30.6,2,open-meteo
Khenichet-sur Ouerrha,Morocco,34.4383,-5.6844,2026-09-25,2026-09-19 12:02:04.886310+00:00,32.4,19.8,0.0,3,16.1,31.3,45,open-meteo
Sidi Abdelkader,Morocco,33.0494,-8.6886,2026-09-19,2026-09-19 12:02:05.053584+00:00,26.7,19.1,0.0,0,17.0,32.4,45,open-meteo
Sidi Abdelkader,Morocco,33.0494,-8.6886,2026-09-20,2026-09-19 12:02:05.053584+00:00,27.4,20.2,0.0,0,12.9,25.2,45,open-meteo
Sidi Abdelkader,Morocco,33.0494,-8.6886,2026-09-21,2026-09-19 12:02:05.053584+00:00,29.2,20.3,0.0,0,10.8,21.2,45,open-meteo
Sidi Abdelkader,Morocco,33.0494,-8.6886,2026-09-22,2026-09-19 12:02:05.053584+00:00,26.0,19.9,0.0,0,12.2,23.8,45,open-meteo
Sidi Abdelkader,Morocco,33.0494,-8.6886,2026-09-23,2026-09-19 12:02:05.053584+00:00,27.2,20.1,0.0,0,12.8,24.5,45,open-meteo
Sidi Abdelkader,Morocco,33.0494,-8.6886,2026-09-24,2026-09-19 12:02:05.053584+00:00,27.5,19.0,0.0,0,13.9,27.0,45,open-meteo
Sidi Abdelkader,Morocco,33.0494,-8.6886,2026-09-25,2026-09-19 12:02:05.053584+00:00,26.3,19.7,0.0,0,14.1,27.7,45,open-meteo
Oulad Yaïch,Morocco,32.4167,-6.3333,2026-09-19,2026-09-19 12:02:05.163575+00:00,36.8,21.4,0.0,3,14.8,27.0,3,open-meteo
Oulad Yaïch,Morocco,32.4167,-6.3333,2026-09-20,2026-09-19 12:02:05.163575+00:00,38.3,23.7,0.0,3,15.3,31.0,3,open-meteo
Oulad Yaïch,Morocco,32.4167,-6.3333,2026-09-21,2026-09-19 12:02:05.163575+00:00,36.9,22.8,0.0,0,14.1,26.3,3,open-meteo
Oulad Yaïch,Morocco,32.4167,-6.3333,2026-09-22,2026-09-19 12:02:05.163575+00:00,36.5,22.9,0.0,0,11.0,20.5,2,open-meteo
Oulad Yaïch,Morocco,32.4167,-6.3333,2026-09-23,2026-09-19 12:02:05.163575+00:00,36.8,21.6,0.0,0,10.0,19.1,0,open-meteo
Oulad Yaïch,Morocco,32.4167,-6.3333,2026-09-24,2026-09-19 12:02:05.163575+00:00,36.1,26.3,0.0,3,17.4,32.8,1,open-meteo
Oulad Yaïch,Morocco,32.4167,-6.3333,2026-09-25,2026-09-19 12:02:05.163575+00:00,33.7,24.1,0.0,5,10.8,25.2,3,open-meteo
Had Oulad Issa,Morocco,32.9307,-8.682,2026-09-19,2026-09-19 12:02:05.892678+00:00,27.7,18.3,0.0,0,17.5,33.1,45,open-meteo
Had Oulad Issa,Morocco,32.9307,-8.682,2026-09-20,2026-09-19 12:02:05.892678+00:00,28.8,19.6,0.0,0,13.2,25.6,45,open-meteo
Had Oulad Issa,Morocco,32.9307,-8.682,2026-09-21,2026-09-19 12:02:05.892678+00:00,31.5,19.9,0.0,0,12.2,23.4,45,open-meteo
Had Oulad Issa,Morocco,32.9307,-8.682,2026-09-22,2026-09-19 12:02:05.892678+00:00,27.7,19.4,0.0,0,13.4,25.9,45,open-meteo
Had Oulad Issa,Morocco,32.9307,-8.682,2026-09-23,2026-09-19 12:02:05.892678+00:00,29.0,19.6,0.0,0,13.4,25.9,45,open-meteo
Had Oulad Issa,Morocco,32.9307,-8.682,2026-09-24,2026-09-19 12:02:05.892678+00:00,29.4,18.9,0.0,0,14.8,28.4,45,open-meteo
Had Oulad Issa,Morocco,32.9307,-8.682,2026-09-25,2026-09-19 12:02:05.892678+00:00,26.9,19.5,0.0,0,15.4,29.2,45,open-meteo
Oulad Said,Morocco,32.632,-8.8456,2026-09-19,2026-09-19 12:02:06.005222+00:00,29.9,17.5,0.0,0,16.9,31.3,3,open-meteo
Oulad Said,Morocco,32.632,-8.8456,2026-09-20,2026-09-19 12:02:06.005222+00:00,31.1,19.5,0.0,0,12.5,23.8,2,open-meteo
Oulad Said,Morocco,32.632,-8.8456,2026-09-21,2026-09-19 12:02:06.005222+00:00,34.3,20.5,0.0,0,12.4,23.4,3,open-meteo
Oulad Said,Morocco,32.632,-8.8456,2026-09-22,2026-09-19 12:02:06.005222+00:00,32.5,18.0,0.0,0,13.6,26.3,45,open-meteo
Oulad Said,Morocco,32.632,-8.8456,2026-09-23,2026-09-19 12:02:06.005222+00:00,30.9,18.7,0.0,0,12.2,23.4,45,open-meteo
Oulad Said,Morocco,32.632,-8.8456,2026-09-24,2026-09-19 12:02:06.005222+00:00,29.7,18.0,0.0,0,15.0,28.4,45,open-meteo
Oulad Said,Morocco,32.632,-8.8456,2026-09-25,2026-09-19 12:02:06.005222+00:00,27.3,19.4,0.0,0,15.9,30.6,3,open-meteo
Zawyat ech Cheïkh,Morocco,32.6541,-5.9214,2026-09-19,2026-09-19 12:02:06.140129+00:00,34.7,18.9,0.0,0,16.3,31.3,2,open-meteo
Zawyat ech Cheïkh,Morocco,32.6541,-5.9214,2026-09-20,2026-09-19 12:02:06.140129+00:00,35.8,19.4,0.0,0,14.8,32.8,2,open-meteo
Zawyat ech Cheïkh,Morocco,32.6541,-5.9214,2026-09-21,2026-09-19 12:02:06.140129+00:00,34.7,18.8,0.0,3,20.0,38.2,2,open-meteo
Zawyat ech Cheïkh,Morocco,32.6541,-5.9214,2026-09-22,2026-09-19 12:02:06.140129+00:00,33.9,17.8,0.0,0,13.8,25.2,2,open-meteo
Zawyat ech Cheïkh,Morocco,32.6541,-5.9214,2026-09-23,2026-09-19 12:02:06.140129+00:00,34.2,16.6,0.0,0,12.1,23.4,0,open-meteo
Zawyat ech Cheïkh,Morocco,32.6541,-5.9214,2026-09-24,2026-09-19 12:02:06.140129+00:00,34.8,19.8,0.0,3,15.9,29.2,1,open-meteo
Zawyat ech Cheïkh,Morocco,32.6541,-5.9214,2026-09-25,2026-09-19 12:02:06.140129+00:00,32.7,19.3,0.0,3,12.9,24.5,3,open-meteo
Imi-n-Tanout,Morocco,31.177,-8.8504,2026-09-19,2026-09-19 12:02:06.251896+00:00,31.2,19.9,0.0,8,17.7,31.3,3,open-meteo
Imi-n-Tanout,Morocco,31.177,-8.8504,2026-09-20,2026-09-19 12:02:06.251896+00:00,31.3,23.2,0.5,38,16.6,30.6,80,open-meteo
Imi-n-Tanout,Morocco,31.177,-8.8504,2026-09-21,2026-09-19 12:02:06.251896+00:00,34.2,23.4,0.0,3,23.9,44.3,3,open-meteo
Imi-n-Tanout,Morocco,31.177,-8.8504,2026-09-22,2026-09-19 12:02:06.251896+00:00,33.8,22.8,0.0,0,19.8,37.4,1,open-meteo
Imi-n-Tanout,Morocco,31.177,-8.8504,2026-09-23,2026-09-19 12:02:06.251896+00:00,33.7,22.5,0.0,5,19.9,34.2,1,open-meteo
Imi-n-Tanout,Morocco,31.177,-8.8504,2026-09-24,2026-09-19 12:02:06.251896+00:00,34.0,22.6,0.0,0,20.6,36.0,3,open-meteo
Imi-n-Tanout,Morocco,31.177,-8.8504,2026-09-25,2026-09-19 12:02:06.251896+00:00,31.2,18.8,0.0,3,16.3,33.1,3,open-meteo
Bourdoud,Morocco,34.5922,-4.5492,2026-09-19,2026-09-19 12:02:06.614329+00:00,33.4,22.4,0.0,3,28.0,52.9,3,open-meteo
Bourdoud,Morocco,34.5922,-4.5492,2026-09-20,2026-09-19 12:02:06.614329+00:00,34.9,23.5,0.0,3,22.0,41.4,3,open-meteo
Bourdoud,Morocco,34.5922,-4.5492,2026-09-21,2026-09-19 12:02:06.614329+00:00,33.6,22.1,0.0,0,13.6,25.2,3,open-meteo
Bourdoud,Morocco,34.5922,-4.5492,2026-09-22,2026-09-19 12:02:06.614329+00:00,33.8,19.6,0.0,0,19.1,34.6,0,open-meteo
Bourdoud,Morocco,34.5922,-4.5492,2026-09-23,2026-09-19 12:02:06.614329+00:00,35.4,20.7,0.0,0,13.7,26.6,0,open-meteo
Bourdoud,Morocco,34.5922,-4.5492,2026-09-24,2026-09-19 12:02:06.614329+00:00,35.4,22.1,0.0,0,11.8,22.3,1,open-meteo
Bourdoud,Morocco,34.5922,-4.5492,2026-09-25,2026-09-19 12:02:06.614329+00:00,33.6,21.3,0.0,0,17.3,33.5,3,open-meteo
Ain Aicha,Morocco,34.4,-4.6619,2026-09-19,2026-09-19 12:02:06.765004+00:00,32.3,22.1,0.0,0,32.7,65.5,2,open-meteo
Ain Aicha,Morocco,34.4,-4.6619,2026-09-20,2026-09-19 12:02:06.765004+00:00,33.4,23.1,0.0,0,26.3,51.8,3,open-meteo
Ain Aicha,Morocco,34.4,-4.6619,2026-09-21,2026-09-19 12:02:06.765004+00:00,32.6,22.5,0.0,0,25.2,48.6,1,open-meteo
Ain Aicha,Morocco,34.4,-4.6619,2026-09-22,2026-09-19 12:02:06.765004+00:00,32.8,20.7,0.0,0,18.4,36.0,0,open-meteo
Ain Aicha,Morocco,34.4,-4.6619,2026-09-23,2026-09-19 12:02:06.765004+00:00,34.8,21.1,0.0,0,12.7,27.7,0,open-meteo
Ain Aicha,Morocco,34.4,-4.6619,2026-09-24,2026-09-19 12:02:06.765004+00:00,35.7,19.8,0.0,0,9.6,19.8,2,open-meteo
Ain Aicha,Morocco,34.4,-4.6619,2026-09-25,2026-09-19 12:02:06.765004+00:00,33.7,19.5,0.0,0,15.8,31.7,3,open-meteo
Sebt Gzoula,Morocco,32.1219,-9.0889,2026-09-19,2026-09-19 12:02:06.899675+00:00,32.9,18.6,0.0,0,14.2,28.4,2,open-meteo
Sebt Gzoula,Morocco,32.1219,-9.0889,2026-09-20,2026-09-19 12:02:06.899675+00:00,30.0,21.0,0.0,0,15.2,29.9,2,open-meteo
Sebt Gzoula,Morocco,32.1219,-9.0889,2026-09-21,2026-09-19 12:02:06.899675+00:00,34.3,21.0,0.0,0,12.2,24.1,3,open-meteo
Sebt Gzoula,Morocco,32.1219,-9.0889,2026-09-22,2026-09-19 12:02:06.899675+00:00,33.6,19.3,0.0,0,16.3,31.3,1,open-meteo
Sebt Gzoula,Morocco,32.1219,-9.0889,2026-09-23,2026-09-19 12:02:06.899675+00:00,31.8,16.9,0.0,0,12.1,24.1,0,open-meteo
Sebt Gzoula,Morocco,32.1219,-9.0889,2026-09-24,2026-09-19 12:02:06.899675+00:00,27.4,18.3,0.0,0,12.7,25.9,3,open-meteo
Sebt Gzoula,Morocco,32.1219,-9.0889,2026-09-25,2026-09-19 12:02:06.899675+00:00,26.7,19.0,0.0,3,15.6,31.0,3,open-meteo
Douar Ouled Ayad,Morocco,32.4167,-7.1,2026-09-19,2026-09-19 12:02:07.353479+00:00,37.4,20.4,0.0,0,15.0,28.1,2,open-meteo
Douar Ouled Ayad,Morocco,32.4167,-7.1,2026-09-20,2026-09-19 12:02:07.353479+00:00,38.3,22.6,0.0,5,18.3,34.9,2,open-meteo
Douar Ouled Ayad,Morocco,32.4167,-7.1,2026-09-21,2026-09-19 12:02:07.353479+00:00,37.8,21.1,0.0,0,18.2,32.8,2,open-meteo
Douar Ouled Ayad,Morocco,32.4167,-7.1,2026-09-22,2026-09-19 12:02:07.353479+00:00,37.3,19.5,0.0,0,13.2,26.6,1,open-meteo
Douar Ouled Ayad,Morocco,32.4167,-7.1,2026-09-23,2026-09-19 12:02:07.353479+00:00,37.3,19.9,0.0,0,10.9,20.9,0,open-meteo
Douar Ouled Ayad,Morocco,32.4167,-7.1,2026-09-24,2026-09-19 12:02:07.353479+00:00,37.4,18.0,0.0,0,15.2,26.3,3,open-meteo
Douar Ouled Ayad,Morocco,32.4167,-7.1,2026-09-25,2026-09-19 12:02:07.353479+00:00,34.2,19.3,0.0,0,15.3,27.4,3,open-meteo
Tamorot,Morocco,34.9363,-4.7794,2026-09-19,2026-09-19 12:02:07.448430+00:00,25.8,16.4,0.0,0,24.7,49.7,2,open-meteo
Tamorot,Morocco,34.9363,-4.7794,2026-09-20,2026-09-19 12:02:07.448430+00:00,26.8,18.2,0.0,0,15.4,31.7,1,open-meteo
Tamorot,Morocco,34.9363,-4.7794,2026-09-21,2026-09-19 12:02:07.448430+00:00,27.0,17.1,0.0,0,15.5,34.6,1,open-meteo
Tamorot,Morocco,34.9363,-4.7794,2026-09-22,2026-09-19 12:02:07.448430+00:00,27.5,15.7,0.0,0,12.6,31.3,0,open-meteo
Tamorot,Morocco,34.9363,-4.7794,2026-09-23,2026-09-19 12:02:07.448430+00:00,29.4,15.4,0.0,0,13.2,28.4,0,open-meteo
Tamorot,Morocco,34.9363,-4.7794,2026-09-24,2026-09-19 12:02:07.448430+00:00,31.3,18.5,0.0,0,14.8,28.1,1,open-meteo
Tamorot,Morocco,34.9363,-4.7794,2026-09-25,2026-09-19 12:02:07.448430+00:00,29.5,18.5,0.0,3,18.7,36.7,3,open-meteo
Douar ’Ayn Dfali,Morocco,33.9536,-4.4527,2026-09-19,2026-09-19 12:02:07.570429+00:00,33.6,20.4,0.8,33,16.6,38.5,80,open-meteo
Douar ’Ayn Dfali,Morocco,33.9536,-4.4527,2026-09-20,2026-09-19 12:02:07.570429+00:00,32.5,21.0,0.0,0,16.9,41.4,1,open-meteo
Douar ’Ayn Dfali,Morocco,33.9536,-4.4527,2026-09-21,2026-09-19 12:02:07.570429+00:00,31.4,21.1,0.0,0,16.6,34.2,1,open-meteo
Douar ’Ayn Dfali,Morocco,33.9536,-4.4527,2026-09-22,2026-09-19 12:02:07.570429+00:00,30.4,19.6,0.0,0,14.2,28.8,1,open-meteo
Douar ’Ayn Dfali,Morocco,33.9536,-4.4527,2026-09-23,2026-09-19 12:02:07.570429+00:00,32.2,20.3,0.0,0,15.0,31.0,0,open-meteo
Douar ’Ayn Dfali,Morocco,33.9536,-4.4527,2026-09-24,2026-09-19 12:02:07.570429+00:00,33.6,17.2,0.0,0,14.2,28.4,2,open-meteo
Douar ’Ayn Dfali,Morocco,33.9536,-4.4527,2026-09-25,2026-09-19 12:02:07.570429+00:00,31.9,17.1,0.0,0,18.1,35.6,3,open-meteo
Ain Dfali,Morocco,34.5984,-5.5473,2026-09-19,2026-09-19 12:02:07.685152+00:00,36.8,19.2,0.0,0,19.5,37.8,1,open-meteo
Ain Dfali,Morocco,34.5984,-5.5473,2026-09-20,2026-09-19 12:02:07.685152+00:00,37.2,24.2,0.0,0,19.1,36.4,0,open-meteo
Ain Dfali,Morocco,34.5984,-5.5473,2026-09-21,2026-09-19 12:02:07.685152+00:00,36.3,23.3,0.0,0,14.5,28.4,1,open-meteo
Ain Dfali,Morocco,34.5984,-5.5473,2026-09-22,2026-09-19 12:02:07.685152+00:00,35.9,22.0,0.0,0,14.1,30.6,0,open-meteo
Ain Dfali,Morocco,34.5984,-5.5473,2026-09-23,2026-09-19 12:02:07.685152+00:00,36.6,19.3,0.0,0,11.3,21.2,0,open-meteo
Ain Dfali,Morocco,34.5984,-5.5473,2026-09-24,2026-09-19 12:02:07.685152+00:00,36.8,18.8,0.0,0,14.1,29.9,2,open-meteo
Ain Dfali,Morocco,34.5984,-5.5473,2026-09-25,2026-09-19 12:02:07.685152+00:00,32.6,18.2,0.0,3,15.4,32.0,45,open-meteo
Foum el Anser,Morocco,32.3717,-6.2614,2026-09-19,2026-09-19 12:02:07.785621+00:00,33.6,23.6,0.0,5,17.3,42.8,3,open-meteo
Foum el Anser,Morocco,32.3717,-6.2614,2026-09-20,2026-09-19 12:02:07.785621+00:00,34.7,25.2,0.0,8,22.4,40.3,3,open-meteo
Foum el Anser,Morocco,32.3717,-6.2614,2026-09-21,2026-09-19 12:02:07.785621+00:00,33.4,24.2,0.1,0,18.8,34.9,3,open-meteo
Foum el Anser,Morocco,32.3717,-6.2614,2026-09-22,2026-09-19 12:02:07.785621+00:00,33.3,23.9,0.0,0,19.6,34.9,1,open-meteo
Foum el Anser,Morocco,32.3717,-6.2614,2026-09-23,2026-09-19 12:02:07.785621+00:00,33.8,22.5,0.0,0,18.6,33.8,0,open-meteo
Foum el Anser,Morocco,32.3717,-6.2614,2026-09-24,2026-09-19 12:02:07.785621+00:00,35.1,25.3,0.0,3,17.4,32.8,1,open-meteo
Foum el Anser,Morocco,32.3717,-6.2614,2026-09-25,2026-09-19 12:02:07.785621+00:00,32.8,23.2,0.0,8,10.8,25.2,3,open-meteo
Souk Tlet El Gharb,Morocco,34.6211,-6.1336,2026-09-19,2026-09-19 12:02:07.876534+00:00,36.5,18.5,0.0,0,17.0,33.1,45,open-meteo
Souk Tlet El Gharb,Morocco,34.6211,-6.1336,2026-09-20,2026-09-19 12:02:07.876534+00:00,37.7,23.7,0.0,0,22.5,41.4,0,open-meteo
Souk Tlet El Gharb,Morocco,34.6211,-6.1336,2026-09-21,2026-09-19 12:02:07.876534+00:00,37.0,23.3,0.0,0,19.3,35.6,0,open-meteo
Souk Tlet El Gharb,Morocco,34.6211,-6.1336,2026-09-22,2026-09-19 12:02:07.876534+00:00,36.6,23.0,0.0,0,17.7,34.6,0,open-meteo
Souk Tlet El Gharb,Morocco,34.6211,-6.1336,2026-09-23,2026-09-19 12:02:07.876534+00:00,36.4,21.2,0.0,0,15.4,31.7,0,open-meteo
Souk Tlet El Gharb,Morocco,34.6211,-6.1336,2026-09-24,2026-09-19 12:02:07.876534+00:00,33.4,17.8,0.0,0,17.1,32.0,45,open-meteo
Souk Tlet El Gharb,Morocco,34.6211,-6.1336,2026-09-25,2026-09-19 12:02:07.876534+00:00,29.0,20.0,0.0,0,15.9,29.5,45,open-meteo
Setti Fatma,Morocco,31.2256,-7.6758,2026-09-19,2026-09-19 12:02:07.968713+00:00,25.8,18.5,1.7,28,14.3,37.4,61,open-meteo
Setti Fatma,Morocco,31.2256,-7.6758,2026-09-20,2026-09-19 12:02:07.968713+00:00,25.7,18.6,11.0,30,14.5,25.9,81,open-meteo
Setti Fatma,Morocco,31.2256,-7.6758,2026-09-21,2026-09-19 12:02:07.968713+00:00,25.1,18.0,0.0,8,16.8,34.2,3,open-meteo
Setti Fatma,Morocco,31.2256,-7.6758,2026-09-22,2026-09-19 12:02:07.968713+00:00,26.2,17.4,0.0,3,22.9,45.4,3,open-meteo
Setti Fatma,Morocco,31.2256,-7.6758,2026-09-23,2026-09-19 12:02:07.968713+00:00,26.6,17.9,0.0,3,16.5,34.6,0,open-meteo
Setti Fatma,Morocco,31.2256,-7.6758,2026-09-24,2026-09-19 12:02:07.968713+00:00,30.0,19.7,0.0,8,17.1,33.5,0,open-meteo
Setti Fatma,Morocco,31.2256,-7.6758,2026-09-25,2026-09-19 12:02:07.968713+00:00,28.0,16.9,0.6,29,13.0,25.9,80,open-meteo
Skoura,Morocco,31.0672,-6.5397,2026-09-19,2026-09-19 12:02:08.061807+00:00,29.7,20.2,0.0,35,31.2,48.6,3,open-meteo
Skoura,Morocco,31.0672,-6.5397,2026-09-20,2026-09-19 12:02:08.061807+00:00,30.5,19.0,0.3,45,30.0,50.4,80,open-meteo
Skoura,Morocco,31.0672,-6.5397,2026-09-21,2026-09-19 12:02:08.061807+00:00,31.0,18.8,1.0,20,22.0,34.6,80,open-meteo
Skoura,Morocco,31.0672,-6.5397,2026-09-22,2026-09-19 12:02:08.061807+00:00,32.7,17.3,0.0,0,22.5,41.0,1,open-meteo
Skoura,Morocco,31.0672,-6.5397,2026-09-23,2026-09-19 12:02:08.061807+00:00,31.3,18.7,0.0,0,13.2,21.6,2,open-meteo
Skoura,Morocco,31.0672,-6.5397,2026-09-24,2026-09-19 12:02:08.061807+00:00,31.7,17.4,0.0,5,15.3,25.9,2,open-meteo
Skoura,Morocco,31.0672,-6.5397,2026-09-25,2026-09-19 12:02:08.061807+00:00,27.2,19.1,2.4,10,14.8,25.9,80,open-meteo
Oulad Salmane,Morocco,34.3443,-6.4944,2026-09-19,2026-09-19 12:02:08.155607+00:00,33.0,17.3,0.0,0,19.9,40.0,45,open-meteo
Oulad Salmane,Morocco,34.3443,-6.4944,2026-09-20,2026-09-19 12:02:08.155607+00:00,36.0,21.9,0.0,0,18.0,34.9,0,open-meteo
Oulad Salmane,Morocco,34.3443,-6.4944,2026-09-21,2026-09-19 12:02:08.155607+00:00,33.5,20.1,0.0,0,16.3,33.5,45,open-meteo
Oulad Salmane,Morocco,34.3443,-6.4944,2026-09-22,2026-09-19 12:02:08.155607+00:00,32.9,20.1,0.0,0,15.7,31.0,0,open-meteo
Oulad Salmane,Morocco,34.3443,-6.4944,2026-09-23,2026-09-19 12:02:08.155607+00:00,29.8,17.3,0.0,0,16.9,32.0,0,open-meteo
Oulad Salmane,Morocco,34.3443,-6.4944,2026-09-24,2026-09-19 12:02:08.155607+00:00,29.7,16.7,0.0,0,14.3,26.3,45,open-meteo
Oulad Salmane,Morocco,34.3443,-6.4944,2026-09-25,2026-09-19 12:02:08.155607+00:00,26.7,19.8,0.0,0,13.5,25.6,45,open-meteo
Zegzel,Morocco,34.8407,-2.3543,2026-09-19,2026-09-19 12:02:08.248510+00:00,26.5,19.4,0.0,13,21.1,38.2,45,open-meteo
Zegzel,Morocco,34.8407,-2.3543,2026-09-20,2026-09-19 12:02:08.248510+00:00,27.3,20.2,0.0,3,19.7,35.6,45,open-meteo
Zegzel,Morocco,34.8407,-2.3543,2026-09-21,2026-09-19 12:02:08.248510+00:00,25.9,17.8,0.0,13,21.9,40.0,45,open-meteo
Zegzel,Morocco,34.8407,-2.3543,2026-09-22,2026-09-19 12:02:08.248510+00:00,26.5,15.9,0.0,0,13.7,29.9,1,open-meteo
Zegzel,Morocco,34.8407,-2.3543,2026-09-23,2026-09-19 12:02:08.248510+00:00,27.3,17.8,0.0,0,12.9,24.5,1,open-meteo
Zegzel,Morocco,34.8407,-2.3543,2026-09-24,2026-09-19 12:02:08.248510+00:00,28.6,16.8,0.0,0,14.0,27.0,1,open-meteo
Zegzel,Morocco,34.8407,-2.3543,2026-09-25,2026-09-19 12:02:08.248510+00:00,29.0,19.1,0.0,0,12.0,24.1,3,open-meteo
Ayt Mohamed,Morocco,31.8803,-6.4711,2026-09-19,2026-09-19 12:02:08.343866+00:00,26.1,16.3,0.0,50,16.8,41.4,3,open-meteo
Ayt Mohamed,Morocco,31.8803,-6.4711,2026-09-20,2026-09-19 12:02:08.343866+00:00,25.7,17.0,0.4,38,19.5,34.2,80,open-meteo
Ayt Mohamed,Morocco,31.8803,-6.4711,2026-09-21,2026-09-19 12:02:08.343866+00:00,24.8,16.7,0.0,16,18.7,34.6,2,open-meteo
Ayt Mohamed,Morocco,31.8803,-6.4711,2026-09-22,2026-09-19 12:02:08.343866+00:00,25.8,15.3,0.0,0,19.2,34.6,1,open-meteo
Ayt Mohamed,Morocco,31.8803,-6.4711,2026-09-23,2026-09-19 12:02:08.343866+00:00,26.2,14.9,0.0,0,17.2,31.3,0,open-meteo
Ayt Mohamed,Morocco,31.8803,-6.4711,2026-09-24,2026-09-19 12:02:08.343866+00:00,26.7,15.6,0.0,3,23.5,49.7,0,open-meteo
Ayt Mohamed,Morocco,31.8803,-6.4711,2026-09-25,2026-09-19 12:02:08.343866+00:00,26.2,15.6,0.9,10,15.3,35.6,3,open-meteo
Douar Imoukkane,Morocco,35.0601,-4.839,2026-09-19,2026-09-19 12:02:08.438361+00:00,26.0,16.7,0.0,5,15.6,30.2,45,open-meteo
Douar Imoukkane,Morocco,35.0601,-4.839,2026-09-20,2026-09-19 12:02:08.438361+00:00,26.0,19.3,0.0,3,13.7,25.9,45,open-meteo
Douar Imoukkane,Morocco,35.0601,-4.839,2026-09-21,2026-09-19 12:02:08.438361+00:00,25.9,18.0,0.0,0,14.1,27.0,45,open-meteo
Douar Imoukkane,Morocco,35.0601,-4.839,2026-09-22,2026-09-19 12:02:08.438361+00:00,27.0,16.2,0.0,0,12.0,23.0,0,open-meteo
Douar Imoukkane,Morocco,35.0601,-4.839,2026-09-23,2026-09-19 12:02:08.438361+00:00,27.8,16.5,0.0,0,12.4,24.5,0,open-meteo
Douar Imoukkane,Morocco,35.0601,-4.839,2026-09-24,2026-09-19 12:02:08.438361+00:00,24.4,16.3,0.0,0,10.5,22.3,2,open-meteo
Douar Imoukkane,Morocco,35.0601,-4.839,2026-09-25,2026-09-19 12:02:08.438361+00:00,28.6,18.5,0.0,3,10.3,22.3,3,open-meteo
El Ghiate,Morocco,32.0331,-9.1625,2026-09-19,2026-09-19 12:02:08.534841+00:00,30.3,18.5,0.0,0,16.4,31.7,2,open-meteo
El Ghiate,Morocco,32.0331,-9.1625,2026-09-20,2026-09-19 12:02:08.534841+00:00,27.3,20.0,0.0,0,14.0,28.1,2,open-meteo
El Ghiate,Morocco,32.0331,-9.1625,2026-09-21,2026-09-19 12:02:08.534841+00:00,31.3,20.0,0.0,0,11.1,22.0,3,open-meteo
El Ghiate,Morocco,32.0331,-9.1625,2026-09-22,2026-09-19 12:02:08.534841+00:00,30.5,18.8,0.0,0,14.0,27.7,45,open-meteo
El Ghiate,Morocco,32.0331,-9.1625,2026-09-23,2026-09-19 12:02:08.534841+00:00,28.8,17.0,0.0,0,10.8,22.0,45,open-meteo
El Ghiate,Morocco,32.0331,-9.1625,2026-09-24,2026-09-19 12:02:08.534841+00:00,31.9,18.9,0.0,0,17.6,34.9,45,open-meteo
El Ghiate,Morocco,32.0331,-9.1625,2026-09-25,2026-09-19 12:02:08.534841+00:00,27.2,19.2,0.0,3,19.5,40.3,3,open-meteo
Douar Azla,Morocco,35.5564,-5.2453,2026-09-19,2026-09-19 12:02:08.629595+00:00,24.7,22.6,1.6,0,33.1,54.7,3,open-meteo
Douar Azla,Morocco,35.5564,-5.2453,2026-09-20,2026-09-19 12:02:08.629595+00:00,25.0,23.4,1.1,0,29.6,49.7,80,open-meteo
Douar Azla,Morocco,35.5564,-5.2453,2026-09-21,2026-09-19 12:02:08.629595+00:00,26.0,22.2,0.0,0,26.2,43.6,2,open-meteo
Douar Azla,Morocco,35.5564,-5.2453,2026-09-22,2026-09-19 12:02:08.629595+00:00,25.4,21.0,0.0,0,22.7,37.8,2,open-meteo
Douar Azla,Morocco,35.5564,-5.2453,2026-09-23,2026-09-19 12:02:08.629595+00:00,25.4,20.6,0.0,0,20.5,34.2,2,open-meteo
Douar Azla,Morocco,35.5564,-5.2453,2026-09-24,2026-09-19 12:02:08.629595+00:00,29.7,20.8,0.0,0,13.2,29.5,2,open-meteo
Douar Azla,Morocco,35.5564,-5.2453,2026-09-25,2026-09-19 12:02:08.629595+00:00,31.3,19.9,0.0,0,11.9,29.9,3,open-meteo
Ait Bouziyane,Morocco,33.8167,-5.2749,2026-09-19,2026-09-19 12:02:08.724830+00:00,31.7,18.3,0.4,5,20.4,38.2,80,open-meteo
Ait Bouziyane,Morocco,33.8167,-5.2749,2026-09-20,2026-09-19 12:02:08.724830+00:00,33.5,19.2,0.0,0,16.6,31.0,1,open-meteo
Ait Bouziyane,Morocco,33.8167,-5.2749,2026-09-21,2026-09-19 12:02:08.724830+00:00,32.7,19.9,0.0,0,14.8,27.4,0,open-meteo
Ait Bouziyane,Morocco,33.8167,-5.2749,2026-09-22,2026-09-19 12:02:08.724830+00:00,31.3,18.9,0.0,0,14.4,26.3,0,open-meteo
Ait Bouziyane,Morocco,33.8167,-5.2749,2026-09-23,2026-09-19 12:02:08.724830+00:00,32.7,18.7,0.0,0,14.3,25.9,0,open-meteo
Ait Bouziyane,Morocco,33.8167,-5.2749,2026-09-24,2026-09-19 12:02:08.724830+00:00,33.8,17.9,0.0,0,17.3,33.1,2,open-meteo
Ait Bouziyane,Morocco,33.8167,-5.2749,2026-09-25,2026-09-19 12:02:08.724830+00:00,30.9,17.1,0.0,3,18.4,34.2,3,open-meteo
Had Beni Chiker,Morocco,35.2735,-3.0151,2026-09-19,2026-09-19 12:02:08.818513+00:00,25.4,22.0,1.4,38,27.3,54.7,3,open-meteo
Had Beni Chiker,Morocco,35.2735,-3.0151,2026-09-20,2026-09-19 12:02:08.818513+00:00,25.9,22.6,0.2,60,27.6,55.8,3,open-meteo
Had Beni Chiker,Morocco,35.2735,-3.0151,2026-09-21,2026-09-19 12:02:08.818513+00:00,25.9,21.7,0.0,5,19.5,38.9,2,open-meteo
Had Beni Chiker,Morocco,35.2735,-3.0151,2026-09-22,2026-09-19 12:02:08.818513+00:00,25.5,20.3,0.0,0,17.3,35.6,45,open-meteo
Had Beni Chiker,Morocco,35.2735,-3.0151,2026-09-23,2026-09-19 12:02:08.818513+00:00,25.6,20.6,0.0,0,17.1,35.3,2,open-meteo
Had Beni Chiker,Morocco,35.2735,-3.0151,2026-09-24,2026-09-19 12:02:08.818513+00:00,27.6,20.2,0.0,0,11.0,25.9,45,open-meteo
Had Beni Chiker,Morocco,35.2735,-3.0151,2026-09-25,2026-09-19 12:02:08.818513+00:00,28.7,20.0,0.0,0,9.8,24.1,45,open-meteo
Sidi Ifni,Morocco,29.3798,-10.173,2026-09-19,2026-09-19 12:02:08.913215+00:00,23.5,19.3,0.0,0,19.9,38.5,3,open-meteo
Sidi Ifni,Morocco,29.3798,-10.173,2026-09-20,2026-09-19 12:02:08.913215+00:00,24.0,18.9,0.0,0,11.4,26.3,2,open-meteo
Sidi Ifni,Morocco,29.3798,-10.173,2026-09-21,2026-09-19 12:02:08.913215+00:00,27.7,20.4,0.0,0,11.9,24.5,1,open-meteo
Sidi Ifni,Morocco,29.3798,-10.173,2026-09-22,2026-09-19 12:02:08.913215+00:00,28.7,25.1,0.0,0,13.0,27.7,2,open-meteo
Sidi Ifni,Morocco,29.3798,-10.173,2026-09-23,2026-09-19 12:02:08.913215+00:00,32.0,23.6,0.0,0,9.3,26.3,2,open-meteo
Sidi Ifni,Morocco,29.3798,-10.173,2026-09-24,2026-09-19 12:02:08.913215+00:00,28.3,21.6,0.0,0,7.8,23.8,0,open-meteo
Sidi Ifni,Morocco,29.3798,-10.173,2026-09-25,2026-09-19 12:02:08.913215+00:00,21.8,17.8,0.0,2,8.4,24.8,2,open-meteo
Haddada,Morocco,34.222,-6.511,2026-09-19,2026-09-19 12:02:09.013123+00:00,35.3,17.2,0.0,0,17.2,36.0,1,open-meteo
Haddada,Morocco,34.222,-6.511,2026-09-20,2026-09-19 12:02:09.013123+00:00,37.4,19.8,0.0,0,16.6,33.1,0,open-meteo
Haddada,Morocco,34.222,-6.511,2026-09-21,2026-09-19 12:02:09.013123+00:00,35.8,20.6,0.0,0,15.8,32.4,1,open-meteo
Haddada,Morocco,34.222,-6.511,2026-09-22,2026-09-19 12:02:09.013123+00:00,34.1,20.5,0.0,0,15.1,29.9,0,open-meteo
Haddada,Morocco,34.222,-6.511,2026-09-23,2026-09-19 12:02:09.013123+00:00,32.9,17.6,0.0,0,14.1,27.7,0,open-meteo
Haddada,Morocco,34.222,-6.511,2026-09-24,2026-09-19 12:02:09.013123+00:00,28.0,17.8,0.0,0,10.9,26.3,45,open-meteo
Haddada,Morocco,34.222,-6.511,2026-09-25,2026-09-19 12:02:09.013123+00:00,25.8,20.0,0.0,0,10.7,26.3,45,open-meteo
Asni,Morocco,31.1676,-7.9126,2026-09-19,2026-09-19 12:02:09.104829+00:00,23.0,15.0,3.2,95,16.6,34.2,80,open-meteo
Asni,Morocco,31.1676,-7.9126,2026-09-20,2026-09-19 12:02:09.104829+00:00,24.0,15.3,1.4,85,21.1,39.6,80,open-meteo
Asni,Morocco,31.1676,-7.9126,2026-09-21,2026-09-19 12:02:09.104829+00:00,23.4,15.0,0.0,32,20.4,39.2,3,open-meteo
Asni,Morocco,31.1676,-7.9126,2026-09-22,2026-09-19 12:02:09.104829+00:00,24.2,14.8,0.0,5,22.5,41.4,1,open-meteo
Asni,Morocco,31.1676,-7.9126,2026-09-23,2026-09-19 12:02:09.104829+00:00,24.5,14.2,0.0,18,18.2,34.9,0,open-meteo
Asni,Morocco,31.1676,-7.9126,2026-09-24,2026-09-19 12:02:09.104829+00:00,24.4,16.2,0.0,13,19.7,40.0,2,open-meteo
Asni,Morocco,31.1676,-7.9126,2026-09-25,2026-09-19 12:02:09.104829+00:00,22.2,15.6,6.9,29,11.3,37.4,81,open-meteo
Tnine Lgharbia,Morocco,32.5719,-8.8569,2026-09-19,2026-09-19 12:02:09.196669+00:00,30.6,17.3,0.0,0,16.6,31.3,3,open-meteo
Tnine Lgharbia,Morocco,32.5719,-8.8569,2026-09-20,2026-09-19 12:02:09.196669+00:00,31.8,19.5,0.0,0,12.7,24.1,2,open-meteo
Tnine Lgharbia,Morocco,32.5719,-8.8569,2026-09-21,2026-09-19 12:02:09.196669+00:00,35.2,20.4,0.0,0,12.3,23.8,3,open-meteo
Tnine Lgharbia,Morocco,32.5719,-8.8569,2026-09-22,2026-09-19 12:02:09.196669+00:00,33.5,17.7,0.0,0,13.4,27.0,45,open-meteo
Tnine Lgharbia,Morocco,32.5719,-8.8569,2026-09-23,2026-09-19 12:02:09.196669+00:00,31.6,18.3,0.0,0,12.2,24.1,45,open-meteo
Tnine Lgharbia,Morocco,32.5719,-8.8569,2026-09-24,2026-09-19 12:02:09.196669+00:00,29.6,17.9,0.0,0,15.0,28.4,45,open-meteo
Tnine Lgharbia,Morocco,32.5719,-8.8569,2026-09-25,2026-09-19 12:02:09.196669+00:00,27.2,19.3,0.0,0,15.9,30.6,3,open-meteo
Arbi’a Tighadwiyn,Morocco,31.4279,-7.5253,2026-09-19,2026-09-19 12:02:09.285606+00:00,32.2,18.8,3.7,53,22.8,48.6,81,open-meteo
Arbi’a Tighadwiyn,Morocco,31.4279,-7.5253,2026-09-20,2026-09-19 12:02:09.285606+00:00,31.6,22.5,0.5,35,17.9,36.0,80,open-meteo
Arbi’a Tighadwiyn,Morocco,31.4279,-7.5253,2026-09-21,2026-09-19 12:02:09.285606+00:00,31.6,21.5,0.0,10,19.8,40.0,3,open-meteo
Arbi’a Tighadwiyn,Morocco,31.4279,-7.5253,2026-09-22,2026-09-19 12:02:09.285606+00:00,31.8,21.1,0.0,3,21.3,41.8,1,open-meteo
Arbi’a Tighadwiyn,Morocco,31.4279,-7.5253,2026-09-23,2026-09-19 12:02:09.285606+00:00,31.7,19.5,0.0,3,17.8,36.4,0,open-meteo
Arbi’a Tighadwiyn,Morocco,31.4279,-7.5253,2026-09-24,2026-09-19 12:02:09.285606+00:00,32.6,21.9,0.0,15,18.1,36.7,0,open-meteo
Arbi’a Tighadwiyn,Morocco,31.4279,-7.5253,2026-09-25,2026-09-19 12:02:09.285606+00:00,30.3,19.1,0.9,32,9.9,20.5,80,open-meteo
Sidi Allal Tazi,Morocco,34.5197,-6.3236,2026-09-19,2026-09-19 12:02:09.376961+00:00,34.7,17.6,0.0,0,17.8,35.3,45,open-meteo
Sidi Allal Tazi,Morocco,34.5197,-6.3236,2026-09-20,2026-09-19 12:02:09.376961+00:00,36.8,22.9,0.0,0,24.3,44.6,0,open-meteo
Sidi Allal Tazi,Morocco,34.5197,-6.3236,2026-09-21,2026-09-19 12:02:09.376961+00:00,36.2,21.3,0.0,0,18.1,33.8,0,open-meteo
Sidi Allal Tazi,Morocco,34.5197,-6.3236,2026-09-22,2026-09-19 12:02:09.376961+00:00,35.9,20.0,0.0,0,17.0,32.8,0,open-meteo
Sidi Allal Tazi,Morocco,34.5197,-6.3236,2026-09-23,2026-09-19 12:02:09.376961+00:00,32.9,17.9,0.0,0,18.2,36.0,0,open-meteo
Sidi Allal Tazi,Morocco,34.5197,-6.3236,2026-09-24,2026-09-19 12:02:09.376961+00:00,29.3,17.1,0.0,0,13.8,25.9,45,open-meteo
Sidi Allal Tazi,Morocco,34.5197,-6.3236,2026-09-25,2026-09-19 12:02:09.376961+00:00,26.7,19.9,0.0,0,13.0,24.5,45,open-meteo
Tlet Ighoud,Morocco,31.8586,-8.8842,2026-09-19,2026-09-19 12:02:09.474835+00:00,35.6,20.7,0.0,0,14.8,25.9,2,open-meteo
Tlet Ighoud,Morocco,31.8586,-8.8842,2026-09-20,2026-09-19 12:02:09.474835+00:00,35.6,24.2,0.0,0,18.7,31.7,2,open-meteo
Tlet Ighoud,Morocco,31.8586,-8.8842,2026-09-21,2026-09-19 12:02:09.474835+00:00,37.7,23.9,0.0,0,18.5,31.7,3,open-meteo
Tlet Ighoud,Morocco,31.8586,-8.8842,2026-09-22,2026-09-19 12:02:09.474835+00:00,37.5,22.3,0.0,0,19.0,34.9,0,open-meteo
Tlet Ighoud,Morocco,31.8586,-8.8842,2026-09-23,2026-09-19 12:02:09.474835+00:00,36.5,20.5,0.0,0,17.2,29.5,0,open-meteo
Tlet Ighoud,Morocco,31.8586,-8.8842,2026-09-24,2026-09-19 12:02:09.474835+00:00,35.8,20.0,0.0,0,22.0,38.5,3,open-meteo
Tlet Ighoud,Morocco,31.8586,-8.8842,2026-09-25,2026-09-19 12:02:09.474835+00:00,31.5,20.1,0.0,0,23.4,40.7,3,open-meteo
Imouzzer Kandar,Morocco,33.73,-5.01,2026-09-19,2026-09-19 12:02:09.819323+00:00,27.1,17.6,0.7,48,19.8,42.8,80,open-meteo
Imouzzer Kandar,Morocco,33.73,-5.01,2026-09-20,2026-09-19 12:02:09.819323+00:00,28.5,17.9,0.0,0,19.0,40.0,1,open-meteo
Imouzzer Kandar,Morocco,33.73,-5.01,2026-09-21,2026-09-19 12:02:09.819323+00:00,27.5,17.8,0.0,0,19.4,39.6,1,open-meteo
Imouzzer Kandar,Morocco,33.73,-5.01,2026-09-22,2026-09-19 12:02:09.819323+00:00,26.3,16.6,0.0,0,18.9,38.5,0,open-meteo
Imouzzer Kandar,Morocco,33.73,-5.01,2026-09-23,2026-09-19 12:02:09.819323+00:00,27.7,16.4,0.0,0,15.5,31.0,0,open-meteo
Imouzzer Kandar,Morocco,33.73,-5.01,2026-09-24,2026-09-19 12:02:09.819323+00:00,28.4,18.4,0.0,0,17.9,35.6,2,open-meteo
Imouzzer Kandar,Morocco,33.73,-5.01,2026-09-25,2026-09-19 12:02:09.819323+00:00,27.0,17.9,0.0,0,19.5,37.8,3,open-meteo
Station des Essais M.V.A.,Morocco,34.9134,-2.5117,2026-09-19,2026-09-19 12:02:09.908399+00:00,27.7,21.2,0.0,3,25.2,45.4,45,open-meteo
Station des Essais M.V.A.,Morocco,34.9134,-2.5117,2026-09-20,2026-09-19 12:02:09.908399+00:00,29.1,21.7,0.0,0,24.8,43.2,45,open-meteo
Station des Essais M.V.A.,Morocco,34.9134,-2.5117,2026-09-21,2026-09-19 12:02:09.908399+00:00,28.0,20.4,0.0,10,23.5,41.8,3,open-meteo
Station des Essais M.V.A.,Morocco,34.9134,-2.5117,2026-09-22,2026-09-19 12:02:09.908399+00:00,28.3,17.1,0.0,0,20.7,38.2,45,open-meteo
Station des Essais M.V.A.,Morocco,34.9134,-2.5117,2026-09-23,2026-09-19 12:02:09.908399+00:00,28.8,18.6,0.0,0,19.1,34.6,45,open-meteo
Station des Essais M.V.A.,Morocco,34.9134,-2.5117,2026-09-24,2026-09-19 12:02:09.908399+00:00,30.3,17.5,0.0,0,16.6,31.7,1,open-meteo
Station des Essais M.V.A.,Morocco,34.9134,-2.5117,2026-09-25,2026-09-19 12:02:09.908399+00:00,31.6,19.5,0.0,0,13.4,26.6,3,open-meteo
Oualidia,Morocco,32.7314,-9.0339,2026-09-19,2026-09-19 12:02:09.993663+00:00,25.0,18.9,0.0,0,16.6,29.9,3,open-meteo
Oualidia,Morocco,32.7314,-9.0339,2026-09-20,2026-09-19 12:02:09.993663+00:00,25.2,19.9,0.0,0,10.9,19.8,45,open-meteo
Oualidia,Morocco,32.7314,-9.0339,2026-09-21,2026-09-19 12:02:09.993663+00:00,27.1,20.3,0.0,0,9.2,16.6,45,open-meteo
Oualidia,Morocco,32.7314,-9.0339,2026-09-22,2026-09-19 12:02:09.993663+00:00,24.6,19.5,0.0,0,9.6,19.4,45,open-meteo
Oualidia,Morocco,32.7314,-9.0339,2026-09-23,2026-09-19 12:02:09.993663+00:00,25.0,19.7,0.0,0,10.6,19.4,45,open-meteo
Oualidia,Morocco,32.7314,-9.0339,2026-09-24,2026-09-19 12:02:09.993663+00:00,25.0,19.0,0.0,0,12.0,22.3,45,open-meteo
Oualidia,Morocco,32.7314,-9.0339,2026-09-25,2026-09-19 12:02:09.993663+00:00,24.9,20.0,0.0,0,13.1,24.1,3,open-meteo
Boumia,Morocco,32.7167,-5.1,2026-09-19,2026-09-19 12:02:10.083332+00:00,26.6,14.0,0.8,48,26.1,60.5,80,open-meteo
Boumia,Morocco,32.7167,-5.1,2026-09-20,2026-09-19 12:02:10.083332+00:00,28.1,13.2,0.0,5,21.4,39.6,45,open-meteo
Boumia,Morocco,32.7167,-5.1,2026-09-21,2026-09-19 12:02:10.083332+00:00,28.2,14.3,0.0,0,27.3,47.9,45,open-meteo
Boumia,Morocco,32.7167,-5.1,2026-09-22,2026-09-19 12:02:10.083332+00:00,26.5,12.5,0.0,0,22.5,38.9,45,open-meteo
Boumia,Morocco,32.7167,-5.1,2026-09-23,2026-09-19 12:02:10.083332+00:00,27.5,12.9,0.0,0,16.3,29.2,1,open-meteo
Boumia,Morocco,32.7167,-5.1,2026-09-24,2026-09-19 12:02:10.083332+00:00,28.4,12.1,0.0,0,19.0,34.6,1,open-meteo
Boumia,Morocco,32.7167,-5.1,2026-09-25,2026-09-19 12:02:10.083332+00:00,28.3,12.3,0.0,5,19.5,38.5,3,open-meteo
Oulad Embarek,Morocco,32.2988,-6.4845,2026-09-19,2026-09-19 12:02:10.169375+00:00,37.5,21.0,0.0,3,13.0,27.0,3,open-meteo
Oulad Embarek,Morocco,32.2988,-6.4845,2026-09-20,2026-09-19 12:02:10.169375+00:00,38.8,22.6,0.0,3,18.0,34.6,3,open-meteo
Oulad Embarek,Morocco,32.2988,-6.4845,2026-09-21,2026-09-19 12:02:10.169375+00:00,37.3,22.8,0.0,3,13.6,25.6,3,open-meteo
Oulad Embarek,Morocco,32.2988,-6.4845,2026-09-22,2026-09-19 12:02:10.169375+00:00,37.1,22.3,0.0,0,11.1,20.5,2,open-meteo
Oulad Embarek,Morocco,32.2988,-6.4845,2026-09-23,2026-09-19 12:02:10.169375+00:00,37.5,20.6,0.0,0,11.6,21.2,0,open-meteo
Oulad Embarek,Morocco,32.2988,-6.4845,2026-09-24,2026-09-19 12:02:10.169375+00:00,36.6,25.9,0.0,3,17.2,32.0,1,open-meteo
Oulad Embarek,Morocco,32.2988,-6.4845,2026-09-25,2026-09-19 12:02:10.169375+00:00,34.1,24.5,0.0,8,11.1,24.5,3,open-meteo
Caidat Sidi Boubker El Haj,Morocco,34.9147,-6.0733,2026-09-19,2026-09-19 12:02:10.271443+00:00,34.7,19.3,0.0,0,13.0,26.3,1,open-meteo
Caidat Sidi Boubker El Haj,Morocco,34.9147,-6.0733,2026-09-20,2026-09-19 12:02:10.271443+00:00,36.0,22.6,0.0,0,15.9,31.3,1,open-meteo
Caidat Sidi Boubker El Haj,Morocco,34.9147,-6.0733,2026-09-21,2026-09-19 12:02:10.271443+00:00,35.3,22.7,0.0,0,15.8,31.7,0,open-meteo
Caidat Sidi Boubker El Haj,Morocco,34.9147,-6.0733,2026-09-22,2026-09-19 12:02:10.271443+00:00,34.2,20.3,0.0,0,15.1,31.0,0,open-meteo
Caidat Sidi Boubker El Haj,Morocco,34.9147,-6.0733,2026-09-23,2026-09-19 12:02:10.271443+00:00,34.1,20.4,0.0,0,16.8,35.3,0,open-meteo
Caidat Sidi Boubker El Haj,Morocco,34.9147,-6.0733,2026-09-24,2026-09-19 12:02:10.271443+00:00,31.5,18.1,0.0,0,16.5,31.3,45,open-meteo
Caidat Sidi Boubker El Haj,Morocco,34.9147,-6.0733,2026-09-25,2026-09-19 12:02:10.271443+00:00,27.2,19.4,0.0,0,14.8,28.8,45,open-meteo
Awlouz,Morocco,30.7,-8.15,2026-09-19,2026-09-19 12:02:10.357617+00:00,35.6,20.3,0.0,5,17.4,31.7,3,open-meteo
Awlouz,Morocco,30.7,-8.15,2026-09-20,2026-09-19 12:02:10.357617+00:00,36.2,23.2,0.0,5,18.4,46.4,3,open-meteo
Awlouz,Morocco,30.7,-8.15,2026-09-21,2026-09-19 12:02:10.357617+00:00,35.6,22.5,0.0,0,22.9,43.6,3,open-meteo
Awlouz,Morocco,30.7,-8.15,2026-09-22,2026-09-19 12:02:10.357617+00:00,36.3,21.6,0.0,0,20.4,38.5,1,open-meteo
Awlouz,Morocco,30.7,-8.15,2026-09-23,2026-09-19 12:02:10.357617+00:00,36.1,20.4,0.0,3,20.7,35.3,0,open-meteo
Awlouz,Morocco,30.7,-8.15,2026-09-24,2026-09-19 12:02:10.357617+00:00,36.2,23.1,0.0,0,28.5,51.5,3,open-meteo
Awlouz,Morocco,30.7,-8.15,2026-09-25,2026-09-19 12:02:10.357617+00:00,33.6,20.8,0.0,3,23.4,45.0,3,open-meteo
Amizmiz,Morocco,31.21,-8.25,2026-09-19,2026-09-19 12:02:10.454494+00:00,30.9,18.5,0.0,20,18.4,33.1,2,open-meteo
Amizmiz,Morocco,31.21,-8.25,2026-09-20,2026-09-19 12:02:10.454494+00:00,31.4,21.8,0.3,25,20.6,36.7,3,open-meteo
Amizmiz,Morocco,31.21,-8.25,2026-09-21,2026-09-19 12:02:10.454494+00:00,32.3,21.4,0.0,5,19.1,33.1,3,open-meteo
Amizmiz,Morocco,31.21,-8.25,2026-09-22,2026-09-19 12:02:10.454494+00:00,32.6,20.3,0.0,0,19.4,33.8,1,open-meteo
Amizmiz,Morocco,31.21,-8.25,2026-09-23,2026-09-19 12:02:10.454494+00:00,32.4,19.2,0.0,3,16.4,29.5,0,open-meteo
Amizmiz,Morocco,31.21,-8.25,2026-09-24,2026-09-19 12:02:10.454494+00:00,31.9,21.1,0.0,0,19.1,34.6,2,open-meteo
Amizmiz,Morocco,31.21,-8.25,2026-09-25,2026-09-19 12:02:10.454494+00:00,30.0,17.6,0.0,5,15.6,28.4,3,open-meteo
Chouafaa,Morocco,34.9468,-6.1667,2026-09-19,2026-09-19 12:02:10.542107+00:00,32.8,18.1,0.0,0,14.5,27.7,1,open-meteo
Chouafaa,Morocco,34.9468,-6.1667,2026-09-20,2026-09-19 12:02:10.542107+00:00,34.5,21.7,0.0,0,16.9,32.8,1,open-meteo
Chouafaa,Morocco,34.9468,-6.1667,2026-09-21,2026-09-19 12:02:10.542107+00:00,33.4,21.4,0.0,0,17.9,34.6,1,open-meteo
Chouafaa,Morocco,34.9468,-6.1667,2026-09-22,2026-09-19 12:02:10.542107+00:00,33.2,18.6,0.0,0,17.4,33.1,0,open-meteo
Chouafaa,Morocco,34.9468,-6.1667,2026-09-23,2026-09-19 12:02:10.542107+00:00,33.6,18.5,0.0,0,19.1,36.4,0,open-meteo
Chouafaa,Morocco,34.9468,-6.1667,2026-09-24,2026-09-19 12:02:10.542107+00:00,32.6,18.0,0.0,0,14.3,28.8,45,open-meteo
Chouafaa,Morocco,34.9468,-6.1667,2026-09-25,2026-09-19 12:02:10.542107+00:00,27.2,18.3,0.0,0,13.5,26.3,45,open-meteo
Tighedouine,Morocco,31.4236,-7.5208,2026-09-19,2026-09-19 12:02:10.630541+00:00,31.7,18.3,3.7,53,22.8,48.6,81,open-meteo
Tighedouine,Morocco,31.4236,-7.5208,2026-09-20,2026-09-19 12:02:10.630541+00:00,31.0,21.9,0.5,35,17.9,36.0,80,open-meteo
Tighedouine,Morocco,31.4236,-7.5208,2026-09-21,2026-09-19 12:02:10.630541+00:00,31.1,21.0,0.0,10,19.8,40.0,3,open-meteo
Tighedouine,Morocco,31.4236,-7.5208,2026-09-22,2026-09-19 12:02:10.630541+00:00,31.3,20.6,0.0,3,21.3,41.8,1,open-meteo
Tighedouine,Morocco,31.4236,-7.5208,2026-09-23,2026-09-19 12:02:10.630541+00:00,31.1,18.9,0.0,3,17.8,36.4,0,open-meteo
Tighedouine,Morocco,31.4236,-7.5208,2026-09-24,2026-09-19 12:02:10.630541+00:00,32.0,21.4,0.0,15,18.1,36.7,0,open-meteo
Tighedouine,Morocco,31.4236,-7.5208,2026-09-25,2026-09-19 12:02:10.630541+00:00,29.7,18.5,0.9,32,9.9,20.5,80,open-meteo
Ait Ben Daoudi,Morocco,31.6345,-7.644,2026-09-19,2026-09-19 12:02:10.716567+00:00,35.7,19.9,0.0,18,18.8,55.4,3,open-meteo
Ait Ben Daoudi,Morocco,31.6345,-7.644,2026-09-20,2026-09-19 12:02:10.716567+00:00,36.4,22.4,0.2,23,13.0,26.6,3,open-meteo
Ait Ben Daoudi,Morocco,31.6345,-7.644,2026-09-21,2026-09-19 12:02:10.716567+00:00,36.3,22.1,0.0,3,16.0,30.2,3,open-meteo
Ait Ben Daoudi,Morocco,31.6345,-7.644,2026-09-22,2026-09-19 12:02:10.716567+00:00,36.0,21.2,0.0,0,16.9,32.0,2,open-meteo
Ait Ben Daoudi,Morocco,31.6345,-7.644,2026-09-23,2026-09-19 12:02:10.716567+00:00,35.9,19.4,0.0,3,15.3,28.8,0,open-meteo
Ait Ben Daoudi,Morocco,31.6345,-7.644,2026-09-24,2026-09-19 12:02:10.716567+00:00,36.3,20.1,0.0,3,14.3,27.7,1,open-meteo
Ait Ben Daoudi,Morocco,31.6345,-7.644,2026-09-25,2026-09-19 12:02:10.716567+00:00,33.5,20.4,0.0,0,11.6,23.0,3,open-meteo
Alnif,Morocco,31.1183,-5.1135,2026-09-19,2026-09-19 12:02:10.811483+00:00,30.3,21.4,2.2,43,20.9,38.2,95,open-meteo
Alnif,Morocco,31.1183,-5.1135,2026-09-20,2026-09-19 12:02:10.811483+00:00,30.1,20.4,0.2,18,9.2,21.2,3,open-meteo
Alnif,Morocco,31.1183,-5.1135,2026-09-21,2026-09-19 12:02:10.811483+00:00,32.8,21.1,1.9,30,13.6,22.7,95,open-meteo
Alnif,Morocco,31.1183,-5.1135,2026-09-22,2026-09-19 12:02:10.811483+00:00,31.0,20.5,0.0,5,11.5,21.6,2,open-meteo
Alnif,Morocco,31.1183,-5.1135,2026-09-23,2026-09-19 12:02:10.811483+00:00,31.0,20.7,0.0,3,12.3,22.0,2,open-meteo
Alnif,Morocco,31.1183,-5.1135,2026-09-24,2026-09-19 12:02:10.811483+00:00,31.4,21.3,0.0,3,11.6,20.5,2,open-meteo
Alnif,Morocco,31.1183,-5.1135,2026-09-25,2026-09-19 12:02:10.811483+00:00,29.7,21.7,0.9,10,17.1,26.6,80,open-meteo
Karia Ba Mohamed,Morocco,34.3667,-5.2,2026-09-19,2026-09-19 12:02:10.898540+00:00,35.6,22.5,0.0,0,23.5,42.1,1,open-meteo
Karia Ba Mohamed,Morocco,34.3667,-5.2,2026-09-20,2026-09-19 12:02:10.898540+00:00,36.7,23.9,0.0,0,20.8,37.4,1,open-meteo
Karia Ba Mohamed,Morocco,34.3667,-5.2,2026-09-21,2026-09-19 12:02:10.898540+00:00,35.8,23.7,0.0,0,15.7,29.5,1,open-meteo
Karia Ba Mohamed,Morocco,34.3667,-5.2,2026-09-22,2026-09-19 12:02:10.898540+00:00,35.2,21.8,0.0,0,14.1,28.1,0,open-meteo
Karia Ba Mohamed,Morocco,34.3667,-5.2,2026-09-23,2026-09-19 12:02:10.898540+00:00,36.3,22.1,0.0,0,9.2,19.8,0,open-meteo
Karia Ba Mohamed,Morocco,34.3667,-5.2,2026-09-24,2026-09-19 12:02:10.898540+00:00,37.1,21.1,0.0,0,12.7,25.2,1,open-meteo
Karia Ba Mohamed,Morocco,34.3667,-5.2,2026-09-25,2026-09-19 12:02:10.898540+00:00,33.5,19.0,0.0,0,16.9,32.8,45,open-meteo
Saka,Morocco,34.6167,-3.4167,2026-09-19,2026-09-19 12:02:10.992600+00:00,26.7,17.4,0.0,5,22.9,37.1,3,open-meteo
Saka,Morocco,34.6167,-3.4167,2026-09-20,2026-09-19 12:02:10.992600+00:00,27.5,19.4,0.0,0,27.1,43.2,3,open-meteo
Saka,Morocco,34.6167,-3.4167,2026-09-21,2026-09-19 12:02:10.992600+00:00,25.1,17.2,0.0,0,23.3,36.7,3,open-meteo
Saka,Morocco,34.6167,-3.4167,2026-09-22,2026-09-19 12:02:10.992600+00:00,27.8,14.4,0.0,0,14.4,27.0,0,open-meteo
Saka,Morocco,34.6167,-3.4167,2026-09-23,2026-09-19 12:02:10.992600+00:00,28.8,16.9,0.0,0,19.0,30.2,0,open-meteo
Saka,Morocco,34.6167,-3.4167,2026-09-24,2026-09-19 12:02:10.992600+00:00,32.5,18.7,0.0,0,15.1,26.3,0,open-meteo
Saka,Morocco,34.6167,-3.4167,2026-09-25,2026-09-19 12:02:10.992600+00:00,32.8,20.9,0.0,0,12.3,31.0,3,open-meteo
Sidi Abdel Aziz,Morocco,33.0102,-8.6482,2026-09-19,2026-09-19 12:02:11.080182+00:00,28.4,18.4,0.0,0,16.6,31.0,45,open-meteo
Sidi Abdel Aziz,Morocco,33.0102,-8.6482,2026-09-20,2026-09-19 12:02:11.080182+00:00,29.0,19.6,0.0,0,14.2,26.6,45,open-meteo
Sidi Abdel Aziz,Morocco,33.0102,-8.6482,2026-09-21,2026-09-19 12:02:11.080182+00:00,31.6,20.0,0.0,0,13.2,24.5,45,open-meteo
Sidi Abdel Aziz,Morocco,33.0102,-8.6482,2026-09-22,2026-09-19 12:02:11.080182+00:00,27.9,19.5,0.0,0,13.9,25.9,45,open-meteo
Sidi Abdel Aziz,Morocco,33.0102,-8.6482,2026-09-23,2026-09-19 12:02:11.080182+00:00,29.2,19.8,0.0,0,13.7,25.2,45,open-meteo
Sidi Abdel Aziz,Morocco,33.0102,-8.6482,2026-09-24,2026-09-19 12:02:11.080182+00:00,27.1,18.6,0.0,0,13.9,27.0,45,open-meteo
Sidi Abdel Aziz,Morocco,33.0102,-8.6482,2026-09-25,2026-09-19 12:02:11.080182+00:00,25.9,19.2,0.0,0,14.1,27.7,45,open-meteo
Outat Oulad Al Haj,Morocco,33.3335,-3.7077,2026-09-19,2026-09-19 12:02:11.184251+00:00,30.2,18.4,1.1,50,21.5,37.4,80,open-meteo
Outat Oulad Al Haj,Morocco,33.3335,-3.7077,2026-09-20,2026-09-19 12:02:11.184251+00:00,30.2,17.5,0.0,50,37.6,58.7,3,open-meteo
Outat Oulad Al Haj,Morocco,33.3335,-3.7077,2026-09-21,2026-09-19 12:02:11.184251+00:00,28.4,18.7,0.0,0,35.3,54.4,45,open-meteo
Outat Oulad Al Haj,Morocco,33.3335,-3.7077,2026-09-22,2026-09-19 12:02:11.184251+00:00,29.2,15.2,0.0,0,25.6,39.6,3,open-meteo
Outat Oulad Al Haj,Morocco,33.3335,-3.7077,2026-09-23,2026-09-19 12:02:11.184251+00:00,31.7,15.6,0.0,0,24.7,38.5,1,open-meteo
Outat Oulad Al Haj,Morocco,33.3335,-3.7077,2026-09-24,2026-09-19 12:02:11.184251+00:00,32.8,19.3,0.0,0,19.5,32.0,2,open-meteo
Outat Oulad Al Haj,Morocco,33.3335,-3.7077,2026-09-25,2026-09-19 12:02:11.184251+00:00,33.1,21.0,0.2,0,20.5,33.1,3,open-meteo
Sidi Rahal,Morocco,33.4774,-7.9364,2026-09-19,2026-09-19 12:02:11.267720+00:00,26.7,19.2,0.0,0,15.5,30.6,45,open-meteo
Sidi Rahal,Morocco,33.4774,-7.9364,2026-09-20,2026-09-19 12:02:11.267720+00:00,30.0,20.0,0.0,0,15.1,29.5,45,open-meteo
Sidi Rahal,Morocco,33.4774,-7.9364,2026-09-21,2026-09-19 12:02:11.267720+00:00,28.3,20.6,0.0,0,13.0,26.6,45,open-meteo
Sidi Rahal,Morocco,33.4774,-7.9364,2026-09-22,2026-09-19 12:02:11.267720+00:00,28.1,19.7,0.0,0,13.7,26.6,45,open-meteo
Sidi Rahal,Morocco,33.4774,-7.9364,2026-09-23,2026-09-19 12:02:11.267720+00:00,28.0,19.8,0.0,0,12.8,26.3,45,open-meteo
Sidi Rahal,Morocco,33.4774,-7.9364,2026-09-24,2026-09-19 12:02:11.267720+00:00,29.2,18.0,0.0,0,14.7,28.4,45,open-meteo
Sidi Rahal,Morocco,33.4774,-7.9364,2026-09-25,2026-09-19 12:02:11.267720+00:00,26.2,19.8,0.0,0,14.5,28.4,45,open-meteo
Tamallalt,Morocco,31.8288,-7.5262,2026-09-19,2026-09-19 12:02:11.358781+00:00,35.6,19.9,0.0,5,16.7,29.5,3,open-meteo
Tamallalt,Morocco,31.8288,-7.5262,2026-09-20,2026-09-19 12:02:11.358781+00:00,37.0,22.5,0.4,20,20.2,36.4,80,open-meteo
Tamallalt,Morocco,31.8288,-7.5262,2026-09-21,2026-09-19 12:02:11.358781+00:00,36.8,22.2,0.0,5,17.3,31.0,2,open-meteo
Tamallalt,Morocco,31.8288,-7.5262,2026-09-22,2026-09-19 12:02:11.358781+00:00,36.5,21.4,0.0,0,16.0,28.8,1,open-meteo
Tamallalt,Morocco,31.8288,-7.5262,2026-09-23,2026-09-19 12:02:11.358781+00:00,36.5,19.8,0.0,0,13.8,24.5,0,open-meteo
Tamallalt,Morocco,31.8288,-7.5262,2026-09-24,2026-09-19 12:02:11.358781+00:00,36.6,23.3,0.0,3,18.5,33.5,3,open-meteo
Tamallalt,Morocco,31.8288,-7.5262,2026-09-25,2026-09-19 12:02:11.358781+00:00,33.7,22.5,0.0,13,19.5,31.3,3,open-meteo
El Gara,Morocco,33.2819,-7.2319,2026-09-19,2026-09-19 12:02:11.443979+00:00,33.1,15.8,0.0,0,16.0,31.0,2,open-meteo
El Gara,Morocco,33.2819,-7.2319,2026-09-20,2026-09-19 12:02:11.443979+00:00,36.1,19.1,0.0,0,18.8,36.4,1,open-meteo
El Gara,Morocco,33.2819,-7.2319,2026-09-21,2026-09-19 12:02:11.443979+00:00,35.8,19.2,0.0,0,19.5,37.4,2,open-meteo
El Gara,Morocco,33.2819,-7.2319,2026-09-22,2026-09-19 12:02:11.443979+00:00,35.3,18.5,0.0,0,18.3,36.0,0,open-meteo
El Gara,Morocco,33.2819,-7.2319,2026-09-23,2026-09-19 12:02:11.443979+00:00,34.7,17.3,0.0,0,17.4,34.6,0,open-meteo
El Gara,Morocco,33.2819,-7.2319,2026-09-24,2026-09-19 12:02:11.443979+00:00,35.8,16.4,0.0,0,20.2,37.8,3,open-meteo
El Gara,Morocco,33.2819,-7.2319,2026-09-25,2026-09-19 12:02:11.443979+00:00,29.7,17.9,0.0,3,17.0,32.4,3,open-meteo
Douar Lamrabih,Morocco,34.4759,-5.4445,2026-09-19,2026-09-19 12:02:11.529154+00:00,36.9,22.0,0.0,0,21.1,38.2,1,open-meteo
Douar Lamrabih,Morocco,34.4759,-5.4445,2026-09-20,2026-09-19 12:02:11.529154+00:00,37.5,25.2,0.0,0,20.9,39.6,0,open-meteo
Douar Lamrabih,Morocco,34.4759,-5.4445,2026-09-21,2026-09-19 12:02:11.529154+00:00,36.7,25.2,0.0,0,17.4,33.5,0,open-meteo
Douar Lamrabih,Morocco,34.4759,-5.4445,2026-09-22,2026-09-19 12:02:11.529154+00:00,36.2,23.7,0.0,0,16.1,32.8,0,open-meteo
Douar Lamrabih,Morocco,34.4759,-5.4445,2026-09-23,2026-09-19 12:02:11.529154+00:00,36.9,22.0,0.0,0,10.8,23.0,0,open-meteo
Douar Lamrabih,Morocco,34.4759,-5.4445,2026-09-24,2026-09-19 12:02:11.529154+00:00,37.2,19.8,0.0,0,15.6,27.4,2,open-meteo
Douar Lamrabih,Morocco,34.4759,-5.4445,2026-09-25,2026-09-19 12:02:11.529154+00:00,33.2,19.6,0.0,3,16.4,32.4,45,open-meteo
Sidi Jaber,Morocco,32.3534,-6.4336,2026-09-19,2026-09-19 12:02:11.616734+00:00,37.5,20.6,0.0,3,12.8,24.5,3,open-meteo
Sidi Jaber,Morocco,32.3534,-6.4336,2026-09-20,2026-09-19 12:02:11.616734+00:00,38.9,21.9,0.0,5,15.0,27.7,3,open-meteo
Sidi Jaber,Morocco,32.3534,-6.4336,2026-09-21,2026-09-19 12:02:11.616734+00:00,37.4,22.5,0.0,3,13.8,26.3,3,open-meteo
Sidi Jaber,Morocco,32.3534,-6.4336,2026-09-22,2026-09-19 12:02:11.616734+00:00,37.1,22.2,0.0,0,10.3,19.8,2,open-meteo
Sidi Jaber,Morocco,32.3534,-6.4336,2026-09-23,2026-09-19 12:02:11.616734+00:00,37.5,20.7,0.0,0,10.0,18.4,0,open-meteo
Sidi Jaber,Morocco,32.3534,-6.4336,2026-09-24,2026-09-19 12:02:11.616734+00:00,37.5,19.2,0.0,3,14.1,25.9,1,open-meteo
Sidi Jaber,Morocco,32.3534,-6.4336,2026-09-25,2026-09-19 12:02:11.616734+00:00,34.9,21.1,0.0,8,9.4,20.5,3,open-meteo
Sidi Chiker,Morocco,31.7453,-8.7069,2026-09-19,2026-09-19 12:02:11.703617+00:00,36.5,20.3,0.0,0,16.0,27.0,2,open-meteo
Sidi Chiker,Morocco,31.7453,-8.7069,2026-09-20,2026-09-19 12:02:11.703617+00:00,37.1,23.4,0.0,3,20.8,34.6,2,open-meteo
Sidi Chiker,Morocco,31.7453,-8.7069,2026-09-21,2026-09-19 12:02:11.703617+00:00,38.6,23.2,0.0,0,21.0,34.6,3,open-meteo
Sidi Chiker,Morocco,31.7453,-8.7069,2026-09-22,2026-09-19 12:02:11.703617+00:00,38.4,21.3,0.0,0,20.0,38.5,0,open-meteo
Sidi Chiker,Morocco,31.7453,-8.7069,2026-09-23,2026-09-19 12:02:11.703617+00:00,37.7,18.6,0.0,0,17.9,30.6,0,open-meteo
Sidi Chiker,Morocco,31.7453,-8.7069,2026-09-24,2026-09-19 12:02:11.703617+00:00,37.5,19.0,0.0,0,22.0,37.4,3,open-meteo
Sidi Chiker,Morocco,31.7453,-8.7069,2026-09-25,2026-09-19 12:02:11.703617+00:00,32.7,20.5,0.0,0,23.3,39.2,3,open-meteo
Tidili Masfiywat,Morocco,31.45,-7.6,2026-09-19,2026-09-19 12:02:11.789476+00:00,31.2,19.6,3.3,23,21.8,59.0,80,open-meteo
Tidili Masfiywat,Morocco,31.45,-7.6,2026-09-20,2026-09-19 12:02:11.789476+00:00,31.4,22.5,0.5,28,12.8,30.2,3,open-meteo
Tidili Masfiywat,Morocco,31.45,-7.6,2026-09-21,2026-09-19 12:02:11.789476+00:00,31.4,21.7,0.0,8,19.6,38.5,3,open-meteo
Tidili Masfiywat,Morocco,31.45,-7.6,2026-09-22,2026-09-19 12:02:11.789476+00:00,31.6,21.2,0.0,0,22.2,42.5,3,open-meteo
Tidili Masfiywat,Morocco,31.45,-7.6,2026-09-23,2026-09-19 12:02:11.789476+00:00,31.6,19.9,0.0,3,17.4,35.3,0,open-meteo
Tidili Masfiywat,Morocco,31.45,-7.6,2026-09-24,2026-09-19 12:02:11.789476+00:00,32.9,20.2,0.0,15,16.1,29.9,0,open-meteo
Tidili Masfiywat,Morocco,31.45,-7.6,2026-09-25,2026-09-19 12:02:11.789476+00:00,29.2,19.4,0.0,32,11.3,21.6,3,open-meteo
Afourar,Morocco,32.2083,-6.5403,2026-09-19,2026-09-19 12:02:11.872846+00:00,37.1,22.0,0.0,3,16.3,33.8,3,open-meteo
Afourar,Morocco,32.2083,-6.5403,2026-09-20,2026-09-19 12:02:11.872846+00:00,38.0,25.5,0.0,3,18.4,41.4,3,open-meteo
Afourar,Morocco,32.2083,-6.5403,2026-09-21,2026-09-19 12:02:11.872846+00:00,36.8,24.7,0.0,3,16.8,30.6,3,open-meteo
Afourar,Morocco,32.2083,-6.5403,2026-09-22,2026-09-19 12:02:11.872846+00:00,36.5,25.4,0.0,0,15.9,28.8,2,open-meteo
Afourar,Morocco,32.2083,-6.5403,2026-09-23,2026-09-19 12:02:11.872846+00:00,36.9,22.8,0.0,0,16.1,29.2,0,open-meteo
Afourar,Morocco,32.2083,-6.5403,2026-09-24,2026-09-19 12:02:11.872846+00:00,36.3,25.6,0.0,3,17.2,32.0,1,open-meteo
Afourar,Morocco,32.2083,-6.5403,2026-09-25,2026-09-19 12:02:11.872846+00:00,33.7,24.1,0.0,8,11.1,24.5,3,open-meteo
Oulad Fraj,Morocco,33.0196,-8.1809,2026-09-19,2026-09-19 12:02:11.963510+00:00,32.3,17.6,0.0,0,17.7,31.3,45,open-meteo
Oulad Fraj,Morocco,33.0196,-8.1809,2026-09-20,2026-09-19 12:02:11.963510+00:00,34.7,19.3,0.0,0,15.6,27.4,2,open-meteo
Oulad Fraj,Morocco,33.0196,-8.1809,2026-09-21,2026-09-19 12:02:11.963510+00:00,35.9,20.0,0.0,0,15.5,27.7,45,open-meteo
Oulad Fraj,Morocco,33.0196,-8.1809,2026-09-22,2026-09-19 12:02:11.963510+00:00,34.3,18.1,0.0,0,16.3,29.5,45,open-meteo
Oulad Fraj,Morocco,33.0196,-8.1809,2026-09-23,2026-09-19 12:02:11.963510+00:00,33.5,19.2,0.0,0,15.8,28.8,45,open-meteo
Oulad Fraj,Morocco,33.0196,-8.1809,2026-09-24,2026-09-19 12:02:11.963510+00:00,32.6,17.3,0.0,0,16.6,30.2,3,open-meteo
Oulad Fraj,Morocco,33.0196,-8.1809,2026-09-25,2026-09-19 12:02:11.963510+00:00,27.5,19.3,0.0,0,15.6,28.1,3,open-meteo
Tarhzirt,Morocco,32.4173,-6.15,2026-09-19,2026-09-19 12:02:12.053600+00:00,31.0,20.6,0.1,13,20.4,40.7,3,open-meteo
Tarhzirt,Morocco,32.4173,-6.15,2026-09-20,2026-09-19 12:02:12.053600+00:00,32.2,22.1,0.0,5,23.1,48.2,3,open-meteo
Tarhzirt,Morocco,32.4173,-6.15,2026-09-21,2026-09-19 12:02:12.053600+00:00,30.8,21.7,0.0,3,20.5,40.0,3,open-meteo
Tarhzirt,Morocco,32.4173,-6.15,2026-09-22,2026-09-19 12:02:12.053600+00:00,30.4,20.9,0.0,0,21.2,40.0,1,open-meteo
Tarhzirt,Morocco,32.4173,-6.15,2026-09-23,2026-09-19 12:02:12.053600+00:00,31.0,20.0,0.0,0,18.7,36.0,0,open-meteo
Tarhzirt,Morocco,32.4173,-6.15,2026-09-24,2026-09-19 12:02:12.053600+00:00,29.5,19.5,0.0,3,19.7,40.3,1,open-meteo
Tarhzirt,Morocco,32.4173,-6.15,2026-09-25,2026-09-19 12:02:12.053600+00:00,27.7,19.4,0.0,5,14.6,31.3,3,open-meteo
Bni Bouayach,Morocco,35.1056,-3.8503,2026-09-19,2026-09-19 12:02:12.139848+00:00,29.0,20.1,0.0,0,25.5,46.1,3,open-meteo
Bni Bouayach,Morocco,35.1056,-3.8503,2026-09-20,2026-09-19 12:02:12.139848+00:00,28.6,22.3,0.0,0,19.9,36.0,2,open-meteo
Bni Bouayach,Morocco,35.1056,-3.8503,2026-09-21,2026-09-19 12:02:12.139848+00:00,29.0,19.7,0.0,0,22.7,41.8,2,open-meteo
Bni Bouayach,Morocco,35.1056,-3.8503,2026-09-22,2026-09-19 12:02:12.139848+00:00,28.1,17.3,0.0,0,14.6,27.0,0,open-meteo
Bni Bouayach,Morocco,35.1056,-3.8503,2026-09-23,2026-09-19 12:02:12.139848+00:00,27.0,17.3,0.0,0,14.1,27.0,1,open-meteo
Bni Bouayach,Morocco,35.1056,-3.8503,2026-09-24,2026-09-19 12:02:12.139848+00:00,29.0,18.4,0.0,0,10.7,22.0,2,open-meteo
Bni Bouayach,Morocco,35.1056,-3.8503,2026-09-25,2026-09-19 12:02:12.139848+00:00,29.7,22.3,0.0,0,11.2,22.0,3,open-meteo
El Ksiba,Morocco,32.5681,-6.0308,2026-09-19,2026-09-19 12:02:12.230480+00:00,31.8,20.7,0.0,0,18.4,35.6,2,open-meteo
El Ksiba,Morocco,32.5681,-6.0308,2026-09-20,2026-09-19 12:02:12.230480+00:00,33.1,21.8,0.0,0,19.6,50.4,2,open-meteo
El Ksiba,Morocco,32.5681,-6.0308,2026-09-21,2026-09-19 12:02:12.230480+00:00,31.8,21.3,0.0,3,20.0,44.6,3,open-meteo
El Ksiba,Morocco,32.5681,-6.0308,2026-09-22,2026-09-19 12:02:12.230480+00:00,31.4,20.7,0.0,0,19.6,41.0,2,open-meteo
El Ksiba,Morocco,32.5681,-6.0308,2026-09-23,2026-09-19 12:02:12.230480+00:00,31.9,19.8,0.0,0,17.0,36.4,0,open-meteo
El Ksiba,Morocco,32.5681,-6.0308,2026-09-24,2026-09-19 12:02:12.230480+00:00,32.6,17.6,0.0,3,15.9,29.2,1,open-meteo
El Ksiba,Morocco,32.5681,-6.0308,2026-09-25,2026-09-19 12:02:12.230480+00:00,30.5,17.1,0.0,5,12.9,24.5,3,open-meteo
Had Zraqtane,Morocco,31.45,-7.4,2026-09-19,2026-09-19 12:02:12.316267+00:00,28.0,19.0,0.3,55,29.4,55.4,61,open-meteo
Had Zraqtane,Morocco,31.45,-7.4,2026-09-20,2026-09-19 12:02:12.316267+00:00,28.4,19.5,0.3,55,15.8,29.5,3,open-meteo
Had Zraqtane,Morocco,31.45,-7.4,2026-09-21,2026-09-19 12:02:12.316267+00:00,28.4,18.3,0.0,10,20.3,40.7,3,open-meteo
Had Zraqtane,Morocco,31.45,-7.4,2026-09-22,2026-09-19 12:02:12.316267+00:00,28.7,16.4,0.0,3,22.3,42.5,1,open-meteo
Had Zraqtane,Morocco,31.45,-7.4,2026-09-23,2026-09-19 12:02:12.316267+00:00,28.9,16.0,0.0,0,17.3,34.6,0,open-meteo
Had Zraqtane,Morocco,31.45,-7.4,2026-09-24,2026-09-19 12:02:12.316267+00:00,29.2,18.8,0.0,15,23.8,50.8,1,open-meteo
Had Zraqtane,Morocco,31.45,-7.4,2026-09-25,2026-09-19 12:02:12.316267+00:00,27.9,17.5,1.5,32,7.6,20.9,80,open-meteo
Tamri,Morocco,30.695,-9.825,2026-09-19,2026-09-19 12:02:12.404529+00:00,27.9,20.4,0.0,0,12.2,22.0,45,open-meteo
Tamri,Morocco,30.695,-9.825,2026-09-20,2026-09-19 12:02:12.404529+00:00,27.4,21.2,0.0,0,10.5,23.8,3,open-meteo
Tamri,Morocco,30.695,-9.825,2026-09-21,2026-09-19 12:02:12.404529+00:00,31.9,22.2,0.0,0,10.9,20.5,3,open-meteo
Tamri,Morocco,30.695,-9.825,2026-09-22,2026-09-19 12:02:12.404529+00:00,30.3,24.2,0.0,0,9.4,24.8,1,open-meteo
Tamri,Morocco,30.695,-9.825,2026-09-23,2026-09-19 12:02:12.404529+00:00,30.8,22.2,0.0,0,10.6,23.0,0,open-meteo
Tamri,Morocco,30.695,-9.825,2026-09-24,2026-09-19 12:02:12.404529+00:00,34.4,25.5,0.0,0,10.6,19.8,3,open-meteo
Tamri,Morocco,30.695,-9.825,2026-09-25,2026-09-19 12:02:12.404529+00:00,29.5,21.1,0.0,0,11.1,20.2,3,open-meteo
Jnane Bouih,Morocco,32.0308,-8.7894,2026-09-19,2026-09-19 12:02:12.495326+00:00,34.0,19.6,0.0,0,18.5,33.8,2,open-meteo
Jnane Bouih,Morocco,32.0308,-8.7894,2026-09-20,2026-09-19 12:02:12.495326+00:00,33.8,23.3,0.0,3,22.4,38.5,2,open-meteo
Jnane Bouih,Morocco,32.0308,-8.7894,2026-09-21,2026-09-19 12:02:12.495326+00:00,36.9,22.7,0.0,0,16.9,29.2,3,open-meteo
Jnane Bouih,Morocco,32.0308,-8.7894,2026-09-22,2026-09-19 12:02:12.495326+00:00,36.9,21.1,0.0,0,18.1,36.7,0,open-meteo
Jnane Bouih,Morocco,32.0308,-8.7894,2026-09-23,2026-09-19 12:02:12.495326+00:00,35.8,19.7,0.0,0,15.3,27.7,0,open-meteo
Jnane Bouih,Morocco,32.0308,-8.7894,2026-09-24,2026-09-19 12:02:12.495326+00:00,36.4,20.8,0.0,0,21.2,36.0,3,open-meteo
Jnane Bouih,Morocco,32.0308,-8.7894,2026-09-25,2026-09-19 12:02:12.495326+00:00,32.5,19.7,0.0,0,21.3,34.9,3,open-meteo
Imi n’Oulaoun,Morocco,31.4224,-6.5641,2026-09-19,2026-09-19 12:02:12.585728+00:00,16.2,9.0,1.5,93,14.8,34.6,80,open-meteo
Imi n’Oulaoun,Morocco,31.4224,-6.5641,2026-09-20,2026-09-19 12:02:12.585728+00:00,15.5,8.8,10.3,93,9.3,31.7,95,open-meteo
Imi n’Oulaoun,Morocco,31.4224,-6.5641,2026-09-21,2026-09-19 12:02:12.585728+00:00,16.7,10.2,0.1,63,19.5,65.5,3,open-meteo
Imi n’Oulaoun,Morocco,31.4224,-6.5641,2026-09-22,2026-09-19 12:02:12.585728+00:00,17.7,9.2,0.0,0,29.9,96.8,0,open-meteo
Imi n’Oulaoun,Morocco,31.4224,-6.5641,2026-09-23,2026-09-19 12:02:12.585728+00:00,18.4,9.4,0.0,3,15.5,40.0,1,open-meteo
Imi n’Oulaoun,Morocco,31.4224,-6.5641,2026-09-24,2026-09-19 12:02:12.585728+00:00,18.5,10.7,0.0,18,24.0,51.5,2,open-meteo
Imi n’Oulaoun,Morocco,31.4224,-6.5641,2026-09-25,2026-09-19 12:02:12.585728+00:00,15.4,10.1,4.8,33,8.0,38.9,80,open-meteo
Nzalat Laadam,Morocco,32.0806,-7.93,2026-09-19,2026-09-19 12:02:12.676248+00:00,36.4,20.2,0.0,0,18.9,32.4,2,open-meteo
Nzalat Laadam,Morocco,32.0806,-7.93,2026-09-20,2026-09-19 12:02:12.676248+00:00,36.6,23.3,0.0,13,22.4,38.5,2,open-meteo
Nzalat Laadam,Morocco,32.0806,-7.93,2026-09-21,2026-09-19 12:02:12.676248+00:00,38.1,22.2,0.0,0,23.2,43.6,3,open-meteo
Nzalat Laadam,Morocco,32.0806,-7.93,2026-09-22,2026-09-19 12:02:12.676248+00:00,37.0,21.6,0.0,0,16.3,28.1,3,open-meteo
Nzalat Laadam,Morocco,32.0806,-7.93,2026-09-23,2026-09-19 12:02:12.676248+00:00,37.0,19.2,0.0,0,14.4,25.6,0,open-meteo
Nzalat Laadam,Morocco,32.0806,-7.93,2026-09-24,2026-09-19 12:02:12.676248+00:00,37.3,21.2,0.0,0,21.3,34.2,2,open-meteo
Nzalat Laadam,Morocco,32.0806,-7.93,2026-09-25,2026-09-19 12:02:12.676248+00:00,34.5,20.7,0.0,0,19.3,31.3,3,open-meteo
Oulmes,Morocco,33.4167,-6.0167,2026-09-19,2026-09-19 12:02:12.762005+00:00,29.9,15.3,0.0,8,16.5,34.2,2,open-meteo
Oulmes,Morocco,33.4167,-6.0167,2026-09-20,2026-09-19 12:02:12.762005+00:00,31.6,17.0,0.0,3,21.1,44.6,2,open-meteo
Oulmes,Morocco,33.4167,-6.0167,2026-09-21,2026-09-19 12:02:12.762005+00:00,31.0,18.3,0.0,0,21.0,45.0,1,open-meteo
Oulmes,Morocco,33.4167,-6.0167,2026-09-22,2026-09-19 12:02:12.762005+00:00,30.1,16.2,0.0,0,16.9,36.4,1,open-meteo
Oulmes,Morocco,33.4167,-6.0167,2026-09-23,2026-09-19 12:02:12.762005+00:00,30.9,16.2,0.0,0,14.9,34.6,0,open-meteo
Oulmes,Morocco,33.4167,-6.0167,2026-09-24,2026-09-19 12:02:12.762005+00:00,31.8,14.0,0.0,0,17.3,33.8,1,open-meteo
Oulmes,Morocco,33.4167,-6.0167,2026-09-25,2026-09-19 12:02:12.762005+00:00,30.0,15.8,0.0,3,19.7,40.0,3,open-meteo
Tata,Morocco,29.7428,-7.9725,2026-09-19,2026-09-19 12:02:12.886711+00:00,35.2,27.5,0.0,0,33.2,51.5,3,open-meteo
Tata,Morocco,29.7428,-7.9725,2026-09-20,2026-09-19 12:02:12.886711+00:00,34.6,25.2,0.0,0,23.9,36.0,2,open-meteo
Tata,Morocco,29.7428,-7.9725,2026-09-21,2026-09-19 12:02:12.886711+00:00,37.3,26.6,0.0,0,29.4,44.6,3,open-meteo
Tata,Morocco,29.7428,-7.9725,2026-09-22,2026-09-19 12:02:12.886711+00:00,35.9,27.6,0.0,0,30.1,45.7,1,open-meteo
Tata,Morocco,29.7428,-7.9725,2026-09-23,2026-09-19 12:02:12.886711+00:00,34.7,26.2,0.0,3,22.6,36.7,1,open-meteo
Tata,Morocco,29.7428,-7.9725,2026-09-24,2026-09-19 12:02:12.886711+00:00,34.9,25.3,0.0,0,18.0,27.4,1,open-meteo
Tata,Morocco,29.7428,-7.9725,2026-09-25,2026-09-19 12:02:12.886711+00:00,33.3,25.7,0.6,0,16.6,35.3,3,open-meteo
Ait Bousarane,Morocco,31.7318,-7.0876,2026-09-19,2026-09-19 12:02:13.010268+00:00,31.6,18.2,0.0,10,16.3,31.0,3,open-meteo
Ait Bousarane,Morocco,31.7318,-7.0876,2026-09-20,2026-09-19 12:02:13.010268+00:00,32.7,21.8,0.2,15,17.4,33.8,3,open-meteo
Ait Bousarane,Morocco,31.7318,-7.0876,2026-09-21,2026-09-19 12:02:13.010268+00:00,31.8,20.6,0.0,3,17.7,34.2,2,open-meteo
Ait Bousarane,Morocco,31.7318,-7.0876,2026-09-22,2026-09-19 12:02:13.010268+00:00,31.9,20.2,0.0,0,16.2,32.0,2,open-meteo
Ait Bousarane,Morocco,31.7318,-7.0876,2026-09-23,2026-09-19 12:02:13.010268+00:00,32.3,17.8,0.0,0,16.8,32.8,0,open-meteo
Ait Bousarane,Morocco,31.7318,-7.0876,2026-09-24,2026-09-19 12:02:13.010268+00:00,32.4,19.2,0.0,5,17.1,32.8,3,open-meteo
Ait Bousarane,Morocco,31.7318,-7.0876,2026-09-25,2026-09-19 12:02:13.010268+00:00,29.2,18.2,0.0,15,13.6,29.2,3,open-meteo
Al Brouj,Morocco,32.5131,-7.1957,2026-09-19,2026-09-19 12:02:13.130352+00:00,36.5,20.2,0.0,0,15.3,28.8,2,open-meteo
Al Brouj,Morocco,32.5131,-7.1957,2026-09-20,2026-09-19 12:02:13.130352+00:00,37.6,22.5,0.0,3,20.9,37.1,2,open-meteo
Al Brouj,Morocco,32.5131,-7.1957,2026-09-21,2026-09-19 12:02:13.130352+00:00,37.0,21.0,0.0,0,17.3,34.9,3,open-meteo
Al Brouj,Morocco,32.5131,-7.1957,2026-09-22,2026-09-19 12:02:13.130352+00:00,36.5,19.8,0.0,0,12.6,27.7,1,open-meteo
Al Brouj,Morocco,32.5131,-7.1957,2026-09-23,2026-09-19 12:02:13.130352+00:00,36.7,19.4,0.0,0,10.6,27.7,0,open-meteo
Al Brouj,Morocco,32.5131,-7.1957,2026-09-24,2026-09-19 12:02:13.130352+00:00,36.5,17.8,0.0,3,17.2,29.5,3,open-meteo
Al Brouj,Morocco,32.5131,-7.1957,2026-09-25,2026-09-19 12:02:13.130352+00:00,33.3,18.8,0.0,3,15.9,29.5,3,open-meteo
Jdour,Morocco,32.1269,-8.7633,2026-09-19,2026-09-19 12:02:13.327960+00:00,32.9,18.0,0.0,0,17.0,34.9,2,open-meteo
Jdour,Morocco,32.1269,-8.7633,2026-09-20,2026-09-19 12:02:13.327960+00:00,32.5,21.6,0.0,0,18.9,38.5,2,open-meteo
Jdour,Morocco,32.1269,-8.7633,2026-09-21,2026-09-19 12:02:13.327960+00:00,35.7,22.4,0.0,0,15.2,30.2,3,open-meteo
Jdour,Morocco,32.1269,-8.7633,2026-09-22,2026-09-19 12:02:13.327960+00:00,35.7,19.0,0.0,0,17.7,37.8,0,open-meteo
Jdour,Morocco,32.1269,-8.7633,2026-09-23,2026-09-19 12:02:13.327960+00:00,34.4,18.0,0.0,0,15.1,30.6,1,open-meteo
Jdour,Morocco,32.1269,-8.7633,2026-09-24,2026-09-19 12:02:13.327960+00:00,34.4,17.5,0.0,0,17.9,36.7,3,open-meteo
Jdour,Morocco,32.1269,-8.7633,2026-09-25,2026-09-19 12:02:13.327960+00:00,28.8,17.8,0.0,0,18.6,37.4,3,open-meteo
Douar Ait Sidi Daoud,Morocco,31.6347,-7.6444,2026-09-19,2026-09-19 12:02:13.546410+00:00,35.7,19.9,0.0,18,18.8,55.4,3,open-meteo
Douar Ait Sidi Daoud,Morocco,31.6347,-7.6444,2026-09-20,2026-09-19 12:02:13.546410+00:00,36.4,22.4,0.2,23,13.0,26.6,3,open-meteo
Douar Ait Sidi Daoud,Morocco,31.6347,-7.6444,2026-09-21,2026-09-19 12:02:13.546410+00:00,36.3,22.1,0.0,3,16.0,30.2,3,open-meteo
Douar Ait Sidi Daoud,Morocco,31.6347,-7.6444,2026-09-22,2026-09-19 12:02:13.546410+00:00,36.0,21.2,0.0,0,16.9,32.0,2,open-meteo
Douar Ait Sidi Daoud,Morocco,31.6347,-7.6444,2026-09-23,2026-09-19 12:02:13.546410+00:00,35.9,19.4,0.0,3,15.3,28.8,0,open-meteo
Douar Ait Sidi Daoud,Morocco,31.6347,-7.6444,2026-09-24,2026-09-19 12:02:13.546410+00:00,36.3,20.1,0.0,3,14.3,27.7,1,open-meteo
Douar Ait Sidi Daoud,Morocco,31.6347,-7.6444,2026-09-25,2026-09-19 12:02:13.546410+00:00,33.5,20.4,0.0,0,11.6,23.0,3,open-meteo
Tamgrout,Morocco,30.2612,-5.682,2026-09-19,2026-09-19 12:02:13.689914+00:00,33.7,25.7,0.0,5,26.9,42.1,2,open-meteo
Tamgrout,Morocco,30.2612,-5.682,2026-09-20,2026-09-19 12:02:13.689914+00:00,34.2,23.4,0.0,5,14.5,27.4,3,open-meteo
Tamgrout,Morocco,30.2612,-5.682,2026-09-21,2026-09-19 12:02:13.689914+00:00,35.1,24.2,1.4,25,16.1,27.4,80,open-meteo
Tamgrout,Morocco,30.2612,-5.682,2026-09-22,2026-09-19 12:02:13.689914+00:00,34.4,25.6,0.0,5,11.2,20.2,2,open-meteo
Tamgrout,Morocco,30.2612,-5.682,2026-09-23,2026-09-19 12:02:13.689914+00:00,33.7,25.3,0.0,5,12.2,18.7,2,open-meteo
Tamgrout,Morocco,30.2612,-5.682,2026-09-24,2026-09-19 12:02:13.689914+00:00,34.1,23.5,0.2,3,15.9,24.1,3,open-meteo
Tamgrout,Morocco,30.2612,-5.682,2026-09-25,2026-09-19 12:02:13.689914+00:00,32.2,24.3,1.0,10,20.0,30.2,80,open-meteo
Laaouama,Morocco,35.7167,-5.8,2026-09-19,2026-09-19 12:02:13.888242+00:00,27.8,22.8,0.0,0,41.8,77.4,1,open-meteo
Laaouama,Morocco,35.7167,-5.8,2026-09-20,2026-09-19 12:02:13.888242+00:00,28.7,23.8,0.0,0,39.4,74.5,2,open-meteo
Laaouama,Morocco,35.7167,-5.8,2026-09-21,2026-09-19 12:02:13.888242+00:00,29.2,22.9,0.0,0,36.4,67.3,1,open-meteo
Laaouama,Morocco,35.7167,-5.8,2026-09-22,2026-09-19 12:02:13.888242+00:00,28.9,21.4,0.0,0,31.0,57.2,1,open-meteo
Laaouama,Morocco,35.7167,-5.8,2026-09-23,2026-09-19 12:02:13.888242+00:00,29.6,21.0,0.0,0,27.4,49.7,0,open-meteo
Laaouama,Morocco,35.7167,-5.8,2026-09-24,2026-09-19 12:02:13.888242+00:00,27.9,22.3,0.0,0,24.9,45.7,1,open-meteo
Laaouama,Morocco,35.7167,-5.8,2026-09-25,2026-09-19 12:02:13.888242+00:00,24.7,18.2,0.0,0,10.1,20.9,45,open-meteo
’Ali Ben Sliman,Morocco,31.9543,-7.1738,2026-09-19,2026-09-19 12:02:14.052226+00:00,35.9,18.9,0.0,3,16.7,32.0,2,open-meteo
’Ali Ben Sliman,Morocco,31.9543,-7.1738,2026-09-20,2026-09-19 12:02:14.052226+00:00,36.7,21.5,0.2,15,21.5,40.3,3,open-meteo
’Ali Ben Sliman,Morocco,31.9543,-7.1738,2026-09-21,2026-09-19 12:02:14.052226+00:00,36.4,20.8,0.0,0,15.3,28.4,2,open-meteo
’Ali Ben Sliman,Morocco,31.9543,-7.1738,2026-09-22,2026-09-19 12:02:14.052226+00:00,36.2,20.0,0.0,0,16.1,29.2,1,open-meteo
’Ali Ben Sliman,Morocco,31.9543,-7.1738,2026-09-23,2026-09-19 12:02:14.052226+00:00,36.1,18.6,0.0,0,14.3,26.3,0,open-meteo
’Ali Ben Sliman,Morocco,31.9543,-7.1738,2026-09-24,2026-09-19 12:02:14.052226+00:00,36.7,20.6,0.0,0,14.1,26.6,3,open-meteo
’Ali Ben Sliman,Morocco,31.9543,-7.1738,2026-09-25,2026-09-19 12:02:14.052226+00:00,33.8,20.1,0.0,0,13.4,24.8,3,open-meteo
Douar Lamjaara,Morocco,34.6147,-5.2886,2026-09-19,2026-09-19 12:02:14.137801+00:00,36.1,22.5,0.0,0,25.5,48.2,1,open-meteo
Douar Lamjaara,Morocco,34.6147,-5.2886,2026-09-20,2026-09-19 12:02:14.137801+00:00,36.6,24.8,0.0,0,19.0,36.4,2,open-meteo
Douar Lamjaara,Morocco,34.6147,-5.2886,2026-09-21,2026-09-19 12:02:14.137801+00:00,35.6,24.4,0.0,0,14.3,29.5,2,open-meteo
Douar Lamjaara,Morocco,34.6147,-5.2886,2026-09-22,2026-09-19 12:02:14.137801+00:00,35.0,21.2,0.0,0,12.2,24.5,0,open-meteo
Douar Lamjaara,Morocco,34.6147,-5.2886,2026-09-23,2026-09-19 12:02:14.137801+00:00,35.9,21.3,0.0,0,10.3,20.5,0,open-meteo
Douar Lamjaara,Morocco,34.6147,-5.2886,2026-09-24,2026-09-19 12:02:14.137801+00:00,37.1,20.9,0.0,0,11.6,24.5,2,open-meteo
Douar Lamjaara,Morocco,34.6147,-5.2886,2026-09-25,2026-09-19 12:02:14.137801+00:00,34.0,18.8,0.0,0,15.4,33.8,3,open-meteo
Agourai,Morocco,33.6333,-5.5833,2026-09-19,2026-09-19 12:02:14.229592+00:00,31.7,17.5,0.6,8,17.2,40.7,2,open-meteo
Agourai,Morocco,33.6333,-5.5833,2026-09-20,2026-09-19 12:02:14.229592+00:00,32.7,22.2,0.0,0,20.5,41.0,2,open-meteo
Agourai,Morocco,33.6333,-5.5833,2026-09-21,2026-09-19 12:02:14.229592+00:00,32.1,21.9,0.0,0,20.7,40.7,1,open-meteo
Agourai,Morocco,33.6333,-5.5833,2026-09-22,2026-09-19 12:02:14.229592+00:00,31.0,20.3,0.0,0,20.5,40.7,0,open-meteo
Agourai,Morocco,33.6333,-5.5833,2026-09-23,2026-09-19 12:02:14.229592+00:00,31.8,19.9,0.0,0,17.0,33.8,0,open-meteo
Agourai,Morocco,33.6333,-5.5833,2026-09-24,2026-09-19 12:02:14.229592+00:00,32.9,18.5,0.0,0,18.4,39.6,1,open-meteo
Agourai,Morocco,33.6333,-5.5833,2026-09-25,2026-09-19 12:02:14.229592+00:00,30.3,17.7,0.0,3,19.6,40.0,3,open-meteo
Mahbés,Morocco,27.4728,-8.9875,2026-09-19,2026-09-19 12:02:14.319370+00:00,34.7,19.4,0.0,0,25.7,37.4,0,open-meteo
Mahbés,Morocco,27.4728,-8.9875,2026-09-20,2026-09-19 12:02:14.319370+00:00,36.2,21.2,0.0,0,15.3,27.4,0,open-meteo
Mahbés,Morocco,27.4728,-8.9875,2026-09-21,2026-09-19 12:02:14.319370+00:00,38.0,24.9,0.0,0,18.0,31.0,0,open-meteo
Mahbés,Morocco,27.4728,-8.9875,2026-09-22,2026-09-19 12:02:14.319370+00:00,37.3,24.5,0.0,0,17.8,30.2,0,open-meteo
Mahbés,Morocco,27.4728,-8.9875,2026-09-23,2026-09-19 12:02:14.319370+00:00,37.9,24.8,0.0,0,23.5,40.3,1,open-meteo
Mahbés,Morocco,27.4728,-8.9875,2026-09-24,2026-09-19 12:02:14.319370+00:00,36.7,24.6,0.0,2,19.6,38.2,0,open-meteo
Mahbés,Morocco,27.4728,-8.9875,2026-09-25,2026-09-19 12:02:14.319370+00:00,36.4,24.3,0.0,4,14.5,29.5,1,open-meteo
Douar Ait Ouallal,Morocco,33.95,-5.3,2026-09-19,2026-09-19 12:02:14.405697+00:00,34.0,19.0,0.0,0,19.1,36.7,2,open-meteo
Douar Ait Ouallal,Morocco,33.95,-5.3,2026-09-20,2026-09-19 12:02:14.405697+00:00,35.2,19.4,0.0,0,14.5,28.8,1,open-meteo
Douar Ait Ouallal,Morocco,33.95,-5.3,2026-09-21,2026-09-19 12:02:14.405697+00:00,34.2,19.8,0.0,0,13.7,27.4,0,open-meteo
Douar Ait Ouallal,Morocco,33.95,-5.3,2026-09-22,2026-09-19 12:02:14.405697+00:00,32.9,18.7,0.0,0,13.2,26.6,0,open-meteo
Douar Ait Ouallal,Morocco,33.95,-5.3,2026-09-23,2026-09-19 12:02:14.405697+00:00,34.1,18.7,0.0,0,12.7,24.1,0,open-meteo
Douar Ait Ouallal,Morocco,33.95,-5.3,2026-09-24,2026-09-19 12:02:14.405697+00:00,35.6,17.7,0.0,0,16.8,31.7,2,open-meteo
Douar Ait Ouallal,Morocco,33.95,-5.3,2026-09-25,2026-09-19 12:02:14.405697+00:00,32.1,19.4,0.0,3,16.9,32.0,3,open-meteo
Laatatra,Morocco,32.6314,-8.4147,2026-09-19,2026-09-19 12:02:14.491666+00:00,33.6,16.6,0.0,0,19.1,33.8,3,open-meteo
Laatatra,Morocco,32.6314,-8.4147,2026-09-20,2026-09-19 12:02:14.491666+00:00,35.2,18.8,0.0,0,17.6,30.2,2,open-meteo
Laatatra,Morocco,32.6314,-8.4147,2026-09-21,2026-09-19 12:02:14.491666+00:00,37.8,19.6,0.0,0,17.8,31.7,3,open-meteo
Laatatra,Morocco,32.6314,-8.4147,2026-09-22,2026-09-19 12:02:14.491666+00:00,36.4,18.1,0.0,0,16.2,30.6,45,open-meteo
Laatatra,Morocco,32.6314,-8.4147,2026-09-23,2026-09-19 12:02:14.491666+00:00,35.8,18.3,0.0,0,13.8,27.7,45,open-meteo
Laatatra,Morocco,32.6314,-8.4147,2026-09-24,2026-09-19 12:02:14.491666+00:00,34.6,16.6,0.0,3,17.4,32.8,3,open-meteo
Laatatra,Morocco,32.6314,-8.4147,2026-09-25,2026-09-19 12:02:14.491666+00:00,29.4,18.4,0.0,3,18.1,33.5,45,open-meteo
Sidi Yakoub,Morocco,31.6667,-7.0667,2026-09-19,2026-09-19 12:02:14.579856+00:00,28.7,17.9,0.2,45,16.2,31.7,3,open-meteo
Sidi Yakoub,Morocco,31.6667,-7.0667,2026-09-20,2026-09-19 12:02:14.579856+00:00,29.6,20.4,0.3,25,17.1,36.7,3,open-meteo
Sidi Yakoub,Morocco,31.6667,-7.0667,2026-09-21,2026-09-19 12:02:14.579856+00:00,28.5,19.8,0.0,3,19.0,37.1,2,open-meteo
Sidi Yakoub,Morocco,31.6667,-7.0667,2026-09-22,2026-09-19 12:02:14.579856+00:00,29.0,18.8,0.0,0,19.6,37.4,2,open-meteo
Sidi Yakoub,Morocco,31.6667,-7.0667,2026-09-23,2026-09-19 12:02:14.579856+00:00,29.4,17.4,0.0,0,18.8,35.6,0,open-meteo
Sidi Yakoub,Morocco,31.6667,-7.0667,2026-09-24,2026-09-19 12:02:14.579856+00:00,29.8,20.3,0.0,5,22.4,46.1,3,open-meteo
Sidi Yakoub,Morocco,31.6667,-7.0667,2026-09-25,2026-09-19 12:02:14.579856+00:00,26.9,17.6,0.3,15,12.4,29.2,3,open-meteo
Moul El Bergui,Morocco,32.5113,-8.9849,2026-09-19,2026-09-19 12:02:14.667925+00:00,30.2,17.7,0.0,0,16.1,30.6,3,open-meteo
Moul El Bergui,Morocco,32.5113,-8.9849,2026-09-20,2026-09-19 12:02:14.667925+00:00,31.1,19.9,0.0,0,12.4,23.4,2,open-meteo
Moul El Bergui,Morocco,32.5113,-8.9849,2026-09-21,2026-09-19 12:02:14.667925+00:00,34.1,21.0,0.0,0,11.6,22.0,3,open-meteo
Moul El Bergui,Morocco,32.5113,-8.9849,2026-09-22,2026-09-19 12:02:14.667925+00:00,32.8,17.7,0.0,0,13.2,25.9,45,open-meteo
Moul El Bergui,Morocco,32.5113,-8.9849,2026-09-23,2026-09-19 12:02:14.667925+00:00,31.1,18.2,0.0,0,11.1,21.6,45,open-meteo
Moul El Bergui,Morocco,32.5113,-8.9849,2026-09-24,2026-09-19 12:02:14.667925+00:00,29.7,18.6,0.0,0,13.9,27.4,45,open-meteo
Moul El Bergui,Morocco,32.5113,-8.9849,2026-09-25,2026-09-19 12:02:14.667925+00:00,27.3,19.6,0.0,0,14.8,29.5,3,open-meteo
Malloussa,Morocco,35.7369,-5.6319,2026-09-19,2026-09-19 12:02:14.753397+00:00,26.3,22.2,0.0,0,43.1,94.0,2,open-meteo
Malloussa,Morocco,35.7369,-5.6319,2026-09-20,2026-09-19 12:02:14.753397+00:00,26.8,22.9,0.0,0,44.7,98.6,2,open-meteo
Malloussa,Morocco,35.7369,-5.6319,2026-09-21,2026-09-19 12:02:14.753397+00:00,27.4,22.2,0.0,0,39.8,87.5,2,open-meteo
Malloussa,Morocco,35.7369,-5.6319,2026-09-22,2026-09-19 12:02:14.753397+00:00,26.7,21.3,0.0,0,32.4,72.0,2,open-meteo
Malloussa,Morocco,35.7369,-5.6319,2026-09-23,2026-09-19 12:02:14.753397+00:00,27.1,21.1,0.0,0,30.7,63.7,2,open-meteo
Malloussa,Morocco,35.7369,-5.6319,2026-09-24,2026-09-19 12:02:14.753397+00:00,27.3,21.1,0.0,0,20.2,40.7,2,open-meteo
Malloussa,Morocco,35.7369,-5.6319,2026-09-25,2026-09-19 12:02:14.753397+00:00,28.2,18.6,0.0,0,12.1,24.1,45,open-meteo
Sidi al Ghandour,Morocco,33.8536,-6.0597,2026-09-19,2026-09-19 12:02:14.839836+00:00,34.4,18.5,0.0,0,14.3,28.8,2,open-meteo
Sidi al Ghandour,Morocco,33.8536,-6.0597,2026-09-20,2026-09-19 12:02:14.839836+00:00,36.0,21.5,0.0,0,16.2,30.6,1,open-meteo
Sidi al Ghandour,Morocco,33.8536,-6.0597,2026-09-21,2026-09-19 12:02:14.839836+00:00,35.3,21.7,0.0,0,15.6,30.6,1,open-meteo
Sidi al Ghandour,Morocco,33.8536,-6.0597,2026-09-22,2026-09-19 12:02:14.839836+00:00,34.0,20.0,0.0,0,14.8,29.9,0,open-meteo
Sidi al Ghandour,Morocco,33.8536,-6.0597,2026-09-23,2026-09-19 12:02:14.839836+00:00,34.4,18.1,0.0,0,16.0,31.7,0,open-meteo
Sidi al Ghandour,Morocco,33.8536,-6.0597,2026-09-24,2026-09-19 12:02:14.839836+00:00,34.7,15.8,0.0,0,17.3,33.8,1,open-meteo
Sidi al Ghandour,Morocco,33.8536,-6.0597,2026-09-25,2026-09-19 12:02:14.839836+00:00,29.8,16.8,0.0,3,18.3,34.6,3,open-meteo
Aït Majdane,Morocco,31.8514,-6.9658,2026-09-19,2026-09-19 12:02:14.929970+00:00,33.0,20.0,0.0,8,18.7,37.1,3,open-meteo
Aït Majdane,Morocco,31.8514,-6.9658,2026-09-20,2026-09-19 12:02:14.929970+00:00,33.7,22.4,0.1,15,17.1,33.5,3,open-meteo
Aït Majdane,Morocco,31.8514,-6.9658,2026-09-21,2026-09-19 12:02:14.929970+00:00,33.3,21.4,0.0,0,16.6,32.8,2,open-meteo
Aït Majdane,Morocco,31.8514,-6.9658,2026-09-22,2026-09-19 12:02:14.929970+00:00,33.2,20.7,0.0,0,13.8,26.6,2,open-meteo
Aït Majdane,Morocco,31.8514,-6.9658,2026-09-23,2026-09-19 12:02:14.929970+00:00,33.5,18.4,0.0,0,16.1,31.0,1,open-meteo
Aït Majdane,Morocco,31.8514,-6.9658,2026-09-24,2026-09-19 12:02:14.929970+00:00,34.2,19.3,0.0,5,14.2,29.5,3,open-meteo
Aït Majdane,Morocco,31.8514,-6.9658,2026-09-25,2026-09-19 12:02:14.929970+00:00,31.4,18.4,0.0,15,13.8,28.1,3,open-meteo
Ribat Al Khayr,Morocco,33.82,-4.41,2026-09-19,2026-09-19 12:02:15.016778+00:00,30.0,16.4,0.7,35,20.5,56.2,3,open-meteo
Ribat Al Khayr,Morocco,33.82,-4.41,2026-09-20,2026-09-19 12:02:15.016778+00:00,31.2,16.5,0.0,0,16.2,35.6,1,open-meteo
Ribat Al Khayr,Morocco,33.82,-4.41,2026-09-21,2026-09-19 12:02:15.016778+00:00,29.5,16.4,0.0,0,16.7,34.2,1,open-meteo
Ribat Al Khayr,Morocco,33.82,-4.41,2026-09-22,2026-09-19 12:02:15.016778+00:00,28.6,15.0,0.0,0,14.5,30.2,1,open-meteo
Ribat Al Khayr,Morocco,33.82,-4.41,2026-09-23,2026-09-19 12:02:15.016778+00:00,30.5,14.7,0.0,0,12.7,28.8,0,open-meteo
Ribat Al Khayr,Morocco,33.82,-4.41,2026-09-24,2026-09-19 12:02:15.016778+00:00,31.5,17.3,0.0,0,14.7,34.6,1,open-meteo
Ribat Al Khayr,Morocco,33.82,-4.41,2026-09-25,2026-09-19 12:02:15.016778+00:00,30.4,16.5,0.0,0,19.3,41.4,3,open-meteo
Aït Bouchta,Morocco,35.0009,-3.8728,2026-09-19,2026-09-19 12:02:15.103823+00:00,26.4,17.2,0.0,3,16.6,31.7,3,open-meteo
Aït Bouchta,Morocco,35.0009,-3.8728,2026-09-20,2026-09-19 12:02:15.103823+00:00,26.6,19.1,0.0,0,13.3,27.0,3,open-meteo
Aït Bouchta,Morocco,35.0009,-3.8728,2026-09-21,2026-09-19 12:02:15.103823+00:00,25.6,17.3,0.0,0,16.5,32.0,2,open-meteo
Aït Bouchta,Morocco,35.0009,-3.8728,2026-09-22,2026-09-19 12:02:15.103823+00:00,25.3,14.4,0.0,0,11.2,22.7,1,open-meteo
Aït Bouchta,Morocco,35.0009,-3.8728,2026-09-23,2026-09-19 12:02:15.103823+00:00,24.9,14.5,0.0,0,11.6,22.0,1,open-meteo
Aït Bouchta,Morocco,35.0009,-3.8728,2026-09-24,2026-09-19 12:02:15.103823+00:00,24.8,14.1,0.0,0,10.5,20.9,2,open-meteo
Aït Bouchta,Morocco,35.0009,-3.8728,2026-09-25,2026-09-19 12:02:15.103823+00:00,26.7,17.4,0.0,0,11.6,23.0,3,open-meteo
Sahel,Morocco,34.9667,-4.55,2026-09-19,2026-09-19 12:02:15.185707+00:00,25.5,14.6,0.0,0,13.4,29.2,45,open-meteo
Sahel,Morocco,34.9667,-4.55,2026-09-20,2026-09-19 12:02:15.185707+00:00,25.8,17.9,0.0,0,12.1,23.8,3,open-meteo
Sahel,Morocco,34.9667,-4.55,2026-09-21,2026-09-19 12:02:15.185707+00:00,25.0,15.7,0.0,0,12.9,25.2,2,open-meteo
Sahel,Morocco,34.9667,-4.55,2026-09-22,2026-09-19 12:02:15.185707+00:00,25.7,14.0,0.0,0,12.0,26.3,0,open-meteo
Sahel,Morocco,34.9667,-4.55,2026-09-23,2026-09-19 12:02:15.185707+00:00,26.9,15.0,0.0,0,12.7,26.6,0,open-meteo
Sahel,Morocco,34.9667,-4.55,2026-09-24,2026-09-19 12:02:15.185707+00:00,25.9,17.9,0.0,0,12.5,25.6,1,open-meteo
Sahel,Morocco,34.9667,-4.55,2026-09-25,2026-09-19 12:02:15.185707+00:00,29.1,20.3,0.0,0,12.3,24.5,3,open-meteo
Ikniwn,Morocco,31.1717,-5.6489,2026-09-19,2026-09-19 12:02:15.272348+00:00,22.1,14.1,5.3,90,18.4,32.4,80,open-meteo
Ikniwn,Morocco,31.1717,-5.6489,2026-09-20,2026-09-19 12:02:15.272348+00:00,22.2,13.2,2.5,80,8.3,25.6,3,open-meteo
Ikniwn,Morocco,31.1717,-5.6489,2026-09-21,2026-09-19 12:02:15.272348+00:00,24.5,15.1,0.7,45,20.2,45.7,80,open-meteo
Ikniwn,Morocco,31.1717,-5.6489,2026-09-22,2026-09-19 12:02:15.272348+00:00,24.6,13.7,0.0,5,22.7,42.1,2,open-meteo
Ikniwn,Morocco,31.1717,-5.6489,2026-09-23,2026-09-19 12:02:15.272348+00:00,25.1,12.8,0.0,5,16.3,29.2,2,open-meteo
Ikniwn,Morocco,31.1717,-5.6489,2026-09-24,2026-09-19 12:02:15.272348+00:00,25.1,14.5,1.2,15,10.1,27.4,80,open-meteo
Ikniwn,Morocco,31.1717,-5.6489,2026-09-25,2026-09-19 12:02:15.272348+00:00,20.1,15.4,1.8,27,16.4,34.6,80,open-meteo
Aït Tamlil,Morocco,31.4953,-6.8654,2026-09-19,2026-09-19 12:02:15.358549+00:00,21.3,14.3,0.5,58,22.8,47.2,80,open-meteo
Aït Tamlil,Morocco,31.4953,-6.8654,2026-09-20,2026-09-19 12:02:15.358549+00:00,22.0,14.0,0.9,75,12.0,34.9,80,open-meteo
Aït Tamlil,Morocco,31.4953,-6.8654,2026-09-21,2026-09-19 12:02:15.358549+00:00,21.1,13.9,0.3,25,25.5,55.4,3,open-meteo
Aït Tamlil,Morocco,31.4953,-6.8654,2026-09-22,2026-09-19 12:02:15.358549+00:00,22.2,11.6,0.0,0,29.8,61.9,1,open-meteo
Aït Tamlil,Morocco,31.4953,-6.8654,2026-09-23,2026-09-19 12:02:15.358549+00:00,22.9,12.3,0.0,3,23.5,49.0,0,open-meteo
Aït Tamlil,Morocco,31.4953,-6.8654,2026-09-24,2026-09-19 12:02:15.358549+00:00,23.0,10.5,0.0,15,24.9,51.8,3,open-meteo
Aït Tamlil,Morocco,31.4953,-6.8654,2026-09-25,2026-09-19 12:02:15.358549+00:00,20.0,12.8,5.1,29,15.1,34.2,80,open-meteo
Bou Izakarn,Morocco,29.1754,-9.7064,2026-09-19,2026-09-19 12:02:15.447115+00:00,34.8,17.7,0.0,8,22.6,39.2,3,open-meteo
Bou Izakarn,Morocco,29.1754,-9.7064,2026-09-20,2026-09-19 12:02:15.447115+00:00,35.8,21.2,0.0,0,24.1,42.1,0,open-meteo
Bou Izakarn,Morocco,29.1754,-9.7064,2026-09-21,2026-09-19 12:02:15.447115+00:00,37.2,25.3,0.0,2,22.2,38.9,3,open-meteo
Bou Izakarn,Morocco,29.1754,-9.7064,2026-09-22,2026-09-19 12:02:15.447115+00:00,38.1,26.2,0.0,0,24.1,44.3,3,open-meteo
Bou Izakarn,Morocco,29.1754,-9.7064,2026-09-23,2026-09-19 12:02:15.447115+00:00,37.6,25.2,0.0,4,23.6,40.7,2,open-meteo
Bou Izakarn,Morocco,29.1754,-9.7064,2026-09-24,2026-09-19 12:02:15.447115+00:00,35.3,22.9,0.0,2,21.4,38.5,0,open-meteo
Bou Izakarn,Morocco,29.1754,-9.7064,2026-09-25,2026-09-19 12:02:15.447115+00:00,34.3,21.6,0.0,6,16.2,29.9,0,open-meteo
Lamrasla,Morocco,32.0247,-8.9153,2026-09-19,2026-09-19 12:02:15.535370+00:00,32.0,17.8,0.0,0,15.3,33.8,2,open-meteo
Lamrasla,Morocco,32.0247,-8.9153,2026-09-20,2026-09-19 12:02:15.535370+00:00,31.2,22.1,0.0,3,17.1,37.1,2,open-meteo
Lamrasla,Morocco,32.0247,-8.9153,2026-09-21,2026-09-19 12:02:15.535370+00:00,34.8,22.6,0.0,0,14.5,31.7,3,open-meteo
Lamrasla,Morocco,32.0247,-8.9153,2026-09-22,2026-09-19 12:02:15.535370+00:00,34.6,20.2,0.0,0,16.5,36.0,1,open-meteo
Lamrasla,Morocco,32.0247,-8.9153,2026-09-23,2026-09-19 12:02:15.535370+00:00,33.6,19.6,0.0,0,13.7,30.2,0,open-meteo
Lamrasla,Morocco,32.0247,-8.9153,2026-09-24,2026-09-19 12:02:15.535370+00:00,34.9,19.9,0.0,0,18.3,37.1,3,open-meteo
Lamrasla,Morocco,32.0247,-8.9153,2026-09-25,2026-09-19 12:02:15.535370+00:00,29.8,18.1,0.0,3,20.0,39.2,3,open-meteo
Sidi Redouane,Morocco,34.6833,-5.45,2026-09-19,2026-09-19 12:02:15.623489+00:00,36.0,20.6,0.0,0,20.5,40.0,2,open-meteo
Sidi Redouane,Morocco,34.6833,-5.45,2026-09-20,2026-09-19 12:02:15.623489+00:00,36.4,24.1,0.0,0,17.8,34.6,1,open-meteo
Sidi Redouane,Morocco,34.6833,-5.45,2026-09-21,2026-09-19 12:02:15.623489+00:00,35.9,23.7,0.0,0,11.8,23.4,1,open-meteo
Sidi Redouane,Morocco,34.6833,-5.45,2026-09-22,2026-09-19 12:02:15.623489+00:00,35.2,21.3,0.0,0,10.6,22.7,0,open-meteo
Sidi Redouane,Morocco,34.6833,-5.45,2026-09-23,2026-09-19 12:02:15.623489+00:00,36.1,20.7,0.0,0,10.0,19.8,0,open-meteo
Sidi Redouane,Morocco,34.6833,-5.45,2026-09-24,2026-09-19 12:02:15.623489+00:00,36.4,18.4,0.0,0,14.1,29.9,2,open-meteo
Sidi Redouane,Morocco,34.6833,-5.45,2026-09-25,2026-09-19 12:02:15.623489+00:00,32.2,17.8,0.0,3,15.4,32.0,45,open-meteo
Zaouïa Aït Ishak,Morocco,32.76,-5.7233,2026-09-19,2026-09-19 12:02:15.715219+00:00,33.2,20.3,0.0,8,17.9,38.9,2,open-meteo
Zaouïa Aït Ishak,Morocco,32.76,-5.7233,2026-09-20,2026-09-19 12:02:15.715219+00:00,34.6,20.6,0.0,3,16.0,29.9,2,open-meteo
Zaouïa Aït Ishak,Morocco,32.76,-5.7233,2026-09-21,2026-09-19 12:02:15.715219+00:00,33.6,20.3,0.0,0,22.0,44.3,2,open-meteo
Zaouïa Aït Ishak,Morocco,32.76,-5.7233,2026-09-22,2026-09-19 12:02:15.715219+00:00,32.5,19.1,0.0,0,17.7,33.5,1,open-meteo
Zaouïa Aït Ishak,Morocco,32.76,-5.7233,2026-09-23,2026-09-19 12:02:15.715219+00:00,33.0,18.0,0.0,0,15.6,28.8,0,open-meteo
Zaouïa Aït Ishak,Morocco,32.76,-5.7233,2026-09-24,2026-09-19 12:02:15.715219+00:00,32.7,22.4,0.0,0,17.9,35.3,0,open-meteo
Zaouïa Aït Ishak,Morocco,32.76,-5.7233,2026-09-25,2026-09-19 12:02:15.715219+00:00,31.7,22.2,0.0,8,17.4,34.2,3,open-meteo
Douar Oulad Mbarek,Morocco,34.2957,-4.2885,2026-09-19,2026-09-19 12:02:15.808679+00:00,28.4,19.6,0.0,5,35.4,88.9,3,open-meteo
Douar Oulad Mbarek,Morocco,34.2957,-4.2885,2026-09-20,2026-09-19 12:02:15.808679+00:00,29.6,20.7,0.0,0,30.2,74.9,2,open-meteo
Douar Oulad Mbarek,Morocco,34.2957,-4.2885,2026-09-21,2026-09-19 12:02:15.808679+00:00,28.5,20.3,0.0,0,29.5,71.6,2,open-meteo
Douar Oulad Mbarek,Morocco,34.2957,-4.2885,2026-09-22,2026-09-19 12:02:15.808679+00:00,29.3,18.3,0.0,0,24.9,62.3,0,open-meteo
Douar Oulad Mbarek,Morocco,34.2957,-4.2885,2026-09-23,2026-09-19 12:02:15.808679+00:00,31.5,20.3,0.0,0,20.0,56.9,0,open-meteo
Douar Oulad Mbarek,Morocco,34.2957,-4.2885,2026-09-24,2026-09-19 12:02:15.808679+00:00,33.2,17.5,0.0,0,10.9,26.7,1,open-meteo
Douar Oulad Mbarek,Morocco,34.2957,-4.2885,2026-09-25,2026-09-19 12:02:15.808679+00:00,32.0,15.9,0.0,0,15.1,28.8,3,open-meteo
Arbaa Laaounate,Morocco,32.7446,-8.1942,2026-09-19,2026-09-19 12:02:15.893787+00:00,33.7,17.0,0.0,0,19.1,34.9,2,open-meteo
Arbaa Laaounate,Morocco,32.7446,-8.1942,2026-09-20,2026-09-19 12:02:15.893787+00:00,35.6,19.5,0.0,0,18.0,32.4,2,open-meteo
Arbaa Laaounate,Morocco,32.7446,-8.1942,2026-09-21,2026-09-19 12:02:15.893787+00:00,37.3,19.5,0.0,0,18.6,33.5,3,open-meteo
Arbaa Laaounate,Morocco,32.7446,-8.1942,2026-09-22,2026-09-19 12:02:15.893787+00:00,36.1,18.4,0.0,0,16.3,31.7,45,open-meteo
Arbaa Laaounate,Morocco,32.7446,-8.1942,2026-09-23,2026-09-19 12:02:15.893787+00:00,35.6,18.2,0.0,0,14.7,30.6,45,open-meteo
Arbaa Laaounate,Morocco,32.7446,-8.1942,2026-09-24,2026-09-19 12:02:15.893787+00:00,34.1,16.9,0.0,3,17.1,32.0,3,open-meteo
Arbaa Laaounate,Morocco,32.7446,-8.1942,2026-09-25,2026-09-19 12:02:15.893787+00:00,28.9,18.5,0.0,3,18.1,32.8,45,open-meteo
Dar Chaifat,Morocco,32.55,-7.5,2026-09-19,2026-09-19 12:02:15.978525+00:00,36.2,19.6,0.0,0,18.4,32.8,2,open-meteo
Dar Chaifat,Morocco,32.55,-7.5,2026-09-20,2026-09-19 12:02:15.978525+00:00,37.2,23.1,0.0,3,23.3,41.4,2,open-meteo
Dar Chaifat,Morocco,32.55,-7.5,2026-09-21,2026-09-19 12:02:15.978525+00:00,37.3,21.8,0.0,0,20.8,43.9,2,open-meteo
Dar Chaifat,Morocco,32.55,-7.5,2026-09-22,2026-09-19 12:02:15.978525+00:00,36.6,20.5,0.0,0,20.3,35.3,1,open-meteo
Dar Chaifat,Morocco,32.55,-7.5,2026-09-23,2026-09-19 12:02:15.978525+00:00,36.5,19.5,0.0,0,12.5,24.5,0,open-meteo
Dar Chaifat,Morocco,32.55,-7.5,2026-09-24,2026-09-19 12:02:15.978525+00:00,36.7,18.5,0.0,3,20.6,33.8,3,open-meteo
Dar Chaifat,Morocco,32.55,-7.5,2026-09-25,2026-09-19 12:02:15.978525+00:00,32.3,19.5,0.0,3,20.4,33.8,3,open-meteo
Ait Yazza,Morocco,30.5063,-8.7931,2026-09-19,2026-09-19 12:02:16.067969+00:00,32.2,20.9,0.0,0,27.8,49.3,2,open-meteo
Ait Yazza,Morocco,30.5063,-8.7931,2026-09-20,2026-09-19 12:02:16.067969+00:00,33.6,19.7,0.0,0,25.3,45.7,2,open-meteo
Ait Yazza,Morocco,30.5063,-8.7931,2026-09-21,2026-09-19 12:02:16.067969+00:00,39.7,23.2,0.0,0,29.3,51.8,3,open-meteo
Ait Yazza,Morocco,30.5063,-8.7931,2026-09-22,2026-09-19 12:02:16.067969+00:00,39.3,22.1,0.0,0,34.0,65.2,1,open-meteo
Ait Yazza,Morocco,30.5063,-8.7931,2026-09-23,2026-09-19 12:02:16.067969+00:00,39.9,21.0,0.0,0,27.1,49.3,0,open-meteo
Ait Yazza,Morocco,30.5063,-8.7931,2026-09-24,2026-09-19 12:02:16.067969+00:00,40.0,23.9,0.0,0,25.2,47.2,3,open-meteo
Ait Yazza,Morocco,30.5063,-8.7931,2026-09-25,2026-09-19 12:02:16.067969+00:00,35.7,20.9,0.0,0,26.6,45.0,3,open-meteo
Milla’ab,Morocco,31.4737,-4.7424,2026-09-19,2026-09-19 12:02:16.154574+00:00,29.6,19.4,4.2,73,18.4,32.4,80,open-meteo
Milla’ab,Morocco,31.4737,-4.7424,2026-09-20,2026-09-19 12:02:16.154574+00:00,29.3,18.6,0.2,20,11.6,22.0,3,open-meteo
Milla’ab,Morocco,31.4737,-4.7424,2026-09-21,2026-09-19 12:02:16.154574+00:00,32.5,20.4,0.1,5,14.2,28.8,3,open-meteo
Milla’ab,Morocco,31.4737,-4.7424,2026-09-22,2026-09-19 12:02:16.154574+00:00,30.1,19.7,0.0,0,14.6,28.4,2,open-meteo
Milla’ab,Morocco,31.4737,-4.7424,2026-09-23,2026-09-19 12:02:16.154574+00:00,30.6,18.6,0.0,0,12.3,20.5,2,open-meteo
Milla’ab,Morocco,31.4737,-4.7424,2026-09-24,2026-09-19 12:02:16.154574+00:00,30.7,17.4,0.0,3,10.0,17.3,2,open-meteo
Milla’ab,Morocco,31.4737,-4.7424,2026-09-25,2026-09-19 12:02:16.154574+00:00,28.2,18.5,0.3,8,22.4,37.4,3,open-meteo
Chouafa,Morocco,34.8988,-6.2177,2026-09-19,2026-09-19 12:02:16.248547+00:00,33.9,17.8,0.0,0,15.3,28.4,45,open-meteo
Chouafa,Morocco,34.8988,-6.2177,2026-09-20,2026-09-19 12:02:16.248547+00:00,36.2,22.4,0.0,0,18.2,34.6,1,open-meteo
Chouafa,Morocco,34.8988,-6.2177,2026-09-21,2026-09-19 12:02:16.248547+00:00,34.4,21.5,0.0,0,20.0,36.0,0,open-meteo
Chouafa,Morocco,34.8988,-6.2177,2026-09-22,2026-09-19 12:02:16.248547+00:00,34.0,20.2,0.0,0,18.4,33.8,0,open-meteo
Chouafa,Morocco,34.8988,-6.2177,2026-09-23,2026-09-19 12:02:16.248547+00:00,34.3,18.1,0.0,0,19.8,36.4,0,open-meteo
Chouafa,Morocco,34.8988,-6.2177,2026-09-24,2026-09-19 12:02:16.248547+00:00,30.7,17.5,0.0,0,15.1,27.0,45,open-meteo
Chouafa,Morocco,34.8988,-6.2177,2026-09-25,2026-09-19 12:02:16.248547+00:00,26.7,19.4,0.0,0,14.1,25.6,45,open-meteo
Sidi Zouine,Morocco,31.6706,-8.3456,2026-09-19,2026-09-19 12:02:16.335078+00:00,36.9,20.6,0.0,5,18.7,29.5,3,open-meteo
Sidi Zouine,Morocco,31.6706,-8.3456,2026-09-20,2026-09-19 12:02:16.335078+00:00,37.4,23.5,0.2,13,19.3,32.4,2,open-meteo
Sidi Zouine,Morocco,31.6706,-8.3456,2026-09-21,2026-09-19 12:02:16.335078+00:00,38.0,24.1,0.0,0,23.9,38.2,3,open-meteo
Sidi Zouine,Morocco,31.6706,-8.3456,2026-09-22,2026-09-19 12:02:16.335078+00:00,37.5,22.2,0.0,0,24.5,39.2,3,open-meteo
Sidi Zouine,Morocco,31.6706,-8.3456,2026-09-23,2026-09-19 12:02:16.335078+00:00,37.2,19.3,0.0,0,18.9,31.0,0,open-meteo
Sidi Zouine,Morocco,31.6706,-8.3456,2026-09-24,2026-09-19 12:02:16.335078+00:00,37.6,20.7,0.0,0,23.0,38.2,2,open-meteo
Sidi Zouine,Morocco,31.6706,-8.3456,2026-09-25,2026-09-19 12:02:16.335078+00:00,34.9,21.5,0.0,3,21.3,34.2,3,open-meteo
Ksar Sghir,Morocco,35.8419,-5.5586,2026-09-19,2026-09-19 12:02:16.422500+00:00,26.0,22.6,0.0,18,44.7,88.9,2,open-meteo
Ksar Sghir,Morocco,35.8419,-5.5586,2026-09-20,2026-09-19 12:02:16.422500+00:00,26.5,23.1,0.0,3,46.7,94.3,2,open-meteo
Ksar Sghir,Morocco,35.8419,-5.5586,2026-09-21,2026-09-19 12:02:16.422500+00:00,27.0,22.2,0.0,0,39.0,76.7,1,open-meteo
Ksar Sghir,Morocco,35.8419,-5.5586,2026-09-22,2026-09-19 12:02:16.422500+00:00,26.1,21.7,0.0,0,32.7,63.7,2,open-meteo
Ksar Sghir,Morocco,35.8419,-5.5586,2026-09-23,2026-09-19 12:02:16.422500+00:00,26.4,21.5,0.0,0,31.8,60.5,2,open-meteo
Ksar Sghir,Morocco,35.8419,-5.5586,2026-09-24,2026-09-19 12:02:16.422500+00:00,26.1,21.5,0.0,0,19.1,43.9,2,open-meteo
Ksar Sghir,Morocco,35.8419,-5.5586,2026-09-25,2026-09-19 12:02:16.422500+00:00,27.7,19.7,0.0,0,11.2,25.2,45,open-meteo
Ait Yaazem,Morocco,33.7446,-5.6087,2026-09-19,2026-09-19 12:02:16.516762+00:00,33.0,17.9,0.2,8,14.4,28.4,2,open-meteo
Ait Yaazem,Morocco,33.7446,-5.6087,2026-09-20,2026-09-19 12:02:16.516762+00:00,34.4,20.1,0.0,0,16.9,33.1,1,open-meteo
Ait Yaazem,Morocco,33.7446,-5.6087,2026-09-21,2026-09-19 12:02:16.516762+00:00,33.8,19.2,0.0,0,17.4,33.5,0,open-meteo
Ait Yaazem,Morocco,33.7446,-5.6087,2026-09-22,2026-09-19 12:02:16.516762+00:00,32.5,18.6,0.0,0,16.7,32.8,0,open-meteo
Ait Yaazem,Morocco,33.7446,-5.6087,2026-09-23,2026-09-19 12:02:16.516762+00:00,33.2,16.9,0.0,0,16.2,32.8,0,open-meteo
Ait Yaazem,Morocco,33.7446,-5.6087,2026-09-24,2026-09-19 12:02:16.516762+00:00,34.5,19.7,0.0,0,17.3,37.4,1,open-meteo
Ait Yaazem,Morocco,33.7446,-5.6087,2026-09-25,2026-09-19 12:02:16.516762+00:00,31.7,18.8,0.0,3,19.8,38.9,3,open-meteo
Bou Fekrane,Morocco,33.7571,-5.4853,2026-09-19,2026-09-19 12:02:16.599356+00:00,32.6,17.3,0.3,10,18.3,37.1,2,open-meteo
Bou Fekrane,Morocco,33.7571,-5.4853,2026-09-20,2026-09-19 12:02:16.599356+00:00,34.1,19.2,0.0,0,15.2,29.5,2,open-meteo
Bou Fekrane,Morocco,33.7571,-5.4853,2026-09-21,2026-09-19 12:02:16.599356+00:00,33.5,19.5,0.0,0,15.6,29.2,0,open-meteo
Bou Fekrane,Morocco,33.7571,-5.4853,2026-09-22,2026-09-19 12:02:16.599356+00:00,32.5,18.6,0.0,0,15.2,28.8,0,open-meteo
Bou Fekrane,Morocco,33.7571,-5.4853,2026-09-23,2026-09-19 12:02:16.599356+00:00,33.3,17.8,0.0,0,14.6,27.0,0,open-meteo
Bou Fekrane,Morocco,33.7571,-5.4853,2026-09-24,2026-09-19 12:02:16.599356+00:00,34.5,20.9,0.0,0,19.8,40.0,1,open-meteo
Bou Fekrane,Morocco,33.7571,-5.4853,2026-09-25,2026-09-19 12:02:16.599356+00:00,32.7,19.7,0.0,3,20.4,41.4,3,open-meteo
Tamazouzt,Morocco,31.3833,-8.3833,2026-09-19,2026-09-19 12:02:16.686272+00:00,33.9,20.7,0.0,5,16.7,25.9,3,open-meteo
Tamazouzt,Morocco,31.3833,-8.3833,2026-09-20,2026-09-19 12:02:16.686272+00:00,34.6,23.3,0.5,38,18.0,28.1,80,open-meteo
Tamazouzt,Morocco,31.3833,-8.3833,2026-09-21,2026-09-19 12:02:16.686272+00:00,35.7,24.0,0.0,3,23.3,38.9,3,open-meteo
Tamazouzt,Morocco,31.3833,-8.3833,2026-09-22,2026-09-19 12:02:16.686272+00:00,35.6,22.9,0.0,0,22.4,34.2,1,open-meteo
Tamazouzt,Morocco,31.3833,-8.3833,2026-09-23,2026-09-19 12:02:16.686272+00:00,35.2,20.5,0.0,0,19.6,30.2,0,open-meteo
Tamazouzt,Morocco,31.3833,-8.3833,2026-09-24,2026-09-19 12:02:16.686272+00:00,35.3,21.9,0.0,0,24.7,38.5,3,open-meteo
Tamazouzt,Morocco,31.3833,-8.3833,2026-09-25,2026-09-19 12:02:16.686272+00:00,32.5,21.0,0.0,0,20.2,32.4,3,open-meteo
Zirara,Morocco,34.2279,-5.7473,2026-09-19,2026-09-19 12:02:16.776176+00:00,37.0,20.2,0.0,0,20.9,38.9,1,open-meteo
Zirara,Morocco,34.2279,-5.7473,2026-09-20,2026-09-19 12:02:16.776176+00:00,38.2,25.2,0.0,0,19.5,37.4,0,open-meteo
Zirara,Morocco,34.2279,-5.7473,2026-09-21,2026-09-19 12:02:16.776176+00:00,37.3,23.7,0.0,0,15.8,30.6,0,open-meteo
Zirara,Morocco,34.2279,-5.7473,2026-09-22,2026-09-19 12:02:16.776176+00:00,36.4,23.4,0.0,0,13.1,28.1,0,open-meteo
Zirara,Morocco,34.2279,-5.7473,2026-09-23,2026-09-19 12:02:16.776176+00:00,36.9,21.4,0.0,0,15.5,26.3,0,open-meteo
Zirara,Morocco,34.2279,-5.7473,2026-09-24,2026-09-19 12:02:16.776176+00:00,36.9,19.8,0.0,0,15.4,35.3,1,open-meteo
Zirara,Morocco,34.2279,-5.7473,2026-09-25,2026-09-19 12:02:16.776176+00:00,31.9,19.3,0.0,3,16.3,33.8,45,open-meteo
Al Qbab,Morocco,32.6697,-5.4647,2026-09-19,2026-09-19 12:02:16.862077+00:00,23.8,12.8,0.1,40,25.6,61.6,3,open-meteo
Al Qbab,Morocco,32.6697,-5.4647,2026-09-20,2026-09-19 12:02:16.862077+00:00,25.2,13.8,0.0,3,23.0,49.0,2,open-meteo
Al Qbab,Morocco,32.6697,-5.4647,2026-09-21,2026-09-19 12:02:16.862077+00:00,24.8,14.2,0.0,0,28.4,60.5,45,open-meteo
Al Qbab,Morocco,32.6697,-5.4647,2026-09-22,2026-09-19 12:02:16.862077+00:00,23.3,13.7,0.0,0,24.5,50.8,2,open-meteo
Al Qbab,Morocco,32.6697,-5.4647,2026-09-23,2026-09-19 12:02:16.862077+00:00,24.2,12.8,0.0,0,19.0,38.9,0,open-meteo
Al Qbab,Morocco,32.6697,-5.4647,2026-09-24,2026-09-19 12:02:16.862077+00:00,24.1,11.0,0.0,0,20.3,39.6,0,open-meteo
Al Qbab,Morocco,32.6697,-5.4647,2026-09-25,2026-09-19 12:02:16.862077+00:00,24.0,11.8,0.0,19,21.3,42.1,3,open-meteo
Khat Azakane,Morocco,32.2226,-9.1343,2026-09-19,2026-09-19 12:02:16.948480+00:00,32.2,18.4,0.0,0,15.3,29.9,3,open-meteo
Khat Azakane,Morocco,32.2226,-9.1343,2026-09-20,2026-09-19 12:02:16.948480+00:00,28.2,20.6,0.0,0,15.2,30.2,2,open-meteo
Khat Azakane,Morocco,32.2226,-9.1343,2026-09-21,2026-09-19 12:02:16.948480+00:00,32.2,20.6,0.0,0,13.4,26.3,3,open-meteo
Khat Azakane,Morocco,32.2226,-9.1343,2026-09-22,2026-09-19 12:02:16.948480+00:00,31.9,18.8,0.0,0,15.7,31.3,45,open-meteo
Khat Azakane,Morocco,32.2226,-9.1343,2026-09-23,2026-09-19 12:02:16.948480+00:00,30.0,18.5,0.0,0,13.3,26.6,45,open-meteo
Khat Azakane,Morocco,32.2226,-9.1343,2026-09-24,2026-09-19 12:02:16.948480+00:00,26.8,18.8,0.0,0,12.7,25.6,45,open-meteo
Khat Azakane,Morocco,32.2226,-9.1343,2026-09-25,2026-09-19 12:02:16.948480+00:00,26.6,19.6,0.0,0,14.5,29.9,3,open-meteo
Ketama,Morocco,34.9158,-4.5686,2026-09-19,2026-09-19 12:02:17.040224+00:00,22.4,12.5,0.2,3,15.8,34.2,45,open-meteo
Ketama,Morocco,34.9158,-4.5686,2026-09-20,2026-09-19 12:02:17.040224+00:00,22.8,13.6,0.0,3,13.8,27.7,45,open-meteo
Ketama,Morocco,34.9158,-4.5686,2026-09-21,2026-09-19 12:02:17.040224+00:00,21.9,12.9,0.0,0,15.1,37.4,3,open-meteo
Ketama,Morocco,34.9158,-4.5686,2026-09-22,2026-09-19 12:02:17.040224+00:00,23.3,11.8,0.0,0,13.0,37.4,0,open-meteo
Ketama,Morocco,34.9158,-4.5686,2026-09-23,2026-09-19 12:02:17.040224+00:00,25.1,14.0,0.0,0,14.4,27.7,0,open-meteo
Ketama,Morocco,34.9158,-4.5686,2026-09-24,2026-09-19 12:02:17.040224+00:00,27.1,14.9,0.0,0,16.3,32.4,1,open-meteo
Ketama,Morocco,34.9158,-4.5686,2026-09-25,2026-09-19 12:02:17.040224+00:00,25.2,16.6,0.0,0,19.5,38.2,3,open-meteo
Douar Bni Ansar,Morocco,35.1586,-4.9128,2026-09-19,2026-09-19 12:02:17.127600+00:00,23.1,14.1,0.0,0,14.1,31.7,45,open-meteo
Douar Bni Ansar,Morocco,35.1586,-4.9128,2026-09-20,2026-09-19 12:02:17.127600+00:00,22.8,16.9,0.0,0,12.9,29.9,45,open-meteo
Douar Bni Ansar,Morocco,35.1586,-4.9128,2026-09-21,2026-09-19 12:02:17.127600+00:00,23.6,14.8,0.0,0,12.9,29.5,45,open-meteo
Douar Bni Ansar,Morocco,35.1586,-4.9128,2026-09-22,2026-09-19 12:02:17.127600+00:00,24.5,12.9,0.0,0,11.6,28.1,0,open-meteo
Douar Bni Ansar,Morocco,35.1586,-4.9128,2026-09-23,2026-09-19 12:02:17.127600+00:00,25.6,13.3,0.0,0,11.3,25.6,0,open-meteo
Douar Bni Ansar,Morocco,35.1586,-4.9128,2026-09-24,2026-09-19 12:02:17.127600+00:00,30.2,17.8,0.0,0,7.9,19.8,1,open-meteo
Douar Bni Ansar,Morocco,35.1586,-4.9128,2026-09-25,2026-09-19 12:02:17.127600+00:00,30.1,18.7,0.0,3,9.3,31.0,3,open-meteo
Sidi Ettiji,Morocco,32.1717,-8.8686,2026-09-19,2026-09-19 12:02:17.219081+00:00,33.3,17.8,0.0,0,15.9,32.0,2,open-meteo
Sidi Ettiji,Morocco,32.1717,-8.8686,2026-09-20,2026-09-19 12:02:17.219081+00:00,31.9,20.8,0.0,0,16.3,31.7,2,open-meteo
Sidi Ettiji,Morocco,32.1717,-8.8686,2026-09-21,2026-09-19 12:02:17.219081+00:00,35.8,21.9,0.0,0,15.0,29.2,3,open-meteo
Sidi Ettiji,Morocco,32.1717,-8.8686,2026-09-22,2026-09-19 12:02:17.219081+00:00,35.5,19.1,0.0,0,17.4,34.9,1,open-meteo
Sidi Ettiji,Morocco,32.1717,-8.8686,2026-09-23,2026-09-19 12:02:17.219081+00:00,33.5,15.7,0.0,0,15.3,29.2,1,open-meteo
Sidi Ettiji,Morocco,32.1717,-8.8686,2026-09-24,2026-09-19 12:02:17.219081+00:00,34.2,19.9,0.0,0,17.8,36.7,3,open-meteo
Sidi Ettiji,Morocco,32.1717,-8.8686,2026-09-25,2026-09-19 12:02:17.219081+00:00,29.0,18.8,0.0,0,18.6,39.2,3,open-meteo
Anazzou,Morocco,30.6333,-8.05,2026-09-19,2026-09-19 12:02:17.308348+00:00,33.3,18.0,0.0,15,18.7,38.9,3,open-meteo
Anazzou,Morocco,30.6333,-8.05,2026-09-20,2026-09-19 12:02:17.308348+00:00,33.7,21.4,0.0,13,15.1,28.8,3,open-meteo
Anazzou,Morocco,30.6333,-8.05,2026-09-21,2026-09-19 12:02:17.308348+00:00,33.5,19.6,0.0,3,23.4,43.9,3,open-meteo
Anazzou,Morocco,30.6333,-8.05,2026-09-22,2026-09-19 12:02:17.308348+00:00,34.1,18.3,0.0,0,20.6,46.4,0,open-meteo
Anazzou,Morocco,30.6333,-8.05,2026-09-23,2026-09-19 12:02:17.308348+00:00,33.9,17.3,0.0,0,21.9,38.2,1,open-meteo
Anazzou,Morocco,30.6333,-8.05,2026-09-24,2026-09-19 12:02:17.308348+00:00,33.3,20.5,0.0,0,26.1,46.8,3,open-meteo
Anazzou,Morocco,30.6333,-8.05,2026-09-25,2026-09-19 12:02:17.308348+00:00,31.3,18.6,0.0,3,24.7,44.3,3,open-meteo
Bni Rzine,Morocco,35.0108,-4.7262,2026-09-19,2026-09-19 12:02:17.404318+00:00,23.9,14.0,0.0,0,15.9,34.6,45,open-meteo
Bni Rzine,Morocco,35.0108,-4.7262,2026-09-20,2026-09-19 12:02:17.404318+00:00,24.3,16.6,0.0,0,13.8,28.4,3,open-meteo
Bni Rzine,Morocco,35.0108,-4.7262,2026-09-21,2026-09-19 12:02:17.404318+00:00,23.9,15.5,0.0,0,14.1,42.1,45,open-meteo
Bni Rzine,Morocco,35.0108,-4.7262,2026-09-22,2026-09-19 12:02:17.404318+00:00,24.7,13.5,0.0,0,12.3,42.5,0,open-meteo
Bni Rzine,Morocco,35.0108,-4.7262,2026-09-23,2026-09-19 12:02:17.404318+00:00,26.2,14.7,0.0,0,12.6,26.6,0,open-meteo
Bni Rzine,Morocco,35.0108,-4.7262,2026-09-24,2026-09-19 12:02:17.404318+00:00,28.1,15.1,0.0,0,8.9,26.3,1,open-meteo
Bni Rzine,Morocco,35.0108,-4.7262,2026-09-25,2026-09-19 12:02:17.404318+00:00,30.2,17.6,0.0,3,10.0,36.0,3,open-meteo
Sidi Lamine,Morocco,32.9,-6.05,2026-09-19,2026-09-19 12:02:17.494475+00:00,34.5,20.4,0.0,3,22.7,42.8,3,open-meteo
Sidi Lamine,Morocco,32.9,-6.05,2026-09-20,2026-09-19 12:02:17.494475+00:00,35.3,21.1,0.0,0,22.0,42.8,3,open-meteo
Sidi Lamine,Morocco,32.9,-6.05,2026-09-21,2026-09-19 12:02:17.494475+00:00,34.5,20.6,0.1,3,18.7,36.0,3,open-meteo
Sidi Lamine,Morocco,32.9,-6.05,2026-09-22,2026-09-19 12:02:17.494475+00:00,34.1,18.8,0.0,0,16.6,31.7,2,open-meteo
Sidi Lamine,Morocco,32.9,-6.05,2026-09-23,2026-09-19 12:02:17.494475+00:00,34.2,17.8,0.0,0,9.2,19.1,0,open-meteo
Sidi Lamine,Morocco,32.9,-6.05,2026-09-24,2026-09-19 12:02:17.494475+00:00,34.1,16.8,0.0,0,13.4,26.3,1,open-meteo
Sidi Lamine,Morocco,32.9,-6.05,2026-09-25,2026-09-19 12:02:17.494475+00:00,32.9,17.4,0.0,5,16.7,30.2,3,open-meteo
Oulad Amrane,Morocco,32.2833,-9.2333,2026-09-19,2026-09-19 12:02:17.607101+00:00,27.4,19.0,0.0,0,18.9,35.3,2,open-meteo
Oulad Amrane,Morocco,32.2833,-9.2333,2026-09-20,2026-09-19 12:02:17.607101+00:00,24.5,19.8,0.0,0,9.4,18.7,2,open-meteo
Oulad Amrane,Morocco,32.2833,-9.2333,2026-09-21,2026-09-19 12:02:17.607101+00:00,26.8,19.1,0.0,0,8.6,18.4,45,open-meteo
Oulad Amrane,Morocco,32.2833,-9.2333,2026-09-22,2026-09-19 12:02:17.607101+00:00,26.3,18.4,0.0,0,12.0,23.8,45,open-meteo
Oulad Amrane,Morocco,32.2833,-9.2333,2026-09-23,2026-09-19 12:02:17.607101+00:00,24.6,18.5,0.0,0,9.3,18.7,45,open-meteo
Oulad Amrane,Morocco,32.2833,-9.2333,2026-09-24,2026-09-19 12:02:17.607101+00:00,26.9,19.0,0.0,0,12.7,25.6,45,open-meteo
Oulad Amrane,Morocco,32.2833,-9.2333,2026-09-25,2026-09-19 12:02:17.607101+00:00,26.7,19.8,0.0,0,14.5,29.9,3,open-meteo
Tagalft,Morocco,32.2381,-6.1194,2026-09-19,2026-09-19 12:02:17.769364+00:00,28.3,17.2,0.1,10,15.1,25.9,3,open-meteo
Tagalft,Morocco,32.2381,-6.1194,2026-09-20,2026-09-19 12:02:17.769364+00:00,29.1,18.1,0.1,10,15.8,29.2,3,open-meteo
Tagalft,Morocco,32.2381,-6.1194,2026-09-21,2026-09-19 12:02:17.769364+00:00,28.3,17.7,0.1,3,14.7,28.1,3,open-meteo
Tagalft,Morocco,32.2381,-6.1194,2026-09-22,2026-09-19 12:02:17.769364+00:00,28.3,17.0,0.0,0,12.8,25.9,1,open-meteo
Tagalft,Morocco,32.2381,-6.1194,2026-09-23,2026-09-19 12:02:17.769364+00:00,29.1,16.4,0.0,0,12.0,23.8,0,open-meteo
Tagalft,Morocco,32.2381,-6.1194,2026-09-24,2026-09-19 12:02:17.769364+00:00,30.8,21.4,0.0,0,20.2,41.0,1,open-meteo
Tagalft,Morocco,32.2381,-6.1194,2026-09-25,2026-09-19 12:02:17.769364+00:00,29.1,20.8,0.0,15,12.3,29.5,3,open-meteo
Ghouazi,Morocco,34.4725,-5.2131,2026-09-19,2026-09-19 12:02:17.872499+00:00,36.0,22.2,0.0,0,23.4,46.1,1,open-meteo
Ghouazi,Morocco,34.4725,-5.2131,2026-09-20,2026-09-19 12:02:17.872499+00:00,36.7,24.2,0.0,0,19.9,40.0,1,open-meteo
Ghouazi,Morocco,34.4725,-5.2131,2026-09-21,2026-09-19 12:02:17.872499+00:00,35.8,24.1,0.0,0,15.1,30.2,1,open-meteo
Ghouazi,Morocco,34.4725,-5.2131,2026-09-22,2026-09-19 12:02:17.872499+00:00,35.4,22.2,0.0,0,14.2,30.6,0,open-meteo
Ghouazi,Morocco,34.4725,-5.2131,2026-09-23,2026-09-19 12:02:17.872499+00:00,36.5,21.5,0.0,0,10.1,21.6,0,open-meteo
Ghouazi,Morocco,34.4725,-5.2131,2026-09-24,2026-09-19 12:02:17.872499+00:00,36.8,20.1,0.0,0,12.0,22.7,1,open-meteo
Ghouazi,Morocco,34.4725,-5.2131,2026-09-25,2026-09-19 12:02:17.872499+00:00,33.3,18.2,0.0,0,16.6,32.8,45,open-meteo
Tabant,Morocco,31.6581,-6.42,2026-09-19,2026-09-19 12:02:17.985588+00:00,24.3,15.9,0.9,75,11.4,27.7,80,open-meteo
Tabant,Morocco,31.6581,-6.42,2026-09-20,2026-09-19 12:02:17.985588+00:00,25.1,15.4,1.2,43,21.6,42.8,80,open-meteo
Tabant,Morocco,31.6581,-6.42,2026-09-21,2026-09-19 12:02:17.985588+00:00,23.8,14.6,1.4,22,19.2,40.0,80,open-meteo
Tabant,Morocco,31.6581,-6.42,2026-09-22,2026-09-19 12:02:17.985588+00:00,25.0,13.4,0.0,0,21.5,43.6,1,open-meteo
Tabant,Morocco,31.6581,-6.42,2026-09-23,2026-09-19 12:02:17.985588+00:00,25.8,12.3,0.0,0,18.6,37.1,0,open-meteo
Tabant,Morocco,31.6581,-6.42,2026-09-24,2026-09-19 12:02:17.985588+00:00,25.3,14.3,0.0,15,23.8,49.7,1,open-meteo
Tabant,Morocco,31.6581,-6.42,2026-09-25,2026-09-19 12:02:17.985588+00:00,24.7,14.6,0.6,27,16.3,39.6,3,open-meteo
Oued Jdida,Morocco,33.9333,-5.3667,2026-09-19,2026-09-19 12:02:18.102220+00:00,34.1,19.5,0.0,5,18.6,35.3,2,open-meteo
Oued Jdida,Morocco,33.9333,-5.3667,2026-09-20,2026-09-19 12:02:18.102220+00:00,35.3,19.9,0.0,0,14.9,29.2,2,open-meteo
Oued Jdida,Morocco,33.9333,-5.3667,2026-09-21,2026-09-19 12:02:18.102220+00:00,34.3,20.2,0.0,0,13.4,26.6,0,open-meteo
Oued Jdida,Morocco,33.9333,-5.3667,2026-09-22,2026-09-19 12:02:18.102220+00:00,33.1,19.0,0.0,0,13.0,24.5,0,open-meteo
Oued Jdida,Morocco,33.9333,-5.3667,2026-09-23,2026-09-19 12:02:18.102220+00:00,34.4,19.6,0.0,0,11.5,22.7,0,open-meteo
Oued Jdida,Morocco,33.9333,-5.3667,2026-09-24,2026-09-19 12:02:18.102220+00:00,35.9,21.0,0.0,0,17.3,34.6,2,open-meteo
Oued Jdida,Morocco,33.9333,-5.3667,2026-09-25,2026-09-19 12:02:18.102220+00:00,33.1,19.2,0.0,3,19.3,35.6,3,open-meteo
Bouarouss,Morocco,34.3918,-4.8302,2026-09-19,2026-09-19 12:02:18.222371+00:00,32.7,22.1,0.0,0,28.5,59.0,2,open-meteo
Bouarouss,Morocco,34.3918,-4.8302,2026-09-20,2026-09-19 12:02:18.222371+00:00,33.7,23.2,0.0,0,25.2,51.5,3,open-meteo
Bouarouss,Morocco,34.3918,-4.8302,2026-09-21,2026-09-19 12:02:18.222371+00:00,33.0,22.6,0.0,0,22.9,45.0,1,open-meteo
Bouarouss,Morocco,34.3918,-4.8302,2026-09-22,2026-09-19 12:02:18.222371+00:00,33.0,20.5,0.0,0,17.3,35.3,0,open-meteo
Bouarouss,Morocco,34.3918,-4.8302,2026-09-23,2026-09-19 12:02:18.222371+00:00,34.8,20.8,0.0,0,10.8,28.8,0,open-meteo
Bouarouss,Morocco,34.3918,-4.8302,2026-09-24,2026-09-19 12:02:18.222371+00:00,35.7,19.8,0.0,0,12.2,23.8,2,open-meteo
Bouarouss,Morocco,34.3918,-4.8302,2026-09-25,2026-09-19 12:02:18.222371+00:00,32.8,18.5,0.0,0,16.8,34.6,3,open-meteo
Aç-çahrij,Morocco,31.7914,-7.1475,2026-09-19,2026-09-19 12:02:18.626658+00:00,34.6,19.3,0.0,10,13.6,29.9,3,open-meteo
Aç-çahrij,Morocco,31.7914,-7.1475,2026-09-20,2026-09-19 12:02:18.626658+00:00,35.7,21.8,0.3,15,17.6,33.1,3,open-meteo
Aç-çahrij,Morocco,31.7914,-7.1475,2026-09-21,2026-09-19 12:02:18.626658+00:00,35.1,20.9,0.0,3,15.4,29.2,2,open-meteo
Aç-çahrij,Morocco,31.7914,-7.1475,2026-09-22,2026-09-19 12:02:18.626658+00:00,35.0,20.5,0.0,0,13.2,28.4,1,open-meteo
Aç-çahrij,Morocco,31.7914,-7.1475,2026-09-23,2026-09-19 12:02:18.626658+00:00,35.4,18.5,0.0,0,14.9,27.7,0,open-meteo
Aç-çahrij,Morocco,31.7914,-7.1475,2026-09-24,2026-09-19 12:02:18.626658+00:00,34.8,21.6,0.0,3,17.1,32.8,3,open-meteo
Aç-çahrij,Morocco,31.7914,-7.1475,2026-09-25,2026-09-19 12:02:18.626658+00:00,31.7,20.6,0.0,13,13.6,29.2,3,open-meteo
Ahfir,Morocco,34.9514,-2.1025,2026-09-19,2026-09-19 12:02:18.757785+00:00,26.9,19.5,0.0,18,17.3,34.6,3,open-meteo
Ahfir,Morocco,34.9514,-2.1025,2026-09-20,2026-09-19 12:02:18.757785+00:00,27.4,19.7,0.1,10,16.0,31.3,3,open-meteo
Ahfir,Morocco,34.9514,-2.1025,2026-09-21,2026-09-19 12:02:18.757785+00:00,26.2,18.2,0.0,8,19.1,38.2,45,open-meteo
Ahfir,Morocco,34.9514,-2.1025,2026-09-22,2026-09-19 12:02:18.757785+00:00,26.7,15.8,0.0,0,13.7,29.5,1,open-meteo
Ahfir,Morocco,34.9514,-2.1025,2026-09-23,2026-09-19 12:02:18.757785+00:00,27.2,17.5,0.0,0,12.2,24.5,1,open-meteo
Ahfir,Morocco,34.9514,-2.1025,2026-09-24,2026-09-19 12:02:18.757785+00:00,32.1,18.7,0.0,0,12.6,32.4,0,open-meteo
Ahfir,Morocco,34.9514,-2.1025,2026-09-25,2026-09-19 12:02:18.757785+00:00,31.1,20.6,0.0,0,12.8,28.4,3,open-meteo
Beni Zouli,Morocco,30.4839,-5.8619,2026-09-19,2026-09-19 12:02:18.878042+00:00,32.7,24.8,0.0,8,26.4,40.3,3,open-meteo
Beni Zouli,Morocco,30.4839,-5.8619,2026-09-20,2026-09-19 12:02:18.878042+00:00,33.5,22.8,0.1,15,14.1,30.6,3,open-meteo
Beni Zouli,Morocco,30.4839,-5.8619,2026-09-21,2026-09-19 12:02:18.878042+00:00,35.8,24.2,0.4,33,18.1,26.6,3,open-meteo
Beni Zouli,Morocco,30.4839,-5.8619,2026-09-22,2026-09-19 12:02:18.878042+00:00,33.8,25.0,0.0,0,15.7,22.3,2,open-meteo
Beni Zouli,Morocco,30.4839,-5.8619,2026-09-23,2026-09-19 12:02:18.878042+00:00,32.9,24.3,0.0,0,13.8,23.0,2,open-meteo
Beni Zouli,Morocco,30.4839,-5.8619,2026-09-24,2026-09-19 12:02:18.878042+00:00,34.4,23.4,0.3,3,13.5,25.9,80,open-meteo
Beni Zouli,Morocco,30.4839,-5.8619,2026-09-25,2026-09-19 12:02:18.878042+00:00,30.8,23.3,1.2,8,10.8,32.4,80,open-meteo
Timezgana,Morocco,34.5833,-4.7333,2026-09-19,2026-09-19 12:02:18.965134+00:00,33.3,19.6,0.0,8,25.5,52.2,3,open-meteo
Timezgana,Morocco,34.5833,-4.7333,2026-09-20,2026-09-19 12:02:18.965134+00:00,34.5,21.1,0.1,3,18.4,36.7,3,open-meteo
Timezgana,Morocco,34.5833,-4.7333,2026-09-21,2026-09-19 12:02:18.965134+00:00,33.4,19.8,0.0,0,14.5,31.7,2,open-meteo
Timezgana,Morocco,34.5833,-4.7333,2026-09-22,2026-09-19 12:02:18.965134+00:00,33.5,17.1,0.0,0,14.9,31.3,0,open-meteo
Timezgana,Morocco,34.5833,-4.7333,2026-09-23,2026-09-19 12:02:18.965134+00:00,34.9,18.2,0.0,0,11.5,25.9,0,open-meteo
Timezgana,Morocco,34.5833,-4.7333,2026-09-24,2026-09-19 12:02:18.965134+00:00,36.0,18.0,0.0,0,10.5,20.9,2,open-meteo
Timezgana,Morocco,34.5833,-4.7333,2026-09-25,2026-09-19 12:02:18.965134+00:00,33.7,16.7,0.0,0,15.1,31.0,3,open-meteo
Douar El Arbaa Bou Quorra,Morocco,34.7485,-5.1971,2026-09-19,2026-09-19 12:02:19.053439+00:00,33.8,18.1,0.0,0,26.0,49.0,2,open-meteo
Douar El Arbaa Bou Quorra,Morocco,34.7485,-5.1971,2026-09-20,2026-09-19 12:02:19.053439+00:00,34.8,21.7,0.0,0,18.3,38.5,1,open-meteo
Douar El Arbaa Bou Quorra,Morocco,34.7485,-5.1971,2026-09-21,2026-09-19 12:02:19.053439+00:00,34.4,19.9,0.0,0,19.7,38.9,3,open-meteo
Douar El Arbaa Bou Quorra,Morocco,34.7485,-5.1971,2026-09-22,2026-09-19 12:02:19.053439+00:00,33.9,15.3,0.0,0,10.0,22.3,0,open-meteo
Douar El Arbaa Bou Quorra,Morocco,34.7485,-5.1971,2026-09-23,2026-09-19 12:02:19.053439+00:00,34.6,15.5,0.0,0,7.0,16.6,0,open-meteo
Douar El Arbaa Bou Quorra,Morocco,34.7485,-5.1971,2026-09-24,2026-09-19 12:02:19.053439+00:00,35.4,19.2,0.0,0,11.6,24.5,2,open-meteo
Douar El Arbaa Bou Quorra,Morocco,34.7485,-5.1971,2026-09-25,2026-09-19 12:02:19.053439+00:00,32.3,17.1,0.0,3,15.4,33.8,3,open-meteo
Knemis Dades,Morocco,31.309,-6.028,2026-09-19,2026-09-19 12:02:19.138313+00:00,26.8,16.3,0.6,63,26.9,41.4,80,open-meteo
Knemis Dades,Morocco,31.309,-6.028,2026-09-20,2026-09-19 12:02:19.138313+00:00,26.9,15.7,0.3,63,18.9,41.4,80,open-meteo
Knemis Dades,Morocco,31.309,-6.028,2026-09-21,2026-09-19 12:02:19.138313+00:00,27.3,16.3,1.4,45,21.4,33.1,80,open-meteo
Knemis Dades,Morocco,31.309,-6.028,2026-09-22,2026-09-19 12:02:19.138313+00:00,28.6,15.6,0.0,0,21.8,37.1,2,open-meteo
Knemis Dades,Morocco,31.309,-6.028,2026-09-23,2026-09-19 12:02:19.138313+00:00,27.9,14.8,0.0,0,18.2,25.6,2,open-meteo
Knemis Dades,Morocco,31.309,-6.028,2026-09-24,2026-09-19 12:02:19.138313+00:00,28.6,16.8,0.0,8,19.9,34.9,2,open-meteo
Knemis Dades,Morocco,31.309,-6.028,2026-09-25,2026-09-19 12:02:19.138313+00:00,23.8,17.4,0.9,15,17.4,44.3,3,open-meteo
Aghbal,Morocco,34.9394,-2.1272,2026-09-19,2026-09-19 12:02:19.225626+00:00,27.0,19.6,0.0,18,17.3,34.6,3,open-meteo
Aghbal,Morocco,34.9394,-2.1272,2026-09-20,2026-09-19 12:02:19.225626+00:00,27.5,19.8,0.1,10,16.0,31.3,3,open-meteo
Aghbal,Morocco,34.9394,-2.1272,2026-09-21,2026-09-19 12:02:19.225626+00:00,26.3,18.3,0.0,8,19.1,38.2,45,open-meteo
Aghbal,Morocco,34.9394,-2.1272,2026-09-22,2026-09-19 12:02:19.225626+00:00,26.8,15.9,0.0,0,13.7,29.5,1,open-meteo
Aghbal,Morocco,34.9394,-2.1272,2026-09-23,2026-09-19 12:02:19.225626+00:00,27.3,17.6,0.0,0,12.2,24.5,1,open-meteo
Aghbal,Morocco,34.9394,-2.1272,2026-09-24,2026-09-19 12:02:19.225626+00:00,32.2,18.8,0.0,0,12.6,32.4,0,open-meteo
Aghbal,Morocco,34.9394,-2.1272,2026-09-25,2026-09-19 12:02:19.225626+00:00,31.2,20.7,0.0,0,12.8,28.4,3,open-meteo
Ouaouzgane,Morocco,35.0199,-4.5181,2026-09-19,2026-09-19 12:02:19.310218+00:00,22.1,13.1,0.0,0,13.0,32.0,45,open-meteo
Ouaouzgane,Morocco,35.0199,-4.5181,2026-09-20,2026-09-19 12:02:19.310218+00:00,22.1,15.0,0.0,0,11.5,22.7,45,open-meteo
Ouaouzgane,Morocco,35.0199,-4.5181,2026-09-21,2026-09-19 12:02:19.310218+00:00,21.5,14.1,0.0,0,12.5,31.3,2,open-meteo
Ouaouzgane,Morocco,35.0199,-4.5181,2026-09-22,2026-09-19 12:02:19.310218+00:00,21.8,13.4,0.0,0,12.3,33.8,1,open-meteo
Ouaouzgane,Morocco,35.0199,-4.5181,2026-09-23,2026-09-19 12:02:19.310218+00:00,22.9,14.8,0.0,0,11.4,28.4,0,open-meteo
Ouaouzgane,Morocco,35.0199,-4.5181,2026-09-24,2026-09-19 12:02:19.310218+00:00,22.9,14.8,0.0,0,12.5,25.6,1,open-meteo
Ouaouzgane,Morocco,35.0199,-4.5181,2026-09-25,2026-09-19 12:02:19.310218+00:00,26.1,17.2,0.0,0,12.3,24.5,3,open-meteo
Sidi Azzouz,Morocco,31.76,-7.66,2026-09-19,2026-09-19 12:02:19.400521+00:00,36.1,20.0,0.1,18,15.3,28.8,3,open-meteo
Sidi Azzouz,Morocco,31.76,-7.66,2026-09-20,2026-09-19 12:02:19.400521+00:00,36.9,22.5,0.3,33,16.6,32.4,3,open-meteo
Sidi Azzouz,Morocco,31.76,-7.66,2026-09-21,2026-09-19 12:02:19.400521+00:00,37.0,22.1,0.0,3,18.4,33.8,3,open-meteo
Sidi Azzouz,Morocco,31.76,-7.66,2026-09-22,2026-09-19 12:02:19.400521+00:00,36.3,21.3,0.0,0,16.8,30.6,3,open-meteo
Sidi Azzouz,Morocco,31.76,-7.66,2026-09-23,2026-09-19 12:02:19.400521+00:00,36.5,19.7,0.0,3,15.5,28.4,0,open-meteo
Sidi Azzouz,Morocco,31.76,-7.66,2026-09-24,2026-09-19 12:02:19.400521+00:00,36.8,19.7,0.0,3,14.3,26.6,1,open-meteo
Sidi Azzouz,Morocco,31.76,-7.66,2026-09-25,2026-09-19 12:02:19.400521+00:00,34.0,20.7,0.0,0,12.4,22.3,3,open-meteo
Sidi Azzouz,Morocco,34.5411,-5.7516,2026-09-19,2026-09-19 12:02:19.486603+00:00,37.0,19.9,0.0,0,18.8,34.9,1,open-meteo
Sidi Azzouz,Morocco,34.5411,-5.7516,2026-09-20,2026-09-19 12:02:19.486603+00:00,37.7,25.0,0.0,0,20.0,38.2,0,open-meteo
Sidi Azzouz,Morocco,34.5411,-5.7516,2026-09-21,2026-09-19 12:02:19.486603+00:00,36.9,24.2,0.0,0,16.9,32.0,0,open-meteo
Sidi Azzouz,Morocco,34.5411,-5.7516,2026-09-22,2026-09-19 12:02:19.486603+00:00,36.6,23.6,0.0,0,16.0,32.8,0,open-meteo
Sidi Azzouz,Morocco,34.5411,-5.7516,2026-09-23,2026-09-19 12:02:19.486603+00:00,36.9,21.6,0.0,0,12.1,23.8,0,open-meteo
Sidi Azzouz,Morocco,34.5411,-5.7516,2026-09-24,2026-09-19 12:02:19.486603+00:00,36.5,19.7,0.0,0,14.7,31.0,45,open-meteo
Sidi Azzouz,Morocco,34.5411,-5.7516,2026-09-25,2026-09-19 12:02:19.486603+00:00,31.7,19.9,0.0,3,15.9,30.6,45,open-meteo
Gourrama,Morocco,32.3375,-4.0761,2026-09-19,2026-09-19 12:02:19.598929+00:00,27.1,16.5,3.5,75,16.4,41.0,80,open-meteo
Gourrama,Morocco,32.3375,-4.0761,2026-09-20,2026-09-19 12:02:19.598929+00:00,27.0,14.6,0.4,53,13.9,29.9,80,open-meteo
Gourrama,Morocco,32.3375,-4.0761,2026-09-21,2026-09-19 12:02:19.598929+00:00,29.9,15.0,0.0,0,26.5,43.6,1,open-meteo
Gourrama,Morocco,32.3375,-4.0761,2026-09-22,2026-09-19 12:02:19.598929+00:00,29.1,14.0,0.0,3,20.9,33.8,1,open-meteo
Gourrama,Morocco,32.3375,-4.0761,2026-09-23,2026-09-19 12:02:19.598929+00:00,28.8,13.2,0.0,0,12.3,19.4,2,open-meteo
Gourrama,Morocco,32.3375,-4.0761,2026-09-24,2026-09-19 12:02:19.598929+00:00,29.2,16.5,0.0,5,8.3,19.4,2,open-meteo
Gourrama,Morocco,32.3375,-4.0761,2026-09-25,2026-09-19 12:02:19.598929+00:00,28.9,16.5,0.9,5,9.8,26.3,3,open-meteo
Ras el Oued,Morocco,34.15,-4.0,2026-09-19,2026-09-19 12:02:19.702275+00:00,25.0,16.5,1.4,25,24.4,46.4,3,open-meteo
Ras el Oued,Morocco,34.15,-4.0,2026-09-20,2026-09-19 12:02:19.702275+00:00,26.6,17.7,0.0,0,20.6,37.8,3,open-meteo
Ras el Oued,Morocco,34.15,-4.0,2026-09-21,2026-09-19 12:02:19.702275+00:00,25.0,15.9,0.0,0,18.0,34.9,3,open-meteo
Ras el Oued,Morocco,34.15,-4.0,2026-09-22,2026-09-19 12:02:19.702275+00:00,25.7,13.4,0.0,0,16.9,32.0,0,open-meteo
Ras el Oued,Morocco,34.15,-4.0,2026-09-23,2026-09-19 12:02:19.702275+00:00,28.1,15.1,0.0,0,16.3,31.3,0,open-meteo
Ras el Oued,Morocco,34.15,-4.0,2026-09-24,2026-09-19 12:02:19.702275+00:00,31.0,17.7,0.0,0,13.0,25.6,1,open-meteo
Ras el Oued,Morocco,34.15,-4.0,2026-09-25,2026-09-19 12:02:19.702275+00:00,31.8,20.1,0.0,0,21.4,41.8,3,open-meteo
Jbabra,Morocco,34.4314,-4.9642,2026-09-19,2026-09-19 12:02:19.786746+00:00,35.1,23.1,0.0,0,26.0,49.7,2,open-meteo
Jbabra,Morocco,34.4314,-4.9642,2026-09-20,2026-09-19 12:02:19.786746+00:00,35.8,24.8,0.0,0,23.4,43.9,1,open-meteo
Jbabra,Morocco,34.4314,-4.9642,2026-09-21,2026-09-19 12:02:19.786746+00:00,35.2,24.0,0.0,0,19.9,36.4,1,open-meteo
Jbabra,Morocco,34.4314,-4.9642,2026-09-22,2026-09-19 12:02:19.786746+00:00,34.9,21.9,0.0,0,14.5,30.2,1,open-meteo
Jbabra,Morocco,34.4314,-4.9642,2026-09-23,2026-09-19 12:02:19.786746+00:00,36.5,21.4,0.0,0,11.4,22.3,0,open-meteo
Jbabra,Morocco,34.4314,-4.9642,2026-09-24,2026-09-19 12:02:19.786746+00:00,36.9,20.8,0.0,0,12.6,24.5,2,open-meteo
Jbabra,Morocco,34.4314,-4.9642,2026-09-25,2026-09-19 12:02:19.786746+00:00,33.8,19.9,0.0,0,16.9,33.1,3,open-meteo
Aghbalou Aqourar,Morocco,33.9342,-4.7381,2026-09-19,2026-09-19 12:02:20.118331+00:00,32.0,18.5,0.2,18,21.4,45.4,3,open-meteo
Aghbalou Aqourar,Morocco,33.9342,-4.7381,2026-09-20,2026-09-19 12:02:20.118331+00:00,33.6,18.6,0.0,0,16.1,33.1,1,open-meteo
Aghbalou Aqourar,Morocco,33.9342,-4.7381,2026-09-21,2026-09-19 12:02:20.118331+00:00,32.3,18.2,0.0,0,14.1,29.5,1,open-meteo
Aghbalou Aqourar,Morocco,33.9342,-4.7381,2026-09-22,2026-09-19 12:02:20.118331+00:00,31.4,17.1,0.0,0,13.2,28.1,0,open-meteo
Aghbalou Aqourar,Morocco,33.9342,-4.7381,2026-09-23,2026-09-19 12:02:20.118331+00:00,33.2,16.2,0.0,0,13.0,27.7,0,open-meteo
Aghbalou Aqourar,Morocco,33.9342,-4.7381,2026-09-24,2026-09-19 12:02:20.118331+00:00,34.2,21.2,0.0,0,17.8,34.6,1,open-meteo
Aghbalou Aqourar,Morocco,33.9342,-4.7381,2026-09-25,2026-09-19 12:02:20.118331+00:00,32.4,19.7,0.0,0,20.0,37.8,3,open-meteo
Tirhassaline,Morocco,32.7822,-5.6517,2026-09-19,2026-09-19 12:02:20.201897+00:00,33.1,21.4,0.0,5,28.9,54.0,3,open-meteo
Tirhassaline,Morocco,32.7822,-5.6517,2026-09-20,2026-09-19 12:02:20.201897+00:00,34.4,21.6,0.0,5,18.6,34.9,3,open-meteo
Tirhassaline,Morocco,32.7822,-5.6517,2026-09-21,2026-09-19 12:02:20.201897+00:00,33.9,21.0,0.0,0,22.7,45.7,2,open-meteo
Tirhassaline,Morocco,32.7822,-5.6517,2026-09-22,2026-09-19 12:02:20.201897+00:00,32.9,18.6,0.0,0,17.2,32.4,2,open-meteo
Tirhassaline,Morocco,32.7822,-5.6517,2026-09-23,2026-09-19 12:02:20.201897+00:00,33.2,18.8,0.0,0,15.1,26.3,0,open-meteo
Tirhassaline,Morocco,32.7822,-5.6517,2026-09-24,2026-09-19 12:02:20.201897+00:00,33.2,18.0,0.0,0,16.0,30.2,0,open-meteo
Tirhassaline,Morocco,32.7822,-5.6517,2026-09-25,2026-09-19 12:02:20.201897+00:00,32.4,18.2,0.0,8,17.3,32.8,3,open-meteo
Oulad Alioua,Morocco,30.3761,-9.3203,2026-09-19,2026-09-19 12:02:20.290294+00:00,28.0,19.1,0.0,0,30.1,51.5,45,open-meteo
Oulad Alioua,Morocco,30.3761,-9.3203,2026-09-20,2026-09-19 12:02:20.290294+00:00,29.4,19.1,0.0,0,27.0,46.8,45,open-meteo
Oulad Alioua,Morocco,30.3761,-9.3203,2026-09-21,2026-09-19 12:02:20.290294+00:00,39.8,21.4,0.0,0,21.1,38.2,3,open-meteo
Oulad Alioua,Morocco,30.3761,-9.3203,2026-09-22,2026-09-19 12:02:20.290294+00:00,38.3,20.8,0.0,0,32.6,59.0,2,open-meteo
Oulad Alioua,Morocco,30.3761,-9.3203,2026-09-23,2026-09-19 12:02:20.290294+00:00,38.2,19.4,0.0,0,26.2,46.1,0,open-meteo
Oulad Alioua,Morocco,30.3761,-9.3203,2026-09-24,2026-09-19 12:02:20.290294+00:00,39.3,22.7,0.0,0,26.4,43.6,3,open-meteo
Oulad Alioua,Morocco,30.3761,-9.3203,2026-09-25,2026-09-19 12:02:20.290294+00:00,29.7,19.9,0.0,0,28.3,48.6,45,open-meteo
Mellila,Morocco,33.3833,-7.1333,2026-09-19,2026-09-19 12:02:20.379644+00:00,33.8,15.5,0.0,0,16.1,31.3,45,open-meteo
Mellila,Morocco,33.3833,-7.1333,2026-09-20,2026-09-19 12:02:20.379644+00:00,36.6,18.4,0.0,0,19.8,38.5,1,open-meteo
Mellila,Morocco,33.3833,-7.1333,2026-09-21,2026-09-19 12:02:20.379644+00:00,36.3,18.7,0.0,0,20.1,38.5,2,open-meteo
Mellila,Morocco,33.3833,-7.1333,2026-09-22,2026-09-19 12:02:20.379644+00:00,35.8,17.8,0.0,0,18.0,35.3,0,open-meteo
Mellila,Morocco,33.3833,-7.1333,2026-09-23,2026-09-19 12:02:20.379644+00:00,35.6,16.9,0.0,0,17.6,35.3,0,open-meteo
Mellila,Morocco,33.3833,-7.1333,2026-09-24,2026-09-19 12:02:20.379644+00:00,34.4,15.6,0.0,0,18.5,35.6,3,open-meteo
Mellila,Morocco,33.3833,-7.1333,2026-09-25,2026-09-19 12:02:20.379644+00:00,29.1,17.4,0.0,3,17.7,33.5,45,open-meteo
Iheddadene,Morocco,31.2,-9.65,2026-09-19,2026-09-19 12:02:20.465324+00:00,29.3,18.3,0.0,0,11.5,28.8,2,open-meteo
Iheddadene,Morocco,31.2,-9.65,2026-09-20,2026-09-19 12:02:20.465324+00:00,28.8,20.0,0.0,0,7.6,19.4,2,open-meteo
Iheddadene,Morocco,31.2,-9.65,2026-09-21,2026-09-19 12:02:20.465324+00:00,33.0,20.5,0.0,0,9.0,21.2,3,open-meteo
Iheddadene,Morocco,31.2,-9.65,2026-09-22,2026-09-19 12:02:20.465324+00:00,34.6,21.8,0.0,0,12.5,27.0,2,open-meteo
Iheddadene,Morocco,31.2,-9.65,2026-09-23,2026-09-19 12:02:20.465324+00:00,33.0,19.9,0.0,0,9.7,22.0,0,open-meteo
Iheddadene,Morocco,31.2,-9.65,2026-09-24,2026-09-19 12:02:20.465324+00:00,31.2,21.2,0.0,0,10.2,31.7,3,open-meteo
Iheddadene,Morocco,31.2,-9.65,2026-09-25,2026-09-19 12:02:20.465324+00:00,26.2,18.0,0.0,0,12.7,27.7,45,open-meteo
Driouch,Morocco,34.8665,-3.4223,2026-09-19,2026-09-19 12:02:20.550681+00:00,25.8,19.2,0.0,3,26.0,48.2,45,open-meteo
Driouch,Morocco,34.8665,-3.4223,2026-09-20,2026-09-19 12:02:20.550681+00:00,26.5,20.4,0.0,10,25.2,45.4,3,open-meteo
Driouch,Morocco,34.8665,-3.4223,2026-09-21,2026-09-19 12:02:20.550681+00:00,26.4,16.7,0.0,3,21.2,38.5,3,open-meteo
Driouch,Morocco,34.8665,-3.4223,2026-09-22,2026-09-19 12:02:20.550681+00:00,27.1,13.4,0.0,0,19.7,34.9,45,open-meteo
Driouch,Morocco,34.8665,-3.4223,2026-09-23,2026-09-19 12:02:20.550681+00:00,28.2,14.0,0.0,0,22.4,40.3,0,open-meteo
Driouch,Morocco,34.8665,-3.4223,2026-09-24,2026-09-19 12:02:20.550681+00:00,30.4,13.8,0.0,0,19.5,33.1,1,open-meteo
Driouch,Morocco,34.8665,-3.4223,2026-09-25,2026-09-19 12:02:20.550681+00:00,30.5,15.9,0.0,0,15.5,34.9,3,open-meteo
Tarhzout n’Aït Yazza,Morocco,31.4567,-5.4192,2026-09-19,2026-09-19 12:02:20.634723+00:00,28.9,18.2,5.9,73,20.1,39.6,95,open-meteo
Tarhzout n’Aït Yazza,Morocco,31.4567,-5.4192,2026-09-20,2026-09-19 12:02:20.634723+00:00,28.4,17.8,0.8,45,24.4,36.4,80,open-meteo
Tarhzout n’Aït Yazza,Morocco,31.4567,-5.4192,2026-09-21,2026-09-19 12:02:20.634723+00:00,30.6,19.1,0.9,25,11.2,27.0,3,open-meteo
Tarhzout n’Aït Yazza,Morocco,31.4567,-5.4192,2026-09-22,2026-09-19 12:02:20.634723+00:00,29.1,18.0,0.0,0,15.0,25.2,2,open-meteo
Tarhzout n’Aït Yazza,Morocco,31.4567,-5.4192,2026-09-23,2026-09-19 12:02:20.634723+00:00,29.4,17.9,0.0,3,15.9,25.6,2,open-meteo
Tarhzout n’Aït Yazza,Morocco,31.4567,-5.4192,2026-09-24,2026-09-19 12:02:20.634723+00:00,29.6,18.4,0.3,5,13.0,21.2,2,open-meteo
Tarhzout n’Aït Yazza,Morocco,31.4567,-5.4192,2026-09-25,2026-09-19 12:02:20.634723+00:00,27.0,18.5,0.6,13,13.0,23.8,3,open-meteo
Assa,Morocco,28.6086,-9.4269,2026-09-19,2026-09-19 12:02:20.720718+00:00,38.3,21.2,0.0,0,17.9,28.8,0,open-meteo
Assa,Morocco,28.6086,-9.4269,2026-09-20,2026-09-19 12:02:20.720718+00:00,38.1,22.7,0.0,0,21.7,37.1,0,open-meteo
Assa,Morocco,28.6086,-9.4269,2026-09-21,2026-09-19 12:02:20.720718+00:00,39.0,26.8,0.0,0,26.7,42.5,2,open-meteo
Assa,Morocco,28.6086,-9.4269,2026-09-22,2026-09-19 12:02:20.720718+00:00,39.8,27.1,0.0,0,24.2,36.0,3,open-meteo
Assa,Morocco,28.6086,-9.4269,2026-09-23,2026-09-19 12:02:20.720718+00:00,39.3,26.0,0.0,2,20.4,40.0,3,open-meteo
Assa,Morocco,28.6086,-9.4269,2026-09-24,2026-09-19 12:02:20.720718+00:00,37.9,25.5,0.0,0,16.8,31.7,0,open-meteo
Assa,Morocco,28.6086,-9.4269,2026-09-25,2026-09-19 12:02:20.720718+00:00,37.7,24.8,0.0,4,15.9,30.2,1,open-meteo
Skhour Rehamna,Morocco,32.4833,-7.9167,2026-09-19,2026-09-19 12:02:20.801123+00:00,33.6,18.2,0.0,0,19.5,37.1,3,open-meteo
Skhour Rehamna,Morocco,32.4833,-7.9167,2026-09-20,2026-09-19 12:02:20.801123+00:00,35.1,22.6,0.0,5,21.7,40.3,2,open-meteo
Skhour Rehamna,Morocco,32.4833,-7.9167,2026-09-21,2026-09-19 12:02:20.801123+00:00,36.8,22.1,0.0,0,19.5,36.4,2,open-meteo
Skhour Rehamna,Morocco,32.4833,-7.9167,2026-09-22,2026-09-19 12:02:20.801123+00:00,36.1,21.7,0.0,0,19.3,35.3,0,open-meteo
Skhour Rehamna,Morocco,32.4833,-7.9167,2026-09-23,2026-09-19 12:02:20.801123+00:00,35.9,18.4,0.0,0,17.7,31.7,0,open-meteo
Skhour Rehamna,Morocco,32.4833,-7.9167,2026-09-24,2026-09-19 12:02:20.801123+00:00,36.3,20.0,0.0,0,21.2,36.7,3,open-meteo
Skhour Rehamna,Morocco,32.4833,-7.9167,2026-09-25,2026-09-19 12:02:20.801123+00:00,30.4,18.4,0.0,0,20.6,37.4,3,open-meteo
Sabbah,Morocco,33.8036,-7.0372,2026-09-19,2026-09-19 12:02:20.884925+00:00,27.4,15.9,0.0,0,13.7,26.6,2,open-meteo
Sabbah,Morocco,33.8036,-7.0372,2026-09-20,2026-09-19 12:02:20.884925+00:00,28.8,18.7,0.0,0,13.5,25.9,0,open-meteo
Sabbah,Morocco,33.8036,-7.0372,2026-09-21,2026-09-19 12:02:20.884925+00:00,28.9,19.2,0.0,0,13.2,25.9,1,open-meteo
Sabbah,Morocco,33.8036,-7.0372,2026-09-22,2026-09-19 12:02:20.884925+00:00,28.6,19.2,0.0,0,13.0,25.6,0,open-meteo
Sabbah,Morocco,33.8036,-7.0372,2026-09-23,2026-09-19 12:02:20.884925+00:00,27.6,16.7,0.0,0,13.5,25.9,0,open-meteo
Sabbah,Morocco,33.8036,-7.0372,2026-09-24,2026-09-19 12:02:20.884925+00:00,29.2,16.8,0.0,0,14.2,28.1,45,open-meteo
Sabbah,Morocco,33.8036,-7.0372,2026-09-25,2026-09-19 12:02:20.884925+00:00,25.9,18.4,0.0,0,15.5,31.3,45,open-meteo
’Ayn Bni Mathar,Morocco,34.0889,-2.0247,2026-09-19,2026-09-19 12:02:20.966588+00:00,28.5,18.0,0.6,55,25.1,38.2,3,open-meteo
’Ayn Bni Mathar,Morocco,34.0889,-2.0247,2026-09-20,2026-09-19 12:02:20.966588+00:00,29.3,17.5,0.5,15,28.4,49.0,80,open-meteo
’Ayn Bni Mathar,Morocco,34.0889,-2.0247,2026-09-21,2026-09-19 12:02:20.966588+00:00,26.5,16.9,0.0,3,22.2,34.2,45,open-meteo
’Ayn Bni Mathar,Morocco,34.0889,-2.0247,2026-09-22,2026-09-19 12:02:20.966588+00:00,27.6,13.5,0.0,0,22.0,34.6,45,open-meteo
’Ayn Bni Mathar,Morocco,34.0889,-2.0247,2026-09-23,2026-09-19 12:02:20.966588+00:00,29.4,14.2,0.0,0,17.7,26.6,2,open-meteo
’Ayn Bni Mathar,Morocco,34.0889,-2.0247,2026-09-24,2026-09-19 12:02:20.966588+00:00,30.5,14.5,0.0,3,12.8,20.9,0,open-meteo
’Ayn Bni Mathar,Morocco,34.0889,-2.0247,2026-09-25,2026-09-19 12:02:20.966588+00:00,32.0,16.5,0.0,3,24.2,36.4,3,open-meteo
Midar,Morocco,34.9402,-3.5331,2026-09-19,2026-09-19 12:02:21.049130+00:00,25.2,19.1,0.0,5,23.2,39.2,45,open-meteo
Midar,Morocco,34.9402,-3.5331,2026-09-20,2026-09-19 12:02:21.049130+00:00,26.7,20.0,1.4,43,23.1,38.5,80,open-meteo
Midar,Morocco,34.9402,-3.5331,2026-09-21,2026-09-19 12:02:21.049130+00:00,26.3,17.3,0.0,3,19.4,33.5,45,open-meteo
Midar,Morocco,34.9402,-3.5331,2026-09-22,2026-09-19 12:02:21.049130+00:00,27.2,14.9,0.0,0,18.3,30.6,0,open-meteo
Midar,Morocco,34.9402,-3.5331,2026-09-23,2026-09-19 12:02:21.049130+00:00,28.5,16.5,0.0,0,19.0,32.8,0,open-meteo
Midar,Morocco,34.9402,-3.5331,2026-09-24,2026-09-19 12:02:21.049130+00:00,30.3,17.5,0.0,0,10.3,26.3,1,open-meteo
Midar,Morocco,34.9402,-3.5331,2026-09-25,2026-09-19 12:02:21.049130+00:00,30.3,18.9,0.0,0,11.3,26.6,3,open-meteo
Aïn Jemaa,Morocco,34.0333,-5.8,2026-09-19,2026-09-19 12:02:21.134356+00:00,34.9,19.8,0.0,0,12.5,26.6,2,open-meteo
Aïn Jemaa,Morocco,34.0333,-5.8,2026-09-20,2026-09-19 12:02:21.134356+00:00,36.3,23.9,0.0,0,11.4,27.7,0,open-meteo
Aïn Jemaa,Morocco,34.0333,-5.8,2026-09-21,2026-09-19 12:02:21.134356+00:00,35.6,22.1,0.0,0,12.6,26.3,0,open-meteo
Aïn Jemaa,Morocco,34.0333,-5.8,2026-09-22,2026-09-19 12:02:21.134356+00:00,34.3,22.6,0.0,0,11.9,25.9,0,open-meteo
Aïn Jemaa,Morocco,34.0333,-5.8,2026-09-23,2026-09-19 12:02:21.134356+00:00,34.8,20.8,0.0,0,12.7,25.9,0,open-meteo
Aïn Jemaa,Morocco,34.0333,-5.8,2026-09-24,2026-09-19 12:02:21.134356+00:00,35.4,18.7,0.0,0,17.6,37.1,1,open-meteo
Aïn Jemaa,Morocco,34.0333,-5.8,2026-09-25,2026-09-19 12:02:21.134356+00:00,30.8,19.0,0.0,3,17.8,36.4,3,open-meteo
Tazert,Morocco,31.6597,-7.4092,2026-09-19,2026-09-19 12:02:21.221298+00:00,33.8,19.5,0.0,38,19.9,40.0,3,open-meteo
Tazert,Morocco,31.6597,-7.4092,2026-09-20,2026-09-19 12:02:21.221298+00:00,35.3,22.5,0.3,25,13.8,31.0,80,open-meteo
Tazert,Morocco,31.6597,-7.4092,2026-09-21,2026-09-19 12:02:21.221298+00:00,34.9,22.0,0.0,5,16.7,31.7,2,open-meteo
Tazert,Morocco,31.6597,-7.4092,2026-09-22,2026-09-19 12:02:21.221298+00:00,34.6,21.5,0.0,0,16.2,31.3,1,open-meteo
Tazert,Morocco,31.6597,-7.4092,2026-09-23,2026-09-19 12:02:21.221298+00:00,34.7,19.2,0.0,0,15.6,30.2,0,open-meteo
Tazert,Morocco,31.6597,-7.4092,2026-09-24,2026-09-19 12:02:21.221298+00:00,34.8,23.8,0.0,3,20.4,39.6,1,open-meteo
Tazert,Morocco,31.6597,-7.4092,2026-09-25,2026-09-19 12:02:21.221298+00:00,31.6,21.0,0.3,13,11.0,24.8,3,open-meteo
Souk Et-Tleta des Oulad Hamdane,Morocco,33.1044,-8.2502,2026-09-19,2026-09-19 12:02:21.308014+00:00,30.0,17.8,0.0,0,18.0,33.8,45,open-meteo
Souk Et-Tleta des Oulad Hamdane,Morocco,33.1044,-8.2502,2026-09-20,2026-09-19 12:02:21.308014+00:00,33.0,19.6,0.0,0,15.1,28.1,45,open-meteo
Souk Et-Tleta des Oulad Hamdane,Morocco,33.1044,-8.2502,2026-09-21,2026-09-19 12:02:21.308014+00:00,33.1,19.7,0.0,0,15.6,29.2,45,open-meteo
Souk Et-Tleta des Oulad Hamdane,Morocco,33.1044,-8.2502,2026-09-22,2026-09-19 12:02:21.308014+00:00,31.9,18.6,0.0,0,16.1,30.6,45,open-meteo
Souk Et-Tleta des Oulad Hamdane,Morocco,33.1044,-8.2502,2026-09-23,2026-09-19 12:02:21.308014+00:00,31.5,19.5,0.0,0,14.6,28.1,45,open-meteo
Souk Et-Tleta des Oulad Hamdane,Morocco,33.1044,-8.2502,2026-09-24,2026-09-19 12:02:21.308014+00:00,28.8,18.3,0.0,0,14.5,26.6,45,open-meteo
Souk Et-Tleta des Oulad Hamdane,Morocco,33.1044,-8.2502,2026-09-25,2026-09-19 12:02:21.308014+00:00,25.4,19.7,0.0,0,13.9,27.0,3,open-meteo
Galaz,Morocco,34.55,-4.8,2026-09-19,2026-09-19 12:02:21.391302+00:00,34.9,20.2,0.0,3,26.1,54.7,2,open-meteo
Galaz,Morocco,34.55,-4.8,2026-09-20,2026-09-19 12:02:21.391302+00:00,36.0,22.0,0.0,0,19.1,38.9,3,open-meteo
Galaz,Morocco,34.55,-4.8,2026-09-21,2026-09-19 12:02:21.391302+00:00,35.2,20.8,0.0,0,15.6,34.9,2,open-meteo
Galaz,Morocco,34.55,-4.8,2026-09-22,2026-09-19 12:02:21.391302+00:00,35.1,17.9,0.0,0,15.0,33.8,0,open-meteo
Galaz,Morocco,34.55,-4.8,2026-09-23,2026-09-19 12:02:21.391302+00:00,36.3,19.1,0.0,0,13.0,25.9,0,open-meteo
Galaz,Morocco,34.55,-4.8,2026-09-24,2026-09-19 12:02:21.391302+00:00,37.6,19.2,0.0,0,10.8,22.3,2,open-meteo
Galaz,Morocco,34.55,-4.8,2026-09-25,2026-09-19 12:02:21.391302+00:00,35.1,18.2,0.0,0,16.5,32.8,3,open-meteo
Sebt Aït Saghiouchen,Morocco,34.0122,-4.5536,2026-09-19,2026-09-19 12:02:21.473297+00:00,34.1,19.4,0.7,33,22.7,44.6,80,open-meteo
Sebt Aït Saghiouchen,Morocco,34.0122,-4.5536,2026-09-20,2026-09-19 12:02:21.473297+00:00,35.2,20.0,0.0,0,17.7,33.8,1,open-meteo
Sebt Aït Saghiouchen,Morocco,34.0122,-4.5536,2026-09-21,2026-09-19 12:02:21.473297+00:00,34.0,19.9,0.0,0,16.5,31.0,1,open-meteo
Sebt Aït Saghiouchen,Morocco,34.0122,-4.5536,2026-09-22,2026-09-19 12:02:21.473297+00:00,33.3,18.3,0.0,0,12.9,23.8,1,open-meteo
Sebt Aït Saghiouchen,Morocco,34.0122,-4.5536,2026-09-23,2026-09-19 12:02:21.473297+00:00,35.2,17.5,0.0,0,11.7,23.4,0,open-meteo
Sebt Aït Saghiouchen,Morocco,34.0122,-4.5536,2026-09-24,2026-09-19 12:02:21.473297+00:00,36.2,19.8,0.0,0,14.2,28.4,2,open-meteo
Sebt Aït Saghiouchen,Morocco,34.0122,-4.5536,2026-09-25,2026-09-19 12:02:21.473297+00:00,34.5,19.7,0.0,0,18.1,35.6,3,open-meteo
Tagounite,Morocco,29.9833,-5.5667,2026-09-19,2026-09-19 12:02:21.557330+00:00,34.1,26.2,0.0,10,31.6,50.4,2,open-meteo
Tagounite,Morocco,29.9833,-5.5667,2026-09-20,2026-09-19 12:02:21.557330+00:00,34.6,24.1,0.0,5,30.5,48.2,3,open-meteo
Tagounite,Morocco,29.9833,-5.5667,2026-09-21,2026-09-19 12:02:21.557330+00:00,35.1,25.9,0.6,25,9.7,22.0,80,open-meteo
Tagounite,Morocco,29.9833,-5.5667,2026-09-22,2026-09-19 12:02:21.557330+00:00,34.4,26.4,0.0,5,20.7,31.7,2,open-meteo
Tagounite,Morocco,29.9833,-5.5667,2026-09-23,2026-09-19 12:02:21.557330+00:00,33.5,25.5,0.0,5,19.9,30.2,2,open-meteo
Tagounite,Morocco,29.9833,-5.5667,2026-09-24,2026-09-19 12:02:21.557330+00:00,34.1,24.2,0.6,3,14.1,23.4,80,open-meteo
Tagounite,Morocco,29.9833,-5.5667,2026-09-25,2026-09-19 12:02:21.557330+00:00,32.4,25.0,2.4,8,22.9,36.0,80,open-meteo
Aïn Mediouna,Morocco,34.5,-4.55,2026-09-19,2026-09-19 12:02:21.641144+00:00,33.0,22.6,0.0,3,30.5,56.9,3,open-meteo
Aïn Mediouna,Morocco,34.5,-4.55,2026-09-20,2026-09-19 12:02:21.641144+00:00,33.9,23.9,0.0,3,23.4,44.6,3,open-meteo
Aïn Mediouna,Morocco,34.5,-4.55,2026-09-21,2026-09-19 12:02:21.641144+00:00,32.7,22.7,0.0,0,17.4,32.8,2,open-meteo
Aïn Mediouna,Morocco,34.5,-4.55,2026-09-22,2026-09-19 12:02:21.641144+00:00,33.1,20.0,0.0,0,18.3,33.8,0,open-meteo
Aïn Mediouna,Morocco,34.5,-4.55,2026-09-23,2026-09-19 12:02:21.641144+00:00,35.0,20.7,0.0,0,13.2,27.4,0,open-meteo
Aïn Mediouna,Morocco,34.5,-4.55,2026-09-24,2026-09-19 12:02:21.641144+00:00,35.8,22.5,0.0,0,11.8,22.3,1,open-meteo
Aïn Mediouna,Morocco,34.5,-4.55,2026-09-25,2026-09-19 12:02:21.641144+00:00,34.0,21.7,0.0,0,17.3,33.5,3,open-meteo
Mqam at Tolba,Morocco,34.0173,-6.25,2026-09-19,2026-09-19 12:02:21.729757+00:00,35.4,18.8,0.0,0,14.8,32.4,1,open-meteo
Mqam at Tolba,Morocco,34.0173,-6.25,2026-09-20,2026-09-19 12:02:21.729757+00:00,37.4,21.5,0.0,0,18.1,36.4,1,open-meteo
Mqam at Tolba,Morocco,34.0173,-6.25,2026-09-21,2026-09-19 12:02:21.729757+00:00,36.4,21.8,0.0,0,16.9,34.2,1,open-meteo
Mqam at Tolba,Morocco,34.0173,-6.25,2026-09-22,2026-09-19 12:02:21.729757+00:00,35.3,20.8,0.0,0,13.5,29.2,0,open-meteo
Mqam at Tolba,Morocco,34.0173,-6.25,2026-09-23,2026-09-19 12:02:21.729757+00:00,35.6,18.9,0.0,0,14.7,33.5,0,open-meteo
Mqam at Tolba,Morocco,34.0173,-6.25,2026-09-24,2026-09-19 12:02:21.729757+00:00,34.4,19.1,0.0,0,17.4,34.2,2,open-meteo
Mqam at Tolba,Morocco,34.0173,-6.25,2026-09-25,2026-09-19 12:02:21.729757+00:00,29.7,18.1,0.0,3,16.3,32.4,3,open-meteo
Ben Taieb,Morocco,35.0428,-3.4572,2026-09-19,2026-09-19 12:02:21.813492+00:00,25.9,20.3,0.0,5,22.5,43.2,3,open-meteo
Ben Taieb,Morocco,35.0428,-3.4572,2026-09-20,2026-09-19 12:02:21.813492+00:00,26.5,20.8,0.2,43,22.7,42.5,3,open-meteo
Ben Taieb,Morocco,35.0428,-3.4572,2026-09-21,2026-09-19 12:02:21.813492+00:00,26.6,18.1,0.0,3,19.3,36.7,45,open-meteo
Ben Taieb,Morocco,35.0428,-3.4572,2026-09-22,2026-09-19 12:02:21.813492+00:00,27.5,15.9,0.0,0,16.9,33.1,1,open-meteo
Ben Taieb,Morocco,35.0428,-3.4572,2026-09-23,2026-09-19 12:02:21.813492+00:00,28.2,16.7,0.0,0,14.6,29.2,0,open-meteo
Ben Taieb,Morocco,35.0428,-3.4572,2026-09-24,2026-09-19 12:02:21.813492+00:00,30.1,17.3,0.0,0,10.3,26.3,1,open-meteo
Ben Taieb,Morocco,35.0428,-3.4572,2026-09-25,2026-09-19 12:02:21.813492+00:00,30.2,18.7,0.0,0,11.3,26.6,3,open-meteo
Zemrane,Morocco,31.7131,-7.5172,2026-09-19,2026-09-19 12:02:21.897463+00:00,35.1,20.2,0.0,10,19.7,44.3,3,open-meteo
Zemrane,Morocco,31.7131,-7.5172,2026-09-20,2026-09-19 12:02:21.897463+00:00,36.2,22.8,0.1,25,15.6,27.7,80,open-meteo
Zemrane,Morocco,31.7131,-7.5172,2026-09-21,2026-09-19 12:02:21.897463+00:00,36.0,22.2,0.0,3,16.1,31.0,2,open-meteo
Zemrane,Morocco,31.7131,-7.5172,2026-09-22,2026-09-19 12:02:21.897463+00:00,35.6,21.6,0.0,0,15.6,29.9,1,open-meteo
Zemrane,Morocco,31.7131,-7.5172,2026-09-23,2026-09-19 12:02:21.897463+00:00,35.8,19.3,0.0,0,15.0,28.4,0,open-meteo
Zemrane,Morocco,31.7131,-7.5172,2026-09-24,2026-09-19 12:02:21.897463+00:00,36.5,19.7,0.0,3,14.6,27.4,1,open-meteo
Zemrane,Morocco,31.7131,-7.5172,2026-09-25,2026-09-19 12:02:21.897463+00:00,33.4,20.4,0.0,13,8.8,20.9,3,open-meteo
Ratba,Morocco,34.7833,-4.9333,2026-09-19,2026-09-19 12:02:21.979760+00:00,32.1,18.2,0.0,5,24.8,45.0,1,open-meteo
Ratba,Morocco,34.7833,-4.9333,2026-09-20,2026-09-19 12:02:21.979760+00:00,32.3,20.8,0.0,5,20.0,38.2,1,open-meteo
Ratba,Morocco,34.7833,-4.9333,2026-09-21,2026-09-19 12:02:21.979760+00:00,32.2,18.9,0.0,0,18.3,36.4,1,open-meteo
Ratba,Morocco,34.7833,-4.9333,2026-09-22,2026-09-19 12:02:21.979760+00:00,32.5,16.0,0.0,0,12.1,23.4,0,open-meteo
Ratba,Morocco,34.7833,-4.9333,2026-09-23,2026-09-19 12:02:21.979760+00:00,34.2,16.0,0.0,0,10.9,22.3,0,open-meteo
Ratba,Morocco,34.7833,-4.9333,2026-09-24,2026-09-19 12:02:21.979760+00:00,34.5,20.3,0.0,0,13.8,27.4,2,open-meteo
Ratba,Morocco,34.7833,-4.9333,2026-09-25,2026-09-19 12:02:21.979760+00:00,32.5,18.3,0.0,0,16.6,34.2,3,open-meteo
Ain Kansara,Morocco,34.15,-4.8314,2026-09-19,2026-09-19 12:02:22.063416+00:00,33.8,21.7,0.0,0,26.0,63.7,2,open-meteo
Ain Kansara,Morocco,34.15,-4.8314,2026-09-20,2026-09-19 12:02:22.063416+00:00,35.9,22.7,0.0,0,21.8,52.2,3,open-meteo
Ain Kansara,Morocco,34.15,-4.8314,2026-09-21,2026-09-19 12:02:22.063416+00:00,34.9,22.0,0.0,0,20.9,47.9,1,open-meteo
Ain Kansara,Morocco,34.15,-4.8314,2026-09-22,2026-09-19 12:02:22.063416+00:00,34.4,19.9,0.0,0,13.7,42.1,1,open-meteo
Ain Kansara,Morocco,34.15,-4.8314,2026-09-23,2026-09-19 12:02:22.063416+00:00,36.0,17.9,0.0,0,8.3,22.7,0,open-meteo
Ain Kansara,Morocco,34.15,-4.8314,2026-09-24,2026-09-19 12:02:22.063416+00:00,36.6,17.8,0.0,0,13.4,25.2,2,open-meteo
Ain Kansara,Morocco,34.15,-4.8314,2026-09-25,2026-09-19 12:02:22.063416+00:00,34.2,18.1,0.0,0,17.1,36.0,3,open-meteo
Sidi Yahia,Morocco,30.4969,-8.8211,2026-09-19,2026-09-19 12:02:22.144647+00:00,32.3,21.0,0.0,0,27.8,49.3,2,open-meteo
Sidi Yahia,Morocco,30.4969,-8.8211,2026-09-20,2026-09-19 12:02:22.144647+00:00,33.7,19.7,0.0,0,25.3,45.7,2,open-meteo
Sidi Yahia,Morocco,30.4969,-8.8211,2026-09-21,2026-09-19 12:02:22.144647+00:00,39.8,23.3,0.0,0,29.3,51.8,3,open-meteo
Sidi Yahia,Morocco,30.4969,-8.8211,2026-09-22,2026-09-19 12:02:22.144647+00:00,39.3,22.1,0.0,0,34.0,65.2,1,open-meteo
Sidi Yahia,Morocco,30.4969,-8.8211,2026-09-23,2026-09-19 12:02:22.144647+00:00,39.9,21.0,0.0,0,27.1,49.3,0,open-meteo
Sidi Yahia,Morocco,30.4969,-8.8211,2026-09-24,2026-09-19 12:02:22.144647+00:00,40.3,21.6,0.0,0,26.4,49.3,3,open-meteo
Sidi Yahia,Morocco,30.4969,-8.8211,2026-09-25,2026-09-19 12:02:22.144647+00:00,33.9,19.6,0.0,0,28.7,50.8,3,open-meteo
Ezzhiliga,Morocco,33.3,-6.5333,2026-09-19,2026-09-19 12:02:22.227598+00:00,33.5,17.1,0.0,0,17.1,34.9,2,open-meteo
Ezzhiliga,Morocco,33.3,-6.5333,2026-09-20,2026-09-19 12:02:22.227598+00:00,34.6,21.2,0.0,5,21.4,42.8,2,open-meteo
Ezzhiliga,Morocco,33.3,-6.5333,2026-09-21,2026-09-19 12:02:22.227598+00:00,33.8,20.2,0.0,3,21.9,44.3,2,open-meteo
Ezzhiliga,Morocco,33.3,-6.5333,2026-09-22,2026-09-19 12:02:22.227598+00:00,33.1,19.0,0.0,0,16.1,33.1,0,open-meteo
Ezzhiliga,Morocco,33.3,-6.5333,2026-09-23,2026-09-19 12:02:22.227598+00:00,33.8,18.6,0.0,0,16.2,33.8,0,open-meteo
Ezzhiliga,Morocco,33.3,-6.5333,2026-09-24,2026-09-19 12:02:22.227598+00:00,34.6,17.0,0.0,0,15.2,35.6,2,open-meteo
Ezzhiliga,Morocco,33.3,-6.5333,2026-09-25,2026-09-19 12:02:22.227598+00:00,31.2,16.7,0.0,3,17.7,35.3,3,open-meteo
Ajdir,Morocco,34.7443,-3.9735,2026-09-19,2026-09-19 12:02:22.310636+00:00,25.8,14.0,0.0,5,21.1,41.0,3,open-meteo
Ajdir,Morocco,34.7443,-3.9735,2026-09-20,2026-09-19 12:02:22.310636+00:00,26.6,16.8,0.0,3,20.1,38.2,45,open-meteo
Ajdir,Morocco,34.7443,-3.9735,2026-09-21,2026-09-19 12:02:22.310636+00:00,25.3,14.7,0.0,0,20.9,39.2,45,open-meteo
Ajdir,Morocco,34.7443,-3.9735,2026-09-22,2026-09-19 12:02:22.310636+00:00,26.8,11.7,0.0,0,18.4,36.4,0,open-meteo
Ajdir,Morocco,34.7443,-3.9735,2026-09-23,2026-09-19 12:02:22.310636+00:00,28.7,14.0,0.0,0,17.7,33.1,1,open-meteo
Ajdir,Morocco,34.7443,-3.9735,2026-09-24,2026-09-19 12:02:22.310636+00:00,31.2,15.3,0.0,0,10.9,25.9,2,open-meteo
Ajdir,Morocco,34.7443,-3.9735,2026-09-25,2026-09-19 12:02:22.310636+00:00,30.2,18.6,0.0,3,16.3,33.5,3,open-meteo
Boula’wane,Morocco,32.8637,-8.0707,2026-09-19,2026-09-19 12:02:22.394333+00:00,33.4,17.3,0.0,0,18.1,32.4,2,open-meteo
Boula’wane,Morocco,32.8637,-8.0707,2026-09-20,2026-09-19 12:02:22.394333+00:00,35.7,19.4,0.0,0,17.6,31.0,2,open-meteo
Boula’wane,Morocco,32.8637,-8.0707,2026-09-21,2026-09-19 12:02:22.394333+00:00,37.1,19.9,0.0,0,17.3,31.7,2,open-meteo
Boula’wane,Morocco,32.8637,-8.0707,2026-09-22,2026-09-19 12:02:22.394333+00:00,36.0,18.2,0.0,0,16.6,31.0,0,open-meteo
Boula’wane,Morocco,32.8637,-8.0707,2026-09-23,2026-09-19 12:02:22.394333+00:00,35.8,18.8,0.0,0,13.7,27.7,45,open-meteo
Boula’wane,Morocco,32.8637,-8.0707,2026-09-24,2026-09-19 12:02:22.394333+00:00,34.1,17.7,0.0,0,16.3,30.2,3,open-meteo
Boula’wane,Morocco,32.8637,-8.0707,2026-09-25,2026-09-19 12:02:22.394333+00:00,28.3,19.8,0.0,3,16.4,29.9,3,open-meteo
Bou Djeniba,Morocco,32.9,-6.7833,2026-09-19,2026-09-19 12:02:22.477273+00:00,33.6,18.5,0.0,0,18.3,39.6,2,open-meteo
Bou Djeniba,Morocco,32.9,-6.7833,2026-09-20,2026-09-19 12:02:22.477273+00:00,34.0,21.0,0.3,8,20.3,50.4,3,open-meteo
Bou Djeniba,Morocco,32.9,-6.7833,2026-09-21,2026-09-19 12:02:22.477273+00:00,34.0,20.6,0.2,3,21.9,39.6,3,open-meteo
Bou Djeniba,Morocco,32.9,-6.7833,2026-09-22,2026-09-19 12:02:22.477273+00:00,33.5,20.4,0.0,0,14.8,27.4,1,open-meteo
Bou Djeniba,Morocco,32.9,-6.7833,2026-09-23,2026-09-19 12:02:22.477273+00:00,33.7,18.5,0.0,0,18.6,34.2,0,open-meteo
Bou Djeniba,Morocco,32.9,-6.7833,2026-09-24,2026-09-19 12:02:22.477273+00:00,33.1,18.8,0.0,0,12.7,27.0,2,open-meteo
Bou Djeniba,Morocco,32.9,-6.7833,2026-09-25,2026-09-19 12:02:22.477273+00:00,31.2,18.0,0.0,3,16.5,34.2,3,open-meteo
Oulad Driss,Morocco,31.9996,-8.2276,2026-09-19,2026-09-19 12:02:22.560498+00:00,34.8,19.4,0.0,0,20.5,33.8,3,open-meteo
Oulad Driss,Morocco,31.9996,-8.2276,2026-09-20,2026-09-19 12:02:22.560498+00:00,35.4,23.7,0.0,8,23.5,39.6,2,open-meteo
Oulad Driss,Morocco,31.9996,-8.2276,2026-09-21,2026-09-19 12:02:22.560498+00:00,37.1,23.6,0.0,0,24.6,41.0,3,open-meteo
Oulad Driss,Morocco,31.9996,-8.2276,2026-09-22,2026-09-19 12:02:22.560498+00:00,36.3,21.6,0.0,0,19.4,31.3,3,open-meteo
Oulad Driss,Morocco,31.9996,-8.2276,2026-09-23,2026-09-19 12:02:22.560498+00:00,36.2,18.9,0.0,0,14.9,29.5,0,open-meteo
Oulad Driss,Morocco,31.9996,-8.2276,2026-09-24,2026-09-19 12:02:22.560498+00:00,36.6,20.9,0.0,0,21.3,36.7,1,open-meteo
Oulad Driss,Morocco,31.9996,-8.2276,2026-09-25,2026-09-19 12:02:22.560498+00:00,33.0,19.6,0.0,0,20.7,34.9,3,open-meteo
Esbiaat,Morocco,32.2044,-8.5608,2026-09-19,2026-09-19 12:02:22.643092+00:00,33.9,17.7,0.0,0,19.1,30.6,2,open-meteo
Esbiaat,Morocco,32.2044,-8.5608,2026-09-20,2026-09-19 12:02:22.643092+00:00,34.4,22.7,0.0,3,22.7,35.3,2,open-meteo
Esbiaat,Morocco,32.2044,-8.5608,2026-09-21,2026-09-19 12:02:22.643092+00:00,37.2,22.9,0.0,0,18.0,28.8,3,open-meteo
Esbiaat,Morocco,32.2044,-8.5608,2026-09-22,2026-09-19 12:02:22.643092+00:00,36.8,20.5,0.0,0,19.6,33.5,2,open-meteo
Esbiaat,Morocco,32.2044,-8.5608,2026-09-23,2026-09-19 12:02:22.643092+00:00,35.8,18.1,0.0,0,16.0,25.9,1,open-meteo
Esbiaat,Morocco,32.2044,-8.5608,2026-09-24,2026-09-19 12:02:22.643092+00:00,35.5,19.5,0.0,0,19.6,36.7,3,open-meteo
Esbiaat,Morocco,32.2044,-8.5608,2026-09-25,2026-09-19 12:02:22.643092+00:00,30.4,19.3,0.0,3,20.6,37.8,3,open-meteo
Madagh,Morocco,35.0507,-2.3747,2026-09-19,2026-09-19 12:02:22.725154+00:00,26.5,21.5,0.0,5,22.7,41.8,45,open-meteo
Madagh,Morocco,35.0507,-2.3747,2026-09-20,2026-09-19 12:02:22.725154+00:00,27.1,22.1,0.0,3,24.3,43.6,2,open-meteo
Madagh,Morocco,35.0507,-2.3747,2026-09-21,2026-09-19 12:02:22.725154+00:00,26.7,21.6,0.0,8,21.2,38.5,3,open-meteo
Madagh,Morocco,35.0507,-2.3747,2026-09-22,2026-09-19 12:02:22.725154+00:00,26.1,17.7,0.0,0,18.4,34.6,45,open-meteo
Madagh,Morocco,35.0507,-2.3747,2026-09-23,2026-09-19 12:02:22.725154+00:00,26.3,18.7,0.0,0,15.9,30.6,45,open-meteo
Madagh,Morocco,35.0507,-2.3747,2026-09-24,2026-09-19 12:02:22.725154+00:00,30.5,16.1,0.0,0,15.9,29.5,45,open-meteo
Madagh,Morocco,35.0507,-2.3747,2026-09-25,2026-09-19 12:02:22.725154+00:00,30.8,19.9,0.0,0,13.7,27.4,3,open-meteo
Ifrane,Morocco,33.5333,-5.1167,2026-09-19,2026-09-19 12:02:22.807860+00:00,25.7,16.3,3.0,43,18.2,52.6,80,open-meteo
Ifrane,Morocco,33.5333,-5.1167,2026-09-20,2026-09-19 12:02:22.807860+00:00,26.5,14.0,0.0,13,19.8,44.3,3,open-meteo
Ifrane,Morocco,33.5333,-5.1167,2026-09-21,2026-09-19 12:02:22.807860+00:00,25.4,13.4,0.0,0,20.1,41.8,1,open-meteo
Ifrane,Morocco,33.5333,-5.1167,2026-09-22,2026-09-19 12:02:22.807860+00:00,24.6,13.4,0.0,0,18.1,38.5,0,open-meteo
Ifrane,Morocco,33.5333,-5.1167,2026-09-23,2026-09-19 12:02:22.807860+00:00,25.3,11.9,0.0,0,15.1,32.0,0,open-meteo
Ifrane,Morocco,33.5333,-5.1167,2026-09-24,2026-09-19 12:02:22.807860+00:00,27.1,13.4,0.0,0,12.7,33.1,2,open-meteo
Ifrane,Morocco,33.5333,-5.1167,2026-09-25,2026-09-19 12:02:22.807860+00:00,26.1,14.3,0.0,8,12.3,34.6,3,open-meteo
Targuist,Morocco,34.9402,-4.3208,2026-09-19,2026-09-19 12:02:22.889303+00:00,24.5,14.5,0.0,13,17.7,35.6,45,open-meteo
Targuist,Morocco,34.9402,-4.3208,2026-09-20,2026-09-19 12:02:22.889303+00:00,24.7,15.9,0.0,0,16.0,31.3,45,open-meteo
Targuist,Morocco,34.9402,-4.3208,2026-09-21,2026-09-19 12:02:22.889303+00:00,23.8,14.6,0.0,0,17.3,33.8,45,open-meteo
Targuist,Morocco,34.9402,-4.3208,2026-09-22,2026-09-19 12:02:22.889303+00:00,24.8,13.2,0.0,0,13.0,27.7,1,open-meteo
Targuist,Morocco,34.9402,-4.3208,2026-09-23,2026-09-19 12:02:22.889303+00:00,26.4,15.7,0.0,0,13.8,28.4,0,open-meteo
Targuist,Morocco,34.9402,-4.3208,2026-09-24,2026-09-19 12:02:22.889303+00:00,22.8,17.9,0.0,0,12.2,24.5,2,open-meteo
Targuist,Morocco,34.9402,-4.3208,2026-09-25,2026-09-19 12:02:22.889303+00:00,24.6,20.7,0.0,0,14.4,26.6,3,open-meteo
Goulmima,Morocco,31.6944,-4.9592,2026-09-19,2026-09-19 12:02:22.974184+00:00,30.0,19.4,6.0,80,18.9,31.0,95,open-meteo
Goulmima,Morocco,31.6944,-4.9592,2026-09-20,2026-09-19 12:02:22.974184+00:00,29.0,18.2,0.1,30,17.2,27.4,3,open-meteo
Goulmima,Morocco,31.6944,-4.9592,2026-09-21,2026-09-19 12:02:22.974184+00:00,32.4,19.3,0.1,15,20.0,31.7,3,open-meteo
Goulmima,Morocco,31.6944,-4.9592,2026-09-22,2026-09-19 12:02:22.974184+00:00,29.6,18.1,0.0,3,8.9,16.6,2,open-meteo
Goulmima,Morocco,31.6944,-4.9592,2026-09-23,2026-09-19 12:02:22.974184+00:00,30.2,17.9,0.0,3,11.6,18.4,2,open-meteo
Goulmima,Morocco,31.6944,-4.9592,2026-09-24,2026-09-19 12:02:22.974184+00:00,30.6,19.3,0.0,8,13.4,21.6,2,open-meteo
Goulmima,Morocco,31.6944,-4.9592,2026-09-25,2026-09-19 12:02:22.974184+00:00,27.8,20.2,0.6,15,15.3,31.3,3,open-meteo
Ayt ’Attou ou L’Arbi,Morocco,31.5456,-8.2967,2026-09-19,2026-09-19 12:02:23.055246+00:00,36.1,20.2,0.0,10,18.6,32.4,2,open-meteo
Ayt ’Attou ou L’Arbi,Morocco,31.5456,-8.2967,2026-09-20,2026-09-19 12:02:23.055246+00:00,36.8,22.4,0.3,35,18.4,33.1,3,open-meteo
Ayt ’Attou ou L’Arbi,Morocco,31.5456,-8.2967,2026-09-21,2026-09-19 12:02:23.055246+00:00,37.3,23.0,0.0,0,24.7,43.6,3,open-meteo
Ayt ’Attou ou L’Arbi,Morocco,31.5456,-8.2967,2026-09-22,2026-09-19 12:02:23.055246+00:00,36.9,20.8,0.0,0,25.2,43.6,2,open-meteo
Ayt ’Attou ou L’Arbi,Morocco,31.5456,-8.2967,2026-09-23,2026-09-19 12:02:23.055246+00:00,36.4,18.2,0.0,0,19.4,34.6,0,open-meteo
Ayt ’Attou ou L’Arbi,Morocco,31.5456,-8.2967,2026-09-24,2026-09-19 12:02:23.055246+00:00,37.1,21.8,0.0,0,22.7,37.8,1,open-meteo
Ayt ’Attou ou L’Arbi,Morocco,31.5456,-8.2967,2026-09-25,2026-09-19 12:02:23.055246+00:00,34.4,22.5,0.0,5,21.0,34.9,3,open-meteo
Masmouda,Morocco,34.7861,-5.7078,2026-09-19,2026-09-19 12:02:23.141092+00:00,34.9,18.1,0.0,0,16.0,32.8,2,open-meteo
Masmouda,Morocco,34.7861,-5.7078,2026-09-20,2026-09-19 12:02:23.141092+00:00,35.8,20.5,0.0,0,14.8,29.5,2,open-meteo
Masmouda,Morocco,34.7861,-5.7078,2026-09-21,2026-09-19 12:02:23.141092+00:00,34.9,20.1,0.0,0,12.0,24.1,0,open-meteo
Masmouda,Morocco,34.7861,-5.7078,2026-09-22,2026-09-19 12:02:23.141092+00:00,34.3,17.3,0.0,0,10.8,22.0,0,open-meteo
Masmouda,Morocco,34.7861,-5.7078,2026-09-23,2026-09-19 12:02:23.141092+00:00,34.6,17.7,0.0,0,14.2,28.1,0,open-meteo
Masmouda,Morocco,34.7861,-5.7078,2026-09-24,2026-09-19 12:02:23.141092+00:00,35.2,17.7,0.0,0,12.9,31.7,1,open-meteo
Masmouda,Morocco,34.7861,-5.7078,2026-09-25,2026-09-19 12:02:23.141092+00:00,30.7,17.1,0.0,3,15.3,32.0,45,open-meteo
Oulad Bou Rahmoun,Morocco,32.2953,-6.6669,2026-09-19,2026-09-19 12:02:23.227310+00:00,37.9,20.7,0.0,3,14.8,29.9,3,open-meteo
Oulad Bou Rahmoun,Morocco,32.2953,-6.6669,2026-09-20,2026-09-19 12:02:23.227310+00:00,38.7,22.4,0.2,8,17.5,32.4,3,open-meteo
Oulad Bou Rahmoun,Morocco,32.2953,-6.6669,2026-09-21,2026-09-19 12:02:23.227310+00:00,37.6,22.4,0.0,0,14.7,26.3,3,open-meteo
Oulad Bou Rahmoun,Morocco,32.2953,-6.6669,2026-09-22,2026-09-19 12:02:23.227310+00:00,37.3,22.9,0.0,0,11.9,21.2,2,open-meteo
Oulad Bou Rahmoun,Morocco,32.2953,-6.6669,2026-09-23,2026-09-19 12:02:23.227310+00:00,37.5,20.5,0.0,0,11.0,20.9,0,open-meteo
Oulad Bou Rahmoun,Morocco,32.2953,-6.6669,2026-09-24,2026-09-19 12:02:23.227310+00:00,37.7,21.7,0.0,0,14.8,27.4,1,open-meteo
Oulad Bou Rahmoun,Morocco,32.2953,-6.6669,2026-09-25,2026-09-19 12:02:23.227310+00:00,35.1,22.3,0.0,3,10.5,22.3,3,open-meteo
Douar Oulad Driss,Morocco,31.9039,-8.3024,2026-09-19,2026-09-19 12:02:23.313036+00:00,35.3,20.8,0.0,3,19.8,38.5,3,open-meteo
Douar Oulad Driss,Morocco,31.9039,-8.3024,2026-09-20,2026-09-19 12:02:23.313036+00:00,35.9,24.1,0.0,13,22.7,38.2,2,open-meteo
Douar Oulad Driss,Morocco,31.9039,-8.3024,2026-09-21,2026-09-19 12:02:23.313036+00:00,36.9,24.3,0.0,0,22.9,38.2,3,open-meteo
Douar Oulad Driss,Morocco,31.9039,-8.3024,2026-09-22,2026-09-19 12:02:23.313036+00:00,36.1,23.2,0.0,0,20.5,34.2,1,open-meteo
Douar Oulad Driss,Morocco,31.9039,-8.3024,2026-09-23,2026-09-19 12:02:23.313036+00:00,36.1,20.8,0.0,0,17.3,31.3,0,open-meteo
Douar Oulad Driss,Morocco,31.9039,-8.3024,2026-09-24,2026-09-19 12:02:23.313036+00:00,36.7,22.2,0.0,0,22.4,37.4,1,open-meteo
Douar Oulad Driss,Morocco,31.9039,-8.3024,2026-09-25,2026-09-19 12:02:23.313036+00:00,34.1,21.5,0.0,0,20.0,31.7,3,open-meteo
Zayda,Morocco,32.8183,-4.9594,2026-09-19,2026-09-19 12:02:23.397237+00:00,27.1,14.6,2.7,53,27.5,52.6,95,open-meteo
Zayda,Morocco,32.8183,-4.9594,2026-09-20,2026-09-19 12:02:23.397237+00:00,29.4,12.6,0.1,5,22.8,38.9,2,open-meteo
Zayda,Morocco,32.8183,-4.9594,2026-09-21,2026-09-19 12:02:23.397237+00:00,29.3,14.1,0.0,0,25.5,43.9,45,open-meteo
Zayda,Morocco,32.8183,-4.9594,2026-09-22,2026-09-19 12:02:23.397237+00:00,28.5,12.5,0.0,0,21.9,34.2,3,open-meteo
Zayda,Morocco,32.8183,-4.9594,2026-09-23,2026-09-19 12:02:23.397237+00:00,28.9,12.1,0.0,0,7.4,24.5,2,open-meteo
Zayda,Morocco,32.8183,-4.9594,2026-09-24,2026-09-19 12:02:23.397237+00:00,28.6,14.9,0.0,0,17.9,31.0,2,open-meteo
Zayda,Morocco,32.8183,-4.9594,2026-09-25,2026-09-19 12:02:23.397237+00:00,28.2,14.6,0.0,5,18.3,30.6,3,open-meteo
Ihaddadene,Morocco,31.2015,-9.6438,2026-09-19,2026-09-19 12:02:23.476557+00:00,29.5,18.5,0.0,0,11.5,28.8,2,open-meteo
Ihaddadene,Morocco,31.2015,-9.6438,2026-09-20,2026-09-19 12:02:23.476557+00:00,29.0,20.2,0.0,0,7.6,19.4,2,open-meteo
Ihaddadene,Morocco,31.2015,-9.6438,2026-09-21,2026-09-19 12:02:23.476557+00:00,33.2,20.7,0.0,0,9.0,21.2,3,open-meteo
Ihaddadene,Morocco,31.2015,-9.6438,2026-09-22,2026-09-19 12:02:23.476557+00:00,34.8,22.0,0.0,0,12.5,27.0,2,open-meteo
Ihaddadene,Morocco,31.2015,-9.6438,2026-09-23,2026-09-19 12:02:23.476557+00:00,33.2,20.1,0.0,0,9.7,22.0,0,open-meteo
Ihaddadene,Morocco,31.2015,-9.6438,2026-09-24,2026-09-19 12:02:23.476557+00:00,31.4,21.3,0.0,0,10.2,31.7,3,open-meteo
Ihaddadene,Morocco,31.2015,-9.6438,2026-09-25,2026-09-19 12:02:23.476557+00:00,26.4,18.1,0.0,0,12.7,27.7,45,open-meteo
Douar Oulad Youssef,Morocco,32.4806,-6.3769,2026-09-19,2026-09-19 12:02:23.564106+00:00,37.0,20.2,0.0,3,14.1,25.2,3,open-meteo
Douar Oulad Youssef,Morocco,32.4806,-6.3769,2026-09-20,2026-09-19 12:02:23.564106+00:00,38.6,22.3,0.0,3,19.3,39.2,3,open-meteo
Douar Oulad Youssef,Morocco,32.4806,-6.3769,2026-09-21,2026-09-19 12:02:23.564106+00:00,37.1,21.1,0.0,0,15.6,31.7,3,open-meteo
Douar Oulad Youssef,Morocco,32.4806,-6.3769,2026-09-22,2026-09-19 12:02:23.564106+00:00,36.7,20.4,0.0,0,12.2,22.7,2,open-meteo
Douar Oulad Youssef,Morocco,32.4806,-6.3769,2026-09-23,2026-09-19 12:02:23.564106+00:00,36.9,19.3,0.0,0,9.7,18.4,0,open-meteo
Douar Oulad Youssef,Morocco,32.4806,-6.3769,2026-09-24,2026-09-19 12:02:23.564106+00:00,37.0,20.4,0.0,0,13.0,24.1,1,open-meteo
Douar Oulad Youssef,Morocco,32.4806,-6.3769,2026-09-25,2026-09-19 12:02:23.564106+00:00,34.5,21.0,0.0,3,9.6,20.9,3,open-meteo
Douar Hammadi,Morocco,31.609,-8.4604,2026-09-19,2026-09-19 12:02:23.648508+00:00,36.2,20.3,0.0,0,17.4,27.0,2,open-meteo
Douar Hammadi,Morocco,31.609,-8.4604,2026-09-20,2026-09-19 12:02:23.648508+00:00,37.0,23.4,0.1,15,19.7,31.3,2,open-meteo
Douar Hammadi,Morocco,31.609,-8.4604,2026-09-21,2026-09-19 12:02:23.648508+00:00,37.8,23.9,0.0,0,24.7,38.2,3,open-meteo
Douar Hammadi,Morocco,31.609,-8.4604,2026-09-22,2026-09-19 12:02:23.648508+00:00,37.4,22.1,0.0,0,25.8,42.5,1,open-meteo
Douar Hammadi,Morocco,31.609,-8.4604,2026-09-23,2026-09-19 12:02:23.648508+00:00,36.9,19.6,0.0,0,19.5,31.3,0,open-meteo
Douar Hammadi,Morocco,31.609,-8.4604,2026-09-24,2026-09-19 12:02:23.648508+00:00,37.2,20.4,0.0,0,22.7,39.2,3,open-meteo
Douar Hammadi,Morocco,31.609,-8.4604,2026-09-25,2026-09-19 12:02:23.648508+00:00,33.7,21.1,0.0,0,24.2,37.8,3,open-meteo
Khmis Sidi al ’Aydi,Morocco,33.1228,-7.6219,2026-09-19,2026-09-19 12:02:23.731422+00:00,34.0,16.4,0.0,0,16.4,29.2,2,open-meteo
Khmis Sidi al ’Aydi,Morocco,33.1228,-7.6219,2026-09-20,2026-09-19 12:02:23.731422+00:00,36.6,19.3,0.0,0,18.8,34.2,1,open-meteo
Khmis Sidi al ’Aydi,Morocco,33.1228,-7.6219,2026-09-21,2026-09-19 12:02:23.731422+00:00,36.7,19.3,0.0,0,18.3,32.4,2,open-meteo
Khmis Sidi al ’Aydi,Morocco,33.1228,-7.6219,2026-09-22,2026-09-19 12:02:23.731422+00:00,36.4,17.9,0.0,0,18.0,33.1,0,open-meteo
Khmis Sidi al ’Aydi,Morocco,33.1228,-7.6219,2026-09-23,2026-09-19 12:02:23.731422+00:00,35.7,17.5,0.0,0,17.4,32.4,0,open-meteo
Khmis Sidi al ’Aydi,Morocco,33.1228,-7.6219,2026-09-24,2026-09-19 12:02:23.731422+00:00,37.2,18.4,0.0,0,14.8,34.6,3,open-meteo
Khmis Sidi al ’Aydi,Morocco,33.1228,-7.6219,2026-09-25,2026-09-19 12:02:23.731422+00:00,30.6,18.1,0.0,3,15.5,30.6,3,open-meteo
’Tlat Bni Oukil,Morocco,32.5949,-6.8595,2026-09-19,2026-09-19 12:02:23.815742+00:00,36.6,20.7,0.0,0,19.2,37.1,2,open-meteo
’Tlat Bni Oukil,Morocco,32.5949,-6.8595,2026-09-20,2026-09-19 12:02:23.815742+00:00,37.7,22.6,0.0,3,25.9,49.0,3,open-meteo
’Tlat Bni Oukil,Morocco,32.5949,-6.8595,2026-09-21,2026-09-19 12:02:23.815742+00:00,36.7,21.4,0.0,3,20.7,38.9,3,open-meteo
’Tlat Bni Oukil,Morocco,32.5949,-6.8595,2026-09-22,2026-09-19 12:02:23.815742+00:00,36.2,19.5,0.0,0,15.4,33.5,1,open-meteo
’Tlat Bni Oukil,Morocco,32.5949,-6.8595,2026-09-23,2026-09-19 12:02:23.815742+00:00,36.2,19.7,0.0,0,12.2,33.8,0,open-meteo
’Tlat Bni Oukil,Morocco,32.5949,-6.8595,2026-09-24,2026-09-19 12:02:23.815742+00:00,36.4,18.6,0.0,0,12.6,25.9,2,open-meteo
’Tlat Bni Oukil,Morocco,32.5949,-6.8595,2026-09-25,2026-09-19 12:02:23.815742+00:00,34.0,19.0,0.0,3,16.6,29.2,3,open-meteo
Douar Lehgagcha,Morocco,32.55,-8.7167,2026-09-19,2026-09-19 12:02:23.900181+00:00,32.4,17.5,0.0,0,17.5,33.1,3,open-meteo
Douar Lehgagcha,Morocco,32.55,-8.7167,2026-09-20,2026-09-19 12:02:23.900181+00:00,33.6,19.9,0.0,0,15.1,29.2,2,open-meteo
Douar Lehgagcha,Morocco,32.55,-8.7167,2026-09-21,2026-09-19 12:02:23.900181+00:00,36.8,20.7,0.0,0,15.2,29.9,3,open-meteo
Douar Lehgagcha,Morocco,32.55,-8.7167,2026-09-22,2026-09-19 12:02:23.900181+00:00,35.2,18.6,0.0,0,14.7,31.0,45,open-meteo
Douar Lehgagcha,Morocco,32.55,-8.7167,2026-09-23,2026-09-19 12:02:23.900181+00:00,33.9,18.5,0.0,0,13.4,27.0,45,open-meteo
Douar Lehgagcha,Morocco,32.55,-8.7167,2026-09-24,2026-09-19 12:02:23.900181+00:00,32.0,18.2,0.0,0,15.7,31.7,45,open-meteo
Douar Lehgagcha,Morocco,32.55,-8.7167,2026-09-25,2026-09-19 12:02:23.900181+00:00,28.5,19.4,0.0,0,16.4,33.1,3,open-meteo
Zemamra,Morocco,32.6215,-8.7022,2026-09-19,2026-09-19 12:02:23.985002+00:00,31.9,17.4,0.0,0,17.8,33.5,3,open-meteo
Zemamra,Morocco,32.6215,-8.7022,2026-09-20,2026-09-19 12:02:23.985002+00:00,33.0,19.8,0.0,0,15.4,29.5,2,open-meteo
Zemamra,Morocco,32.6215,-8.7022,2026-09-21,2026-09-19 12:02:23.985002+00:00,36.4,20.5,0.0,0,14.8,29.2,3,open-meteo
Zemamra,Morocco,32.6215,-8.7022,2026-09-22,2026-09-19 12:02:23.985002+00:00,34.4,18.2,0.0,0,15.1,31.0,45,open-meteo
Zemamra,Morocco,32.6215,-8.7022,2026-09-23,2026-09-19 12:02:23.985002+00:00,32.9,18.5,0.0,0,14.5,28.8,45,open-meteo
Zemamra,Morocco,32.6215,-8.7022,2026-09-24,2026-09-19 12:02:23.985002+00:00,29.4,17.8,0.0,0,15.0,28.4,45,open-meteo
Zemamra,Morocco,32.6215,-8.7022,2026-09-25,2026-09-19 12:02:23.985002+00:00,27.1,19.1,0.0,0,15.9,30.6,3,open-meteo
Bni Darkoul,Morocco,35.0563,-5.0688,2026-09-19,2026-09-19 12:02:24.073992+00:00,29.0,19.1,0.0,0,16.9,32.8,2,open-meteo
Bni Darkoul,Morocco,35.0563,-5.0688,2026-09-20,2026-09-19 12:02:24.073992+00:00,29.7,20.7,0.0,0,15.9,31.3,1,open-meteo
Bni Darkoul,Morocco,35.0563,-5.0688,2026-09-21,2026-09-19 12:02:24.073992+00:00,30.2,19.7,0.0,0,15.8,31.0,0,open-meteo
Bni Darkoul,Morocco,35.0563,-5.0688,2026-09-22,2026-09-19 12:02:24.073992+00:00,31.3,17.7,0.0,0,13.0,25.9,0,open-meteo
Bni Darkoul,Morocco,35.0563,-5.0688,2026-09-23,2026-09-19 12:02:24.073992+00:00,33.1,15.3,0.0,0,11.4,24.8,0,open-meteo
Bni Darkoul,Morocco,35.0563,-5.0688,2026-09-24,2026-09-19 12:02:24.073992+00:00,33.3,21.7,0.0,0,16.3,33.8,2,open-meteo
Bni Darkoul,Morocco,35.0563,-5.0688,2026-09-25,2026-09-19 12:02:24.073992+00:00,31.3,19.3,0.0,3,15.1,30.6,3,open-meteo
Sebt Bni Smith,Morocco,35.1372,-4.7106,2026-09-19,2026-09-19 12:02:24.157210+00:00,24.6,20.9,0.0,15,11.5,20.5,45,open-meteo
Sebt Bni Smith,Morocco,35.1372,-4.7106,2026-09-20,2026-09-19 12:02:24.157210+00:00,24.5,21.7,0.0,23,8.7,16.2,45,open-meteo
Sebt Bni Smith,Morocco,35.1372,-4.7106,2026-09-21,2026-09-19 12:02:24.157210+00:00,24.8,21.3,0.0,0,8.4,16.9,45,open-meteo
Sebt Bni Smith,Morocco,35.1372,-4.7106,2026-09-22,2026-09-19 12:02:24.157210+00:00,24.6,19.8,0.0,0,8.6,15.8,1,open-meteo
Sebt Bni Smith,Morocco,35.1372,-4.7106,2026-09-23,2026-09-19 12:02:24.157210+00:00,24.7,19.3,0.0,0,8.4,15.5,2,open-meteo
Sebt Bni Smith,Morocco,35.1372,-4.7106,2026-09-24,2026-09-19 12:02:24.157210+00:00,26.6,20.1,0.0,0,7.9,15.5,2,open-meteo
Sebt Bni Smith,Morocco,35.1372,-4.7106,2026-09-25,2026-09-19 12:02:24.157210+00:00,27.3,20.6,0.0,0,8.5,16.6,3,open-meteo
Toulal,Morocco,32.3016,-3.9845,2026-09-19,2026-09-19 12:02:24.242029+00:00,27.5,16.6,2.9,60,19.9,41.0,80,open-meteo
Toulal,Morocco,32.3016,-3.9845,2026-09-20,2026-09-19 12:02:24.242029+00:00,27.0,14.9,0.3,38,14.0,26.3,80,open-meteo
Toulal,Morocco,32.3016,-3.9845,2026-09-21,2026-09-19 12:02:24.242029+00:00,30.3,15.1,0.0,3,25.9,42.5,1,open-meteo
Toulal,Morocco,32.3016,-3.9845,2026-09-22,2026-09-19 12:02:24.242029+00:00,29.4,13.8,0.0,3,20.7,33.8,1,open-meteo
Toulal,Morocco,32.3016,-3.9845,2026-09-23,2026-09-19 12:02:24.242029+00:00,29.1,13.1,0.0,3,12.5,21.6,2,open-meteo
Toulal,Morocco,32.3016,-3.9845,2026-09-24,2026-09-19 12:02:24.242029+00:00,28.7,15.5,0.0,5,11.7,21.6,2,open-meteo
Toulal,Morocco,32.3016,-3.9845,2026-09-25,2026-09-19 12:02:24.242029+00:00,29.9,16.0,0.3,5,15.1,33.1,3,open-meteo
Iygli,Morocco,29.5001,-9.0501,2026-09-19,2026-09-19 12:02:24.333040+00:00,29.9,17.8,0.0,0,32.1,59.0,2,open-meteo
Iygli,Morocco,29.5001,-9.0501,2026-09-20,2026-09-19 12:02:24.333040+00:00,28.9,19.7,0.0,0,30.7,59.8,1,open-meteo
Iygli,Morocco,29.5001,-9.0501,2026-09-21,2026-09-19 12:02:24.333040+00:00,31.0,18.5,0.0,3,30.8,56.2,3,open-meteo
Iygli,Morocco,29.5001,-9.0501,2026-09-22,2026-09-19 12:02:24.333040+00:00,31.0,19.5,0.0,0,36.5,68.4,2,open-meteo
Iygli,Morocco,29.5001,-9.0501,2026-09-23,2026-09-19 12:02:24.333040+00:00,31.3,18.3,0.0,5,24.2,43.2,0,open-meteo
Iygli,Morocco,29.5001,-9.0501,2026-09-24,2026-09-19 12:02:24.333040+00:00,29.8,20.0,0.0,3,23.7,40.0,3,open-meteo
Iygli,Morocco,29.5001,-9.0501,2026-09-25,2026-09-19 12:02:24.333040+00:00,29.1,19.2,0.6,5,16.3,29.5,80,open-meteo
Aït Youssef Ou Ali,Morocco,35.177,-3.8849,2026-09-19,2026-09-19 12:02:24.417107+00:00,27.9,21.5,0.0,0,28.1,50.0,3,open-meteo
Aït Youssef Ou Ali,Morocco,35.177,-3.8849,2026-09-20,2026-09-19 12:02:24.417107+00:00,28.4,24.1,0.0,0,23.9,42.1,2,open-meteo
Aït Youssef Ou Ali,Morocco,35.177,-3.8849,2026-09-21,2026-09-19 12:02:24.417107+00:00,29.0,20.5,0.0,0,24.3,43.9,1,open-meteo
Aït Youssef Ou Ali,Morocco,35.177,-3.8849,2026-09-22,2026-09-19 12:02:24.417107+00:00,28.0,18.0,0.0,0,14.9,27.4,0,open-meteo
Aït Youssef Ou Ali,Morocco,35.177,-3.8849,2026-09-23,2026-09-19 12:02:24.417107+00:00,27.0,18.1,0.0,0,13.0,24.1,1,open-meteo
Aït Youssef Ou Ali,Morocco,35.177,-3.8849,2026-09-24,2026-09-19 12:02:24.417107+00:00,29.7,19.1,0.0,0,10.7,22.0,2,open-meteo
Aït Youssef Ou Ali,Morocco,35.177,-3.8849,2026-09-25,2026-09-19 12:02:24.417107+00:00,30.4,23.0,0.0,0,11.2,22.0,3,open-meteo
El Kansera,Morocco,34.0419,-5.9272,2026-09-19,2026-09-19 12:02:24.498593+00:00,36.7,17.5,0.0,0,11.5,22.7,45,open-meteo
El Kansera,Morocco,34.0419,-5.9272,2026-09-20,2026-09-19 12:02:24.498593+00:00,38.2,22.1,0.0,0,13.4,27.7,1,open-meteo
El Kansera,Morocco,34.0419,-5.9272,2026-09-21,2026-09-19 12:02:24.498593+00:00,37.5,20.4,0.0,0,13.2,25.6,1,open-meteo
El Kansera,Morocco,34.0419,-5.9272,2026-09-22,2026-09-19 12:02:24.498593+00:00,36.2,20.7,0.0,0,12.9,24.8,0,open-meteo
El Kansera,Morocco,34.0419,-5.9272,2026-09-23,2026-09-19 12:02:24.498593+00:00,36.4,17.1,0.0,0,14.7,31.0,0,open-meteo
El Kansera,Morocco,34.0419,-5.9272,2026-09-24,2026-09-19 12:02:24.498593+00:00,36.2,20.0,0.0,0,17.2,37.1,1,open-meteo
El Kansera,Morocco,34.0419,-5.9272,2026-09-25,2026-09-19 12:02:24.498593+00:00,31.5,19.5,0.0,3,17.6,36.0,45,open-meteo
Kasba Tanora,Morocco,32.475,-6.1497,2026-09-19,2026-09-19 12:02:24.581437+00:00,34.7,23.6,0.0,0,16.3,31.7,2,open-meteo
Kasba Tanora,Morocco,32.475,-6.1497,2026-09-20,2026-09-19 12:02:24.581437+00:00,35.9,25.7,0.0,3,20.8,39.6,3,open-meteo
Kasba Tanora,Morocco,32.475,-6.1497,2026-09-21,2026-09-19 12:02:24.581437+00:00,34.8,25.0,0.0,3,17.8,34.2,2,open-meteo
Kasba Tanora,Morocco,32.475,-6.1497,2026-09-22,2026-09-19 12:02:24.581437+00:00,34.3,24.6,0.0,0,18.0,33.5,2,open-meteo
Kasba Tanora,Morocco,32.475,-6.1497,2026-09-23,2026-09-19 12:02:24.581437+00:00,34.8,23.3,0.0,0,16.2,31.0,0,open-meteo
Kasba Tanora,Morocco,32.475,-6.1497,2026-09-24,2026-09-19 12:02:24.581437+00:00,34.8,25.2,0.0,3,19.0,37.8,1,open-meteo
Kasba Tanora,Morocco,32.475,-6.1497,2026-09-25,2026-09-19 12:02:24.581437+00:00,32.4,23.8,0.0,5,14.8,30.2,3,open-meteo
Bouchabel,Morocco,34.3833,-5.0167,2026-09-19,2026-09-19 12:02:24.662016+00:00,35.0,23.5,0.0,0,27.0,52.6,2,open-meteo
Bouchabel,Morocco,34.3833,-5.0167,2026-09-20,2026-09-19 12:02:24.662016+00:00,36.0,24.5,0.0,0,25.0,50.4,1,open-meteo
Bouchabel,Morocco,34.3833,-5.0167,2026-09-21,2026-09-19 12:02:24.662016+00:00,35.3,24.1,0.0,0,19.6,37.8,2,open-meteo
Bouchabel,Morocco,34.3833,-5.0167,2026-09-22,2026-09-19 12:02:24.662016+00:00,34.8,22.2,0.0,0,16.1,33.8,1,open-meteo
Bouchabel,Morocco,34.3833,-5.0167,2026-09-23,2026-09-19 12:02:24.662016+00:00,36.3,21.6,0.0,0,10.0,25.2,0,open-meteo
Bouchabel,Morocco,34.3833,-5.0167,2026-09-24,2026-09-19 12:02:24.662016+00:00,37.1,21.0,0.0,0,12.6,24.5,2,open-meteo
Bouchabel,Morocco,34.3833,-5.0167,2026-09-25,2026-09-19 12:02:24.662016+00:00,34.0,20.1,0.0,0,16.9,33.1,3,open-meteo
Sidi Abdelkarim,Morocco,33.1869,-7.2333,2026-09-19,2026-09-19 12:02:24.754386+00:00,33.8,16.5,0.0,0,16.8,32.0,2,open-meteo
Sidi Abdelkarim,Morocco,33.1869,-7.2333,2026-09-20,2026-09-19 12:02:24.754386+00:00,35.9,20.1,0.0,0,20.5,39.2,1,open-meteo
Sidi Abdelkarim,Morocco,33.1869,-7.2333,2026-09-21,2026-09-19 12:02:24.754386+00:00,36.0,20.3,0.0,3,21.2,43.2,2,open-meteo
Sidi Abdelkarim,Morocco,33.1869,-7.2333,2026-09-22,2026-09-19 12:02:24.754386+00:00,35.3,19.0,0.0,0,18.7,37.1,0,open-meteo
Sidi Abdelkarim,Morocco,33.1869,-7.2333,2026-09-23,2026-09-19 12:02:24.754386+00:00,35.0,17.8,0.0,0,19.5,38.2,0,open-meteo
Sidi Abdelkarim,Morocco,33.1869,-7.2333,2026-09-24,2026-09-19 12:02:24.754386+00:00,36.6,18.3,0.0,0,16.5,36.4,3,open-meteo
Sidi Abdelkarim,Morocco,33.1869,-7.2333,2026-09-25,2026-09-19 12:02:24.754386+00:00,30.2,17.0,0.0,3,16.7,31.7,45,open-meteo
Commune Sidi Youssef Ben Ahmed,Morocco,33.8388,-4.7845,2026-09-19,2026-09-19 12:02:24.840913+00:00,32.0,20.0,0.6,18,17.4,40.3,80,open-meteo
Commune Sidi Youssef Ben Ahmed,Morocco,33.8388,-4.7845,2026-09-20,2026-09-19 12:02:24.840913+00:00,31.8,20.6,0.0,0,17.4,38.9,1,open-meteo
Commune Sidi Youssef Ben Ahmed,Morocco,33.8388,-4.7845,2026-09-21,2026-09-19 12:02:24.840913+00:00,30.8,20.5,0.0,0,16.5,36.0,1,open-meteo
Commune Sidi Youssef Ben Ahmed,Morocco,33.8388,-4.7845,2026-09-22,2026-09-19 12:02:24.840913+00:00,29.7,18.9,0.0,0,16.3,35.6,0,open-meteo
Commune Sidi Youssef Ben Ahmed,Morocco,33.8388,-4.7845,2026-09-23,2026-09-19 12:02:24.840913+00:00,31.2,20.0,0.0,0,14.8,32.0,0,open-meteo
Commune Sidi Youssef Ben Ahmed,Morocco,33.8388,-4.7845,2026-09-24,2026-09-19 12:02:24.840913+00:00,33.3,20.3,0.0,0,17.8,34.6,1,open-meteo
Commune Sidi Youssef Ben Ahmed,Morocco,33.8388,-4.7845,2026-09-25,2026-09-19 12:02:24.840913+00:00,31.6,18.8,0.0,0,20.0,37.8,3,open-meteo
Ighrem n’Ougdal,Morocco,31.2282,-7.4237,2026-09-19,2026-09-19 12:02:24.926387+00:00,23.4,14.3,0.1,50,17.6,32.0,61,open-meteo
Ighrem n’Ougdal,Morocco,31.2282,-7.4237,2026-09-20,2026-09-19 12:02:24.926387+00:00,23.1,13.6,0.3,75,13.6,24.8,80,open-meteo
Ighrem n’Ougdal,Morocco,31.2282,-7.4237,2026-09-21,2026-09-19 12:02:24.926387+00:00,24.6,14.7,0.0,23,33.5,61.9,3,open-meteo
Ighrem n’Ougdal,Morocco,31.2282,-7.4237,2026-09-22,2026-09-19 12:02:24.926387+00:00,25.5,14.0,0.0,0,30.1,55.4,3,open-meteo
Ighrem n’Ougdal,Morocco,31.2282,-7.4237,2026-09-23,2026-09-19 12:02:24.926387+00:00,25.7,14.1,0.0,0,20.7,39.6,1,open-meteo
Ighrem n’Ougdal,Morocco,31.2282,-7.4237,2026-09-24,2026-09-19 12:02:24.926387+00:00,25.9,14.6,0.0,15,23.1,46.8,1,open-meteo
Ighrem n’Ougdal,Morocco,31.2282,-7.4237,2026-09-25,2026-09-19 12:02:24.926387+00:00,22.6,14.5,5.7,32,15.4,31.3,95,open-meteo
Bhalil,Morocco,33.85,-4.8667,2026-09-19,2026-09-19 12:02:25.019162+00:00,29.9,17.6,0.5,13,21.6,48.6,80,open-meteo
Bhalil,Morocco,33.85,-4.8667,2026-09-20,2026-09-19 12:02:25.019162+00:00,31.5,18.1,0.0,0,15.6,35.3,3,open-meteo
Bhalil,Morocco,33.85,-4.8667,2026-09-21,2026-09-19 12:02:25.019162+00:00,30.5,18.4,0.0,0,14.2,31.3,1,open-meteo
Bhalil,Morocco,33.85,-4.8667,2026-09-22,2026-09-19 12:02:25.019162+00:00,29.5,17.0,0.0,0,13.7,31.0,0,open-meteo
Bhalil,Morocco,33.85,-4.8667,2026-09-23,2026-09-19 12:02:25.019162+00:00,31.2,17.0,0.0,0,13.0,29.5,0,open-meteo
Bhalil,Morocco,33.85,-4.8667,2026-09-24,2026-09-19 12:02:25.019162+00:00,32.1,17.1,0.0,0,15.8,31.7,2,open-meteo
Bhalil,Morocco,33.85,-4.8667,2026-09-25,2026-09-19 12:02:25.019162+00:00,30.2,15.8,0.0,0,18.9,36.4,3,open-meteo
Tazzarine,Morocco,30.7779,-5.56,2026-09-19,2026-09-19 12:02:25.205487+00:00,31.4,23.6,0.0,5,29.0,49.7,2,open-meteo
Tazzarine,Morocco,30.7779,-5.56,2026-09-20,2026-09-19 12:02:25.205487+00:00,31.5,21.6,0.2,10,12.3,29.5,80,open-meteo
Tazzarine,Morocco,30.7779,-5.56,2026-09-21,2026-09-19 12:02:25.205487+00:00,35.2,22.6,0.4,33,22.5,38.2,80,open-meteo
Tazzarine,Morocco,30.7779,-5.56,2026-09-22,2026-09-19 12:02:25.205487+00:00,32.7,23.6,0.0,3,16.4,25.6,2,open-meteo
Tazzarine,Morocco,30.7779,-5.56,2026-09-23,2026-09-19 12:02:25.205487+00:00,32.5,22.9,0.0,3,18.9,29.2,2,open-meteo
Tazzarine,Morocco,30.7779,-5.56,2026-09-24,2026-09-19 12:02:25.205487+00:00,32.6,21.1,0.0,8,12.3,22.3,3,open-meteo
Tazzarine,Morocco,30.7779,-5.56,2026-09-25,2026-09-19 12:02:25.205487+00:00,30.6,21.6,0.3,8,21.1,31.7,3,open-meteo
L’Oulja,Morocco,34.2894,-4.9481,2026-09-19,2026-09-19 12:02:25.341928+00:00,35.2,23.9,0.0,0,27.4,52.2,2,open-meteo
L’Oulja,Morocco,34.2894,-4.9481,2026-09-20,2026-09-19 12:02:25.341928+00:00,36.3,24.9,0.0,0,25.7,50.4,3,open-meteo
L’Oulja,Morocco,34.2894,-4.9481,2026-09-21,2026-09-19 12:02:25.341928+00:00,35.5,24.5,0.0,0,21.5,40.0,1,open-meteo
L’Oulja,Morocco,34.2894,-4.9481,2026-09-22,2026-09-19 12:02:25.341928+00:00,35.1,22.6,0.0,0,16.6,32.4,0,open-meteo
L’Oulja,Morocco,34.2894,-4.9481,2026-09-23,2026-09-19 12:02:25.341928+00:00,36.6,21.7,0.0,0,10.1,21.6,0,open-meteo
L’Oulja,Morocco,34.2894,-4.9481,2026-09-24,2026-09-19 12:02:25.341928+00:00,37.2,22.9,0.0,0,15.3,30.2,2,open-meteo
L’Oulja,Morocco,34.2894,-4.9481,2026-09-25,2026-09-19 12:02:25.341928+00:00,34.3,21.2,0.0,0,18.4,38.5,3,open-meteo
Douar Tabouda,Morocco,34.7167,-5.1333,2026-09-19,2026-09-19 12:02:25.491427+00:00,34.7,20.0,0.0,0,23.4,44.6,2,open-meteo
Douar Tabouda,Morocco,34.7167,-5.1333,2026-09-20,2026-09-19 12:02:25.491427+00:00,35.4,23.0,0.0,0,21.3,42.1,2,open-meteo
Douar Tabouda,Morocco,34.7167,-5.1333,2026-09-21,2026-09-19 12:02:25.491427+00:00,35.0,21.6,0.0,0,19.9,38.5,2,open-meteo
Douar Tabouda,Morocco,34.7167,-5.1333,2026-09-22,2026-09-19 12:02:25.491427+00:00,34.4,17.6,0.0,0,7.7,15.8,0,open-meteo
Douar Tabouda,Morocco,34.7167,-5.1333,2026-09-23,2026-09-19 12:02:25.491427+00:00,35.2,18.0,0.0,0,8.3,18.0,0,open-meteo
Douar Tabouda,Morocco,34.7167,-5.1333,2026-09-24,2026-09-19 12:02:25.491427+00:00,35.6,18.3,0.0,0,11.9,23.0,2,open-meteo
Douar Tabouda,Morocco,34.7167,-5.1333,2026-09-25,2026-09-19 12:02:25.491427+00:00,33.1,16.5,0.0,3,15.1,30.2,3,open-meteo
Ait Lhaj All,Morocco,33.7622,-5.335,2026-09-19,2026-09-19 12:02:25.622241+00:00,31.7,18.5,0.6,20,20.6,41.4,80,open-meteo
Ait Lhaj All,Morocco,33.7622,-5.335,2026-09-20,2026-09-19 12:02:25.622241+00:00,33.4,20.3,0.0,0,15.8,31.0,1,open-meteo
Ait Lhaj All,Morocco,33.7622,-5.335,2026-09-21,2026-09-19 12:02:25.622241+00:00,32.5,20.4,0.0,0,16.2,31.3,1,open-meteo
Ait Lhaj All,Morocco,33.7622,-5.335,2026-09-22,2026-09-19 12:02:25.622241+00:00,31.1,19.0,0.0,0,15.7,30.6,0,open-meteo
Ait Lhaj All,Morocco,33.7622,-5.335,2026-09-23,2026-09-19 12:02:25.622241+00:00,32.7,18.6,0.0,0,15.1,29.2,0,open-meteo
Ait Lhaj All,Morocco,33.7622,-5.335,2026-09-24,2026-09-19 12:02:25.622241+00:00,34.0,21.4,0.0,0,19.5,39.2,2,open-meteo
Ait Lhaj All,Morocco,33.7622,-5.335,2026-09-25,2026-09-19 12:02:25.622241+00:00,32.0,19.9,0.0,3,19.8,38.9,3,open-meteo
Bezou,Morocco,32.1,-7.05,2026-09-19,2026-09-19 12:02:25.714157+00:00,36.7,20.7,0.0,3,17.2,28.4,2,open-meteo
Bezou,Morocco,32.1,-7.05,2026-09-20,2026-09-19 12:02:25.714157+00:00,37.7,23.7,0.0,13,18.4,32.0,2,open-meteo
Bezou,Morocco,32.1,-7.05,2026-09-21,2026-09-19 12:02:25.714157+00:00,37.3,22.6,0.0,0,15.3,25.2,2,open-meteo
Bezou,Morocco,32.1,-7.05,2026-09-22,2026-09-19 12:02:25.714157+00:00,36.9,22.1,0.0,0,11.6,25.2,1,open-meteo
Bezou,Morocco,32.1,-7.05,2026-09-23,2026-09-19 12:02:25.714157+00:00,36.9,20.9,0.0,0,12.7,21.6,0,open-meteo
Bezou,Morocco,32.1,-7.05,2026-09-24,2026-09-19 12:02:25.714157+00:00,37.5,20.8,0.0,3,13.4,24.1,3,open-meteo
Bezou,Morocco,32.1,-7.05,2026-09-25,2026-09-19 12:02:25.714157+00:00,34.4,20.5,0.0,5,14.2,24.8,3,open-meteo
Douar Souk L‘qolla,Morocco,35.0691,-5.57,2026-09-19,2026-09-19 12:02:25.895528+00:00,33.7,17.5,0.0,0,17.6,31.3,2,open-meteo
Douar Souk L‘qolla,Morocco,35.0691,-5.57,2026-09-20,2026-09-19 12:02:25.895528+00:00,35.0,21.9,0.0,0,18.4,33.8,0,open-meteo
Douar Souk L‘qolla,Morocco,35.0691,-5.57,2026-09-21,2026-09-19 12:02:25.895528+00:00,34.6,20.8,0.0,0,14.7,25.6,2,open-meteo
Douar Souk L‘qolla,Morocco,35.0691,-5.57,2026-09-22,2026-09-19 12:02:25.895528+00:00,34.2,17.5,0.0,0,11.2,21.6,0,open-meteo
Douar Souk L‘qolla,Morocco,35.0691,-5.57,2026-09-23,2026-09-19 12:02:25.895528+00:00,34.8,16.3,0.0,0,13.6,25.6,0,open-meteo
Douar Souk L‘qolla,Morocco,35.0691,-5.57,2026-09-24,2026-09-19 12:02:25.895528+00:00,35.0,20.4,0.0,0,16.1,33.1,1,open-meteo
Douar Souk L‘qolla,Morocco,35.0691,-5.57,2026-09-25,2026-09-19 12:02:25.895528+00:00,32.2,17.0,0.0,3,11.4,26.6,3,open-meteo
Bni Quolla,Morocco,34.7381,-5.5442,2026-09-19,2026-09-19 12:02:26.016289+00:00,36.3,17.9,0.0,0,15.2,30.2,2,open-meteo
Bni Quolla,Morocco,34.7381,-5.5442,2026-09-20,2026-09-19 12:02:26.016289+00:00,36.9,21.7,0.0,0,15.7,31.0,1,open-meteo
Bni Quolla,Morocco,34.7381,-5.5442,2026-09-21,2026-09-19 12:02:26.016289+00:00,36.3,21.2,0.0,0,12.1,24.5,1,open-meteo
Bni Quolla,Morocco,34.7381,-5.5442,2026-09-22,2026-09-19 12:02:26.016289+00:00,35.6,18.7,0.0,0,8.9,20.9,0,open-meteo
Bni Quolla,Morocco,34.7381,-5.5442,2026-09-23,2026-09-19 12:02:26.016289+00:00,36.3,18.0,0.0,0,11.0,23.0,0,open-meteo
Bni Quolla,Morocco,34.7381,-5.5442,2026-09-24,2026-09-19 12:02:26.016289+00:00,36.5,20.3,0.0,0,13.7,28.8,1,open-meteo
Bni Quolla,Morocco,34.7381,-5.5442,2026-09-25,2026-09-19 12:02:26.016289+00:00,32.7,18.5,0.0,3,14.5,32.0,3,open-meteo
Mensora,Morocco,34.8434,-4.9626,2026-09-19,2026-09-19 12:02:26.155459+00:00,31.8,17.9,0.0,0,24.8,45.0,1,open-meteo
Mensora,Morocco,34.8434,-4.9626,2026-09-20,2026-09-19 12:02:26.155459+00:00,32.0,20.5,0.0,0,20.0,38.2,1,open-meteo
Mensora,Morocco,34.8434,-4.9626,2026-09-21,2026-09-19 12:02:26.155459+00:00,31.9,18.6,0.0,0,18.3,36.4,1,open-meteo
Mensora,Morocco,34.8434,-4.9626,2026-09-22,2026-09-19 12:02:26.155459+00:00,32.2,15.7,0.0,0,12.1,23.4,0,open-meteo
Mensora,Morocco,34.8434,-4.9626,2026-09-23,2026-09-19 12:02:26.155459+00:00,33.9,15.7,0.0,0,10.9,22.3,0,open-meteo
Mensora,Morocco,34.8434,-4.9626,2026-09-24,2026-09-19 12:02:26.155459+00:00,34.0,20.9,0.0,0,14.3,26.6,2,open-meteo
Mensora,Morocco,34.8434,-4.9626,2026-09-25,2026-09-19 12:02:26.155459+00:00,31.8,17.0,0.0,0,16.1,30.2,3,open-meteo
Tounfit,Morocco,32.4658,-5.2494,2026-09-19,2026-09-19 12:02:26.385189+00:00,22.7,13.7,3.0,80,24.1,46.4,95,open-meteo
Tounfit,Morocco,32.4658,-5.2494,2026-09-20,2026-09-19 12:02:26.385189+00:00,24.5,13.4,0.0,5,21.3,40.3,3,open-meteo
Tounfit,Morocco,32.4658,-5.2494,2026-09-21,2026-09-19 12:02:26.385189+00:00,24.4,13.9,0.0,0,30.5,50.4,3,open-meteo
Tounfit,Morocco,32.4658,-5.2494,2026-09-22,2026-09-19 12:02:26.385189+00:00,23.3,13.1,0.0,0,25.0,42.1,2,open-meteo
Tounfit,Morocco,32.4658,-5.2494,2026-09-23,2026-09-19 12:02:26.385189+00:00,24.2,12.4,0.0,0,18.8,31.3,1,open-meteo
Tounfit,Morocco,32.4658,-5.2494,2026-09-24,2026-09-19 12:02:26.385189+00:00,25.2,13.5,0.0,0,20.7,38.2,0,open-meteo
Tounfit,Morocco,32.4658,-5.2494,2026-09-25,2026-09-19 12:02:26.385189+00:00,24.7,14.1,0.0,10,20.3,37.1,3,open-meteo
Boudenib,Morocco,31.9497,-3.6078,2026-09-19,2026-09-19 12:02:27.156860+00:00,29.0,19.6,1.0,40,23.5,38.9,80,open-meteo
Boudenib,Morocco,31.9497,-3.6078,2026-09-20,2026-09-19 12:02:27.156860+00:00,29.6,19.0,0.4,28,15.3,25.6,80,open-meteo
Boudenib,Morocco,31.9497,-3.6078,2026-09-21,2026-09-19 12:02:27.156860+00:00,32.2,18.2,0.0,8,26.8,42.5,2,open-meteo
Boudenib,Morocco,31.9497,-3.6078,2026-09-22,2026-09-19 12:02:27.156860+00:00,28.6,17.6,0.0,3,17.4,32.4,3,open-meteo
Boudenib,Morocco,31.9497,-3.6078,2026-09-23,2026-09-19 12:02:27.156860+00:00,29.6,16.2,0.0,0,10.9,15.1,2,open-meteo
Boudenib,Morocco,31.9497,-3.6078,2026-09-24,2026-09-19 12:02:27.156860+00:00,30.5,17.6,0.0,0,12.3,18.4,2,open-meteo
Boudenib,Morocco,31.9497,-3.6078,2026-09-25,2026-09-19 12:02:27.156860+00:00,31.2,18.2,0.0,8,18.1,33.1,3,open-meteo
Oulad Ouchchih,Morocco,35.0939,-5.9453,2026-09-19,2026-09-19 12:02:27.271388+00:00,35.7,18.0,0.0,0,19.0,35.3,1,open-meteo
Oulad Ouchchih,Morocco,35.0939,-5.9453,2026-09-20,2026-09-19 12:02:27.271388+00:00,36.4,22.5,0.0,0,17.7,32.8,1,open-meteo
Oulad Ouchchih,Morocco,35.0939,-5.9453,2026-09-21,2026-09-19 12:02:27.271388+00:00,36.4,21.6,0.0,0,15.6,29.5,1,open-meteo
Oulad Ouchchih,Morocco,35.0939,-5.9453,2026-09-22,2026-09-19 12:02:27.271388+00:00,34.8,18.2,0.0,0,14.8,28.8,0,open-meteo
Oulad Ouchchih,Morocco,35.0939,-5.9453,2026-09-23,2026-09-19 12:02:27.271388+00:00,35.4,17.6,0.0,0,15.0,31.0,0,open-meteo
Oulad Ouchchih,Morocco,35.0939,-5.9453,2026-09-24,2026-09-19 12:02:27.271388+00:00,33.3,18.6,0.0,0,14.6,27.4,2,open-meteo
Oulad Ouchchih,Morocco,35.0939,-5.9453,2026-09-25,2026-09-19 12:02:27.271388+00:00,28.1,19.3,0.0,0,13.5,25.6,45,open-meteo
Wawizaght,Morocco,32.16,-6.35,2026-09-19,2026-09-19 12:02:27.385316+00:00,32.3,20.7,0.0,10,17.8,32.4,3,open-meteo
Wawizaght,Morocco,32.16,-6.35,2026-09-20,2026-09-19 12:02:27.385316+00:00,33.4,22.2,0.2,10,19.1,33.8,3,open-meteo
Wawizaght,Morocco,32.16,-6.35,2026-09-21,2026-09-19 12:02:27.385316+00:00,32.2,21.6,0.0,3,16.0,29.9,3,open-meteo
Wawizaght,Morocco,32.16,-6.35,2026-09-22,2026-09-19 12:02:27.385316+00:00,32.1,20.6,0.0,0,16.3,29.5,2,open-meteo
Wawizaght,Morocco,32.16,-6.35,2026-09-23,2026-09-19 12:02:27.385316+00:00,32.7,19.1,0.0,0,14.5,26.6,0,open-meteo
Wawizaght,Morocco,32.16,-6.35,2026-09-24,2026-09-19 12:02:27.385316+00:00,33.2,22.4,0.0,3,19.6,40.0,1,open-meteo
Wawizaght,Morocco,32.16,-6.35,2026-09-25,2026-09-19 12:02:27.385316+00:00,30.7,21.6,0.0,8,12.2,36.7,3,open-meteo
Aghbala,Morocco,32.4806,-5.645,2026-09-19,2026-09-19 12:02:28.182700+00:00,25.6,14.6,0.1,35,23.5,70.6,3,open-meteo
Aghbala,Morocco,32.4806,-5.645,2026-09-20,2026-09-19 12:02:28.182700+00:00,26.5,14.2,0.0,5,20.0,41.4,3,open-meteo
Aghbala,Morocco,32.4806,-5.645,2026-09-21,2026-09-19 12:02:28.182700+00:00,26.2,13.3,0.0,5,23.1,51.1,3,open-meteo
Aghbala,Morocco,32.4806,-5.645,2026-09-22,2026-09-19 12:02:28.182700+00:00,25.4,13.7,0.0,0,21.2,42.5,2,open-meteo
Aghbala,Morocco,32.4806,-5.645,2026-09-23,2026-09-19 12:02:28.182700+00:00,26.1,12.1,0.0,0,16.5,33.5,1,open-meteo
Aghbala,Morocco,32.4806,-5.645,2026-09-24,2026-09-19 12:02:28.182700+00:00,26.3,12.8,0.0,0,20.1,40.7,0,open-meteo
Aghbala,Morocco,32.4806,-5.645,2026-09-25,2026-09-19 12:02:28.182700+00:00,25.6,13.3,0.0,8,20.5,41.4,3,open-meteo
Oulad Rahmoun,Morocco,32.3278,-6.5006,2026-09-19,2026-09-19 12:02:28.290631+00:00,37.6,21.1,0.0,3,13.0,27.0,3,open-meteo
Oulad Rahmoun,Morocco,32.3278,-6.5006,2026-09-20,2026-09-19 12:02:28.290631+00:00,38.9,22.6,0.0,5,18.0,34.6,3,open-meteo
Oulad Rahmoun,Morocco,32.3278,-6.5006,2026-09-21,2026-09-19 12:02:28.290631+00:00,37.3,22.8,0.0,3,13.6,25.6,3,open-meteo
Oulad Rahmoun,Morocco,32.3278,-6.5006,2026-09-22,2026-09-19 12:02:28.290631+00:00,37.2,22.3,0.0,0,11.1,20.5,2,open-meteo
Oulad Rahmoun,Morocco,32.3278,-6.5006,2026-09-23,2026-09-19 12:02:28.290631+00:00,37.5,20.7,0.0,0,11.6,21.2,0,open-meteo
Oulad Rahmoun,Morocco,32.3278,-6.5006,2026-09-24,2026-09-19 12:02:28.290631+00:00,37.6,19.3,0.0,3,14.1,25.9,1,open-meteo
Oulad Rahmoun,Morocco,32.3278,-6.5006,2026-09-25,2026-09-19 12:02:28.290631+00:00,35.0,21.2,0.0,8,9.4,20.5,3,open-meteo
Tleta Taghramt,Morocco,35.7877,-5.4709,2026-09-19,2026-09-19 12:02:28.565582+00:00,23.4,20.5,0.0,0,44.2,93.6,2,open-meteo
Tleta Taghramt,Morocco,35.7877,-5.4709,2026-09-20,2026-09-19 12:02:28.565582+00:00,23.9,21.0,0.0,0,47.1,99.7,2,open-meteo
Tleta Taghramt,Morocco,35.7877,-5.4709,2026-09-21,2026-09-19 12:02:28.565582+00:00,24.5,20.1,0.0,0,38.9,81.4,2,open-meteo
Tleta Taghramt,Morocco,35.7877,-5.4709,2026-09-22,2026-09-19 12:02:28.565582+00:00,23.6,19.7,0.0,0,33.1,70.2,2,open-meteo
Tleta Taghramt,Morocco,35.7877,-5.4709,2026-09-23,2026-09-19 12:02:28.565582+00:00,23.8,19.6,0.0,0,32.4,68.0,2,open-meteo
Tleta Taghramt,Morocco,35.7877,-5.4709,2026-09-24,2026-09-19 12:02:28.565582+00:00,26.0,19.8,0.0,0,20.2,40.7,2,open-meteo
Tleta Taghramt,Morocco,35.7877,-5.4709,2026-09-25,2026-09-19 12:02:28.565582+00:00,26.9,17.3,0.0,0,12.1,24.1,45,open-meteo
Ounagha,Morocco,31.5044,-9.6298,2026-09-19,2026-09-19 12:02:28.679942+00:00,29.1,18.9,0.0,0,19.0,40.3,2,open-meteo
Ounagha,Morocco,31.5044,-9.6298,2026-09-20,2026-09-19 12:02:28.679942+00:00,27.7,19.9,0.0,0,13.1,28.1,2,open-meteo
Ounagha,Morocco,31.5044,-9.6298,2026-09-21,2026-09-19 12:02:28.679942+00:00,30.7,19.8,0.0,0,12.4,27.4,3,open-meteo
Ounagha,Morocco,31.5044,-9.6298,2026-09-22,2026-09-19 12:02:28.679942+00:00,31.4,19.5,0.0,0,12.7,30.6,45,open-meteo
Ounagha,Morocco,31.5044,-9.6298,2026-09-23,2026-09-19 12:02:28.679942+00:00,29.2,17.2,0.0,0,11.5,24.8,1,open-meteo
Ounagha,Morocco,31.5044,-9.6298,2026-09-24,2026-09-19 12:02:28.679942+00:00,27.4,18.9,0.0,0,10.0,20.2,3,open-meteo
Ounagha,Morocco,31.5044,-9.6298,2026-09-25,2026-09-19 12:02:28.679942+00:00,25.4,18.5,0.0,0,15.3,30.6,3,open-meteo
Ras El Oued,Morocco,34.339,-4.5558,2026-09-19,2026-09-19 12:02:28.909068+00:00,32.5,22.7,0.0,0,31.7,64.1,3,open-meteo
Ras El Oued,Morocco,34.339,-4.5558,2026-09-20,2026-09-19 12:02:28.909068+00:00,33.9,23.6,0.0,0,27.4,53.6,2,open-meteo
Ras El Oued,Morocco,34.339,-4.5558,2026-09-21,2026-09-19 12:02:28.909068+00:00,33.1,23.1,0.0,0,26.7,51.8,1,open-meteo
Ras El Oued,Morocco,34.339,-4.5558,2026-09-22,2026-09-19 12:02:28.909068+00:00,33.3,20.3,0.0,0,20.0,38.5,0,open-meteo
Ras El Oued,Morocco,34.339,-4.5558,2026-09-23,2026-09-19 12:02:28.909068+00:00,35.5,21.2,0.0,0,13.3,31.7,0,open-meteo
Ras El Oued,Morocco,34.339,-4.5558,2026-09-24,2026-09-19 12:02:28.909068+00:00,36.9,20.9,0.0,0,11.1,22.0,2,open-meteo
Ras El Oued,Morocco,34.339,-4.5558,2026-09-25,2026-09-19 12:02:28.909068+00:00,34.9,19.9,0.0,0,14.6,31.0,3,open-meteo
Ourtzagh,Morocco,34.55,-4.9333,2026-09-19,2026-09-19 12:02:28.997387+00:00,35.6,21.7,0.1,3,29.8,56.5,2,open-meteo
Ourtzagh,Morocco,34.55,-4.9333,2026-09-20,2026-09-19 12:02:28.997387+00:00,36.5,24.0,0.0,0,18.4,35.3,2,open-meteo
Ourtzagh,Morocco,34.55,-4.9333,2026-09-21,2026-09-19 12:02:28.997387+00:00,36.0,22.8,0.0,0,13.6,25.2,2,open-meteo
Ourtzagh,Morocco,34.55,-4.9333,2026-09-22,2026-09-19 12:02:28.997387+00:00,35.5,20.6,0.0,0,13.1,29.9,0,open-meteo
Ourtzagh,Morocco,34.55,-4.9333,2026-09-23,2026-09-19 12:02:28.997387+00:00,36.6,20.7,0.0,0,12.0,24.1,0,open-meteo
Ourtzagh,Morocco,34.55,-4.9333,2026-09-24,2026-09-19 12:02:28.997387+00:00,37.7,19.3,0.0,0,10.8,22.3,2,open-meteo
Ourtzagh,Morocco,34.55,-4.9333,2026-09-25,2026-09-19 12:02:28.997387+00:00,35.2,18.3,0.0,0,16.5,32.8,3,open-meteo
Oulad Amor,Morocco,32.0775,-7.6122,2026-09-19,2026-09-19 12:02:29.287960+00:00,36.1,21.6,0.0,0,18.9,30.2,3,open-meteo
Oulad Amor,Morocco,32.0775,-7.6122,2026-09-20,2026-09-19 12:02:29.287960+00:00,37.3,24.1,0.0,13,22.1,36.0,2,open-meteo
Oulad Amor,Morocco,32.0775,-7.6122,2026-09-21,2026-09-19 12:02:29.287960+00:00,37.7,24.0,0.0,0,23.2,40.3,2,open-meteo
Oulad Amor,Morocco,32.0775,-7.6122,2026-09-22,2026-09-19 12:02:29.287960+00:00,37.0,23.3,0.0,0,15.3,27.0,1,open-meteo
Oulad Amor,Morocco,32.0775,-7.6122,2026-09-23,2026-09-19 12:02:29.287960+00:00,36.8,22.0,0.0,0,12.7,21.6,0,open-meteo
Oulad Amor,Morocco,32.0775,-7.6122,2026-09-24,2026-09-19 12:02:29.287960+00:00,36.7,21.4,0.0,3,21.7,33.8,3,open-meteo
Oulad Amor,Morocco,32.0775,-7.6122,2026-09-25,2026-09-19 12:02:29.287960+00:00,34.0,21.5,0.0,3,19.6,32.0,3,open-meteo
Tafrant,Morocco,34.625,-5.1242,2026-09-19,2026-09-19 12:02:29.374046+00:00,35.0,21.5,0.0,5,17.8,36.0,2,open-meteo
Tafrant,Morocco,34.625,-5.1242,2026-09-20,2026-09-19 12:02:29.374046+00:00,35.5,23.6,0.0,0,16.8,36.0,2,open-meteo
Tafrant,Morocco,34.625,-5.1242,2026-09-21,2026-09-19 12:02:29.374046+00:00,34.7,23.0,0.0,0,14.7,28.1,2,open-meteo
Tafrant,Morocco,34.625,-5.1242,2026-09-22,2026-09-19 12:02:29.374046+00:00,34.3,20.3,0.0,0,12.0,22.0,0,open-meteo
Tafrant,Morocco,34.625,-5.1242,2026-09-23,2026-09-19 12:02:29.374046+00:00,35.0,20.7,0.0,0,8.6,16.9,0,open-meteo
Tafrant,Morocco,34.625,-5.1242,2026-09-24,2026-09-19 12:02:29.374046+00:00,36.4,19.5,0.0,0,10.9,20.5,2,open-meteo
Tafrant,Morocco,34.625,-5.1242,2026-09-25,2026-09-19 12:02:29.374046+00:00,33.6,18.8,0.0,0,15.3,31.3,3,open-meteo
Jaidte Lbatma,Morocco,31.6806,-7.7281,2026-09-19,2026-09-19 12:02:29.498005+00:00,36.6,19.0,0.1,18,13.8,41.8,3,open-meteo
Jaidte Lbatma,Morocco,31.6806,-7.7281,2026-09-20,2026-09-19 12:02:29.498005+00:00,37.4,21.0,0.2,23,14.0,28.4,3,open-meteo
Jaidte Lbatma,Morocco,31.6806,-7.7281,2026-09-21,2026-09-19 12:02:29.498005+00:00,37.2,21.1,0.0,3,17.3,32.0,3,open-meteo
Jaidte Lbatma,Morocco,31.6806,-7.7281,2026-09-22,2026-09-19 12:02:29.498005+00:00,36.6,19.5,0.0,0,16.9,31.0,3,open-meteo
Jaidte Lbatma,Morocco,31.6806,-7.7281,2026-09-23,2026-09-19 12:02:29.498005+00:00,36.6,18.3,0.0,3,15.1,28.4,0,open-meteo
Jaidte Lbatma,Morocco,31.6806,-7.7281,2026-09-24,2026-09-19 12:02:29.498005+00:00,36.8,20.6,0.0,3,14.3,27.7,1,open-meteo
Jaidte Lbatma,Morocco,31.6806,-7.7281,2026-09-25,2026-09-19 12:02:29.498005+00:00,34.0,20.8,0.0,0,11.6,23.0,3,open-meteo
Oulad Chikh,Morocco,32.8544,-7.5386,2026-09-19,2026-09-19 12:02:29.593403+00:00,33.4,17.4,0.0,0,19.1,36.4,2,open-meteo
Oulad Chikh,Morocco,32.8544,-7.5386,2026-09-20,2026-09-19 12:02:29.593403+00:00,34.9,21.1,0.0,5,19.5,38.9,2,open-meteo
Oulad Chikh,Morocco,32.8544,-7.5386,2026-09-21,2026-09-19 12:02:29.593403+00:00,35.3,21.2,0.0,3,22.3,42.1,3,open-meteo
Oulad Chikh,Morocco,32.8544,-7.5386,2026-09-22,2026-09-19 12:02:29.593403+00:00,35.1,20.3,0.0,0,17.7,36.7,1,open-meteo
Oulad Chikh,Morocco,32.8544,-7.5386,2026-09-23,2026-09-19 12:02:29.593403+00:00,35.2,17.8,0.0,0,16.8,37.8,0,open-meteo
Oulad Chikh,Morocco,32.8544,-7.5386,2026-09-24,2026-09-19 12:02:29.593403+00:00,35.1,18.2,0.0,0,16.7,34.2,3,open-meteo
Oulad Chikh,Morocco,32.8544,-7.5386,2026-09-25,2026-09-19 12:02:29.593403+00:00,31.0,17.5,0.0,3,17.0,32.8,45,open-meteo
Sidi Moussa Ben Ali,Morocco,33.5594,-7.3817,2026-09-19,2026-09-19 12:02:29.695273+00:00,29.0,15.9,0.0,0,17.6,32.0,2,open-meteo
Sidi Moussa Ben Ali,Morocco,33.5594,-7.3817,2026-09-20,2026-09-19 12:02:29.695273+00:00,32.8,18.3,0.0,0,16.7,30.6,1,open-meteo
Sidi Moussa Ben Ali,Morocco,33.5594,-7.3817,2026-09-21,2026-09-19 12:02:29.695273+00:00,32.2,19.4,0.0,0,18.3,33.1,45,open-meteo
Sidi Moussa Ben Ali,Morocco,33.5594,-7.3817,2026-09-22,2026-09-19 12:02:29.695273+00:00,32.1,19.0,0.0,0,17.4,32.0,1,open-meteo
Sidi Moussa Ben Ali,Morocco,33.5594,-7.3817,2026-09-23,2026-09-19 12:02:29.695273+00:00,31.2,17.2,0.0,0,17.3,31.7,1,open-meteo
Sidi Moussa Ben Ali,Morocco,33.5594,-7.3817,2026-09-24,2026-09-19 12:02:29.695273+00:00,34.0,16.0,0.0,0,17.4,33.8,45,open-meteo
Sidi Moussa Ben Ali,Morocco,33.5594,-7.3817,2026-09-25,2026-09-19 12:02:29.695273+00:00,28.9,18.4,0.0,3,16.6,33.1,45,open-meteo
Aït I’yach,Morocco,32.6909,-4.9292,2026-09-19,2026-09-19 12:02:29.857055+00:00,26.6,13.4,1.0,60,30.4,48.6,80,open-meteo
Aït I’yach,Morocco,32.6909,-4.9292,2026-09-20,2026-09-19 12:02:29.857055+00:00,28.8,12.3,0.2,15,19.6,40.7,3,open-meteo
Aït I’yach,Morocco,32.6909,-4.9292,2026-09-21,2026-09-19 12:02:29.857055+00:00,28.4,14.0,0.0,0,25.5,42.1,3,open-meteo
Aït I’yach,Morocco,32.6909,-4.9292,2026-09-22,2026-09-19 12:02:29.857055+00:00,27.3,11.8,0.0,0,23.3,37.1,2,open-meteo
Aït I’yach,Morocco,32.6909,-4.9292,2026-09-23,2026-09-19 12:02:29.857055+00:00,27.9,11.8,0.0,0,16.9,29.5,2,open-meteo
Aït I’yach,Morocco,32.6909,-4.9292,2026-09-24,2026-09-19 12:02:29.857055+00:00,28.7,10.2,0.0,0,19.2,32.8,1,open-meteo
Aït I’yach,Morocco,32.6909,-4.9292,2026-09-25,2026-09-19 12:02:29.857055+00:00,28.5,11.3,0.3,5,16.2,26.3,3,open-meteo
Douar Sgarta,Morocco,32.2634,-7.5881,2026-09-19,2026-09-19 12:02:29.977731+00:00,36.1,21.0,0.0,0,20.5,33.5,2,open-meteo
Douar Sgarta,Morocco,32.2634,-7.5881,2026-09-20,2026-09-19 12:02:29.977731+00:00,37.1,23.1,0.0,5,24.5,40.3,2,open-meteo
Douar Sgarta,Morocco,32.2634,-7.5881,2026-09-21,2026-09-19 12:02:29.977731+00:00,38.1,22.4,0.0,0,20.9,34.6,2,open-meteo
Douar Sgarta,Morocco,32.2634,-7.5881,2026-09-22,2026-09-19 12:02:29.977731+00:00,37.4,22.4,0.0,0,18.8,36.7,1,open-meteo
Douar Sgarta,Morocco,32.2634,-7.5881,2026-09-23,2026-09-19 12:02:29.977731+00:00,37.0,20.5,0.0,0,12.7,25.2,0,open-meteo
Douar Sgarta,Morocco,32.2634,-7.5881,2026-09-24,2026-09-19 12:02:29.977731+00:00,37.4,21.1,0.0,3,21.7,35.6,3,open-meteo
Douar Sgarta,Morocco,32.2634,-7.5881,2026-09-25,2026-09-19 12:02:29.977731+00:00,33.9,20.7,0.0,3,20.7,33.1,3,open-meteo
Tamsaout,Morocco,34.8223,-4.7512,2026-09-19,2026-09-19 12:02:30.700134+00:00,30.7,17.9,0.1,0,16.1,32.0,2,open-meteo
Tamsaout,Morocco,34.8223,-4.7512,2026-09-20,2026-09-19 12:02:30.700134+00:00,31.1,19.1,0.0,0,12.3,31.7,2,open-meteo
Tamsaout,Morocco,34.8223,-4.7512,2026-09-21,2026-09-19 12:02:30.700134+00:00,30.0,18.0,0.0,0,14.8,29.5,1,open-meteo
Tamsaout,Morocco,34.8223,-4.7512,2026-09-22,2026-09-19 12:02:30.700134+00:00,30.2,16.0,0.0,0,7.8,19.1,0,open-meteo
Tamsaout,Morocco,34.8223,-4.7512,2026-09-23,2026-09-19 12:02:30.700134+00:00,31.5,16.8,0.0,0,13.4,27.7,0,open-meteo
Tamsaout,Morocco,34.8223,-4.7512,2026-09-24,2026-09-19 12:02:30.700134+00:00,32.0,19.2,0.0,0,14.8,28.1,1,open-meteo
Tamsaout,Morocco,34.8223,-4.7512,2026-09-25,2026-09-19 12:02:30.700134+00:00,30.2,19.2,0.0,3,18.7,36.7,3,open-meteo
Sidi Kasem,Morocco,35.5339,-5.2183,2026-09-19,2026-09-19 12:02:31.007080+00:00,24.8,22.7,1.6,0,33.1,54.7,3,open-meteo
Sidi Kasem,Morocco,35.5339,-5.2183,2026-09-20,2026-09-19 12:02:31.007080+00:00,25.1,23.5,1.1,0,29.6,49.7,80,open-meteo
Sidi Kasem,Morocco,35.5339,-5.2183,2026-09-21,2026-09-19 12:02:31.007080+00:00,26.1,22.3,0.0,0,26.2,43.6,2,open-meteo
Sidi Kasem,Morocco,35.5339,-5.2183,2026-09-22,2026-09-19 12:02:31.007080+00:00,25.5,21.1,0.0,0,22.7,37.8,2,open-meteo
Sidi Kasem,Morocco,35.5339,-5.2183,2026-09-23,2026-09-19 12:02:31.007080+00:00,25.5,20.7,0.0,0,20.5,34.2,2,open-meteo
Sidi Kasem,Morocco,35.5339,-5.2183,2026-09-24,2026-09-19 12:02:31.007080+00:00,29.8,20.8,0.0,0,13.2,29.5,2,open-meteo
Sidi Kasem,Morocco,35.5339,-5.2183,2026-09-25,2026-09-19 12:02:31.007080+00:00,31.4,20.0,0.0,0,11.9,29.9,3,open-meteo
Ahlaf,Morocco,33.2836,-7.09,2026-09-19,2026-09-19 12:02:31.229132+00:00,34.8,15.4,0.0,0,16.5,32.8,2,open-meteo
Ahlaf,Morocco,33.2836,-7.09,2026-09-20,2026-09-19 12:02:31.229132+00:00,36.9,18.3,0.0,0,20.7,40.0,2,open-meteo
Ahlaf,Morocco,33.2836,-7.09,2026-09-21,2026-09-19 12:02:31.229132+00:00,36.8,18.3,0.0,3,20.2,38.9,2,open-meteo
Ahlaf,Morocco,33.2836,-7.09,2026-09-22,2026-09-19 12:02:31.229132+00:00,36.1,17.2,0.0,0,17.4,34.6,0,open-meteo
Ahlaf,Morocco,33.2836,-7.09,2026-09-23,2026-09-19 12:02:31.229132+00:00,36.2,16.2,0.0,0,18.3,36.4,0,open-meteo
Ahlaf,Morocco,33.2836,-7.09,2026-09-24,2026-09-19 12:02:31.229132+00:00,36.9,16.8,0.0,0,17.4,33.8,3,open-meteo
Ahlaf,Morocco,33.2836,-7.09,2026-09-25,2026-09-19 12:02:31.229132+00:00,31.0,16.2,0.0,3,17.7,32.0,45,open-meteo
Gharbia,Morocco,35.5153,-5.9306,2026-09-19,2026-09-19 12:02:31.648437+00:00,29.8,22.8,0.0,0,35.2,68.8,1,open-meteo
Gharbia,Morocco,35.5153,-5.9306,2026-09-20,2026-09-19 12:02:31.648437+00:00,31.0,24.2,0.0,0,27.8,54.7,1,open-meteo
Gharbia,Morocco,35.5153,-5.9306,2026-09-21,2026-09-19 12:02:31.648437+00:00,32.0,23.8,0.0,0,26.1,49.3,1,open-meteo
Gharbia,Morocco,35.5153,-5.9306,2026-09-22,2026-09-19 12:02:31.648437+00:00,31.7,21.6,0.0,0,19.6,38.5,0,open-meteo
Gharbia,Morocco,35.5153,-5.9306,2026-09-23,2026-09-19 12:02:31.648437+00:00,32.5,21.2,0.0,0,17.6,34.9,0,open-meteo
Gharbia,Morocco,35.5153,-5.9306,2026-09-24,2026-09-19 12:02:31.648437+00:00,34.2,23.0,0.0,0,12.6,28.4,1,open-meteo
Gharbia,Morocco,35.5153,-5.9306,2026-09-25,2026-09-19 12:02:31.648437+00:00,26.8,19.5,0.0,0,11.7,22.0,3,open-meteo
Al Fayd,Morocco,30.5445,-8.2271,2026-09-19,2026-09-19 12:02:31.848674+00:00,35.9,20.3,0.0,5,18.9,32.4,3,open-meteo
Al Fayd,Morocco,30.5445,-8.2271,2026-09-20,2026-09-19 12:02:31.848674+00:00,35.8,22.8,0.0,10,26.7,46.8,2,open-meteo
Al Fayd,Morocco,30.5445,-8.2271,2026-09-21,2026-09-19 12:02:31.848674+00:00,35.3,22.1,0.0,0,29.6,50.4,3,open-meteo
Al Fayd,Morocco,30.5445,-8.2271,2026-09-22,2026-09-19 12:02:31.848674+00:00,36.0,21.0,0.0,0,23.9,53.6,0,open-meteo
Al Fayd,Morocco,30.5445,-8.2271,2026-09-23,2026-09-19 12:02:31.848674+00:00,35.8,19.6,0.0,3,24.1,41.0,0,open-meteo
Al Fayd,Morocco,30.5445,-8.2271,2026-09-24,2026-09-19 12:02:31.848674+00:00,35.6,23.5,0.0,0,27.0,54.4,3,open-meteo
Al Fayd,Morocco,30.5445,-8.2271,2026-09-25,2026-09-19 12:02:31.848674+00:00,32.8,20.1,0.0,0,20.9,48.2,3,open-meteo
Nkheila,Morocco,32.9239,-7.0692,2026-09-19,2026-09-19 12:02:32.130350+00:00,33.6,17.5,0.0,0,18.9,35.3,3,open-meteo
Nkheila,Morocco,32.9239,-7.0692,2026-09-20,2026-09-19 12:02:32.130350+00:00,34.1,21.0,0.5,8,20.1,38.2,3,open-meteo
Nkheila,Morocco,32.9239,-7.0692,2026-09-21,2026-09-19 12:02:32.130350+00:00,33.8,21.1,0.1,0,18.8,43.6,3,open-meteo
Nkheila,Morocco,32.9239,-7.0692,2026-09-22,2026-09-19 12:02:32.130350+00:00,33.7,20.2,0.0,0,18.1,34.2,1,open-meteo
Nkheila,Morocco,32.9239,-7.0692,2026-09-23,2026-09-19 12:02:32.130350+00:00,34.3,18.8,0.0,0,18.4,37.1,0,open-meteo
Nkheila,Morocco,32.9239,-7.0692,2026-09-24,2026-09-19 12:02:32.130350+00:00,33.7,19.8,0.0,3,18.1,34.6,3,open-meteo
Nkheila,Morocco,32.9239,-7.0692,2026-09-25,2026-09-19 12:02:32.130350+00:00,30.7,17.7,0.0,3,17.8,32.4,3,open-meteo
Zag,Morocco,28.0167,-9.3333,2026-09-19,2026-09-19 12:02:32.336050+00:00,35.9,18.1,0.0,0,28.6,42.8,0,open-meteo
Zag,Morocco,28.0167,-9.3333,2026-09-20,2026-09-19 12:02:32.336050+00:00,36.3,21.3,0.0,0,12.1,25.6,0,open-meteo
Zag,Morocco,28.0167,-9.3333,2026-09-21,2026-09-19 12:02:32.336050+00:00,38.3,25.7,0.0,0,20.5,33.1,1,open-meteo
Zag,Morocco,28.0167,-9.3333,2026-09-22,2026-09-19 12:02:32.336050+00:00,38.1,24.9,0.0,0,18.0,31.7,0,open-meteo
Zag,Morocco,28.0167,-9.3333,2026-09-23,2026-09-19 12:02:32.336050+00:00,37.1,25.8,0.0,0,19.9,36.4,0,open-meteo
Zag,Morocco,28.0167,-9.3333,2026-09-24,2026-09-19 12:02:32.336050+00:00,36.8,24.8,0.0,2,22.1,34.6,0,open-meteo
Zag,Morocco,28.0167,-9.3333,2026-09-25,2026-09-19 12:02:32.336050+00:00,36.7,24.6,0.0,4,13.1,35.3,0,open-meteo
Laamarna,Morocco,31.8944,-8.9842,2026-09-19,2026-09-19 12:02:32.687569+00:00,34.7,19.0,0.0,0,18.4,31.3,2,open-meteo
Laamarna,Morocco,31.8944,-8.9842,2026-09-20,2026-09-19 12:02:32.687569+00:00,32.5,22.3,0.0,0,22.7,38.5,2,open-meteo
Laamarna,Morocco,31.8944,-8.9842,2026-09-21,2026-09-19 12:02:32.687569+00:00,36.6,22.7,0.0,0,18.5,31.0,3,open-meteo
Laamarna,Morocco,31.8944,-8.9842,2026-09-22,2026-09-19 12:02:32.687569+00:00,35.8,20.1,0.0,0,21.4,36.7,1,open-meteo
Laamarna,Morocco,31.8944,-8.9842,2026-09-23,2026-09-19 12:02:32.687569+00:00,34.9,18.5,0.0,0,18.5,31.3,1,open-meteo
Laamarna,Morocco,31.8944,-8.9842,2026-09-24,2026-09-19 12:02:32.687569+00:00,35.7,19.9,0.0,0,22.0,38.5,3,open-meteo
Laamarna,Morocco,31.8944,-8.9842,2026-09-25,2026-09-19 12:02:32.687569+00:00,31.4,20.0,0.0,3,23.4,40.7,3,open-meteo
Iazizatene,Morocco,35.2544,-3.115,2026-09-19,2026-09-19 12:02:32.859343+00:00,25.7,21.8,0.2,8,25.1,43.2,3,open-meteo
Iazizatene,Morocco,35.2544,-3.115,2026-09-20,2026-09-19 12:02:32.859343+00:00,26.4,22.7,0.1,13,27.2,47.2,2,open-meteo
Iazizatene,Morocco,35.2544,-3.115,2026-09-21,2026-09-19 12:02:32.859343+00:00,26.3,20.7,0.0,0,18.7,33.1,3,open-meteo
Iazizatene,Morocco,35.2544,-3.115,2026-09-22,2026-09-19 12:02:32.859343+00:00,26.9,18.9,0.0,0,17.1,29.5,45,open-meteo
Iazizatene,Morocco,35.2544,-3.115,2026-09-23,2026-09-19 12:02:32.859343+00:00,27.1,19.2,0.0,0,14.2,24.8,45,open-meteo
Iazizatene,Morocco,35.2544,-3.115,2026-09-24,2026-09-19 12:02:32.859343+00:00,29.0,18.1,0.0,0,11.4,21.6,45,open-meteo
Iazizatene,Morocco,35.2544,-3.115,2026-09-25,2026-09-19 12:02:32.859343+00:00,25.7,19.3,0.0,0,11.8,20.5,45,open-meteo
Souq Jamaa Fdalate,Morocco,33.5911,-7.2792,2026-09-19,2026-09-19 12:02:32.975296+00:00,30.2,15.3,0.0,0,16.6,32.4,2,open-meteo
Souq Jamaa Fdalate,Morocco,33.5911,-7.2792,2026-09-20,2026-09-19 12:02:32.975296+00:00,34.2,18.3,0.0,0,17.4,33.5,1,open-meteo
Souq Jamaa Fdalate,Morocco,33.5911,-7.2792,2026-09-21,2026-09-19 12:02:32.975296+00:00,33.6,19.3,0.0,0,18.7,36.0,1,open-meteo
Souq Jamaa Fdalate,Morocco,33.5911,-7.2792,2026-09-22,2026-09-19 12:02:32.975296+00:00,33.5,18.9,0.0,0,17.5,33.8,1,open-meteo
Souq Jamaa Fdalate,Morocco,33.5911,-7.2792,2026-09-23,2026-09-19 12:02:32.975296+00:00,32.9,17.0,0.0,0,17.7,34.6,1,open-meteo
Souq Jamaa Fdalate,Morocco,33.5911,-7.2792,2026-09-24,2026-09-19 12:02:32.975296+00:00,29.5,16.5,0.0,0,14.8,29.2,45,open-meteo
Souq Jamaa Fdalate,Morocco,33.5911,-7.2792,2026-09-25,2026-09-19 12:02:32.975296+00:00,26.0,18.2,0.0,3,16.0,31.7,45,open-meteo
Ahermoumou,Morocco,33.83,-4.4,2026-09-19,2026-09-19 12:02:33.152866+00:00,30.6,16.5,0.4,35,20.0,45.7,3,open-meteo
Ahermoumou,Morocco,33.83,-4.4,2026-09-20,2026-09-19 12:02:33.152866+00:00,31.4,17.1,0.0,0,15.1,33.8,1,open-meteo
Ahermoumou,Morocco,33.83,-4.4,2026-09-21,2026-09-19 12:02:33.152866+00:00,30.0,16.9,0.0,0,16.7,35.6,1,open-meteo
Ahermoumou,Morocco,33.83,-4.4,2026-09-22,2026-09-19 12:02:33.152866+00:00,29.2,15.4,0.0,0,13.2,28.4,1,open-meteo
Ahermoumou,Morocco,33.83,-4.4,2026-09-23,2026-09-19 12:02:33.152866+00:00,30.9,15.3,0.0,0,13.0,28.4,0,open-meteo
Ahermoumou,Morocco,33.83,-4.4,2026-09-24,2026-09-19 12:02:33.152866+00:00,31.6,17.4,0.0,0,14.7,34.6,1,open-meteo
Ahermoumou,Morocco,33.83,-4.4,2026-09-25,2026-09-19 12:02:33.152866+00:00,30.5,16.5,0.0,0,19.3,41.4,3,open-meteo
Moulay Driss Zerhoun,Morocco,34.0559,-5.5183,2026-09-19,2026-09-19 12:02:33.325316+00:00,33.5,21.1,0.0,3,17.6,42.8,2,open-meteo
Moulay Driss Zerhoun,Morocco,34.0559,-5.5183,2026-09-20,2026-09-19 12:02:33.325316+00:00,34.7,23.0,0.0,0,14.8,44.3,1,open-meteo
Moulay Driss Zerhoun,Morocco,34.0559,-5.5183,2026-09-21,2026-09-19 12:02:33.325316+00:00,33.9,23.1,0.0,0,13.4,37.8,0,open-meteo
Moulay Driss Zerhoun,Morocco,34.0559,-5.5183,2026-09-22,2026-09-19 12:02:33.325316+00:00,32.9,22.5,0.0,0,14.8,46.1,0,open-meteo
Moulay Driss Zerhoun,Morocco,34.0559,-5.5183,2026-09-23,2026-09-19 12:02:33.325316+00:00,33.8,21.5,0.0,0,12.4,24.5,0,open-meteo
Moulay Driss Zerhoun,Morocco,34.0559,-5.5183,2026-09-24,2026-09-19 12:02:33.325316+00:00,34.5,18.7,0.0,0,17.1,34.9,2,open-meteo
Moulay Driss Zerhoun,Morocco,34.0559,-5.5183,2026-09-25,2026-09-19 12:02:33.325316+00:00,30.5,18.9,0.0,3,17.1,34.6,3,open-meteo
Souakene,Morocco,35.1203,-5.9307,2026-09-19,2026-09-19 12:02:33.798016+00:00,35.2,17.5,0.0,0,19.0,35.3,1,open-meteo
Souakene,Morocco,35.1203,-5.9307,2026-09-20,2026-09-19 12:02:33.798016+00:00,35.9,22.0,0.0,0,17.7,32.8,1,open-meteo
Souakene,Morocco,35.1203,-5.9307,2026-09-21,2026-09-19 12:02:33.798016+00:00,35.9,21.1,0.0,0,15.6,29.5,1,open-meteo
Souakene,Morocco,35.1203,-5.9307,2026-09-22,2026-09-19 12:02:33.798016+00:00,34.3,17.7,0.0,0,14.8,28.8,0,open-meteo
Souakene,Morocco,35.1203,-5.9307,2026-09-23,2026-09-19 12:02:33.798016+00:00,34.9,17.1,0.0,0,15.0,31.0,0,open-meteo
Souakene,Morocco,35.1203,-5.9307,2026-09-24,2026-09-19 12:02:33.798016+00:00,33.7,18.2,0.0,0,16.1,30.6,1,open-meteo
Souakene,Morocco,35.1203,-5.9307,2026-09-25,2026-09-19 12:02:33.798016+00:00,28.5,19.3,0.0,0,14.0,27.0,45,open-meteo
Zaouiat Moulay Bouchta El Khammar,Morocco,34.5096,-5.1402,2026-09-19,2026-09-19 12:02:33.944830+00:00,34.1,21.1,0.0,3,27.0,52.6,1,open-meteo
Zaouiat Moulay Bouchta El Khammar,Morocco,34.5096,-5.1402,2026-09-20,2026-09-19 12:02:33.944830+00:00,34.8,22.9,0.0,0,20.0,45.7,2,open-meteo
Zaouiat Moulay Bouchta El Khammar,Morocco,34.5096,-5.1402,2026-09-21,2026-09-19 12:02:33.944830+00:00,34.0,22.6,0.0,0,15.2,31.0,1,open-meteo
Zaouiat Moulay Bouchta El Khammar,Morocco,34.5096,-5.1402,2026-09-22,2026-09-19 12:02:33.944830+00:00,33.5,20.9,0.0,0,14.6,31.3,0,open-meteo
Zaouiat Moulay Bouchta El Khammar,Morocco,34.5096,-5.1402,2026-09-23,2026-09-19 12:02:33.944830+00:00,34.8,20.1,0.0,0,10.6,24.1,0,open-meteo
Zaouiat Moulay Bouchta El Khammar,Morocco,34.5096,-5.1402,2026-09-24,2026-09-19 12:02:33.944830+00:00,34.8,20.1,0.0,0,11.6,21.6,1,open-meteo
Zaouiat Moulay Bouchta El Khammar,Morocco,34.5096,-5.1402,2026-09-25,2026-09-19 12:02:33.944830+00:00,31.8,19.0,0.0,0,16.5,31.7,3,open-meteo
Tizi Nisly,Morocco,32.486,-5.7847,2026-09-19,2026-09-19 12:02:35.180529+00:00,25.6,16.6,0.4,20,18.0,45.7,3,open-meteo
Tizi Nisly,Morocco,32.486,-5.7847,2026-09-20,2026-09-19 12:02:35.180529+00:00,27.2,15.3,0.0,3,18.4,37.1,2,open-meteo
Tizi Nisly,Morocco,32.486,-5.7847,2026-09-21,2026-09-19 12:02:35.180529+00:00,26.3,16.0,0.0,5,21.1,41.8,2,open-meteo
Tizi Nisly,Morocco,32.486,-5.7847,2026-09-22,2026-09-19 12:02:35.180529+00:00,25.6,15.2,0.0,0,19.7,38.2,2,open-meteo
Tizi Nisly,Morocco,32.486,-5.7847,2026-09-23,2026-09-19 12:02:35.180529+00:00,26.3,13.8,0.0,0,15.3,29.9,0,open-meteo
Tizi Nisly,Morocco,32.486,-5.7847,2026-09-24,2026-09-19 12:02:35.180529+00:00,26.8,11.7,0.0,0,19.1,36.0,0,open-meteo
Tizi Nisly,Morocco,32.486,-5.7847,2026-09-25,2026-09-19 12:02:35.180529+00:00,25.8,12.1,0.0,8,18.7,34.6,3,open-meteo
Reggada,Morocco,29.5716,-9.6972,2026-09-19,2026-09-19 12:02:35.323244+00:00,29.4,21.2,0.0,0,11.5,20.2,2,open-meteo
Reggada,Morocco,29.5716,-9.6972,2026-09-20,2026-09-19 12:02:35.323244+00:00,31.3,21.0,0.0,0,11.1,20.2,2,open-meteo
Reggada,Morocco,29.5716,-9.6972,2026-09-21,2026-09-19 12:02:35.323244+00:00,37.2,23.6,0.0,0,18.9,31.0,3,open-meteo
Reggada,Morocco,29.5716,-9.6972,2026-09-22,2026-09-19 12:02:35.323244+00:00,36.6,26.5,0.0,0,19.2,31.7,3,open-meteo
Reggada,Morocco,29.5716,-9.6972,2026-09-23,2026-09-19 12:02:35.323244+00:00,36.5,24.8,0.0,3,21.2,34.6,0,open-meteo
Reggada,Morocco,29.5716,-9.6972,2026-09-24,2026-09-19 12:02:35.323244+00:00,37.1,25.3,0.0,0,21.7,37.8,3,open-meteo
Reggada,Morocco,29.5716,-9.6972,2026-09-25,2026-09-19 12:02:35.323244+00:00,29.2,20.5,0.0,0,14.4,24.1,3,open-meteo
Sidi Bou Othmane,Morocco,31.9033,-7.9422,2026-09-19,2026-09-19 12:02:36.453585+00:00,36.7,21.7,0.0,8,18.3,31.0,3,open-meteo
Sidi Bou Othmane,Morocco,31.9033,-7.9422,2026-09-20,2026-09-19 12:02:36.453585+00:00,37.1,25.3,0.1,33,21.5,37.1,2,open-meteo
Sidi Bou Othmane,Morocco,31.9033,-7.9422,2026-09-21,2026-09-19 12:02:36.453585+00:00,38.0,24.8,0.0,3,23.3,46.1,3,open-meteo
Sidi Bou Othmane,Morocco,31.9033,-7.9422,2026-09-22,2026-09-19 12:02:36.453585+00:00,37.3,24.0,0.0,0,19.7,35.3,3,open-meteo
Sidi Bou Othmane,Morocco,31.9033,-7.9422,2026-09-23,2026-09-19 12:02:36.453585+00:00,37.2,22.2,0.0,0,16.9,28.1,0,open-meteo
Sidi Bou Othmane,Morocco,31.9033,-7.9422,2026-09-24,2026-09-19 12:02:36.453585+00:00,37.0,22.7,0.0,0,22.9,36.7,0,open-meteo
Sidi Bou Othmane,Morocco,31.9033,-7.9422,2026-09-25,2026-09-19 12:02:36.453585+00:00,34.7,21.9,0.0,0,19.9,32.4,3,open-meteo
Talwat,Morocco,31.2883,-7.2372,2026-09-19,2026-09-19 12:02:36.554609+00:00,25.1,15.1,0.2,40,16.6,30.6,3,open-meteo
Talwat,Morocco,31.2883,-7.2372,2026-09-20,2026-09-19 12:02:36.554609+00:00,24.7,14.9,0.2,70,13.6,24.1,3,open-meteo
Talwat,Morocco,31.2883,-7.2372,2026-09-21,2026-09-19 12:02:36.554609+00:00,25.4,14.4,0.0,18,32.6,56.5,3,open-meteo
Talwat,Morocco,31.2883,-7.2372,2026-09-22,2026-09-19 12:02:36.554609+00:00,26.2,14.1,0.0,0,34.0,58.7,0,open-meteo
Talwat,Morocco,31.2883,-7.2372,2026-09-23,2026-09-19 12:02:36.554609+00:00,26.1,12.5,0.0,0,27.0,46.4,1,open-meteo
Talwat,Morocco,31.2883,-7.2372,2026-09-24,2026-09-19 12:02:36.554609+00:00,26.9,15.4,0.0,9,24.8,49.3,1,open-meteo
Talwat,Morocco,31.2883,-7.2372,2026-09-25,2026-09-19 12:02:36.554609+00:00,23.4,15.2,2.7,28,16.0,34.6,80,open-meteo
Boumalne,Morocco,31.3738,-5.9956,2026-09-19,2026-09-19 12:02:36.642431+00:00,26.2,16.3,0.1,53,25.1,38.9,3,open-meteo
Boumalne,Morocco,31.3738,-5.9956,2026-09-20,2026-09-19 12:02:36.642431+00:00,25.6,15.1,0.3,48,13.8,38.2,3,open-meteo
Boumalne,Morocco,31.3738,-5.9956,2026-09-21,2026-09-19 12:02:36.642431+00:00,26.5,16.6,1.2,43,18.9,33.5,80,open-meteo
Boumalne,Morocco,31.3738,-5.9956,2026-09-22,2026-09-19 12:02:36.642431+00:00,28.4,15.3,0.0,0,22.0,38.5,2,open-meteo
Boumalne,Morocco,31.3738,-5.9956,2026-09-23,2026-09-19 12:02:36.642431+00:00,27.1,14.7,0.0,3,19.2,27.7,2,open-meteo
Boumalne,Morocco,31.3738,-5.9956,2026-09-24,2026-09-19 12:02:36.642431+00:00,27.3,14.9,0.0,8,22.2,35.3,1,open-meteo
Boumalne,Morocco,31.3738,-5.9956,2026-09-25,2026-09-19 12:02:36.642431+00:00,24.2,16.2,1.8,15,15.0,32.8,80,open-meteo
Sidi ’Ali Bou Aqba,Morocco,34.8167,-3.7286,2026-09-19,2026-09-19 12:02:36.731139+00:00,24.9,16.1,0.0,0,21.3,40.0,45,open-meteo
Sidi ’Ali Bou Aqba,Morocco,34.8167,-3.7286,2026-09-20,2026-09-19 12:02:36.731139+00:00,25.7,18.5,0.0,0,19.0,35.3,45,open-meteo
Sidi ’Ali Bou Aqba,Morocco,34.8167,-3.7286,2026-09-21,2026-09-19 12:02:36.731139+00:00,24.3,16.0,0.0,0,17.5,32.8,45,open-meteo
Sidi ’Ali Bou Aqba,Morocco,34.8167,-3.7286,2026-09-22,2026-09-19 12:02:36.731139+00:00,26.1,14.5,0.0,0,17.6,32.4,0,open-meteo
Sidi ’Ali Bou Aqba,Morocco,34.8167,-3.7286,2026-09-23,2026-09-19 12:02:36.731139+00:00,28.1,16.5,0.0,0,17.2,31.0,0,open-meteo
Sidi ’Ali Bou Aqba,Morocco,34.8167,-3.7286,2026-09-24,2026-09-19 12:02:36.731139+00:00,31.9,15.8,0.0,0,11.2,23.4,3,open-meteo
Sidi ’Ali Bou Aqba,Morocco,34.8167,-3.7286,2026-09-25,2026-09-19 12:02:36.731139+00:00,32.3,19.7,0.0,3,12.6,23.4,3,open-meteo
Oulad Aïssa,Morocco,30.558,-8.614,2026-09-19,2026-09-19 12:02:36.818236+00:00,37.5,20.7,0.0,0,29.3,51.1,3,open-meteo
Oulad Aïssa,Morocco,30.558,-8.614,2026-09-20,2026-09-19 12:02:36.818236+00:00,38.3,22.8,0.0,3,26.8,46.8,2,open-meteo
Oulad Aïssa,Morocco,30.558,-8.614,2026-09-21,2026-09-19 12:02:36.818236+00:00,39.4,22.2,0.0,0,32.5,57.2,3,open-meteo
Oulad Aïssa,Morocco,30.558,-8.614,2026-09-22,2026-09-19 12:02:36.818236+00:00,39.1,20.6,0.0,0,32.0,65.5,1,open-meteo
Oulad Aïssa,Morocco,30.558,-8.614,2026-09-23,2026-09-19 12:02:36.818236+00:00,39.5,19.5,0.0,0,24.5,42.5,0,open-meteo
Oulad Aïssa,Morocco,30.558,-8.614,2026-09-24,2026-09-19 12:02:36.818236+00:00,39.5,23.3,0.0,0,25.3,48.2,3,open-meteo
Oulad Aïssa,Morocco,30.558,-8.614,2026-09-25,2026-09-19 12:02:36.818236+00:00,35.8,20.6,0.0,0,23.9,41.4,3,open-meteo
Ar Rommani,Morocco,33.5333,-6.6,2026-09-19,2026-09-19 12:02:36.904057+00:00,34.2,17.0,0.0,0,16.9,33.5,2,open-meteo
Ar Rommani,Morocco,33.5333,-6.6,2026-09-20,2026-09-19 12:02:36.904057+00:00,36.6,20.2,0.0,0,20.4,39.6,2,open-meteo
Ar Rommani,Morocco,33.5333,-6.6,2026-09-21,2026-09-19 12:02:36.904057+00:00,36.0,19.8,0.0,3,19.7,38.2,1,open-meteo
Ar Rommani,Morocco,33.5333,-6.6,2026-09-22,2026-09-19 12:02:36.904057+00:00,34.9,19.9,0.0,0,15.7,30.6,0,open-meteo
Ar Rommani,Morocco,33.5333,-6.6,2026-09-23,2026-09-19 12:02:36.904057+00:00,35.4,18.2,0.0,0,15.5,33.1,1,open-meteo
Ar Rommani,Morocco,33.5333,-6.6,2026-09-24,2026-09-19 12:02:36.904057+00:00,37.1,19.5,0.0,0,15.6,34.6,2,open-meteo
Ar Rommani,Morocco,33.5333,-6.6,2026-09-25,2026-09-19 12:02:36.904057+00:00,33.4,19.2,0.0,3,14.8,32.8,3,open-meteo
Tizgane,Morocco,35.4136,-5.0694,2026-09-19,2026-09-19 12:02:36.990375+00:00,24.3,20.9,4.9,53,25.5,45.4,80,open-meteo
Tizgane,Morocco,35.4136,-5.0694,2026-09-20,2026-09-19 12:02:36.990375+00:00,23.9,21.5,8.6,48,17.7,34.6,80,open-meteo
Tizgane,Morocco,35.4136,-5.0694,2026-09-21,2026-09-19 12:02:36.990375+00:00,25.3,19.0,0.0,0,19.4,33.5,45,open-meteo
Tizgane,Morocco,35.4136,-5.0694,2026-09-22,2026-09-19 12:02:36.990375+00:00,25.0,17.5,0.0,0,9.8,20.9,45,open-meteo
Tizgane,Morocco,35.4136,-5.0694,2026-09-23,2026-09-19 12:02:36.990375+00:00,25.2,17.4,0.0,0,9.4,19.1,45,open-meteo
Tizgane,Morocco,35.4136,-5.0694,2026-09-24,2026-09-19 12:02:36.990375+00:00,28.0,19.3,0.0,0,11.4,20.9,45,open-meteo
Tizgane,Morocco,35.4136,-5.0694,2026-09-25,2026-09-19 12:02:36.990375+00:00,28.9,20.4,0.0,0,11.5,22.0,3,open-meteo
Temsamane,Morocco,35.1167,-3.6333,2026-09-19,2026-09-19 12:02:37.076759+00:00,26.4,19.7,0.0,10,20.1,37.1,3,open-meteo
Temsamane,Morocco,35.1167,-3.6333,2026-09-20,2026-09-19 12:02:37.076759+00:00,26.0,21.2,0.0,33,18.3,31.3,3,open-meteo
Temsamane,Morocco,35.1167,-3.6333,2026-09-21,2026-09-19 12:02:37.076759+00:00,26.6,19.2,0.0,0,18.4,34.9,2,open-meteo
Temsamane,Morocco,35.1167,-3.6333,2026-09-22,2026-09-19 12:02:37.076759+00:00,27.5,15.9,0.0,0,12.7,24.8,0,open-meteo
Temsamane,Morocco,35.1167,-3.6333,2026-09-23,2026-09-19 12:02:37.076759+00:00,26.6,16.6,0.0,0,12.5,23.4,1,open-meteo
Temsamane,Morocco,35.1167,-3.6333,2026-09-24,2026-09-19 12:02:37.076759+00:00,29.0,17.8,0.0,0,9.0,28.8,1,open-meteo
Temsamane,Morocco,35.1167,-3.6333,2026-09-25,2026-09-19 12:02:37.076759+00:00,28.8,19.6,0.0,0,10.4,23.8,3,open-meteo
Guisser,Morocco,32.7721,-7.4942,2026-09-19,2026-09-19 12:02:37.164848+00:00,34.9,18.3,0.0,0,18.4,34.9,2,open-meteo
Guisser,Morocco,32.7721,-7.4942,2026-09-20,2026-09-19 12:02:37.164848+00:00,35.9,21.3,0.0,8,19.8,38.2,2,open-meteo
Guisser,Morocco,32.7721,-7.4942,2026-09-21,2026-09-19 12:02:37.164848+00:00,36.1,19.2,0.0,3,18.7,40.3,2,open-meteo
Guisser,Morocco,32.7721,-7.4942,2026-09-22,2026-09-19 12:02:37.164848+00:00,35.8,17.7,0.0,0,17.3,34.6,0,open-meteo
Guisser,Morocco,32.7721,-7.4942,2026-09-23,2026-09-19 12:02:37.164848+00:00,35.5,17.2,0.0,0,16.3,36.7,0,open-meteo
Guisser,Morocco,32.7721,-7.4942,2026-09-24,2026-09-19 12:02:37.164848+00:00,35.6,17.4,0.0,0,17.4,33.1,3,open-meteo
Guisser,Morocco,32.7721,-7.4942,2026-09-25,2026-09-19 12:02:37.164848+00:00,31.5,18.6,0.0,3,17.9,35.3,3,open-meteo
Sebt Labrikiyne,Morocco,32.2889,-8.0578,2026-09-19,2026-09-19 12:02:37.250985+00:00,34.5,18.9,0.0,0,18.6,33.5,2,open-meteo
Sebt Labrikiyne,Morocco,32.2889,-8.0578,2026-09-20,2026-09-19 12:02:37.250985+00:00,35.4,23.2,0.0,8,20.5,37.1,2,open-meteo
Sebt Labrikiyne,Morocco,32.2889,-8.0578,2026-09-21,2026-09-19 12:02:37.250985+00:00,37.5,23.1,0.0,0,18.7,33.8,3,open-meteo
Sebt Labrikiyne,Morocco,32.2889,-8.0578,2026-09-22,2026-09-19 12:02:37.250985+00:00,36.6,21.2,0.0,0,18.3,32.4,1,open-meteo
Sebt Labrikiyne,Morocco,32.2889,-8.0578,2026-09-23,2026-09-19 12:02:37.250985+00:00,36.1,18.6,0.0,0,12.2,22.3,0,open-meteo
Sebt Labrikiyne,Morocco,32.2889,-8.0578,2026-09-24,2026-09-19 12:02:37.250985+00:00,36.6,21.7,0.0,0,20.1,35.6,3,open-meteo
Sebt Labrikiyne,Morocco,32.2889,-8.0578,2026-09-25,2026-09-19 12:02:37.250985+00:00,32.3,20.2,0.0,0,19.3,34.9,3,open-meteo
El Argoub,Morocco,23.6111,-15.8583,2026-09-19,2026-09-19 12:02:37.335014+00:00,26.7,19.0,0.0,0,30.6,48.6,2,open-meteo
El Argoub,Morocco,23.6111,-15.8583,2026-09-20,2026-09-19 12:02:37.335014+00:00,27.7,18.6,0.0,0,26.7,44.3,0,open-meteo
El Argoub,Morocco,23.6111,-15.8583,2026-09-21,2026-09-19 12:02:37.335014+00:00,27.2,21.0,0.0,8,25.6,42.1,0,open-meteo
El Argoub,Morocco,23.6111,-15.8583,2026-09-22,2026-09-19 12:02:37.335014+00:00,31.6,21.1,0.0,8,27.6,45.4,0,open-meteo
El Argoub,Morocco,23.6111,-15.8583,2026-09-23,2026-09-19 12:02:37.335014+00:00,29.6,22.1,0.0,4,24.1,42.1,1,open-meteo
El Argoub,Morocco,23.6111,-15.8583,2026-09-24,2026-09-19 12:02:37.335014+00:00,31.8,21.9,0.0,8,19.0,33.8,3,open-meteo
El Argoub,Morocco,23.6111,-15.8583,2026-09-25,2026-09-19 12:02:37.335014+00:00,40.8,22.8,0.0,6,26.9,44.6,3,open-meteo
Sidi Abdellah Ben Taazizt,Morocco,34.0346,-5.3769,2026-09-19,2026-09-19 12:02:37.425482+00:00,32.5,18.2,0.0,0,19.0,37.4,2,open-meteo
Sidi Abdellah Ben Taazizt,Morocco,34.0346,-5.3769,2026-09-20,2026-09-19 12:02:37.425482+00:00,33.6,18.9,0.0,0,13.0,26.6,2,open-meteo
Sidi Abdellah Ben Taazizt,Morocco,34.0346,-5.3769,2026-09-21,2026-09-19 12:02:37.425482+00:00,32.6,19.2,0.0,0,12.9,26.3,0,open-meteo
Sidi Abdellah Ben Taazizt,Morocco,34.0346,-5.3769,2026-09-22,2026-09-19 12:02:37.425482+00:00,31.4,18.0,0.0,0,11.4,23.0,0,open-meteo
Sidi Abdellah Ben Taazizt,Morocco,34.0346,-5.3769,2026-09-23,2026-09-19 12:02:37.425482+00:00,32.5,19.0,0.0,0,10.9,22.3,0,open-meteo
Sidi Abdellah Ben Taazizt,Morocco,34.0346,-5.3769,2026-09-24,2026-09-19 12:02:37.425482+00:00,33.8,15.9,0.0,0,16.8,31.7,2,open-meteo
Sidi Abdellah Ben Taazizt,Morocco,34.0346,-5.3769,2026-09-25,2026-09-19 12:02:37.425482+00:00,30.3,17.6,0.0,3,16.9,32.0,3,open-meteo
Oulad Hamdane,Morocco,33.1043,-8.2513,2026-09-19,2026-09-19 12:02:37.517749+00:00,30.0,17.8,0.0,0,18.0,33.8,45,open-meteo
Oulad Hamdane,Morocco,33.1043,-8.2513,2026-09-20,2026-09-19 12:02:37.517749+00:00,33.0,19.6,0.0,0,15.1,28.1,45,open-meteo
Oulad Hamdane,Morocco,33.1043,-8.2513,2026-09-21,2026-09-19 12:02:37.517749+00:00,33.1,19.7,0.0,0,15.6,29.2,45,open-meteo
Oulad Hamdane,Morocco,33.1043,-8.2513,2026-09-22,2026-09-19 12:02:37.517749+00:00,31.9,18.6,0.0,0,16.1,30.6,45,open-meteo
Oulad Hamdane,Morocco,33.1043,-8.2513,2026-09-23,2026-09-19 12:02:37.517749+00:00,31.5,19.5,0.0,0,14.6,28.1,45,open-meteo
Oulad Hamdane,Morocco,33.1043,-8.2513,2026-09-24,2026-09-19 12:02:37.517749+00:00,28.8,18.3,0.0,0,14.5,26.6,45,open-meteo
Oulad Hamdane,Morocco,33.1043,-8.2513,2026-09-25,2026-09-19 12:02:37.517749+00:00,25.4,19.7,0.0,0,13.9,27.0,3,open-meteo
Tissa,Morocco,34.2833,-4.6667,2026-09-19,2026-09-19 12:02:37.611543+00:00,33.6,23.3,0.0,0,30.5,59.0,3,open-meteo
Tissa,Morocco,34.2833,-4.6667,2026-09-20,2026-09-19 12:02:37.611543+00:00,35.1,24.2,0.0,0,25.7,49.0,0,open-meteo
Tissa,Morocco,34.2833,-4.6667,2026-09-21,2026-09-19 12:02:37.611543+00:00,34.3,23.8,0.0,0,23.5,44.3,1,open-meteo
Tissa,Morocco,34.2833,-4.6667,2026-09-22,2026-09-19 12:02:37.611543+00:00,34.3,21.7,0.0,0,17.5,34.2,0,open-meteo
Tissa,Morocco,34.2833,-4.6667,2026-09-23,2026-09-19 12:02:37.611543+00:00,36.1,21.9,0.0,0,12.1,23.0,0,open-meteo
Tissa,Morocco,34.2833,-4.6667,2026-09-24,2026-09-19 12:02:37.611543+00:00,37.8,20.9,0.0,0,12.0,24.1,2,open-meteo
Tissa,Morocco,34.2833,-4.6667,2026-09-25,2026-09-19 12:02:37.611543+00:00,35.7,18.9,0.0,0,16.4,35.6,3,open-meteo
Oulad Fares,Morocco,32.7938,-7.2123,2026-09-19,2026-09-19 12:02:37.696759+00:00,34.5,18.7,0.0,0,17.5,33.5,3,open-meteo
Oulad Fares,Morocco,32.7938,-7.2123,2026-09-20,2026-09-19 12:02:37.696759+00:00,35.8,21.3,0.2,10,21.2,40.3,3,open-meteo
Oulad Fares,Morocco,32.7938,-7.2123,2026-09-21,2026-09-19 12:02:37.696759+00:00,35.2,20.7,0.0,0,18.8,40.0,3,open-meteo
Oulad Fares,Morocco,32.7938,-7.2123,2026-09-22,2026-09-19 12:02:37.696759+00:00,34.8,20.3,0.0,0,17.6,33.5,1,open-meteo
Oulad Fares,Morocco,32.7938,-7.2123,2026-09-23,2026-09-19 12:02:37.696759+00:00,34.8,18.1,0.0,0,18.1,34.9,0,open-meteo
Oulad Fares,Morocco,32.7938,-7.2123,2026-09-24,2026-09-19 12:02:37.696759+00:00,34.7,18.0,0.0,0,18.4,34.6,3,open-meteo
Oulad Fares,Morocco,32.7938,-7.2123,2026-09-25,2026-09-19 12:02:37.696759+00:00,31.6,19.0,0.0,3,17.0,34.2,3,open-meteo
Douar Ras el Ksar,Morocco,33.9819,-3.7494,2026-09-19,2026-09-19 12:02:37.784539+00:00,27.8,18.2,2.9,40,26.0,41.4,81,open-meteo
Douar Ras el Ksar,Morocco,33.9819,-3.7494,2026-09-20,2026-09-19 12:02:37.784539+00:00,28.3,19.2,0.0,3,23.9,39.6,3,open-meteo
Douar Ras el Ksar,Morocco,33.9819,-3.7494,2026-09-21,2026-09-19 12:02:37.784539+00:00,26.7,17.7,0.0,0,21.2,34.2,3,open-meteo
Douar Ras el Ksar,Morocco,33.9819,-3.7494,2026-09-22,2026-09-19 12:02:37.784539+00:00,27.7,14.2,0.0,0,20.0,30.6,2,open-meteo
Douar Ras el Ksar,Morocco,33.9819,-3.7494,2026-09-23,2026-09-19 12:02:37.784539+00:00,30.2,15.6,0.0,0,22.9,35.3,0,open-meteo
Douar Ras el Ksar,Morocco,33.9819,-3.7494,2026-09-24,2026-09-19 12:02:37.784539+00:00,33.0,16.2,0.0,0,11.1,19.8,0,open-meteo
Douar Ras el Ksar,Morocco,33.9819,-3.7494,2026-09-25,2026-09-19 12:02:37.784539+00:00,33.5,17.8,0.0,0,20.8,34.2,3,open-meteo
Bni Khloug,Morocco,32.65,-7.3833,2026-09-19,2026-09-19 12:02:37.869286+00:00,35.4,19.1,0.0,0,16.6,33.5,2,open-meteo
Bni Khloug,Morocco,32.65,-7.3833,2026-09-20,2026-09-19 12:02:37.869286+00:00,36.4,22.0,0.0,3,21.3,41.0,2,open-meteo
Bni Khloug,Morocco,32.65,-7.3833,2026-09-21,2026-09-19 12:02:37.869286+00:00,36.1,20.6,0.0,0,22.5,43.6,3,open-meteo
Bni Khloug,Morocco,32.65,-7.3833,2026-09-22,2026-09-19 12:02:37.869286+00:00,35.7,19.2,0.0,0,18.0,34.2,1,open-meteo
Bni Khloug,Morocco,32.65,-7.3833,2026-09-23,2026-09-19 12:02:37.869286+00:00,35.5,18.9,0.0,0,13.7,27.0,0,open-meteo
Bni Khloug,Morocco,32.65,-7.3833,2026-09-24,2026-09-19 12:02:37.869286+00:00,35.5,17.7,0.0,0,16.6,34.2,3,open-meteo
Bni Khloug,Morocco,32.65,-7.3833,2026-09-25,2026-09-19 12:02:37.869286+00:00,32.4,18.2,0.0,3,16.3,34.2,3,open-meteo
Oulad Amrane el Mekki,Morocco,32.3736,-8.5395,2026-09-19,2026-09-19 12:02:37.956686+00:00,34.4,17.3,0.0,0,18.6,32.8,2,open-meteo
Oulad Amrane el Mekki,Morocco,32.3736,-8.5395,2026-09-20,2026-09-19 12:02:37.956686+00:00,35.5,19.5,0.0,3,18.3,32.0,2,open-meteo
Oulad Amrane el Mekki,Morocco,32.3736,-8.5395,2026-09-21,2026-09-19 12:02:37.956686+00:00,38.3,21.3,0.0,0,17.3,30.6,3,open-meteo
Oulad Amrane el Mekki,Morocco,32.3736,-8.5395,2026-09-22,2026-09-19 12:02:37.956686+00:00,37.5,18.8,0.0,0,16.4,31.0,2,open-meteo
Oulad Amrane el Mekki,Morocco,32.3736,-8.5395,2026-09-23,2026-09-19 12:02:37.956686+00:00,36.3,16.6,0.0,0,13.8,27.4,45,open-meteo
Oulad Amrane el Mekki,Morocco,32.3736,-8.5395,2026-09-24,2026-09-19 12:02:37.956686+00:00,36.0,17.7,0.0,0,17.7,33.5,3,open-meteo
Oulad Amrane el Mekki,Morocco,32.3736,-8.5395,2026-09-25,2026-09-19 12:02:37.956686+00:00,31.0,18.3,0.0,3,18.8,34.9,45,open-meteo
Ouaklim Oukider,Morocco,31.45,-5.55,2026-09-19,2026-09-19 12:02:38.042684+00:00,28.3,17.8,4.4,70,17.8,29.2,95,open-meteo
Ouaklim Oukider,Morocco,31.45,-5.55,2026-09-20,2026-09-19 12:02:38.042684+00:00,28.5,17.3,0.3,55,10.1,31.7,3,open-meteo
Ouaklim Oukider,Morocco,31.45,-5.55,2026-09-21,2026-09-19 12:02:38.042684+00:00,30.2,18.7,0.7,26,21.0,35.3,80,open-meteo
Ouaklim Oukider,Morocco,31.45,-5.55,2026-09-22,2026-09-19 12:02:38.042684+00:00,29.8,17.3,0.0,0,14.5,28.8,2,open-meteo
Ouaklim Oukider,Morocco,31.45,-5.55,2026-09-23,2026-09-19 12:02:38.042684+00:00,29.7,17.2,0.0,0,16.0,29.5,2,open-meteo
Ouaklim Oukider,Morocco,31.45,-5.55,2026-09-24,2026-09-19 12:02:38.042684+00:00,30.2,17.2,0.0,5,11.6,22.3,2,open-meteo
Ouaklim Oukider,Morocco,31.45,-5.55,2026-09-25,2026-09-19 12:02:38.042684+00:00,26.8,17.6,0.6,13,11.8,25.6,3,open-meteo
Matmata,Morocco,34.0945,-4.4842,2026-09-19,2026-09-19 12:02:38.130053+00:00,31.9,20.9,0.1,8,32.4,60.5,2,open-meteo
Matmata,Morocco,34.0945,-4.4842,2026-09-20,2026-09-19 12:02:38.130053+00:00,33.6,21.8,0.0,0,25.8,47.9,1,open-meteo
Matmata,Morocco,34.0945,-4.4842,2026-09-21,2026-09-19 12:02:38.130053+00:00,32.8,21.1,0.0,0,23.6,43.9,1,open-meteo
Matmata,Morocco,34.0945,-4.4842,2026-09-22,2026-09-19 12:02:38.130053+00:00,32.4,18.6,0.0,0,19.2,36.0,1,open-meteo
Matmata,Morocco,34.0945,-4.4842,2026-09-23,2026-09-19 12:02:38.130053+00:00,34.7,18.9,0.0,0,13.2,28.4,0,open-meteo
Matmata,Morocco,34.0945,-4.4842,2026-09-24,2026-09-19 12:02:38.130053+00:00,36.6,17.9,0.0,0,13.7,26.3,2,open-meteo
Matmata,Morocco,34.0945,-4.4842,2026-09-25,2026-09-19 12:02:38.130053+00:00,34.7,17.6,0.0,0,17.1,34.2,3,open-meteo
Lamhadi,Morocco,30.3725,-9.0478,2026-09-19,2026-09-19 12:02:38.216254+00:00,30.3,19.2,0.0,0,27.1,47.5,2,open-meteo
Lamhadi,Morocco,30.3725,-9.0478,2026-09-20,2026-09-19 12:02:38.216254+00:00,31.7,19.1,0.0,0,24.1,42.1,2,open-meteo
Lamhadi,Morocco,30.3725,-9.0478,2026-09-21,2026-09-19 12:02:38.216254+00:00,39.8,21.8,0.0,0,24.4,42.1,3,open-meteo
Lamhadi,Morocco,30.3725,-9.0478,2026-09-22,2026-09-19 12:02:38.216254+00:00,38.7,20.9,0.0,0,33.8,59.4,3,open-meteo
Lamhadi,Morocco,30.3725,-9.0478,2026-09-23,2026-09-19 12:02:38.216254+00:00,39.7,19.8,0.0,0,25.2,43.2,0,open-meteo
Lamhadi,Morocco,30.3725,-9.0478,2026-09-24,2026-09-19 12:02:38.216254+00:00,40.2,23.9,0.0,0,22.6,42.1,2,open-meteo
Lamhadi,Morocco,30.3725,-9.0478,2026-09-25,2026-09-19 12:02:38.216254+00:00,32.3,20.5,0.0,0,25.1,40.7,3,open-meteo
Sidi Amer El Hadi,Morocco,34.7992,-5.8394,2026-09-19,2026-09-19 12:02:38.303611+00:00,34.9,19.3,0.0,0,17.7,34.9,1,open-meteo
Sidi Amer El Hadi,Morocco,34.7992,-5.8394,2026-09-20,2026-09-19 12:02:38.303611+00:00,35.6,22.8,0.0,0,15.2,32.0,2,open-meteo
Sidi Amer El Hadi,Morocco,34.7992,-5.8394,2026-09-21,2026-09-19 12:02:38.303611+00:00,34.6,22.0,0.0,0,12.6,25.9,0,open-meteo
Sidi Amer El Hadi,Morocco,34.7992,-5.8394,2026-09-22,2026-09-19 12:02:38.303611+00:00,34.0,20.5,0.0,0,12.6,26.3,0,open-meteo
Sidi Amer El Hadi,Morocco,34.7992,-5.8394,2026-09-23,2026-09-19 12:02:38.303611+00:00,34.3,19.8,0.0,0,14.5,30.2,0,open-meteo
Sidi Amer El Hadi,Morocco,34.7992,-5.8394,2026-09-24,2026-09-19 12:02:38.303611+00:00,33.6,19.0,0.0,0,15.3,31.3,1,open-meteo
Sidi Amer El Hadi,Morocco,34.7992,-5.8394,2026-09-25,2026-09-19 12:02:38.303611+00:00,28.7,18.5,0.0,3,14.8,30.2,45,open-meteo
Takad Sahel,Morocco,30.25,-9.55,2026-09-19,2026-09-19 12:02:38.394413+00:00,25.2,20.1,0.0,0,19.7,32.4,3,open-meteo
Takad Sahel,Morocco,30.25,-9.55,2026-09-20,2026-09-19 12:02:38.394413+00:00,25.6,20.3,0.0,0,18.3,31.0,2,open-meteo
Takad Sahel,Morocco,30.25,-9.55,2026-09-21,2026-09-19 12:02:38.394413+00:00,33.0,20.9,0.0,0,15.9,27.0,3,open-meteo
Takad Sahel,Morocco,30.25,-9.55,2026-09-22,2026-09-19 12:02:38.394413+00:00,31.1,20.7,0.0,0,20.3,32.4,2,open-meteo
Takad Sahel,Morocco,30.25,-9.55,2026-09-23,2026-09-19 12:02:38.394413+00:00,29.5,20.6,0.0,0,21.4,38.9,1,open-meteo
Takad Sahel,Morocco,30.25,-9.55,2026-09-24,2026-09-19 12:02:38.394413+00:00,37.0,21.9,0.0,0,17.2,38.9,3,open-meteo
Takad Sahel,Morocco,30.25,-9.55,2026-09-25,2026-09-19 12:02:38.394413+00:00,26.8,19.9,0.0,0,17.4,38.2,45,open-meteo
Oulad Hamdane,Morocco,32.4199,-8.664,2026-09-19,2026-09-19 12:02:38.484936+00:00,33.3,17.8,0.0,0,18.2,32.0,3,open-meteo
Oulad Hamdane,Morocco,32.4199,-8.664,2026-09-20,2026-09-19 12:02:38.484936+00:00,34.4,20.2,0.0,0,16.1,28.4,2,open-meteo
Oulad Hamdane,Morocco,32.4199,-8.664,2026-09-21,2026-09-19 12:02:38.484936+00:00,37.6,22.0,0.0,0,15.7,28.8,3,open-meteo
Oulad Hamdane,Morocco,32.4199,-8.664,2026-09-22,2026-09-19 12:02:38.484936+00:00,36.6,19.6,0.0,0,15.6,30.2,45,open-meteo
Oulad Hamdane,Morocco,32.4199,-8.664,2026-09-23,2026-09-19 12:02:38.484936+00:00,35.4,18.0,0.0,0,12.4,24.8,45,open-meteo
Oulad Hamdane,Morocco,32.4199,-8.664,2026-09-24,2026-09-19 12:02:38.484936+00:00,34.7,18.8,0.0,0,18.4,33.8,45,open-meteo
Oulad Hamdane,Morocco,32.4199,-8.664,2026-09-25,2026-09-19 12:02:38.484936+00:00,30.4,19.9,0.0,0,19.1,34.6,3,open-meteo
Jamaat Shaim,Morocco,32.35,-8.85,2026-09-19,2026-09-19 12:02:38.571736+00:00,33.4,17.6,0.0,0,16.6,30.6,3,open-meteo
Jamaat Shaim,Morocco,32.35,-8.85,2026-09-20,2026-09-19 12:02:38.571736+00:00,33.5,20.0,0.0,0,13.7,25.9,2,open-meteo
Jamaat Shaim,Morocco,32.35,-8.85,2026-09-21,2026-09-19 12:02:38.571736+00:00,36.8,21.3,0.0,0,12.9,24.1,3,open-meteo
Jamaat Shaim,Morocco,32.35,-8.85,2026-09-22,2026-09-19 12:02:38.571736+00:00,36.2,18.6,0.0,0,14.4,28.4,45,open-meteo
Jamaat Shaim,Morocco,32.35,-8.85,2026-09-23,2026-09-19 12:02:38.571736+00:00,34.3,17.9,0.0,0,12.9,23.8,45,open-meteo
Jamaat Shaim,Morocco,32.35,-8.85,2026-09-24,2026-09-19 12:02:38.571736+00:00,32.9,18.2,0.0,0,16.6,31.0,45,open-meteo
Jamaat Shaim,Morocco,32.35,-8.85,2026-09-25,2026-09-19 12:02:38.571736+00:00,29.8,19.4,0.0,0,16.8,32.0,3,open-meteo
Aj Jourf,Morocco,31.4903,-4.4014,2026-09-19,2026-09-19 12:02:38.669938+00:00,30.0,20.7,2.9,50,18.4,33.8,95,open-meteo
Aj Jourf,Morocco,31.4903,-4.4014,2026-09-20,2026-09-19 12:02:38.669938+00:00,30.7,20.2,0.0,8,14.6,22.3,3,open-meteo
Aj Jourf,Morocco,31.4903,-4.4014,2026-09-21,2026-09-19 12:02:38.669938+00:00,33.4,21.0,0.1,15,16.0,24.5,2,open-meteo
Aj Jourf,Morocco,31.4903,-4.4014,2026-09-22,2026-09-19 12:02:38.669938+00:00,31.3,20.5,0.0,3,14.1,22.3,3,open-meteo
Aj Jourf,Morocco,31.4903,-4.4014,2026-09-23,2026-09-19 12:02:38.669938+00:00,31.5,19.7,0.0,3,12.7,20.5,1,open-meteo
Aj Jourf,Morocco,31.4903,-4.4014,2026-09-24,2026-09-19 12:02:38.669938+00:00,31.6,20.0,0.0,0,6.8,12.2,2,open-meteo
Aj Jourf,Morocco,31.4903,-4.4014,2026-09-25,2026-09-19 12:02:38.669938+00:00,31.9,20.6,0.0,3,17.5,26.6,3,open-meteo
Toualet,Morocco,32.7769,-7.6669,2026-09-19,2026-09-19 12:02:38.756574+00:00,34.9,17.7,0.0,0,18.4,36.0,2,open-meteo
Toualet,Morocco,32.7769,-7.6669,2026-09-20,2026-09-19 12:02:38.756574+00:00,36.2,20.9,0.0,5,19.5,37.4,2,open-meteo
Toualet,Morocco,32.7769,-7.6669,2026-09-21,2026-09-19 12:02:38.756574+00:00,36.7,20.3,0.0,0,18.6,38.5,2,open-meteo
Toualet,Morocco,32.7769,-7.6669,2026-09-22,2026-09-19 12:02:38.756574+00:00,36.2,19.1,0.0,0,16.9,37.4,0,open-meteo
Toualet,Morocco,32.7769,-7.6669,2026-09-23,2026-09-19 12:02:38.756574+00:00,36.1,17.6,0.0,0,16.2,33.8,0,open-meteo
Toualet,Morocco,32.7769,-7.6669,2026-09-24,2026-09-19 12:02:38.756574+00:00,35.8,17.1,0.0,0,16.8,35.3,3,open-meteo
Toualet,Morocco,32.7769,-7.6669,2026-09-25,2026-09-19 12:02:38.756574+00:00,31.0,17.8,0.0,0,17.6,37.1,3,open-meteo
Kissane Ltouqi,Morocco,34.6,-5.0833,2026-09-19,2026-09-19 12:02:38.839468+00:00,34.1,20.1,0.0,5,17.5,33.1,2,open-meteo
Kissane Ltouqi,Morocco,34.6,-5.0833,2026-09-20,2026-09-19 12:02:38.839468+00:00,34.6,22.0,0.0,0,13.4,31.0,2,open-meteo
Kissane Ltouqi,Morocco,34.6,-5.0833,2026-09-21,2026-09-19 12:02:38.839468+00:00,33.8,21.4,0.0,0,13.0,25.2,2,open-meteo
Kissane Ltouqi,Morocco,34.6,-5.0833,2026-09-22,2026-09-19 12:02:38.839468+00:00,33.4,19.0,0.0,0,11.6,20.9,0,open-meteo
Kissane Ltouqi,Morocco,34.6,-5.0833,2026-09-23,2026-09-19 12:02:38.839468+00:00,34.3,19.6,0.0,0,10.6,20.2,0,open-meteo
Kissane Ltouqi,Morocco,34.6,-5.0833,2026-09-24,2026-09-19 12:02:38.839468+00:00,35.2,18.3,0.0,0,10.9,20.5,2,open-meteo
Kissane Ltouqi,Morocco,34.6,-5.0833,2026-09-25,2026-09-19 12:02:38.839468+00:00,32.4,17.6,0.0,0,15.3,31.3,3,open-meteo
Zaouiet Says,Morocco,32.7931,-8.6506,2026-09-19,2026-09-19 12:02:38.922427+00:00,30.2,17.5,0.0,0,16.9,30.6,3,open-meteo
Zaouiet Says,Morocco,32.7931,-8.6506,2026-09-20,2026-09-19 12:02:38.922427+00:00,31.9,19.6,0.0,0,14.1,25.6,45,open-meteo
Zaouiet Says,Morocco,32.7931,-8.6506,2026-09-21,2026-09-19 12:02:38.922427+00:00,34.5,20.1,0.0,0,13.9,25.2,45,open-meteo
Zaouiet Says,Morocco,32.7931,-8.6506,2026-09-22,2026-09-19 12:02:38.922427+00:00,32.1,18.7,0.0,0,14.5,26.6,45,open-meteo
Zaouiet Says,Morocco,32.7931,-8.6506,2026-09-23,2026-09-19 12:02:38.922427+00:00,31.1,19.5,0.0,0,13.0,24.5,45,open-meteo
Zaouiet Says,Morocco,32.7931,-8.6506,2026-09-24,2026-09-19 12:02:38.922427+00:00,30.8,17.7,0.0,0,15.3,30.6,45,open-meteo
Zaouiet Says,Morocco,32.7931,-8.6506,2026-09-25,2026-09-19 12:02:38.922427+00:00,27.9,18.8,0.0,0,16.5,32.4,3,open-meteo
Tilmi,Morocco,31.8189,-5.7718,2026-09-19,2026-09-19 12:02:39.006542+00:00,19.6,11.6,1.5,88,16.2,25.6,61,open-meteo
Tilmi,Morocco,31.8189,-5.7718,2026-09-20,2026-09-19 12:02:39.006542+00:00,22.1,11.3,1.8,60,18.1,30.6,80,open-meteo
Tilmi,Morocco,31.8189,-5.7718,2026-09-21,2026-09-19 12:02:39.006542+00:00,22.0,12.0,0.0,10,31.6,53.3,3,open-meteo
Tilmi,Morocco,31.8189,-5.7718,2026-09-22,2026-09-19 12:02:39.006542+00:00,21.5,11.7,0.0,0,26.7,44.6,1,open-meteo
Tilmi,Morocco,31.8189,-5.7718,2026-09-23,2026-09-19 12:02:39.006542+00:00,22.7,9.7,0.0,0,21.5,35.6,1,open-meteo
Tilmi,Morocco,31.8189,-5.7718,2026-09-24,2026-09-19 12:02:39.006542+00:00,23.7,9.9,0.0,10,27.7,50.4,0,open-meteo
Tilmi,Morocco,31.8189,-5.7718,2026-09-25,2026-09-19 12:02:39.006542+00:00,21.6,10.7,0.9,32,13.9,31.3,3,open-meteo
Oued Laou,Morocco,35.45,-5.0833,2026-09-19,2026-09-19 12:02:39.091598+00:00,24.4,21.0,4.9,53,25.5,45.4,80,open-meteo
Oued Laou,Morocco,35.45,-5.0833,2026-09-20,2026-09-19 12:02:39.091598+00:00,24.0,21.6,8.6,48,17.7,34.6,80,open-meteo
Oued Laou,Morocco,35.45,-5.0833,2026-09-21,2026-09-19 12:02:39.091598+00:00,25.4,19.1,0.0,0,19.4,33.5,45,open-meteo
Oued Laou,Morocco,35.45,-5.0833,2026-09-22,2026-09-19 12:02:39.091598+00:00,25.1,17.6,0.0,0,9.8,20.9,45,open-meteo
Oued Laou,Morocco,35.45,-5.0833,2026-09-23,2026-09-19 12:02:39.091598+00:00,25.3,17.5,0.0,0,9.4,19.1,45,open-meteo
Oued Laou,Morocco,35.45,-5.0833,2026-09-24,2026-09-19 12:02:39.091598+00:00,28.1,19.4,0.0,0,11.4,20.9,45,open-meteo
Oued Laou,Morocco,35.45,-5.0833,2026-09-25,2026-09-19 12:02:39.091598+00:00,29.0,20.5,0.0,0,11.5,22.0,3,open-meteo
Teroual,Morocco,34.6886,-5.2409,2026-09-19,2026-09-19 12:02:39.177570+00:00,35.7,21.4,0.0,0,25.6,52.9,2,open-meteo
Teroual,Morocco,34.6886,-5.2409,2026-09-20,2026-09-19 12:02:39.177570+00:00,36.5,24.5,0.0,0,20.6,44.6,2,open-meteo
Teroual,Morocco,34.6886,-5.2409,2026-09-21,2026-09-19 12:02:39.177570+00:00,35.8,23.0,0.0,0,17.0,38.5,2,open-meteo
Teroual,Morocco,34.6886,-5.2409,2026-09-22,2026-09-19 12:02:39.177570+00:00,35.1,19.3,0.0,0,8.3,26.3,0,open-meteo
Teroual,Morocco,34.6886,-5.2409,2026-09-23,2026-09-19 12:02:39.177570+00:00,35.8,19.8,0.0,0,8.9,24.8,0,open-meteo
Teroual,Morocco,34.6886,-5.2409,2026-09-24,2026-09-19 12:02:39.177570+00:00,36.6,20.4,0.0,0,11.6,24.5,2,open-meteo
Teroual,Morocco,34.6886,-5.2409,2026-09-25,2026-09-19 12:02:39.177570+00:00,33.5,18.3,0.0,3,15.4,33.8,3,open-meteo
Lahfayr,Morocco,30.57,-8.4878,2026-09-19,2026-09-19 12:02:39.261516+00:00,37.9,20.6,0.0,3,28.7,51.1,2,open-meteo
Lahfayr,Morocco,30.57,-8.4878,2026-09-20,2026-09-19 12:02:39.261516+00:00,38.3,22.4,0.0,3,26.2,45.4,3,open-meteo
Lahfayr,Morocco,30.57,-8.4878,2026-09-21,2026-09-19 12:02:39.261516+00:00,38.7,22.0,0.0,0,31.7,54.7,3,open-meteo
Lahfayr,Morocco,30.57,-8.4878,2026-09-22,2026-09-19 12:02:39.261516+00:00,39.0,20.4,0.0,0,30.0,58.7,0,open-meteo
Lahfayr,Morocco,30.57,-8.4878,2026-09-23,2026-09-19 12:02:39.261516+00:00,39.0,19.0,0.0,5,24.8,43.6,0,open-meteo
Lahfayr,Morocco,30.57,-8.4878,2026-09-24,2026-09-19 12:02:39.261516+00:00,38.3,21.3,0.0,0,26.8,49.0,3,open-meteo
Lahfayr,Morocco,30.57,-8.4878,2026-09-25,2026-09-19 12:02:39.261516+00:00,36.0,20.3,0.0,0,21.6,40.0,3,open-meteo
Tamanar,Morocco,31.0833,-9.6756,2026-09-19,2026-09-19 12:02:39.351087+00:00,31.5,20.3,0.0,0,12.4,23.4,2,open-meteo
Tamanar,Morocco,31.0833,-9.6756,2026-09-20,2026-09-19 12:02:39.351087+00:00,29.9,21.2,0.0,0,12.4,23.4,2,open-meteo
Tamanar,Morocco,31.0833,-9.6756,2026-09-21,2026-09-19 12:02:39.351087+00:00,35.5,21.5,0.0,0,11.6,21.6,3,open-meteo
Tamanar,Morocco,31.0833,-9.6756,2026-09-22,2026-09-19 12:02:39.351087+00:00,36.2,24.3,0.0,0,15.1,28.4,2,open-meteo
Tamanar,Morocco,31.0833,-9.6756,2026-09-23,2026-09-19 12:02:39.351087+00:00,35.5,21.7,0.0,0,12.3,23.0,0,open-meteo
Tamanar,Morocco,31.0833,-9.6756,2026-09-24,2026-09-19 12:02:39.351087+00:00,35.3,24.8,0.0,0,13.2,28.1,3,open-meteo
Tamanar,Morocco,31.0833,-9.6756,2026-09-25,2026-09-19 12:02:39.351087+00:00,29.7,20.7,0.0,0,13.0,26.3,3,open-meteo
Tissaf,Morocco,33.3259,-3.3202,2026-09-19,2026-09-19 12:02:39.438517+00:00,25.6,15.7,1.4,53,18.6,32.8,80,open-meteo
Tissaf,Morocco,33.3259,-3.3202,2026-09-20,2026-09-19 12:02:39.438517+00:00,26.9,16.5,0.0,13,16.2,25.9,2,open-meteo
Tissaf,Morocco,33.3259,-3.3202,2026-09-21,2026-09-19 12:02:39.438517+00:00,25.2,13.8,0.0,0,24.5,39.6,3,open-meteo
Tissaf,Morocco,33.3259,-3.3202,2026-09-22,2026-09-19 12:02:39.438517+00:00,25.6,12.7,0.0,0,14.7,24.8,2,open-meteo
Tissaf,Morocco,33.3259,-3.3202,2026-09-23,2026-09-19 12:02:39.438517+00:00,27.5,13.3,0.0,0,15.9,26.3,1,open-meteo
Tissaf,Morocco,33.3259,-3.3202,2026-09-24,2026-09-19 12:02:39.438517+00:00,28.9,14.4,0.0,0,10.5,21.6,2,open-meteo
Tissaf,Morocco,33.3259,-3.3202,2026-09-25,2026-09-19 12:02:39.438517+00:00,29.4,16.9,0.0,5,24.2,41.8,3,open-meteo
Tilougguit,Morocco,32.0333,-6.2,2026-09-19,2026-09-19 12:02:39.521552+00:00,29.2,19.1,0.1,23,17.8,44.6,3,open-meteo
Tilougguit,Morocco,32.0333,-6.2,2026-09-20,2026-09-19 12:02:39.521552+00:00,30.2,19.3,0.0,8,21.4,41.0,3,open-meteo
Tilougguit,Morocco,32.0333,-6.2,2026-09-21,2026-09-19 12:02:39.521552+00:00,28.8,18.9,0.0,8,21.0,42.1,3,open-meteo
Tilougguit,Morocco,32.0333,-6.2,2026-09-22,2026-09-19 12:02:39.521552+00:00,28.9,17.3,0.0,0,20.9,40.7,1,open-meteo
Tilougguit,Morocco,32.0333,-6.2,2026-09-23,2026-09-19 12:02:39.521552+00:00,29.4,17.1,0.0,0,18.7,36.4,0,open-meteo
Tilougguit,Morocco,32.0333,-6.2,2026-09-24,2026-09-19 12:02:39.521552+00:00,30.6,19.5,0.0,0,20.7,38.5,0,open-meteo
Tilougguit,Morocco,32.0333,-6.2,2026-09-25,2026-09-19 12:02:39.521552+00:00,29.2,19.1,0.0,10,16.4,33.5,3,open-meteo
Douar Oulad Naoual,Morocco,34.4936,-5.7108,2026-09-19,2026-09-19 12:02:39.611597+00:00,36.8,20.1,0.0,0,19.8,37.4,1,open-meteo
Douar Oulad Naoual,Morocco,34.4936,-5.7108,2026-09-20,2026-09-19 12:02:39.611597+00:00,37.6,24.4,0.0,0,22.4,41.8,0,open-meteo
Douar Oulad Naoual,Morocco,34.4936,-5.7108,2026-09-21,2026-09-19 12:02:39.611597+00:00,36.7,24.1,0.0,0,18.6,36.4,0,open-meteo
Douar Oulad Naoual,Morocco,34.4936,-5.7108,2026-09-22,2026-09-19 12:02:39.611597+00:00,36.4,23.1,0.0,0,18.6,36.7,0,open-meteo
Douar Oulad Naoual,Morocco,34.4936,-5.7108,2026-09-23,2026-09-19 12:02:39.611597+00:00,36.7,21.7,0.0,0,12.3,25.9,0,open-meteo
Douar Oulad Naoual,Morocco,34.4936,-5.7108,2026-09-24,2026-09-19 12:02:39.611597+00:00,36.0,19.3,0.0,0,14.7,31.0,45,open-meteo
Douar Oulad Naoual,Morocco,34.4936,-5.7108,2026-09-25,2026-09-19 12:02:39.611597+00:00,31.3,19.4,0.0,3,15.9,30.6,45,open-meteo
Timahdit,Morocco,33.2369,-5.06,2026-09-19,2026-09-19 12:02:39.697646+00:00,24.3,13.7,0.4,55,19.6,41.0,3,open-meteo
Timahdit,Morocco,33.2369,-5.06,2026-09-20,2026-09-19 12:02:39.697646+00:00,25.3,10.1,0.0,8,22.4,43.2,2,open-meteo
Timahdit,Morocco,33.2369,-5.06,2026-09-21,2026-09-19 12:02:39.697646+00:00,24.4,10.3,0.0,0,25.0,49.0,2,open-meteo
Timahdit,Morocco,33.2369,-5.06,2026-09-22,2026-09-19 12:02:39.697646+00:00,23.8,11.1,0.0,0,21.1,40.0,1,open-meteo
Timahdit,Morocco,33.2369,-5.06,2026-09-23,2026-09-19 12:02:39.697646+00:00,25.1,8.7,0.0,0,12.5,24.1,1,open-meteo
Timahdit,Morocco,33.2369,-5.06,2026-09-24,2026-09-19 12:02:39.697646+00:00,25.6,11.0,0.0,0,16.3,33.1,2,open-meteo
Timahdit,Morocco,33.2369,-5.06,2026-09-25,2026-09-19 12:02:39.697646+00:00,24.7,11.3,0.0,13,15.4,30.6,3,open-meteo
Bou Adel,Morocco,34.5428,-4.5075,2026-09-19,2026-09-19 12:02:39.780771+00:00,31.9,21.8,0.0,3,28.1,55.8,3,open-meteo
Bou Adel,Morocco,34.5428,-4.5075,2026-09-20,2026-09-19 12:02:39.780771+00:00,33.3,22.5,0.0,3,22.1,44.3,3,open-meteo
Bou Adel,Morocco,34.5428,-4.5075,2026-09-21,2026-09-19 12:02:39.780771+00:00,32.2,21.7,0.0,0,13.7,26.3,2,open-meteo
Bou Adel,Morocco,34.5428,-4.5075,2026-09-22,2026-09-19 12:02:39.780771+00:00,32.3,19.6,0.0,0,18.8,36.4,0,open-meteo
Bou Adel,Morocco,34.5428,-4.5075,2026-09-23,2026-09-19 12:02:39.780771+00:00,34.0,21.1,0.0,0,15.2,28.4,0,open-meteo
Bou Adel,Morocco,34.5428,-4.5075,2026-09-24,2026-09-19 12:02:39.780771+00:00,34.9,21.7,0.0,0,11.8,22.3,1,open-meteo
Bou Adel,Morocco,34.5428,-4.5075,2026-09-25,2026-09-19 12:02:39.780771+00:00,33.1,20.8,0.0,0,17.3,33.5,3,open-meteo
Taïneste,Morocco,34.5556,-4.1347,2026-09-19,2026-09-19 12:02:39.868033+00:00,26.7,16.2,0.0,8,24.4,58.0,3,open-meteo
Taïneste,Morocco,34.5556,-4.1347,2026-09-20,2026-09-19 12:02:39.868033+00:00,27.9,17.9,0.0,8,18.9,47.9,2,open-meteo
Taïneste,Morocco,34.5556,-4.1347,2026-09-21,2026-09-19 12:02:39.868033+00:00,27.4,15.0,0.0,0,16.1,36.0,2,open-meteo
Taïneste,Morocco,34.5556,-4.1347,2026-09-22,2026-09-19 12:02:39.868033+00:00,27.1,12.7,0.0,0,18.9,41.8,0,open-meteo
Taïneste,Morocco,34.5556,-4.1347,2026-09-23,2026-09-19 12:02:39.868033+00:00,29.2,15.4,0.0,0,18.7,41.4,0,open-meteo
Taïneste,Morocco,34.5556,-4.1347,2026-09-24,2026-09-19 12:02:39.868033+00:00,30.2,15.1,0.0,0,12.0,26.9,0,open-meteo
Taïneste,Morocco,34.5556,-4.1347,2026-09-25,2026-09-19 12:02:39.868033+00:00,29.1,14.9,0.0,0,18.4,37.8,3,open-meteo
Dzouz,Morocco,31.8697,-7.3097,2026-09-19,2026-09-19 12:02:39.951387+00:00,35.0,19.2,0.0,5,17.3,32.4,3,open-meteo
Dzouz,Morocco,31.8697,-7.3097,2026-09-20,2026-09-19 12:02:39.951387+00:00,36.1,21.7,0.3,13,17.6,39.2,80,open-meteo
Dzouz,Morocco,31.8697,-7.3097,2026-09-21,2026-09-19 12:02:39.951387+00:00,35.9,20.7,0.0,0,16.4,29.9,2,open-meteo
Dzouz,Morocco,31.8697,-7.3097,2026-09-22,2026-09-19 12:02:39.951387+00:00,35.6,20.1,0.0,0,14.3,26.3,1,open-meteo
Dzouz,Morocco,31.8697,-7.3097,2026-09-23,2026-09-19 12:02:39.951387+00:00,35.6,18.6,0.0,0,13.2,24.1,0,open-meteo
Dzouz,Morocco,31.8697,-7.3097,2026-09-24,2026-09-19 12:02:39.951387+00:00,35.9,17.5,0.0,3,13.8,25.6,3,open-meteo
Dzouz,Morocco,31.8697,-7.3097,2026-09-25,2026-09-19 12:02:39.951387+00:00,32.8,18.2,0.0,13,13.4,24.1,3,open-meteo
Dar Ould Zidouh,Morocco,32.3429,-6.894,2026-09-19,2026-09-19 12:02:40.034287+00:00,38.0,20.3,0.0,0,14.7,28.1,2,open-meteo
Dar Ould Zidouh,Morocco,32.3429,-6.894,2026-09-20,2026-09-19 12:02:40.034287+00:00,38.6,21.3,0.0,3,18.0,31.7,2,open-meteo
Dar Ould Zidouh,Morocco,32.3429,-6.894,2026-09-21,2026-09-19 12:02:40.034287+00:00,38.0,21.6,0.0,0,14.8,25.9,2,open-meteo
Dar Ould Zidouh,Morocco,32.3429,-6.894,2026-09-22,2026-09-19 12:02:40.034287+00:00,37.6,21.5,0.0,0,12.0,22.0,1,open-meteo
Dar Ould Zidouh,Morocco,32.3429,-6.894,2026-09-23,2026-09-19 12:02:40.034287+00:00,37.7,20.5,0.0,0,11.4,20.5,0,open-meteo
Dar Ould Zidouh,Morocco,32.3429,-6.894,2026-09-24,2026-09-19 12:02:40.034287+00:00,37.7,18.4,0.0,3,13.0,24.1,2,open-meteo
Dar Ould Zidouh,Morocco,32.3429,-6.894,2026-09-25,2026-09-19 12:02:40.034287+00:00,35.3,19.4,0.0,3,13.7,25.2,3,open-meteo
Asjen,Morocco,34.85,-5.6167,2026-09-19,2026-09-19 12:02:40.116655+00:00,35.4,18.0,0.0,0,19.3,36.4,2,open-meteo
Asjen,Morocco,34.85,-5.6167,2026-09-20,2026-09-19 12:02:40.116655+00:00,36.2,21.6,0.0,0,12.4,28.8,2,open-meteo
Asjen,Morocco,34.85,-5.6167,2026-09-21,2026-09-19 12:02:40.116655+00:00,35.4,20.5,0.0,0,14.0,26.3,0,open-meteo
Asjen,Morocco,34.85,-5.6167,2026-09-22,2026-09-19 12:02:40.116655+00:00,34.6,17.7,0.0,0,12.0,23.4,0,open-meteo
Asjen,Morocco,34.85,-5.6167,2026-09-23,2026-09-19 12:02:40.116655+00:00,35.0,18.0,0.0,0,14.5,27.7,0,open-meteo
Asjen,Morocco,34.85,-5.6167,2026-09-24,2026-09-19 12:02:40.116655+00:00,35.9,18.5,0.0,0,13.0,29.5,1,open-meteo
Asjen,Morocco,34.85,-5.6167,2026-09-25,2026-09-19 12:02:40.116655+00:00,31.8,15.5,0.0,3,14.3,29.2,45,open-meteo
Steha,Morocco,35.3646,-4.9306,2026-09-19,2026-09-19 12:02:40.200002+00:00,24.1,21.7,3.2,48,25.9,41.8,80,open-meteo
Steha,Morocco,35.3646,-4.9306,2026-09-20,2026-09-19 12:02:40.200002+00:00,24.1,22.5,5.1,65,12.5,20.2,80,open-meteo
Steha,Morocco,35.3646,-4.9306,2026-09-21,2026-09-19 12:02:40.200002+00:00,25.1,21.5,0.0,3,15.5,24.8,2,open-meteo
Steha,Morocco,35.3646,-4.9306,2026-09-22,2026-09-19 12:02:40.200002+00:00,24.6,19.8,0.0,0,11.3,19.8,1,open-meteo
Steha,Morocco,35.3646,-4.9306,2026-09-23,2026-09-19 12:02:40.200002+00:00,24.9,19.8,0.0,0,10.9,19.1,2,open-meteo
Steha,Morocco,35.3646,-4.9306,2026-09-24,2026-09-19 12:02:40.200002+00:00,26.8,20.5,0.0,0,8.7,16.6,2,open-meteo
Steha,Morocco,35.3646,-4.9306,2026-09-25,2026-09-19 12:02:40.200002+00:00,27.9,20.3,0.0,3,9.9,17.3,3,open-meteo
Mayate,Morocco,32.2719,-7.525,2026-09-19,2026-09-19 12:02:40.299244+00:00,36.2,21.1,0.0,0,20.3,32.8,3,open-meteo
Mayate,Morocco,32.2719,-7.525,2026-09-20,2026-09-19 12:02:40.299244+00:00,37.2,23.2,0.0,5,24.2,39.6,2,open-meteo
Mayate,Morocco,32.2719,-7.525,2026-09-21,2026-09-19 12:02:40.299244+00:00,38.0,22.5,0.0,0,18.5,33.8,2,open-meteo
Mayate,Morocco,32.2719,-7.525,2026-09-22,2026-09-19 12:02:40.299244+00:00,37.4,22.3,0.0,0,18.7,33.5,1,open-meteo
Mayate,Morocco,32.2719,-7.525,2026-09-23,2026-09-19 12:02:40.299244+00:00,37.0,20.7,0.0,0,12.1,23.4,0,open-meteo
Mayate,Morocco,32.2719,-7.525,2026-09-24,2026-09-19 12:02:40.299244+00:00,37.2,20.4,0.0,3,22.6,36.0,3,open-meteo
Mayate,Morocco,32.2719,-7.525,2026-09-25,2026-09-19 12:02:40.299244+00:00,32.7,21.7,0.0,3,21.7,34.2,3,open-meteo
Tatoufet,Morocco,35.0339,-5.7706,2026-09-19,2026-09-19 12:02:40.383801+00:00,34.9,19.2,0.0,0,17.1,34.9,1,open-meteo
Tatoufet,Morocco,35.0339,-5.7706,2026-09-20,2026-09-19 12:02:40.383801+00:00,36.0,23.8,0.0,0,14.0,29.2,1,open-meteo
Tatoufet,Morocco,35.0339,-5.7706,2026-09-21,2026-09-19 12:02:40.383801+00:00,35.5,22.2,0.0,0,15.0,30.2,0,open-meteo
Tatoufet,Morocco,35.0339,-5.7706,2026-09-22,2026-09-19 12:02:40.383801+00:00,34.4,20.0,0.0,0,13.7,26.3,0,open-meteo
Tatoufet,Morocco,35.0339,-5.7706,2026-09-23,2026-09-19 12:02:40.383801+00:00,34.9,20.3,0.0,0,15.5,32.4,0,open-meteo
Tatoufet,Morocco,35.0339,-5.7706,2026-09-24,2026-09-19 12:02:40.383801+00:00,35.9,20.1,0.0,0,16.2,32.0,1,open-meteo
Tatoufet,Morocco,35.0339,-5.7706,2026-09-25,2026-09-19 12:02:40.383801+00:00,31.7,17.5,0.0,3,14.6,28.8,3,open-meteo
Oulad Friha,Morocco,32.6108,-7.625,2026-09-19,2026-09-19 12:02:40.469530+00:00,35.6,18.1,0.0,0,16.2,32.4,2,open-meteo
Oulad Friha,Morocco,32.6108,-7.625,2026-09-20,2026-09-19 12:02:40.469530+00:00,36.7,21.7,0.0,3,20.0,40.0,2,open-meteo
Oulad Friha,Morocco,32.6108,-7.625,2026-09-21,2026-09-19 12:02:40.469530+00:00,37.1,20.3,0.0,0,20.1,40.0,2,open-meteo
Oulad Friha,Morocco,32.6108,-7.625,2026-09-22,2026-09-19 12:02:40.469530+00:00,36.5,19.7,0.0,0,17.2,37.4,0,open-meteo
Oulad Friha,Morocco,32.6108,-7.625,2026-09-23,2026-09-19 12:02:40.469530+00:00,36.3,19.0,0.0,0,15.8,31.0,0,open-meteo
Oulad Friha,Morocco,32.6108,-7.625,2026-09-24,2026-09-19 12:02:40.469530+00:00,36.6,18.5,0.0,3,18.6,36.0,3,open-meteo
Oulad Friha,Morocco,32.6108,-7.625,2026-09-25,2026-09-19 12:02:40.469530+00:00,31.6,18.3,0.0,3,19.1,37.8,3,open-meteo
Touama,Morocco,31.5339,-7.4872,2026-09-19,2026-09-19 12:02:40.555676+00:00,32.7,19.2,0.1,53,24.9,45.0,3,open-meteo
Touama,Morocco,31.5339,-7.4872,2026-09-20,2026-09-19 12:02:40.555676+00:00,33.2,24.4,0.4,35,17.3,29.9,80,open-meteo
Touama,Morocco,31.5339,-7.4872,2026-09-21,2026-09-19 12:02:40.555676+00:00,33.3,22.5,0.0,10,19.2,32.4,3,open-meteo
Touama,Morocco,31.5339,-7.4872,2026-09-22,2026-09-19 12:02:40.555676+00:00,33.2,22.6,0.0,3,19.8,33.1,1,open-meteo
Touama,Morocco,31.5339,-7.4872,2026-09-23,2026-09-19 12:02:40.555676+00:00,33.1,20.4,0.0,3,18.1,30.2,0,open-meteo
Touama,Morocco,31.5339,-7.4872,2026-09-24,2026-09-19 12:02:40.555676+00:00,33.1,22.4,0.0,15,18.1,36.7,0,open-meteo
Touama,Morocco,31.5339,-7.4872,2026-09-25,2026-09-19 12:02:40.555676+00:00,30.8,19.6,0.9,32,9.9,20.5,80,open-meteo
El Menzel,Morocco,33.8389,-4.5458,2026-09-19,2026-09-19 12:02:40.643160+00:00,32.1,19.3,0.5,38,27.4,56.2,3,open-meteo
El Menzel,Morocco,33.8389,-4.5458,2026-09-20,2026-09-19 12:02:40.643160+00:00,32.9,19.7,0.0,0,16.7,39.2,1,open-meteo
El Menzel,Morocco,33.8389,-4.5458,2026-09-21,2026-09-19 12:02:40.643160+00:00,31.3,19.4,0.0,0,18.6,40.0,1,open-meteo
El Menzel,Morocco,33.8389,-4.5458,2026-09-22,2026-09-19 12:02:40.643160+00:00,30.3,18.2,0.0,0,16.9,37.1,1,open-meteo
El Menzel,Morocco,33.8389,-4.5458,2026-09-23,2026-09-19 12:02:40.643160+00:00,32.1,18.1,0.0,0,14.7,33.5,0,open-meteo
El Menzel,Morocco,33.8389,-4.5458,2026-09-24,2026-09-19 12:02:40.643160+00:00,32.4,20.0,0.0,0,16.0,34.6,2,open-meteo
El Menzel,Morocco,33.8389,-4.5458,2026-09-25,2026-09-19 12:02:40.643160+00:00,30.9,18.8,0.0,0,19.7,40.3,3,open-meteo
Douar Trougout,Morocco,35.1797,-3.7714,2026-09-19,2026-09-19 12:02:40.727269+00:00,27.0,21.2,0.0,0,26.1,47.9,2,open-meteo
Douar Trougout,Morocco,35.1797,-3.7714,2026-09-20,2026-09-19 12:02:40.727269+00:00,27.7,23.3,0.0,0,23.6,43.2,2,open-meteo
Douar Trougout,Morocco,35.1797,-3.7714,2026-09-21,2026-09-19 12:02:40.727269+00:00,28.2,20.4,0.0,0,22.4,41.4,1,open-meteo
Douar Trougout,Morocco,35.1797,-3.7714,2026-09-22,2026-09-19 12:02:40.727269+00:00,27.7,17.9,0.0,0,14.9,25.9,0,open-meteo
Douar Trougout,Morocco,35.1797,-3.7714,2026-09-23,2026-09-19 12:02:40.727269+00:00,27.0,17.8,0.0,0,13.0,23.0,1,open-meteo
Douar Trougout,Morocco,35.1797,-3.7714,2026-09-24,2026-09-19 12:02:40.727269+00:00,29.4,18.7,0.0,0,10.7,22.0,2,open-meteo
Douar Trougout,Morocco,35.1797,-3.7714,2026-09-25,2026-09-19 12:02:40.727269+00:00,30.1,22.6,0.0,0,11.2,22.0,3,open-meteo
Zawiat Moulay Brahim,Morocco,31.2858,-7.9656,2026-09-19,2026-09-19 12:02:40.812045+00:00,29.6,18.1,0.2,20,17.1,36.0,3,open-meteo
Zawiat Moulay Brahim,Morocco,31.2858,-7.9656,2026-09-20,2026-09-19 12:02:40.812045+00:00,29.8,20.6,0.1,20,17.6,36.0,80,open-meteo
Zawiat Moulay Brahim,Morocco,31.2858,-7.9656,2026-09-21,2026-09-19 12:02:40.812045+00:00,30.1,20.5,0.0,5,18.2,36.0,3,open-meteo
Zawiat Moulay Brahim,Morocco,31.2858,-7.9656,2026-09-22,2026-09-19 12:02:40.812045+00:00,30.6,19.7,0.0,0,20.2,38.2,1,open-meteo
Zawiat Moulay Brahim,Morocco,31.2858,-7.9656,2026-09-23,2026-09-19 12:02:40.812045+00:00,30.4,18.8,0.0,3,17.6,34.2,0,open-meteo
Zawiat Moulay Brahim,Morocco,31.2858,-7.9656,2026-09-24,2026-09-19 12:02:40.812045+00:00,30.9,19.1,0.0,3,19.8,36.7,1,open-meteo
Zawiat Moulay Brahim,Morocco,31.2858,-7.9656,2026-09-25,2026-09-19 12:02:40.812045+00:00,29.1,16.2,0.6,10,14.0,26.3,3,open-meteo
Sebt Bni Garfett,Morocco,35.25,-5.8333,2026-09-19,2026-09-19 12:02:40.896085+00:00,34.5,21.1,0.0,0,26.0,53.3,1,open-meteo
Sebt Bni Garfett,Morocco,35.25,-5.8333,2026-09-20,2026-09-19 12:02:40.896085+00:00,35.3,25.0,0.0,0,23.5,45.0,1,open-meteo
Sebt Bni Garfett,Morocco,35.25,-5.8333,2026-09-21,2026-09-19 12:02:40.896085+00:00,36.2,24.3,0.0,0,17.8,35.3,0,open-meteo
Sebt Bni Garfett,Morocco,35.25,-5.8333,2026-09-22,2026-09-19 12:02:40.896085+00:00,35.1,19.6,0.0,0,14.4,26.6,0,open-meteo
Sebt Bni Garfett,Morocco,35.25,-5.8333,2026-09-23,2026-09-19 12:02:40.896085+00:00,35.1,19.7,0.0,0,17.4,32.0,0,open-meteo
Sebt Bni Garfett,Morocco,35.25,-5.8333,2026-09-24,2026-09-19 12:02:40.896085+00:00,35.6,20.6,0.0,0,13.2,25.9,1,open-meteo
Sebt Bni Garfett,Morocco,35.25,-5.8333,2026-09-25,2026-09-19 12:02:40.896085+00:00,29.7,19.4,0.0,0,12.5,24.8,3,open-meteo
Jem’at Oulad ’Abbou,Morocco,33.1148,-7.9336,2026-09-19,2026-09-19 12:02:40.980812+00:00,31.8,17.1,0.0,0,17.6,34.2,45,open-meteo
Jem’at Oulad ’Abbou,Morocco,33.1148,-7.9336,2026-09-20,2026-09-19 12:02:40.980812+00:00,35.2,19.6,0.0,0,17.9,33.5,2,open-meteo
Jem’at Oulad ’Abbou,Morocco,33.1148,-7.9336,2026-09-21,2026-09-19 12:02:40.980812+00:00,35.5,20.1,0.0,0,16.6,32.0,2,open-meteo
Jem’at Oulad ’Abbou,Morocco,33.1148,-7.9336,2026-09-22,2026-09-19 12:02:40.980812+00:00,34.5,18.2,0.0,0,16.7,33.5,0,open-meteo
Jem’at Oulad ’Abbou,Morocco,33.1148,-7.9336,2026-09-23,2026-09-19 12:02:40.980812+00:00,33.8,18.2,0.0,0,16.1,32.0,45,open-meteo
Jem’at Oulad ’Abbou,Morocco,33.1148,-7.9336,2026-09-24,2026-09-19 12:02:40.980812+00:00,34.5,18.4,0.0,0,15.9,32.0,3,open-meteo
Jem’at Oulad ’Abbou,Morocco,33.1148,-7.9336,2026-09-25,2026-09-19 12:02:40.980812+00:00,27.8,18.6,0.0,3,15.6,30.2,3,open-meteo
Derdara,Morocco,35.1206,-5.3647,2026-09-19,2026-09-19 12:02:41.063300+00:00,26.7,18.0,0.0,0,21.0,46.4,1,open-meteo
Derdara,Morocco,35.1206,-5.3647,2026-09-20,2026-09-19 12:02:41.063300+00:00,27.8,19.7,0.0,0,20.4,45.7,1,open-meteo
Derdara,Morocco,35.1206,-5.3647,2026-09-21,2026-09-19 12:02:41.063300+00:00,28.1,18.9,0.0,0,16.8,36.7,2,open-meteo
Derdara,Morocco,35.1206,-5.3647,2026-09-22,2026-09-19 12:02:41.063300+00:00,29.0,16.7,0.0,0,14.4,35.6,0,open-meteo
Derdara,Morocco,35.1206,-5.3647,2026-09-23,2026-09-19 12:02:41.063300+00:00,29.9,16.6,0.0,0,14.5,31.3,0,open-meteo
Derdara,Morocco,35.1206,-5.3647,2026-09-24,2026-09-19 12:02:41.063300+00:00,30.9,17.8,0.0,0,11.0,27.3,2,open-meteo
Derdara,Morocco,35.1206,-5.3647,2026-09-25,2026-09-19 12:02:41.063300+00:00,29.0,15.8,0.0,3,11.7,36.0,3,open-meteo
Zawyat Ahançal,Morocco,31.8325,-6.1056,2026-09-19,2026-09-19 12:02:41.155048+00:00,26.0,16.7,0.0,85,23.1,41.8,3,open-meteo
Zawyat Ahançal,Morocco,31.8325,-6.1056,2026-09-20,2026-09-19 12:02:41.155048+00:00,27.3,16.4,0.1,43,17.7,38.5,3,open-meteo
Zawyat Ahançal,Morocco,31.8325,-6.1056,2026-09-21,2026-09-19 12:02:41.155048+00:00,25.9,16.3,0.0,21,23.5,41.8,3,open-meteo
Zawyat Ahançal,Morocco,31.8325,-6.1056,2026-09-22,2026-09-19 12:02:41.155048+00:00,26.4,15.2,0.0,0,23.3,42.5,1,open-meteo
Zawyat Ahançal,Morocco,31.8325,-6.1056,2026-09-23,2026-09-19 12:02:41.155048+00:00,27.1,14.6,0.0,0,20.4,37.1,0,open-meteo
Zawyat Ahançal,Morocco,31.8325,-6.1056,2026-09-24,2026-09-19 12:02:41.155048+00:00,26.6,16.8,0.0,8,27.0,54.0,0,open-meteo
Zawyat Ahançal,Morocco,31.8325,-6.1056,2026-09-25,2026-09-19 12:02:41.155048+00:00,25.7,17.4,0.6,27,15.9,32.8,3,open-meteo
Douar Oulad Nader,Morocco,32.3514,-6.5107,2026-09-19,2026-09-19 12:02:41.237984+00:00,37.8,20.7,0.0,3,14.0,28.4,3,open-meteo
Douar Oulad Nader,Morocco,32.3514,-6.5107,2026-09-20,2026-09-19 12:02:41.237984+00:00,39.1,21.2,0.0,5,16.3,30.2,3,open-meteo
Douar Oulad Nader,Morocco,32.3514,-6.5107,2026-09-21,2026-09-19 12:02:41.237984+00:00,37.7,21.5,0.0,3,14.9,27.4,3,open-meteo
Douar Oulad Nader,Morocco,32.3514,-6.5107,2026-09-22,2026-09-19 12:02:41.237984+00:00,37.5,21.7,0.0,0,12.5,22.7,2,open-meteo
Douar Oulad Nader,Morocco,32.3514,-6.5107,2026-09-23,2026-09-19 12:02:41.237984+00:00,37.7,19.3,0.0,0,10.7,20.2,0,open-meteo
Douar Oulad Nader,Morocco,32.3514,-6.5107,2026-09-24,2026-09-19 12:02:41.237984+00:00,37.7,19.4,0.0,3,14.1,25.9,1,open-meteo
Douar Oulad Nader,Morocco,32.3514,-6.5107,2026-09-25,2026-09-19 12:02:41.237984+00:00,35.0,21.3,0.0,8,9.4,20.5,3,open-meteo
Kariat Ben Aouda,Morocco,34.7667,-5.95,2026-09-19,2026-09-19 12:02:41.322005+00:00,36.6,18.7,0.0,0,15.1,28.4,1,open-meteo
Kariat Ben Aouda,Morocco,34.7667,-5.95,2026-09-20,2026-09-19 12:02:41.322005+00:00,37.3,24.5,0.0,0,16.3,32.0,1,open-meteo
Kariat Ben Aouda,Morocco,34.7667,-5.95,2026-09-21,2026-09-19 12:02:41.322005+00:00,36.6,22.7,0.0,0,14.0,27.0,0,open-meteo
Kariat Ben Aouda,Morocco,34.7667,-5.95,2026-09-22,2026-09-19 12:02:41.322005+00:00,36.1,22.7,0.0,0,13.4,28.1,0,open-meteo
Kariat Ben Aouda,Morocco,34.7667,-5.95,2026-09-23,2026-09-19 12:02:41.322005+00:00,36.3,20.6,0.0,0,13.4,28.1,0,open-meteo
Kariat Ben Aouda,Morocco,34.7667,-5.95,2026-09-24,2026-09-19 12:02:41.322005+00:00,33.5,19.9,0.0,0,16.5,33.1,2,open-meteo
Kariat Ben Aouda,Morocco,34.7667,-5.95,2026-09-25,2026-09-19 12:02:41.322005+00:00,29.0,20.0,0.0,0,14.4,28.8,45,open-meteo
Kef el Rhar,Morocco,34.5075,-4.2628,2026-09-19,2026-09-19 12:02:41.410201+00:00,29.6,19.5,0.0,8,25.3,49.3,3,open-meteo
Kef el Rhar,Morocco,34.5075,-4.2628,2026-09-20,2026-09-19 12:02:41.410201+00:00,30.4,21.2,0.3,8,22.1,41.8,80,open-meteo
Kef el Rhar,Morocco,34.5075,-4.2628,2026-09-21,2026-09-19 12:02:41.410201+00:00,29.9,19.6,0.0,0,17.7,33.8,2,open-meteo
Kef el Rhar,Morocco,34.5075,-4.2628,2026-09-22,2026-09-19 12:02:41.410201+00:00,29.6,17.1,0.0,0,19.8,38.2,0,open-meteo
Kef el Rhar,Morocco,34.5075,-4.2628,2026-09-23,2026-09-19 12:02:41.410201+00:00,31.7,18.6,0.0,0,18.5,35.3,0,open-meteo
Kef el Rhar,Morocco,34.5075,-4.2628,2026-09-24,2026-09-19 12:02:41.410201+00:00,33.6,18.5,0.0,0,12.0,25.6,0,open-meteo
Kef el Rhar,Morocco,34.5075,-4.2628,2026-09-25,2026-09-19 12:02:41.410201+00:00,32.5,18.3,0.0,0,18.4,37.8,3,open-meteo
Agdz,Morocco,30.6984,-6.4729,2026-09-19,2026-09-19 12:02:41.495961+00:00,31.0,20.9,0.0,10,24.5,39.2,3,open-meteo
Agdz,Morocco,30.6984,-6.4729,2026-09-20,2026-09-19 12:02:41.495961+00:00,32.3,20.5,0.7,30,15.6,31.7,80,open-meteo
Agdz,Morocco,30.6984,-6.4729,2026-09-21,2026-09-19 12:02:41.495961+00:00,33.9,20.8,0.2,10,27.7,43.9,3,open-meteo
Agdz,Morocco,30.6984,-6.4729,2026-09-22,2026-09-19 12:02:41.495961+00:00,34.5,21.3,0.0,0,27.4,50.4,2,open-meteo
Agdz,Morocco,30.6984,-6.4729,2026-09-23,2026-09-19 12:02:41.495961+00:00,32.7,20.8,0.0,3,15.6,24.8,2,open-meteo
Agdz,Morocco,30.6984,-6.4729,2026-09-24,2026-09-19 12:02:41.495961+00:00,33.4,21.2,0.0,8,14.0,23.4,2,open-meteo
Agdz,Morocco,30.6984,-6.4729,2026-09-25,2026-09-19 12:02:41.495961+00:00,29.3,22.4,2.1,15,7.1,28.4,95,open-meteo
Imlil,Morocco,31.7567,-7.0106,2026-09-19,2026-09-19 12:02:41.578717+00:00,32.7,20.5,0.0,13,17.9,37.1,3,open-meteo
Imlil,Morocco,31.7567,-7.0106,2026-09-20,2026-09-19 12:02:41.578717+00:00,33.4,24.1,0.2,15,17.8,36.0,3,open-meteo
Imlil,Morocco,31.7567,-7.0106,2026-09-21,2026-09-19 12:02:41.578717+00:00,32.9,22.7,0.0,0,18.5,35.6,2,open-meteo
Imlil,Morocco,31.7567,-7.0106,2026-09-22,2026-09-19 12:02:41.578717+00:00,32.9,22.2,0.0,0,17.5,34.2,2,open-meteo
Imlil,Morocco,31.7567,-7.0106,2026-09-23,2026-09-19 12:02:41.578717+00:00,33.3,20.1,0.0,0,17.9,34.2,0,open-meteo
Imlil,Morocco,31.7567,-7.0106,2026-09-24,2026-09-19 12:02:41.578717+00:00,33.2,18.2,0.0,5,15.4,30.2,3,open-meteo
Imlil,Morocco,31.7567,-7.0106,2026-09-25,2026-09-19 12:02:41.578717+00:00,30.5,17.3,0.0,15,15.8,30.2,3,open-meteo
Douar Ain Maatouf,Morocco,34.4353,-4.5567,2026-09-19,2026-09-19 12:02:41.663103+00:00,32.0,21.8,0.0,0,31.1,59.8,3,open-meteo
Douar Ain Maatouf,Morocco,34.4353,-4.5567,2026-09-20,2026-09-19 12:02:41.663103+00:00,32.9,23.0,0.0,0,25.5,49.3,1,open-meteo
Douar Ain Maatouf,Morocco,34.4353,-4.5567,2026-09-21,2026-09-19 12:02:41.663103+00:00,31.5,22.0,0.0,0,23.2,44.3,2,open-meteo
Douar Ain Maatouf,Morocco,34.4353,-4.5567,2026-09-22,2026-09-19 12:02:41.663103+00:00,32.3,19.4,0.0,0,18.9,37.8,0,open-meteo
Douar Ain Maatouf,Morocco,34.4353,-4.5567,2026-09-23,2026-09-19 12:02:41.663103+00:00,34.4,20.4,0.0,0,14.6,30.6,0,open-meteo
Douar Ain Maatouf,Morocco,34.4353,-4.5567,2026-09-24,2026-09-19 12:02:41.663103+00:00,35.8,19.9,0.0,0,11.1,22.0,2,open-meteo
Douar Ain Maatouf,Morocco,34.4353,-4.5567,2026-09-25,2026-09-19 12:02:41.663103+00:00,33.9,18.9,0.0,0,14.6,31.0,3,open-meteo
Msila,Morocco,34.4427,-4.1711,2026-09-19,2026-09-19 12:02:41.745234+00:00,29.1,19.4,0.0,8,26.8,52.2,3,open-meteo
Msila,Morocco,34.4427,-4.1711,2026-09-20,2026-09-19 12:02:41.745234+00:00,30.0,20.9,0.0,8,22.6,43.9,2,open-meteo
Msila,Morocco,34.4427,-4.1711,2026-09-21,2026-09-19 12:02:41.745234+00:00,29.0,19.6,0.0,0,21.3,41.4,1,open-meteo
Msila,Morocco,34.4427,-4.1711,2026-09-22,2026-09-19 12:02:41.745234+00:00,29.2,16.2,0.0,0,19.6,38.2,0,open-meteo
Msila,Morocco,34.4427,-4.1711,2026-09-23,2026-09-19 12:02:41.745234+00:00,31.4,17.5,0.0,0,17.2,34.6,0,open-meteo
Msila,Morocco,34.4427,-4.1711,2026-09-24,2026-09-19 12:02:41.745234+00:00,33.2,18.1,0.0,0,12.0,25.6,0,open-meteo
Msila,Morocco,34.4427,-4.1711,2026-09-25,2026-09-19 12:02:41.745234+00:00,32.1,17.9,0.0,0,18.4,37.8,3,open-meteo
Amdel,Morocco,31.5617,-8.8944,2026-09-19,2026-09-19 12:02:41.828471+00:00,34.8,19.5,0.0,3,18.2,32.0,2,open-meteo
Amdel,Morocco,31.5617,-8.8944,2026-09-20,2026-09-19 12:02:41.828471+00:00,34.0,22.7,0.0,3,20.8,36.0,2,open-meteo
Amdel,Morocco,31.5617,-8.8944,2026-09-21,2026-09-19 12:02:41.828471+00:00,37.2,22.1,0.0,0,22.4,40.0,3,open-meteo
Amdel,Morocco,31.5617,-8.8944,2026-09-22,2026-09-19 12:02:41.828471+00:00,37.5,19.9,0.0,0,20.9,37.1,0,open-meteo
Amdel,Morocco,31.5617,-8.8944,2026-09-23,2026-09-19 12:02:41.828471+00:00,36.2,17.8,0.0,0,18.2,33.1,1,open-meteo
Amdel,Morocco,31.5617,-8.8944,2026-09-24,2026-09-19 12:02:41.828471+00:00,36.7,20.9,0.0,0,20.8,36.0,3,open-meteo
Amdel,Morocco,31.5617,-8.8944,2026-09-25,2026-09-19 12:02:41.828471+00:00,31.7,19.9,0.0,0,20.2,36.0,3,open-meteo
Aït Hani,Morocco,31.7786,-5.4555,2026-09-19,2026-09-19 12:02:41.911493+00:00,21.1,12.0,5.4,93,15.3,27.4,95,open-meteo
Aït Hani,Morocco,31.7786,-5.4555,2026-09-20,2026-09-19 12:02:41.911493+00:00,19.8,12.4,2.7,90,14.8,24.1,80,open-meteo
Aït Hani,Morocco,31.7786,-5.4555,2026-09-21,2026-09-19 12:02:41.911493+00:00,23.7,13.3,0.0,8,33.0,54.0,2,open-meteo
Aït Hani,Morocco,31.7786,-5.4555,2026-09-22,2026-09-19 12:02:41.911493+00:00,23.6,12.7,0.0,0,20.9,35.3,2,open-meteo
Aït Hani,Morocco,31.7786,-5.4555,2026-09-23,2026-09-19 12:02:41.911493+00:00,22.7,10.5,0.0,5,13.9,23.0,2,open-meteo
Aït Hani,Morocco,31.7786,-5.4555,2026-09-24,2026-09-19 12:02:41.911493+00:00,22.8,14.3,0.9,25,14.5,34.2,3,open-meteo
Aït Hani,Morocco,31.7786,-5.4555,2026-09-25,2026-09-19 12:02:41.911493+00:00,21.2,15.2,2.1,32,12.1,24.8,3,open-meteo
Ain Bida,Morocco,33.9856,-4.8931,2026-09-19,2026-09-19 12:02:41.996084+00:00,33.7,19.7,0.0,5,22.1,42.5,2,open-meteo
Ain Bida,Morocco,33.9856,-4.8931,2026-09-20,2026-09-19 12:02:41.996084+00:00,35.6,20.8,0.0,0,15.6,29.5,3,open-meteo
Ain Bida,Morocco,33.9856,-4.8931,2026-09-21,2026-09-19 12:02:41.996084+00:00,34.6,20.2,0.0,0,13.6,27.0,1,open-meteo
Ain Bida,Morocco,33.9856,-4.8931,2026-09-22,2026-09-19 12:02:41.996084+00:00,33.7,18.9,0.0,0,11.8,23.8,1,open-meteo
Ain Bida,Morocco,33.9856,-4.8931,2026-09-23,2026-09-19 12:02:41.996084+00:00,35.2,16.7,0.0,0,11.6,22.7,0,open-meteo
Ain Bida,Morocco,33.9856,-4.8931,2026-09-24,2026-09-19 12:02:41.996084+00:00,36.4,18.2,0.0,0,14.8,29.2,2,open-meteo
Ain Bida,Morocco,33.9856,-4.8931,2026-09-25,2026-09-19 12:02:41.996084+00:00,34.1,19.6,0.0,0,17.9,36.4,3,open-meteo
Oulad Cherif,Morocco,34.2686,-4.1594,2026-09-19,2026-09-19 12:02:42.083918+00:00,27.6,18.3,0.0,0,33.2,62.3,3,open-meteo
Oulad Cherif,Morocco,34.2686,-4.1594,2026-09-20,2026-09-19 12:02:42.083918+00:00,28.8,19.4,0.0,0,25.3,47.2,3,open-meteo
Oulad Cherif,Morocco,34.2686,-4.1594,2026-09-21,2026-09-19 12:02:42.083918+00:00,27.7,19.0,0.0,0,24.8,46.1,3,open-meteo
Oulad Cherif,Morocco,34.2686,-4.1594,2026-09-22,2026-09-19 12:02:42.083918+00:00,28.2,16.4,0.0,0,23.9,43.6,1,open-meteo
Oulad Cherif,Morocco,34.2686,-4.1594,2026-09-23,2026-09-19 12:02:42.083918+00:00,30.4,18.2,0.0,0,20.2,36.7,0,open-meteo
Oulad Cherif,Morocco,34.2686,-4.1594,2026-09-24,2026-09-19 12:02:42.083918+00:00,32.6,15.8,0.0,0,9.5,18.0,0,open-meteo
Oulad Cherif,Morocco,34.2686,-4.1594,2026-09-25,2026-09-19 12:02:42.083918+00:00,31.9,16.3,0.0,0,17.9,32.8,3,open-meteo
Souq Sebt Says,Morocco,32.7772,-8.6433,2026-09-19,2026-09-19 12:02:42.171402+00:00,31.0,17.4,0.0,0,17.8,33.8,3,open-meteo
Souq Sebt Says,Morocco,32.7772,-8.6433,2026-09-20,2026-09-19 12:02:42.171402+00:00,32.6,19.6,0.0,0,15.4,29.9,2,open-meteo
Souq Sebt Says,Morocco,32.7772,-8.6433,2026-09-21,2026-09-19 12:02:42.171402+00:00,35.6,20.4,0.0,0,15.5,29.5,3,open-meteo
Souq Sebt Says,Morocco,32.7772,-8.6433,2026-09-22,2026-09-19 12:02:42.171402+00:00,33.1,18.3,0.0,0,15.3,30.2,45,open-meteo
Souq Sebt Says,Morocco,32.7772,-8.6433,2026-09-23,2026-09-19 12:02:42.171402+00:00,32.1,19.2,0.0,0,14.3,29.5,45,open-meteo
Souq Sebt Says,Morocco,32.7772,-8.6433,2026-09-24,2026-09-19 12:02:42.171402+00:00,30.7,17.6,0.0,0,15.3,30.6,45,open-meteo
Souq Sebt Says,Morocco,32.7772,-8.6433,2026-09-25,2026-09-19 12:02:42.171402+00:00,27.8,18.7,0.0,0,16.5,32.4,3,open-meteo
Tarfaya,Morocco,27.9133,-12.9317,2026-09-19,2026-09-19 12:02:42.258512+00:00,25.6,19.8,0.0,0,18.7,34.2,1,open-meteo
Tarfaya,Morocco,27.9133,-12.9317,2026-09-20,2026-09-19 12:02:42.258512+00:00,25.7,19.1,0.0,0,19.9,34.6,3,open-meteo
Tarfaya,Morocco,27.9133,-12.9317,2026-09-21,2026-09-19 12:02:42.258512+00:00,25.9,20.8,0.0,0,27.1,44.6,1,open-meteo
Tarfaya,Morocco,27.9133,-12.9317,2026-09-22,2026-09-19 12:02:42.258512+00:00,26.4,21.1,0.0,2,29.9,46.8,2,open-meteo
Tarfaya,Morocco,27.9133,-12.9317,2026-09-23,2026-09-19 12:02:42.258512+00:00,28.9,21.1,0.0,0,29.3,49.0,1,open-meteo
Tarfaya,Morocco,27.9133,-12.9317,2026-09-24,2026-09-19 12:02:42.258512+00:00,27.8,21.8,0.0,2,26.7,44.3,0,open-meteo
Tarfaya,Morocco,27.9133,-12.9317,2026-09-25,2026-09-19 12:02:42.258512+00:00,25.9,20.6,0.0,2,25.1,39.6,2,open-meteo
Farkhâna,Morocco,35.2869,-3.0144,2026-09-19,2026-09-19 12:02:42.344965+00:00,25.7,22.3,1.4,38,27.3,54.7,3,open-meteo
Farkhâna,Morocco,35.2869,-3.0144,2026-09-20,2026-09-19 12:02:42.344965+00:00,26.2,22.9,0.2,60,27.6,55.8,3,open-meteo
Farkhâna,Morocco,35.2869,-3.0144,2026-09-21,2026-09-19 12:02:42.344965+00:00,26.2,22.0,0.0,5,19.5,38.9,2,open-meteo
Farkhâna,Morocco,35.2869,-3.0144,2026-09-22,2026-09-19 12:02:42.344965+00:00,25.8,20.6,0.0,0,17.3,35.6,45,open-meteo
Farkhâna,Morocco,35.2869,-3.0144,2026-09-23,2026-09-19 12:02:42.344965+00:00,25.9,20.9,0.0,0,17.1,35.3,2,open-meteo
Farkhâna,Morocco,35.2869,-3.0144,2026-09-24,2026-09-19 12:02:42.344965+00:00,27.8,20.4,0.0,0,11.0,25.9,45,open-meteo
Farkhâna,Morocco,35.2869,-3.0144,2026-09-25,2026-09-19 12:02:42.344965+00:00,28.9,20.2,0.0,0,9.8,24.1,45,open-meteo
Tamezmout,Morocco,30.8075,-6.1142,2026-09-19,2026-09-19 12:02:42.428906+00:00,28.8,21.8,0.0,13,25.2,41.0,3,open-meteo
Tamezmout,Morocco,30.8075,-6.1142,2026-09-20,2026-09-19 12:02:42.428906+00:00,29.5,19.9,0.9,38,16.1,47.2,80,open-meteo
Tamezmout,Morocco,30.8075,-6.1142,2026-09-21,2026-09-19 12:02:42.428906+00:00,31.8,21.4,0.2,5,20.9,33.8,80,open-meteo
Tamezmout,Morocco,30.8075,-6.1142,2026-09-22,2026-09-19 12:02:42.428906+00:00,32.1,21.5,0.0,0,19.4,33.5,2,open-meteo
Tamezmout,Morocco,30.8075,-6.1142,2026-09-23,2026-09-19 12:02:42.428906+00:00,30.4,20.8,0.0,3,17.3,27.4,2,open-meteo
Tamezmout,Morocco,30.8075,-6.1142,2026-09-24,2026-09-19 12:02:42.428906+00:00,31.3,20.6,0.0,8,14.3,25.9,2,open-meteo
Tamezmout,Morocco,30.8075,-6.1142,2026-09-25,2026-09-19 12:02:42.428906+00:00,26.1,20.7,3.3,15,8.4,29.9,80,open-meteo
Bni Drar,Morocco,34.8281,-1.9936,2026-09-19,2026-09-19 12:02:42.513728+00:00,28.6,19.1,0.0,10,15.3,33.1,45,open-meteo
Bni Drar,Morocco,34.8281,-1.9936,2026-09-20,2026-09-19 12:02:42.513728+00:00,28.3,19.4,0.3,0,20.9,38.9,80,open-meteo
Bni Drar,Morocco,34.8281,-1.9936,2026-09-21,2026-09-19 12:02:42.513728+00:00,26.3,16.4,0.0,11,22.9,41.8,45,open-meteo
Bni Drar,Morocco,34.8281,-1.9936,2026-09-22,2026-09-19 12:02:42.513728+00:00,27.7,13.9,0.0,0,18.8,35.3,1,open-meteo
Bni Drar,Morocco,34.8281,-1.9936,2026-09-23,2026-09-19 12:02:42.513728+00:00,29.4,15.3,0.0,0,20.2,38.9,1,open-meteo
Bni Drar,Morocco,34.8281,-1.9936,2026-09-24,2026-09-19 12:02:42.513728+00:00,29.1,15.7,0.0,0,11.1,28.4,1,open-meteo
Bni Drar,Morocco,34.8281,-1.9936,2026-09-25,2026-09-19 12:02:42.513728+00:00,28.8,17.6,0.0,0,11.2,28.4,3,open-meteo
Oued Amlil,Morocco,34.1917,-4.2711,2026-09-19,2026-09-19 12:02:42.598525+00:00,31.7,22.2,0.0,5,34.2,62.6,3,open-meteo
Oued Amlil,Morocco,34.1917,-4.2711,2026-09-20,2026-09-19 12:02:42.598525+00:00,32.9,23.0,0.0,0,25.4,48.6,1,open-meteo
Oued Amlil,Morocco,34.1917,-4.2711,2026-09-21,2026-09-19 12:02:42.598525+00:00,31.9,22.6,0.0,0,24.7,45.0,3,open-meteo
Oued Amlil,Morocco,34.1917,-4.2711,2026-09-22,2026-09-19 12:02:42.598525+00:00,31.6,20.0,0.0,0,24.3,44.3,1,open-meteo
Oued Amlil,Morocco,34.1917,-4.2711,2026-09-23,2026-09-19 12:02:42.598525+00:00,33.9,21.4,0.0,0,20.8,38.2,0,open-meteo
Oued Amlil,Morocco,34.1917,-4.2711,2026-09-24,2026-09-19 12:02:42.598525+00:00,36.4,20.8,0.0,0,10.9,20.9,1,open-meteo
Oued Amlil,Morocco,34.1917,-4.2711,2026-09-25,2026-09-19 12:02:42.598525+00:00,35.2,19.1,0.0,0,15.1,28.8,3,open-meteo
Tifni,Morocco,31.6281,-6.9444,2026-09-19,2026-09-19 12:02:42.681152+00:00,28.8,18.4,0.4,50,25.0,56.5,3,open-meteo
Tifni,Morocco,31.6281,-6.9444,2026-09-20,2026-09-19 12:02:42.681152+00:00,28.7,20.1,0.3,45,15.8,38.5,80,open-meteo
Tifni,Morocco,31.6281,-6.9444,2026-09-21,2026-09-19 12:02:42.681152+00:00,27.3,19.9,0.1,5,19.9,43.6,2,open-meteo
Tifni,Morocco,31.6281,-6.9444,2026-09-22,2026-09-19 12:02:42.681152+00:00,28.6,18.4,0.0,0,22.7,47.2,2,open-meteo
Tifni,Morocco,31.6281,-6.9444,2026-09-23,2026-09-19 12:02:42.681152+00:00,29.0,18.1,0.0,0,19.3,40.3,0,open-meteo
Tifni,Morocco,31.6281,-6.9444,2026-09-24,2026-09-19 12:02:42.681152+00:00,29.0,18.4,0.0,5,22.3,46.1,3,open-meteo
Tifni,Morocco,31.6281,-6.9444,2026-09-25,2026-09-19 12:02:42.681152+00:00,27.4,17.7,0.9,15,9.6,24.8,80,open-meteo
Oulad Hammou,Morocco,33.1156,-7.9333,2026-09-19,2026-09-19 12:02:42.764739+00:00,31.8,17.1,0.0,0,17.6,34.2,45,open-meteo
Oulad Hammou,Morocco,33.1156,-7.9333,2026-09-20,2026-09-19 12:02:42.764739+00:00,35.2,19.6,0.0,0,17.9,33.5,2,open-meteo
Oulad Hammou,Morocco,33.1156,-7.9333,2026-09-21,2026-09-19 12:02:42.764739+00:00,35.5,20.1,0.0,0,16.6,32.0,2,open-meteo
Oulad Hammou,Morocco,33.1156,-7.9333,2026-09-22,2026-09-19 12:02:42.764739+00:00,34.5,18.2,0.0,0,16.7,33.5,0,open-meteo
Oulad Hammou,Morocco,33.1156,-7.9333,2026-09-23,2026-09-19 12:02:42.764739+00:00,33.8,18.2,0.0,0,16.1,32.0,45,open-meteo
Oulad Hammou,Morocco,33.1156,-7.9333,2026-09-24,2026-09-19 12:02:42.764739+00:00,34.5,18.4,0.0,0,15.9,32.0,3,open-meteo
Oulad Hammou,Morocco,33.1156,-7.9333,2026-09-25,2026-09-19 12:02:42.764739+00:00,27.8,18.6,0.0,3,15.6,30.2,3,open-meteo
Tanant,Morocco,31.8667,-6.95,2026-09-19,2026-09-19 12:02:42.849336+00:00,32.9,19.9,0.0,8,18.7,37.1,3,open-meteo
Tanant,Morocco,31.8667,-6.95,2026-09-20,2026-09-19 12:02:42.849336+00:00,33.6,22.3,0.1,15,17.1,33.5,3,open-meteo
Tanant,Morocco,31.8667,-6.95,2026-09-21,2026-09-19 12:02:42.849336+00:00,33.2,21.3,0.0,0,16.6,32.8,2,open-meteo
Tanant,Morocco,31.8667,-6.95,2026-09-22,2026-09-19 12:02:42.849336+00:00,33.1,20.6,0.0,0,13.8,26.6,2,open-meteo
Tanant,Morocco,31.8667,-6.95,2026-09-23,2026-09-19 12:02:42.849336+00:00,33.4,18.3,0.0,0,16.1,31.0,1,open-meteo
Tanant,Morocco,31.8667,-6.95,2026-09-24,2026-09-19 12:02:42.849336+00:00,34.1,19.1,0.0,5,14.2,29.5,3,open-meteo
Tanant,Morocco,31.8667,-6.95,2026-09-25,2026-09-19 12:02:42.849336+00:00,31.2,18.3,0.0,15,13.8,28.1,3,open-meteo
Douar El Mellaliyine,Morocco,35.6264,-5.3414,2026-09-19,2026-09-19 12:02:42.932145+00:00,23.9,21.5,4.1,0,26.8,57.2,80,open-meteo
Douar El Mellaliyine,Morocco,35.6264,-5.3414,2026-09-20,2026-09-19 12:02:42.932145+00:00,24.1,22.4,2.1,0,23.4,50.4,80,open-meteo
Douar El Mellaliyine,Morocco,35.6264,-5.3414,2026-09-21,2026-09-19 12:02:42.932145+00:00,25.1,21.2,0.0,0,21.7,48.6,2,open-meteo
Douar El Mellaliyine,Morocco,35.6264,-5.3414,2026-09-22,2026-09-19 12:02:42.932145+00:00,24.2,20.6,0.0,0,18.4,40.0,2,open-meteo
Douar El Mellaliyine,Morocco,35.6264,-5.3414,2026-09-23,2026-09-19 12:02:42.932145+00:00,24.3,20.0,0.0,0,17.3,37.4,2,open-meteo
Douar El Mellaliyine,Morocco,35.6264,-5.3414,2026-09-24,2026-09-19 12:02:42.932145+00:00,27.2,20.9,0.0,0,16.5,40.0,45,open-meteo
Douar El Mellaliyine,Morocco,35.6264,-5.3414,2026-09-25,2026-09-19 12:02:42.932145+00:00,30.1,19.5,0.0,0,9.8,22.3,45,open-meteo
El Ghourdane,Morocco,32.3205,-8.7637,2026-09-19,2026-09-19 12:02:43.016174+00:00,34.0,18.3,0.0,0,17.0,30.2,2,open-meteo
El Ghourdane,Morocco,32.3205,-8.7637,2026-09-20,2026-09-19 12:02:43.016174+00:00,34.3,20.5,0.0,0,16.6,29.5,2,open-meteo
El Ghourdane,Morocco,32.3205,-8.7637,2026-09-21,2026-09-19 12:02:43.016174+00:00,37.5,22.4,0.0,0,14.9,26.6,3,open-meteo
El Ghourdane,Morocco,32.3205,-8.7637,2026-09-22,2026-09-19 12:02:43.016174+00:00,37.1,20.5,0.0,0,16.0,30.2,1,open-meteo
El Ghourdane,Morocco,32.3205,-8.7637,2026-09-23,2026-09-19 12:02:43.016174+00:00,35.3,18.1,0.0,0,14.2,25.9,45,open-meteo
El Ghourdane,Morocco,32.3205,-8.7637,2026-09-24,2026-09-19 12:02:43.016174+00:00,34.7,18.6,0.0,0,17.7,33.1,3,open-meteo
El Ghourdane,Morocco,32.3205,-8.7637,2026-09-25,2026-09-19 12:02:43.016174+00:00,30.6,20.0,0.0,0,18.1,33.5,3,open-meteo
Laghzawna,Morocco,33.1914,-7.6701,2026-09-19,2026-09-19 12:02:43.102378+00:00,33.0,16.6,0.0,0,17.1,31.3,2,open-meteo
Laghzawna,Morocco,33.1914,-7.6701,2026-09-20,2026-09-19 12:02:43.102378+00:00,36.1,18.9,0.0,0,19.1,35.3,1,open-meteo
Laghzawna,Morocco,33.1914,-7.6701,2026-09-21,2026-09-19 12:02:43.102378+00:00,36.2,19.1,0.0,0,17.8,33.1,45,open-meteo
Laghzawna,Morocco,33.1914,-7.6701,2026-09-22,2026-09-19 12:02:43.102378+00:00,35.8,18.4,0.0,0,18.1,33.8,1,open-meteo
Laghzawna,Morocco,33.1914,-7.6701,2026-09-23,2026-09-19 12:02:43.102378+00:00,35.0,17.7,0.0,0,17.1,32.8,45,open-meteo
Laghzawna,Morocco,33.1914,-7.6701,2026-09-24,2026-09-19 12:02:43.102378+00:00,34.3,16.5,0.0,0,19.1,34.9,45,open-meteo
Laghzawna,Morocco,33.1914,-7.6701,2026-09-25,2026-09-19 12:02:43.102378+00:00,29.0,19.2,0.0,0,16.1,31.3,45,open-meteo
Al M’aziz,Morocco,33.7039,-6.34,2026-09-19,2026-09-19 12:02:43.183785+00:00,35.1,16.6,0.0,0,13.4,25.2,2,open-meteo
Al M’aziz,Morocco,33.7039,-6.34,2026-09-20,2026-09-19 12:02:43.183785+00:00,37.3,18.7,0.0,0,20.0,37.4,1,open-meteo
Al M’aziz,Morocco,33.7039,-6.34,2026-09-21,2026-09-19 12:02:43.183785+00:00,36.4,19.3,0.0,0,17.7,32.4,1,open-meteo
Al M’aziz,Morocco,33.7039,-6.34,2026-09-22,2026-09-19 12:02:43.183785+00:00,35.2,18.5,0.0,0,15.3,29.2,0,open-meteo
Al M’aziz,Morocco,33.7039,-6.34,2026-09-23,2026-09-19 12:02:43.183785+00:00,35.8,16.5,0.0,0,15.9,29.5,0,open-meteo
Al M’aziz,Morocco,33.7039,-6.34,2026-09-24,2026-09-19 12:02:43.183785+00:00,34.3,17.7,0.0,0,16.0,34.2,2,open-meteo
Al M’aziz,Morocco,33.7039,-6.34,2026-09-25,2026-09-19 12:02:43.183785+00:00,30.0,16.8,0.0,3,16.1,34.2,3,open-meteo
El Arba Des Bir Lenni,Morocco,34.3272,-4.2039,2026-09-19,2026-09-19 12:02:43.269853+00:00,29.5,20.3,0.0,5,34.6,88.6,3,open-meteo
El Arba Des Bir Lenni,Morocco,34.3272,-4.2039,2026-09-20,2026-09-19 12:02:43.269853+00:00,30.9,21.6,0.0,0,28.0,69.8,2,open-meteo
El Arba Des Bir Lenni,Morocco,34.3272,-4.2039,2026-09-21,2026-09-19 12:02:43.269853+00:00,29.5,20.9,0.0,0,27.5,65.2,3,open-meteo
El Arba Des Bir Lenni,Morocco,34.3272,-4.2039,2026-09-22,2026-09-19 12:02:43.269853+00:00,30.3,18.4,0.0,0,23.1,55.8,0,open-meteo
El Arba Des Bir Lenni,Morocco,34.3272,-4.2039,2026-09-23,2026-09-19 12:02:43.269853+00:00,32.4,20.0,0.0,0,20.3,51.8,0,open-meteo
El Arba Des Bir Lenni,Morocco,34.3272,-4.2039,2026-09-24,2026-09-19 12:02:43.269853+00:00,34.3,19.4,0.0,0,11.6,28.9,1,open-meteo
El Arba Des Bir Lenni,Morocco,34.3272,-4.2039,2026-09-25,2026-09-19 12:02:43.269853+00:00,32.8,17.9,0.0,0,15.4,31.3,3,open-meteo
Oulad Daoud,Morocco,34.4303,-4.7728,2026-09-19,2026-09-19 12:02:43.353233+00:00,33.1,21.4,0.0,0,29.3,60.5,2,open-meteo
Oulad Daoud,Morocco,34.4303,-4.7728,2026-09-20,2026-09-19 12:02:43.353233+00:00,33.9,22.8,0.0,0,22.7,45.7,3,open-meteo
Oulad Daoud,Morocco,34.4303,-4.7728,2026-09-21,2026-09-19 12:02:43.353233+00:00,33.1,22.1,0.0,0,23.4,45.4,1,open-meteo
Oulad Daoud,Morocco,34.4303,-4.7728,2026-09-22,2026-09-19 12:02:43.353233+00:00,33.2,19.2,0.0,0,15.1,32.0,0,open-meteo
Oulad Daoud,Morocco,34.4303,-4.7728,2026-09-23,2026-09-19 12:02:43.353233+00:00,35.2,19.8,0.0,0,10.7,26.3,0,open-meteo
Oulad Daoud,Morocco,34.4303,-4.7728,2026-09-24,2026-09-19 12:02:43.353233+00:00,36.1,20.2,0.0,0,9.5,19.4,2,open-meteo
Oulad Daoud,Morocco,34.4303,-4.7728,2026-09-25,2026-09-19 12:02:43.353233+00:00,33.8,20.1,0.0,0,16.3,32.8,3,open-meteo
Jaqma,Morocco,33.2925,-7.4406,2026-09-19,2026-09-19 12:02:43.439556+00:00,32.9,16.7,0.0,0,16.6,32.0,2,open-meteo
Jaqma,Morocco,33.2925,-7.4406,2026-09-20,2026-09-19 12:02:43.439556+00:00,36.4,18.4,0.0,0,18.7,36.4,1,open-meteo
Jaqma,Morocco,33.2925,-7.4406,2026-09-21,2026-09-19 12:02:43.439556+00:00,36.5,19.3,0.0,0,18.9,36.4,2,open-meteo
Jaqma,Morocco,33.2925,-7.4406,2026-09-22,2026-09-19 12:02:43.439556+00:00,35.6,18.7,0.0,0,19.2,36.7,0,open-meteo
Jaqma,Morocco,33.2925,-7.4406,2026-09-23,2026-09-19 12:02:43.439556+00:00,34.9,17.5,0.0,0,17.6,35.3,1,open-meteo
Jaqma,Morocco,33.2925,-7.4406,2026-09-24,2026-09-19 12:02:43.439556+00:00,36.1,16.0,0.0,0,18.8,34.6,3,open-meteo
Jaqma,Morocco,33.2925,-7.4406,2026-09-25,2026-09-19 12:02:43.439556+00:00,30.0,19.6,0.0,3,16.1,30.6,3,open-meteo
Douar Bouchfaa,Morocco,34.1014,-4.2939,2026-09-19,2026-09-19 12:02:43.523736+00:00,31.8,20.6,0.2,15,22.1,43.9,80,open-meteo
Douar Bouchfaa,Morocco,34.1014,-4.2939,2026-09-20,2026-09-19 12:02:43.523736+00:00,32.4,21.2,0.0,0,20.7,40.0,1,open-meteo
Douar Bouchfaa,Morocco,34.1014,-4.2939,2026-09-21,2026-09-19 12:02:43.523736+00:00,31.6,20.8,0.0,0,19.8,36.7,0,open-meteo
Douar Bouchfaa,Morocco,34.1014,-4.2939,2026-09-22,2026-09-19 12:02:43.523736+00:00,30.7,18.4,0.0,0,17.0,36.7,1,open-meteo
Douar Bouchfaa,Morocco,34.1014,-4.2939,2026-09-23,2026-09-19 12:02:43.523736+00:00,33.1,18.9,0.0,0,15.3,34.2,0,open-meteo
Douar Bouchfaa,Morocco,34.1014,-4.2939,2026-09-24,2026-09-19 12:02:43.523736+00:00,35.2,19.7,0.0,0,13.0,25.9,1,open-meteo
Douar Bouchfaa,Morocco,34.1014,-4.2939,2026-09-25,2026-09-19 12:02:43.523736+00:00,33.6,19.3,0.0,0,17.5,33.5,3,open-meteo
Lafrayta,Morocco,31.932,-7.26,2026-09-19,2026-09-19 12:02:43.607601+00:00,35.7,19.2,0.0,5,17.7,33.8,2,open-meteo
Lafrayta,Morocco,31.932,-7.26,2026-09-20,2026-09-19 12:02:43.607601+00:00,36.6,21.8,0.2,13,21.2,40.3,3,open-meteo
Lafrayta,Morocco,31.932,-7.26,2026-09-21,2026-09-19 12:02:43.607601+00:00,36.5,20.8,0.0,0,15.9,30.2,2,open-meteo
Lafrayta,Morocco,31.932,-7.26,2026-09-22,2026-09-19 12:02:43.607601+00:00,36.2,20.0,0.0,0,16.6,29.2,1,open-meteo
Lafrayta,Morocco,31.932,-7.26,2026-09-23,2026-09-19 12:02:43.607601+00:00,36.1,18.8,0.0,0,14.6,26.6,0,open-meteo
Lafrayta,Morocco,31.932,-7.26,2026-09-24,2026-09-19 12:02:43.607601+00:00,36.2,17.7,0.0,0,13.8,25.6,3,open-meteo
Lafrayta,Morocco,31.932,-7.26,2026-09-25,2026-09-19 12:02:43.607601+00:00,33.0,18.4,0.0,0,13.4,24.1,3,open-meteo
Kenafif,Morocco,30.4167,-9.0333,2026-09-19,2026-09-19 12:02:43.690170+00:00,30.8,19.6,0.0,0,25.5,44.3,2,open-meteo
Kenafif,Morocco,30.4167,-9.0333,2026-09-20,2026-09-19 12:02:43.690170+00:00,32.3,19.3,0.0,0,24.3,41.4,2,open-meteo
Kenafif,Morocco,30.4167,-9.0333,2026-09-21,2026-09-19 12:02:43.690170+00:00,39.9,22.3,0.0,0,26.9,45.7,3,open-meteo
Kenafif,Morocco,30.4167,-9.0333,2026-09-22,2026-09-19 12:02:43.690170+00:00,38.7,21.0,0.0,0,33.1,57.2,3,open-meteo
Kenafif,Morocco,30.4167,-9.0333,2026-09-23,2026-09-19 12:02:43.690170+00:00,39.8,19.9,0.0,0,27.2,46.8,0,open-meteo
Kenafif,Morocco,30.4167,-9.0333,2026-09-24,2026-09-19 12:02:43.690170+00:00,40.2,23.9,0.0,0,22.6,42.1,2,open-meteo
Kenafif,Morocco,30.4167,-9.0333,2026-09-25,2026-09-19 12:02:43.690170+00:00,32.3,20.5,0.0,3,25.1,40.7,3,open-meteo
Jafra,Morocco,32.3639,-7.7295,2026-09-19,2026-09-19 12:02:43.772920+00:00,35.6,21.1,0.0,0,21.3,32.8,2,open-meteo
Jafra,Morocco,32.3639,-7.7295,2026-09-20,2026-09-19 12:02:43.772920+00:00,36.9,24.2,0.0,5,23.7,38.5,2,open-meteo
Jafra,Morocco,32.3639,-7.7295,2026-09-21,2026-09-19 12:02:43.772920+00:00,38.4,23.7,0.0,0,23.0,36.7,2,open-meteo
Jafra,Morocco,32.3639,-7.7295,2026-09-22,2026-09-19 12:02:43.772920+00:00,37.4,23.3,0.0,0,20.4,31.3,0,open-meteo
Jafra,Morocco,32.3639,-7.7295,2026-09-23,2026-09-19 12:02:43.772920+00:00,37.2,21.3,0.0,0,17.1,28.1,0,open-meteo
Jafra,Morocco,32.3639,-7.7295,2026-09-24,2026-09-19 12:02:43.772920+00:00,37.4,21.6,0.0,0,23.3,36.4,3,open-meteo
Jafra,Morocco,32.3639,-7.7295,2026-09-25,2026-09-19 12:02:43.772920+00:00,32.1,21.3,0.0,0,23.2,37.1,3,open-meteo
Taouloukoult,Morocco,31.2167,-9.0833,2026-09-19,2026-09-19 12:02:43.857613+00:00,30.1,18.9,0.0,3,14.2,27.7,3,open-meteo
Taouloukoult,Morocco,31.2167,-9.0833,2026-09-20,2026-09-19 12:02:43.857613+00:00,30.0,21.9,0.5,40,15.9,30.6,2,open-meteo
Taouloukoult,Morocco,31.2167,-9.0833,2026-09-21,2026-09-19 12:02:43.857613+00:00,32.8,22.4,0.0,0,23.3,42.5,3,open-meteo
Taouloukoult,Morocco,31.2167,-9.0833,2026-09-22,2026-09-19 12:02:43.857613+00:00,32.4,21.5,0.0,0,21.5,38.9,1,open-meteo
Taouloukoult,Morocco,31.2167,-9.0833,2026-09-23,2026-09-19 12:02:43.857613+00:00,32.2,20.7,0.0,3,18.2,34.2,1,open-meteo
Taouloukoult,Morocco,31.2167,-9.0833,2026-09-24,2026-09-19 12:02:43.857613+00:00,32.1,20.4,0.0,0,20.6,37.8,3,open-meteo
Taouloukoult,Morocco,31.2167,-9.0833,2026-09-25,2026-09-19 12:02:43.857613+00:00,29.1,17.3,0.0,3,17.8,34.9,3,open-meteo
Sebt Ait Ikkou,Morocco,33.6686,-6.1372,2026-09-19,2026-09-19 12:02:43.946204+00:00,35.0,16.6,0.0,0,11.9,23.4,2,open-meteo
Sebt Ait Ikkou,Morocco,33.6686,-6.1372,2026-09-20,2026-09-19 12:02:43.946204+00:00,37.3,19.8,0.0,0,15.9,32.0,2,open-meteo
Sebt Ait Ikkou,Morocco,33.6686,-6.1372,2026-09-21,2026-09-19 12:02:43.946204+00:00,36.4,19.1,0.0,0,16.6,31.7,1,open-meteo
Sebt Ait Ikkou,Morocco,33.6686,-6.1372,2026-09-22,2026-09-19 12:02:43.946204+00:00,35.1,18.7,0.0,0,15.5,31.3,0,open-meteo
Sebt Ait Ikkou,Morocco,33.6686,-6.1372,2026-09-23,2026-09-19 12:02:43.946204+00:00,35.9,17.1,0.0,0,14.8,29.9,0,open-meteo
Sebt Ait Ikkou,Morocco,33.6686,-6.1372,2026-09-24,2026-09-19 12:02:43.946204+00:00,36.8,19.7,0.0,0,18.2,36.4,1,open-meteo
Sebt Ait Ikkou,Morocco,33.6686,-6.1372,2026-09-25,2026-09-19 12:02:43.946204+00:00,32.7,18.6,0.0,3,17.7,35.3,3,open-meteo
Gammasa,Morocco,31.4175,-8.4117,2026-09-19,2026-09-19 12:02:44.053041+00:00,34.2,19.6,0.0,5,17.8,28.8,3,open-meteo
Gammasa,Morocco,31.4175,-8.4117,2026-09-20,2026-09-19 12:02:44.053041+00:00,35.0,22.5,0.3,38,18.9,32.8,3,open-meteo
Gammasa,Morocco,31.4175,-8.4117,2026-09-21,2026-09-19 12:02:44.053041+00:00,36.2,23.5,0.0,3,22.8,36.7,3,open-meteo
Gammasa,Morocco,31.4175,-8.4117,2026-09-22,2026-09-19 12:02:44.053041+00:00,36.0,21.6,0.0,0,22.3,35.3,0,open-meteo
Gammasa,Morocco,31.4175,-8.4117,2026-09-23,2026-09-19 12:02:44.053041+00:00,35.5,19.2,0.0,0,19.2,31.3,0,open-meteo
Gammasa,Morocco,31.4175,-8.4117,2026-09-24,2026-09-19 12:02:44.053041+00:00,35.8,22.3,0.0,0,24.7,38.5,3,open-meteo
Gammasa,Morocco,31.4175,-8.4117,2026-09-25,2026-09-19 12:02:44.053041+00:00,33.0,21.4,0.0,0,20.2,32.4,3,open-meteo
Aghbalou n’Kerdous,Morocco,31.6767,-5.2976,2026-09-19,2026-09-19 12:02:44.140396+00:00,28.1,17.7,8.5,78,17.1,29.2,95,open-meteo
Aghbalou n’Kerdous,Morocco,31.6767,-5.2976,2026-09-20,2026-09-19 12:02:44.140396+00:00,26.8,17.3,0.5,30,16.0,23.4,80,open-meteo
Aghbalou n’Kerdous,Morocco,31.6767,-5.2976,2026-09-21,2026-09-19 12:02:44.140396+00:00,30.2,19.6,0.1,23,12.2,25.6,3,open-meteo
Aghbalou n’Kerdous,Morocco,31.6767,-5.2976,2026-09-22,2026-09-19 12:02:44.140396+00:00,28.7,17.9,0.0,0,9.0,17.6,2,open-meteo
Aghbalou n’Kerdous,Morocco,31.6767,-5.2976,2026-09-23,2026-09-19 12:02:44.140396+00:00,28.6,17.9,0.0,0,14.0,21.2,2,open-meteo
Aghbalou n’Kerdous,Morocco,31.6767,-5.2976,2026-09-24,2026-09-19 12:02:44.140396+00:00,29.2,17.9,0.0,23,10.8,18.7,2,open-meteo
Aghbalou n’Kerdous,Morocco,31.6767,-5.2976,2026-09-25,2026-09-19 12:02:44.140396+00:00,26.3,18.9,0.9,39,14.0,30.2,3,open-meteo
Tnine Sidi Lyamani,Morocco,35.3693,-5.9724,2026-09-19,2026-09-19 12:02:44.223188+00:00,32.5,20.7,0.0,0,22.4,43.6,1,open-meteo
Tnine Sidi Lyamani,Morocco,35.3693,-5.9724,2026-09-20,2026-09-19 12:02:44.223188+00:00,34.0,23.3,0.0,0,18.4,37.4,1,open-meteo
Tnine Sidi Lyamani,Morocco,35.3693,-5.9724,2026-09-21,2026-09-19 12:02:44.223188+00:00,34.3,22.9,0.0,0,17.5,34.9,2,open-meteo
Tnine Sidi Lyamani,Morocco,35.3693,-5.9724,2026-09-22,2026-09-19 12:02:44.223188+00:00,33.1,21.0,0.0,0,12.5,25.9,0,open-meteo
Tnine Sidi Lyamani,Morocco,35.3693,-5.9724,2026-09-23,2026-09-19 12:02:44.223188+00:00,33.0,20.3,0.0,0,17.0,33.1,0,open-meteo
Tnine Sidi Lyamani,Morocco,35.3693,-5.9724,2026-09-24,2026-09-19 12:02:44.223188+00:00,33.5,19.1,0.0,0,13.3,25.9,1,open-meteo
Tnine Sidi Lyamani,Morocco,35.3693,-5.9724,2026-09-25,2026-09-19 12:02:44.223188+00:00,27.3,18.9,0.0,0,12.2,24.5,3,open-meteo
Douar Sidi Laaroussi,Morocco,31.845,-9.1586,2026-09-19,2026-09-19 12:02:44.308332+00:00,32.3,18.2,0.0,0,22.6,39.6,2,open-meteo
Douar Sidi Laaroussi,Morocco,31.845,-9.1586,2026-09-20,2026-09-19 12:02:44.308332+00:00,29.6,21.4,0.0,0,20.7,37.8,2,open-meteo
Douar Sidi Laaroussi,Morocco,31.845,-9.1586,2026-09-21,2026-09-19 12:02:44.308332+00:00,34.0,21.5,0.0,0,17.1,31.3,3,open-meteo
Douar Sidi Laaroussi,Morocco,31.845,-9.1586,2026-09-22,2026-09-19 12:02:44.308332+00:00,34.2,19.5,0.0,0,19.9,35.3,45,open-meteo
Douar Sidi Laaroussi,Morocco,31.845,-9.1586,2026-09-23,2026-09-19 12:02:44.308332+00:00,32.2,17.3,0.0,0,16.1,29.2,45,open-meteo
Douar Sidi Laaroussi,Morocco,31.845,-9.1586,2026-09-24,2026-09-19 12:02:44.308332+00:00,34.8,17.9,0.0,0,22.3,37.4,45,open-meteo
Douar Sidi Laaroussi,Morocco,31.845,-9.1586,2026-09-25,2026-09-19 12:02:44.308332+00:00,29.4,19.7,0.0,0,22.3,38.5,3,open-meteo
Ain Legdah,Morocco,34.1646,-4.571,2026-09-19,2026-09-19 12:02:44.394037+00:00,31.6,21.9,0.0,8,32.0,67.7,3,open-meteo
Ain Legdah,Morocco,34.1646,-4.571,2026-09-20,2026-09-19 12:02:44.394037+00:00,33.9,22.9,0.0,0,26.3,63.0,2,open-meteo
Ain Legdah,Morocco,34.1646,-4.571,2026-09-21,2026-09-19 12:02:44.394037+00:00,33.0,22.5,0.0,0,26.0,59.4,1,open-meteo
Ain Legdah,Morocco,34.1646,-4.571,2026-09-22,2026-09-19 12:02:44.394037+00:00,33.0,20.4,0.0,0,21.7,54.4,1,open-meteo
Ain Legdah,Morocco,34.1646,-4.571,2026-09-23,2026-09-19 12:02:44.394037+00:00,35.2,21.2,0.0,0,13.4,35.6,0,open-meteo
Ain Legdah,Morocco,34.1646,-4.571,2026-09-24,2026-09-19 12:02:44.394037+00:00,36.3,17.6,0.0,0,13.7,26.3,2,open-meteo
Ain Legdah,Morocco,34.1646,-4.571,2026-09-25,2026-09-19 12:02:44.394037+00:00,34.5,17.3,0.0,0,17.1,34.2,3,open-meteo
Meghraoua,Morocco,33.9322,-4.0456,2026-09-19,2026-09-19 12:02:44.480689+00:00,24.6,15.6,0.0,43,25.6,46.4,3,open-meteo
Meghraoua,Morocco,33.9322,-4.0456,2026-09-20,2026-09-19 12:02:44.480689+00:00,26.4,16.7,0.0,3,21.6,40.3,45,open-meteo
Meghraoua,Morocco,33.9322,-4.0456,2026-09-21,2026-09-19 12:02:44.480689+00:00,25.4,14.6,0.0,0,20.8,34.6,45,open-meteo
Meghraoua,Morocco,33.9322,-4.0456,2026-09-22,2026-09-19 12:02:44.480689+00:00,25.8,12.3,0.0,0,18.9,34.6,1,open-meteo
Meghraoua,Morocco,33.9322,-4.0456,2026-09-23,2026-09-19 12:02:44.480689+00:00,28.8,13.2,0.0,0,18.9,33.5,0,open-meteo
Meghraoua,Morocco,33.9322,-4.0456,2026-09-24,2026-09-19 12:02:44.480689+00:00,30.6,15.5,0.0,0,17.8,32.8,1,open-meteo
Meghraoua,Morocco,33.9322,-4.0456,2026-09-25,2026-09-19 12:02:44.480689+00:00,30.8,16.3,0.0,0,20.0,34.9,3,open-meteo
Boured,Morocco,34.7344,-4.0947,2026-09-19,2026-09-19 12:02:44.564732+00:00,27.9,15.7,0.0,5,21.2,38.9,3,open-meteo
Boured,Morocco,34.7344,-4.0947,2026-09-20,2026-09-19 12:02:44.564732+00:00,28.8,17.9,0.0,3,17.9,32.8,3,open-meteo
Boured,Morocco,34.7344,-4.0947,2026-09-21,2026-09-19 12:02:44.564732+00:00,27.8,15.2,0.0,0,21.9,38.2,2,open-meteo
Boured,Morocco,34.7344,-4.0947,2026-09-22,2026-09-19 12:02:44.564732+00:00,28.9,12.2,0.0,0,17.0,31.7,0,open-meteo
Boured,Morocco,34.7344,-4.0947,2026-09-23,2026-09-19 12:02:44.564732+00:00,30.5,13.9,0.0,0,17.3,32.4,1,open-meteo
Boured,Morocco,34.7344,-4.0947,2026-09-24,2026-09-19 12:02:44.564732+00:00,32.9,14.5,0.0,0,10.2,21.2,2,open-meteo
Boured,Morocco,34.7344,-4.0947,2026-09-25,2026-09-19 12:02:44.564732+00:00,31.6,16.7,0.0,3,18.3,34.2,3,open-meteo
Saidia,Morocco,35.085,-2.2392,2026-09-19,2026-09-19 12:02:44.651525+00:00,26.8,21.7,0.0,3,23.5,42.1,45,open-meteo
Saidia,Morocco,35.085,-2.2392,2026-09-20,2026-09-19 12:02:44.651525+00:00,27.1,22.2,0.0,3,23.9,43.2,45,open-meteo
Saidia,Morocco,35.085,-2.2392,2026-09-21,2026-09-19 12:02:44.651525+00:00,26.5,21.0,0.0,10,21.3,39.6,45,open-meteo
Saidia,Morocco,35.085,-2.2392,2026-09-22,2026-09-19 12:02:44.651525+00:00,26.0,18.4,0.0,0,19.6,36.4,45,open-meteo
Saidia,Morocco,35.085,-2.2392,2026-09-23,2026-09-19 12:02:44.651525+00:00,26.1,19.2,0.0,0,16.9,32.0,45,open-meteo
Saidia,Morocco,35.085,-2.2392,2026-09-24,2026-09-19 12:02:44.651525+00:00,27.2,19.7,0.0,0,9.0,19.4,45,open-meteo
Saidia,Morocco,35.085,-2.2392,2026-09-25,2026-09-19 12:02:44.651525+00:00,27.3,21.2,0.0,0,9.5,18.4,45,open-meteo
Itzer,Morocco,32.8808,-5.0542,2026-09-19,2026-09-19 12:02:44.739128+00:00,25.3,13.8,1.7,53,21.8,37.1,80,open-meteo
Itzer,Morocco,32.8808,-5.0542,2026-09-20,2026-09-19 12:02:44.739128+00:00,27.2,13.0,0.1,5,21.4,38.2,3,open-meteo
Itzer,Morocco,32.8808,-5.0542,2026-09-21,2026-09-19 12:02:44.739128+00:00,27.0,13.5,0.0,0,24.9,42.5,3,open-meteo
Itzer,Morocco,32.8808,-5.0542,2026-09-22,2026-09-19 12:02:44.739128+00:00,26.0,12.5,0.0,0,23.4,37.4,2,open-meteo
Itzer,Morocco,32.8808,-5.0542,2026-09-23,2026-09-19 12:02:44.739128+00:00,26.7,12.5,0.0,0,15.8,23.0,2,open-meteo
Itzer,Morocco,32.8808,-5.0542,2026-09-24,2026-09-19 12:02:44.739128+00:00,27.3,13.6,0.0,0,17.9,31.0,2,open-meteo
Itzer,Morocco,32.8808,-5.0542,2026-09-25,2026-09-19 12:02:44.739128+00:00,26.8,13.3,0.0,14,18.3,30.6,3,open-meteo
Oulad Slim,Morocco,32.7775,-7.7725,2026-09-19,2026-09-19 12:02:44.820524+00:00,35.4,17.7,0.0,0,18.7,37.1,2,open-meteo
Oulad Slim,Morocco,32.7775,-7.7725,2026-09-20,2026-09-19 12:02:44.820524+00:00,36.7,21.1,0.0,0,19.9,38.5,2,open-meteo
Oulad Slim,Morocco,32.7775,-7.7725,2026-09-21,2026-09-19 12:02:44.820524+00:00,37.3,20.4,0.0,0,18.1,37.4,2,open-meteo
Oulad Slim,Morocco,32.7775,-7.7725,2026-09-22,2026-09-19 12:02:44.820524+00:00,36.9,19.1,0.0,0,17.1,37.4,0,open-meteo
Oulad Slim,Morocco,32.7775,-7.7725,2026-09-23,2026-09-19 12:02:44.820524+00:00,36.6,17.9,0.0,0,16.6,33.1,0,open-meteo
Oulad Slim,Morocco,32.7775,-7.7725,2026-09-24,2026-09-19 12:02:44.820524+00:00,36.3,18.2,0.0,0,19.1,34.9,3,open-meteo
Oulad Slim,Morocco,32.7775,-7.7725,2026-09-25,2026-09-19 12:02:44.820524+00:00,30.6,18.2,0.0,0,19.0,36.4,3,open-meteo
Laqraqra,Morocco,32.4051,-7.1484,2026-09-19,2026-09-19 12:02:44.903050+00:00,37.6,20.7,0.0,0,16.1,28.4,2,open-meteo
Laqraqra,Morocco,32.4051,-7.1484,2026-09-20,2026-09-19 12:02:44.903050+00:00,38.4,22.5,0.0,5,19.3,32.8,2,open-meteo
Laqraqra,Morocco,32.4051,-7.1484,2026-09-21,2026-09-19 12:02:44.903050+00:00,38.0,21.6,0.0,0,16.4,28.8,2,open-meteo
Laqraqra,Morocco,32.4051,-7.1484,2026-09-22,2026-09-19 12:02:44.903050+00:00,37.5,19.8,0.0,0,13.6,24.1,1,open-meteo
Laqraqra,Morocco,32.4051,-7.1484,2026-09-23,2026-09-19 12:02:44.903050+00:00,37.4,20.7,0.0,0,11.6,21.6,0,open-meteo
Laqraqra,Morocco,32.4051,-7.1484,2026-09-24,2026-09-19 12:02:44.903050+00:00,37.5,18.1,0.0,3,15.2,26.3,3,open-meteo
Laqraqra,Morocco,32.4051,-7.1484,2026-09-25,2026-09-19 12:02:44.903050+00:00,34.3,19.4,0.0,3,15.3,27.4,3,open-meteo
Abadou,Morocco,31.605,-7.2996,2026-09-19,2026-09-19 12:02:44.987048+00:00,32.2,20.2,0.0,23,15.1,33.8,3,open-meteo
Abadou,Morocco,31.605,-7.2996,2026-09-20,2026-09-19 12:02:44.987048+00:00,33.3,23.8,0.3,23,16.8,37.1,80,open-meteo
Abadou,Morocco,31.605,-7.2996,2026-09-21,2026-09-19 12:02:44.987048+00:00,33.1,22.5,0.0,3,19.0,40.3,2,open-meteo
Abadou,Morocco,31.605,-7.2996,2026-09-22,2026-09-19 12:02:44.987048+00:00,33.1,22.2,0.0,0,18.5,38.9,1,open-meteo
Abadou,Morocco,31.605,-7.2996,2026-09-23,2026-09-19 12:02:44.987048+00:00,33.1,20.5,0.0,0,17.3,36.7,0,open-meteo
Abadou,Morocco,31.605,-7.2996,2026-09-24,2026-09-19 12:02:44.987048+00:00,33.1,21.7,0.0,3,19.1,37.4,2,open-meteo
Abadou,Morocco,31.605,-7.2996,2026-09-25,2026-09-19 12:02:44.987048+00:00,29.7,18.8,0.0,13,10.8,27.4,3,open-meteo
Figuig,Morocco,32.1167,-1.2269,2026-09-19,2026-09-19 12:02:45.321453+00:00,30.2,20.4,0.7,53,14.8,29.9,80,open-meteo
Figuig,Morocco,32.1167,-1.2269,2026-09-20,2026-09-19 12:02:45.321453+00:00,27.9,18.1,2.1,40,16.9,35.3,95,open-meteo
Figuig,Morocco,32.1167,-1.2269,2026-09-21,2026-09-19 12:02:45.321453+00:00,29.9,18.4,0.1,20,18.3,31.3,3,open-meteo
Figuig,Morocco,32.1167,-1.2269,2026-09-22,2026-09-19 12:02:45.321453+00:00,28.8,18.7,0.0,5,20.0,36.0,3,open-meteo
Figuig,Morocco,32.1167,-1.2269,2026-09-23,2026-09-19 12:02:45.321453+00:00,29.0,17.4,0.0,3,18.6,38.5,2,open-meteo
Figuig,Morocco,32.1167,-1.2269,2026-09-24,2026-09-19 12:02:45.321453+00:00,29.9,17.5,0.0,3,20.0,31.7,1,open-meteo
Figuig,Morocco,32.1167,-1.2269,2026-09-25,2026-09-19 12:02:45.321453+00:00,31.8,18.5,0.0,3,18.0,27.7,3,open-meteo
Lamsabih,Morocco,32.2933,-8.6889,2026-09-19,2026-09-19 12:02:45.406081+00:00,33.9,18.1,0.0,0,17.8,31.7,2,open-meteo
Lamsabih,Morocco,32.2933,-8.6889,2026-09-20,2026-09-19 12:02:45.406081+00:00,34.4,20.8,0.0,0,18.3,32.0,2,open-meteo
Lamsabih,Morocco,32.2933,-8.6889,2026-09-21,2026-09-19 12:02:45.406081+00:00,37.5,22.5,0.0,0,15.9,28.1,3,open-meteo
Lamsabih,Morocco,32.2933,-8.6889,2026-09-22,2026-09-19 12:02:45.406081+00:00,36.9,20.5,0.0,0,16.4,31.3,1,open-meteo
Lamsabih,Morocco,32.2933,-8.6889,2026-09-23,2026-09-19 12:02:45.406081+00:00,35.3,17.5,0.0,0,14.3,26.6,45,open-meteo
Lamsabih,Morocco,32.2933,-8.6889,2026-09-24,2026-09-19 12:02:45.406081+00:00,35.7,18.8,0.0,0,17.9,36.7,3,open-meteo
Lamsabih,Morocco,32.2933,-8.6889,2026-09-25,2026-09-19 12:02:45.406081+00:00,30.1,19.1,0.0,0,18.6,37.4,3,open-meteo
Bouderbala,Morocco,33.8123,-5.2871,2026-09-19,2026-09-19 12:02:45.490041+00:00,31.8,17.7,0.3,5,20.4,38.5,2,open-meteo
Bouderbala,Morocco,33.8123,-5.2871,2026-09-20,2026-09-19 12:02:45.490041+00:00,33.5,18.4,0.0,0,17.1,32.4,1,open-meteo
Bouderbala,Morocco,33.8123,-5.2871,2026-09-21,2026-09-19 12:02:45.490041+00:00,32.6,18.8,0.0,0,15.4,28.8,0,open-meteo
Bouderbala,Morocco,33.8123,-5.2871,2026-09-22,2026-09-19 12:02:45.490041+00:00,31.3,17.8,0.0,0,14.3,26.6,0,open-meteo
Bouderbala,Morocco,33.8123,-5.2871,2026-09-23,2026-09-19 12:02:45.490041+00:00,32.9,17.0,0.0,0,13.9,25.2,0,open-meteo
Bouderbala,Morocco,33.8123,-5.2871,2026-09-24,2026-09-19 12:02:45.490041+00:00,33.9,22.1,0.0,0,19.2,40.0,2,open-meteo
Bouderbala,Morocco,33.8123,-5.2871,2026-09-25,2026-09-19 12:02:45.490041+00:00,31.9,21.5,0.0,3,19.1,40.3,3,open-meteo
El Khemis des Beni Chegdal,Morocco,32.4442,-6.955,2026-09-19,2026-09-19 12:02:45.577327+00:00,37.7,20.4,0.0,0,16.9,32.0,2,open-meteo
El Khemis des Beni Chegdal,Morocco,32.4442,-6.955,2026-09-20,2026-09-19 12:02:45.577327+00:00,38.2,22.2,0.0,3,19.3,37.1,2,open-meteo
El Khemis des Beni Chegdal,Morocco,32.4442,-6.955,2026-09-21,2026-09-19 12:02:45.577327+00:00,37.6,20.6,0.0,0,16.1,29.2,3,open-meteo
El Khemis des Beni Chegdal,Morocco,32.4442,-6.955,2026-09-22,2026-09-19 12:02:45.577327+00:00,37.2,18.9,0.0,0,13.3,22.7,1,open-meteo
El Khemis des Beni Chegdal,Morocco,32.4442,-6.955,2026-09-23,2026-09-19 12:02:45.577327+00:00,37.3,19.7,0.0,0,12.0,20.5,1,open-meteo
El Khemis des Beni Chegdal,Morocco,32.4442,-6.955,2026-09-24,2026-09-19 12:02:45.577327+00:00,37.2,18.6,0.0,0,13.6,25.2,3,open-meteo
El Khemis des Beni Chegdal,Morocco,32.4442,-6.955,2026-09-25,2026-09-19 12:02:45.577327+00:00,34.7,19.4,0.0,0,14.1,27.0,3,open-meteo
Douar Echbanat,Morocco,34.214,-5.3508,2026-09-19,2026-09-19 12:02:45.664169+00:00,35.9,21.2,0.0,0,18.1,35.3,2,open-meteo
Douar Echbanat,Morocco,34.214,-5.3508,2026-09-20,2026-09-19 12:02:45.664169+00:00,36.8,23.3,0.0,0,14.8,29.5,0,open-meteo
Douar Echbanat,Morocco,34.214,-5.3508,2026-09-21,2026-09-19 12:02:45.664169+00:00,35.8,23.4,0.0,0,12.6,24.8,0,open-meteo
Douar Echbanat,Morocco,34.214,-5.3508,2026-09-22,2026-09-19 12:02:45.664169+00:00,35.0,22.0,0.0,0,11.0,22.3,0,open-meteo
Douar Echbanat,Morocco,34.214,-5.3508,2026-09-23,2026-09-19 12:02:45.664169+00:00,35.9,20.3,0.0,0,7.5,16.9,0,open-meteo
Douar Echbanat,Morocco,34.214,-5.3508,2026-09-24,2026-09-19 12:02:45.664169+00:00,36.9,19.7,0.0,0,15.1,29.5,2,open-meteo
Douar Echbanat,Morocco,34.214,-5.3508,2026-09-25,2026-09-19 12:02:45.664169+00:00,32.9,19.2,0.0,0,16.6,34.6,45,open-meteo
Ain Beida,Morocco,34.9349,-5.4607,2026-09-19,2026-09-19 12:02:45.748093+00:00,33.2,20.0,0.0,0,15.5,37.8,1,open-meteo
Ain Beida,Morocco,34.9349,-5.4607,2026-09-20,2026-09-19 12:02:45.748093+00:00,34.0,22.9,0.0,0,14.7,34.2,1,open-meteo
Ain Beida,Morocco,34.9349,-5.4607,2026-09-21,2026-09-19 12:02:45.748093+00:00,34.8,22.2,0.0,0,9.4,29.5,1,open-meteo
Ain Beida,Morocco,34.9349,-5.4607,2026-09-22,2026-09-19 12:02:45.748093+00:00,34.7,19.4,0.0,0,9.8,26.6,0,open-meteo
Ain Beida,Morocco,34.9349,-5.4607,2026-09-23,2026-09-19 12:02:45.748093+00:00,35.1,19.2,0.0,0,14.7,29.9,0,open-meteo
Ain Beida,Morocco,34.9349,-5.4607,2026-09-24,2026-09-19 12:02:45.748093+00:00,35.6,19.7,0.0,0,12.2,30.6,1,open-meteo
Ain Beida,Morocco,34.9349,-5.4607,2026-09-25,2026-09-19 12:02:45.748093+00:00,31.9,16.7,0.0,3,14.7,30.6,3,open-meteo
Imi Mokorn,Morocco,30.1675,-9.2322,2026-09-19,2026-09-19 12:02:45.836666+00:00,28.4,19.2,0.0,0,24.2,39.2,2,open-meteo
Imi Mokorn,Morocco,30.1675,-9.2322,2026-09-20,2026-09-19 12:02:45.836666+00:00,29.4,19.9,0.0,0,20.5,32.8,2,open-meteo
Imi Mokorn,Morocco,30.1675,-9.2322,2026-09-21,2026-09-19 12:02:45.836666+00:00,39.3,23.1,0.0,0,18.1,28.4,3,open-meteo
Imi Mokorn,Morocco,30.1675,-9.2322,2026-09-22,2026-09-19 12:02:45.836666+00:00,37.6,23.5,0.0,0,25.8,43.6,3,open-meteo
Imi Mokorn,Morocco,30.1675,-9.2322,2026-09-23,2026-09-19 12:02:45.836666+00:00,37.3,22.4,0.0,0,22.0,35.6,0,open-meteo
Imi Mokorn,Morocco,30.1675,-9.2322,2026-09-24,2026-09-19 12:02:45.836666+00:00,37.1,25.6,0.0,0,19.6,38.5,3,open-meteo
Imi Mokorn,Morocco,30.1675,-9.2322,2026-09-25,2026-09-19 12:02:45.836666+00:00,29.3,21.3,0.0,0,18.3,30.2,3,open-meteo
Fezouane,Morocco,34.9164,-2.2042,2026-09-19,2026-09-19 12:02:45.920133+00:00,26.5,19.5,0.0,13,16.5,34.6,3,open-meteo
Fezouane,Morocco,34.9164,-2.2042,2026-09-20,2026-09-19 12:02:45.920133+00:00,27.2,19.8,0.1,3,16.3,32.4,45,open-meteo
Fezouane,Morocco,34.9164,-2.2042,2026-09-21,2026-09-19 12:02:45.920133+00:00,26.0,18.3,0.0,13,19.5,38.9,45,open-meteo
Fezouane,Morocco,34.9164,-2.2042,2026-09-22,2026-09-19 12:02:45.920133+00:00,26.5,16.1,0.0,0,13.7,28.1,2,open-meteo
Fezouane,Morocco,34.9164,-2.2042,2026-09-23,2026-09-19 12:02:45.920133+00:00,26.7,17.8,0.0,0,11.6,24.8,1,open-meteo
Fezouane,Morocco,34.9164,-2.2042,2026-09-24,2026-09-19 12:02:45.920133+00:00,29.7,17.9,0.0,0,14.0,27.0,1,open-meteo
Fezouane,Morocco,34.9164,-2.2042,2026-09-25,2026-09-19 12:02:45.920133+00:00,30.1,20.2,0.0,0,12.0,24.1,3,open-meteo
Douar Jwalla,Morocco,31.8878,-7.4411,2026-09-19,2026-09-19 12:02:46.005632+00:00,35.6,19.7,0.0,5,18.8,33.1,3,open-meteo
Douar Jwalla,Morocco,31.8878,-7.4411,2026-09-20,2026-09-19 12:02:46.005632+00:00,36.5,22.5,1.0,20,18.0,37.8,80,open-meteo
Douar Jwalla,Morocco,31.8878,-7.4411,2026-09-21,2026-09-19 12:02:46.005632+00:00,36.6,21.7,0.0,5,16.3,28.8,2,open-meteo
Douar Jwalla,Morocco,31.8878,-7.4411,2026-09-22,2026-09-19 12:02:46.005632+00:00,36.5,21.3,0.0,0,14.4,29.9,1,open-meteo
Douar Jwalla,Morocco,31.8878,-7.4411,2026-09-23,2026-09-19 12:02:46.005632+00:00,36.2,20.1,0.0,0,12.3,22.7,0,open-meteo
Douar Jwalla,Morocco,31.8878,-7.4411,2026-09-24,2026-09-19 12:02:46.005632+00:00,36.6,23.4,0.0,3,18.5,33.5,3,open-meteo
Douar Jwalla,Morocco,31.8878,-7.4411,2026-09-25,2026-09-19 12:02:46.005632+00:00,33.7,22.6,0.0,3,19.5,31.3,3,open-meteo
Sidi Rahhal,Morocco,31.6667,-7.4833,2026-09-19,2026-09-19 12:02:46.092449+00:00,34.8,19.8,0.0,13,19.7,44.3,3,open-meteo
Sidi Rahhal,Morocco,31.6667,-7.4833,2026-09-20,2026-09-19 12:02:46.092449+00:00,35.9,22.4,0.1,25,15.6,27.7,80,open-meteo
Sidi Rahhal,Morocco,31.6667,-7.4833,2026-09-21,2026-09-19 12:02:46.092449+00:00,35.7,21.8,0.0,5,16.1,31.0,2,open-meteo
Sidi Rahhal,Morocco,31.6667,-7.4833,2026-09-22,2026-09-19 12:02:46.092449+00:00,35.3,21.2,0.0,0,15.6,29.9,1,open-meteo
Sidi Rahhal,Morocco,31.6667,-7.4833,2026-09-23,2026-09-19 12:02:46.092449+00:00,35.4,19.0,0.0,0,15.0,28.4,0,open-meteo
Sidi Rahhal,Morocco,31.6667,-7.4833,2026-09-24,2026-09-19 12:02:46.092449+00:00,35.4,22.4,0.0,3,16.6,31.0,1,open-meteo
Sidi Rahhal,Morocco,31.6667,-7.4833,2026-09-25,2026-09-19 12:02:46.092449+00:00,32.2,21.2,0.0,13,12.6,23.4,3,open-meteo
Sidi Lahsene,Morocco,34.0999,-2.6219,2026-09-19,2026-09-19 12:02:46.175205+00:00,28.5,14.9,0.7,65,16.0,44.6,80,open-meteo
Sidi Lahsene,Morocco,34.0999,-2.6219,2026-09-20,2026-09-19 12:02:46.175205+00:00,28.9,17.0,0.0,10,16.5,34.2,3,open-meteo
Sidi Lahsene,Morocco,34.0999,-2.6219,2026-09-21,2026-09-19 12:02:46.175205+00:00,24.6,14.7,0.0,0,18.7,37.1,45,open-meteo
Sidi Lahsene,Morocco,34.0999,-2.6219,2026-09-22,2026-09-19 12:02:46.175205+00:00,27.7,12.1,0.0,0,10.1,20.5,1,open-meteo
Sidi Lahsene,Morocco,34.0999,-2.6219,2026-09-23,2026-09-19 12:02:46.175205+00:00,30.0,15.1,0.0,3,12.3,25.9,1,open-meteo
Sidi Lahsene,Morocco,34.0999,-2.6219,2026-09-24,2026-09-19 12:02:46.175205+00:00,30.7,15.0,0.0,3,17.2,34.2,1,open-meteo
Sidi Lahsene,Morocco,34.0999,-2.6219,2026-09-25,2026-09-19 12:02:46.175205+00:00,31.0,17.1,0.0,3,18.4,37.4,3,open-meteo
Tawnza,Morocco,32.0944,-6.6025,2026-09-19,2026-09-19 12:02:46.261549+00:00,34.4,21.2,0.0,8,15.8,30.2,3,open-meteo
Tawnza,Morocco,32.0944,-6.6025,2026-09-20,2026-09-19 12:02:46.261549+00:00,34.8,23.5,0.0,13,17.1,36.0,3,open-meteo
Tawnza,Morocco,32.0944,-6.6025,2026-09-21,2026-09-19 12:02:46.261549+00:00,34.0,22.5,0.0,3,17.1,34.9,2,open-meteo
Tawnza,Morocco,32.0944,-6.6025,2026-09-22,2026-09-19 12:02:46.261549+00:00,33.9,22.3,0.0,0,14.5,29.2,1,open-meteo
Tawnza,Morocco,32.0944,-6.6025,2026-09-23,2026-09-19 12:02:46.261549+00:00,34.3,19.9,0.0,0,14.5,28.1,0,open-meteo
Tawnza,Morocco,32.0944,-6.6025,2026-09-24,2026-09-19 12:02:46.261549+00:00,35.0,24.7,0.0,3,17.7,37.1,1,open-meteo
Tawnza,Morocco,32.0944,-6.6025,2026-09-25,2026-09-19 12:02:46.261549+00:00,32.2,23.0,0.0,10,13.0,27.7,3,open-meteo
Zaggota,Morocco,34.1667,-5.5333,2026-09-19,2026-09-19 12:02:46.344533+00:00,34.8,20.9,0.0,0,22.3,56.5,2,open-meteo
Zaggota,Morocco,34.1667,-5.5333,2026-09-20,2026-09-19 12:02:46.344533+00:00,35.8,23.6,0.0,0,20.2,56.5,0,open-meteo
Zaggota,Morocco,34.1667,-5.5333,2026-09-21,2026-09-19 12:02:46.344533+00:00,35.0,23.2,0.0,0,16.4,40.7,0,open-meteo
Zaggota,Morocco,34.1667,-5.5333,2026-09-22,2026-09-19 12:02:46.344533+00:00,34.0,22.2,0.0,0,13.0,44.6,0,open-meteo
Zaggota,Morocco,34.1667,-5.5333,2026-09-23,2026-09-19 12:02:46.344533+00:00,34.9,20.6,0.0,0,7.9,30.6,0,open-meteo
Zaggota,Morocco,34.1667,-5.5333,2026-09-24,2026-09-19 12:02:46.344533+00:00,34.8,19.6,0.0,0,17.0,34.2,2,open-meteo
Zaggota,Morocco,34.1667,-5.5333,2026-09-25,2026-09-19 12:02:46.344533+00:00,30.5,17.6,0.0,3,16.4,33.8,45,open-meteo
Toundout,Morocco,31.2647,-6.5906,2026-09-19,2026-09-19 12:02:46.442590+00:00,27.2,19.2,0.4,43,16.6,26.6,3,open-meteo
Toundout,Morocco,31.2647,-6.5906,2026-09-20,2026-09-19 12:02:46.442590+00:00,26.0,17.2,1.1,53,21.3,32.4,80,open-meteo
Toundout,Morocco,31.2647,-6.5906,2026-09-21,2026-09-19 12:02:46.442590+00:00,27.7,18.5,1.2,30,20.0,32.4,80,open-meteo
Toundout,Morocco,31.2647,-6.5906,2026-09-22,2026-09-19 12:02:46.442590+00:00,29.0,17.5,0.0,0,21.7,39.2,1,open-meteo
Toundout,Morocco,31.2647,-6.5906,2026-09-23,2026-09-19 12:02:46.442590+00:00,27.5,17.7,0.0,3,23.1,34.6,2,open-meteo
Toundout,Morocco,31.2647,-6.5906,2026-09-24,2026-09-19 12:02:46.442590+00:00,28.3,19.2,0.0,18,19.8,32.0,3,open-meteo
Toundout,Morocco,31.2647,-6.5906,2026-09-25,2026-09-19 12:02:46.442590+00:00,24.9,18.6,1.5,33,12.7,27.4,3,open-meteo
Aïn Zohra,Morocco,34.1,-6.35,2026-09-19,2026-09-19 12:02:46.524251+00:00,35.9,17.5,0.0,0,17.2,32.4,1,open-meteo
Aïn Zohra,Morocco,34.1,-6.35,2026-09-20,2026-09-19 12:02:46.524251+00:00,38.0,20.4,0.0,0,19.1,32.8,1,open-meteo
Aïn Zohra,Morocco,34.1,-6.35,2026-09-21,2026-09-19 12:02:46.524251+00:00,36.7,20.8,0.0,0,17.7,30.6,1,open-meteo
Aïn Zohra,Morocco,34.1,-6.35,2026-09-22,2026-09-19 12:02:46.524251+00:00,36.0,20.4,0.0,0,12.9,26.6,0,open-meteo
Aïn Zohra,Morocco,34.1,-6.35,2026-09-23,2026-09-19 12:02:46.524251+00:00,35.3,17.5,0.0,0,15.2,27.0,0,open-meteo
Aïn Zohra,Morocco,34.1,-6.35,2026-09-24,2026-09-19 12:02:46.524251+00:00,32.8,17.8,0.0,0,16.4,29.9,2,open-meteo
Aïn Zohra,Morocco,34.1,-6.35,2026-09-25,2026-09-19 12:02:46.524251+00:00,28.4,18.5,0.0,3,15.3,29.2,45,open-meteo
Ben Qarrich,Morocco,35.5109,-5.4205,2026-09-19,2026-09-19 12:02:46.605686+00:00,26.7,21.3,0.0,0,28.5,56.2,2,open-meteo
Ben Qarrich,Morocco,35.5109,-5.4205,2026-09-20,2026-09-19 12:02:46.605686+00:00,27.0,22.3,0.0,0,25.3,54.7,2,open-meteo
Ben Qarrich,Morocco,35.5109,-5.4205,2026-09-21,2026-09-19 12:02:46.605686+00:00,27.9,21.2,0.0,0,24.5,49.0,1,open-meteo
Ben Qarrich,Morocco,35.5109,-5.4205,2026-09-22,2026-09-19 12:02:46.605686+00:00,27.9,18.8,0.0,0,19.1,37.1,0,open-meteo
Ben Qarrich,Morocco,35.5109,-5.4205,2026-09-23,2026-09-19 12:02:46.605686+00:00,27.6,17.7,0.0,0,18.2,36.0,0,open-meteo
Ben Qarrich,Morocco,35.5109,-5.4205,2026-09-24,2026-09-19 12:02:46.605686+00:00,28.2,19.2,0.0,0,13.2,29.7,1,open-meteo
Ben Qarrich,Morocco,35.5109,-5.4205,2026-09-25,2026-09-19 12:02:46.605686+00:00,29.8,18.4,0.0,0,11.9,29.9,3,open-meteo
Bou Zemou,Morocco,32.1114,-5.5197,2026-09-19,2026-09-19 12:02:46.692434+00:00,19.1,11.5,2.2,85,19.5,33.5,80,open-meteo
Bou Zemou,Morocco,32.1114,-5.5197,2026-09-20,2026-09-19 12:02:46.692434+00:00,21.4,9.9,0.0,23,28.4,51.1,45,open-meteo
Bou Zemou,Morocco,32.1114,-5.5197,2026-09-21,2026-09-19 12:02:46.692434+00:00,20.7,10.5,0.0,3,32.1,58.0,3,open-meteo
Bou Zemou,Morocco,32.1114,-5.5197,2026-09-22,2026-09-19 12:02:46.692434+00:00,20.0,9.6,0.0,0,29.1,51.5,2,open-meteo
Bou Zemou,Morocco,32.1114,-5.5197,2026-09-23,2026-09-19 12:02:46.692434+00:00,21.3,8.0,0.0,0,19.8,35.3,0,open-meteo
Bou Zemou,Morocco,32.1114,-5.5197,2026-09-24,2026-09-19 12:02:46.692434+00:00,22.1,8.9,0.0,3,23.9,45.4,0,open-meteo
Bou Zemou,Morocco,32.1114,-5.5197,2026-09-25,2026-09-19 12:02:46.692434+00:00,20.8,9.8,0.6,24,16.3,31.3,3,open-meteo
Douar Ezzerarda,Morocco,33.9743,-4.3788,2026-09-19,2026-09-19 12:02:46.773651+00:00,31.9,19.4,0.5,15,27.7,52.6,3,open-meteo
Douar Ezzerarda,Morocco,33.9743,-4.3788,2026-09-20,2026-09-19 12:02:46.773651+00:00,32.2,19.8,0.0,0,23.5,45.7,1,open-meteo
Douar Ezzerarda,Morocco,33.9743,-4.3788,2026-09-21,2026-09-19 12:02:46.773651+00:00,30.9,19.7,0.0,0,16.3,35.3,1,open-meteo
Douar Ezzerarda,Morocco,33.9743,-4.3788,2026-09-22,2026-09-19 12:02:46.773651+00:00,29.8,18.0,0.0,0,18.3,32.0,1,open-meteo
Douar Ezzerarda,Morocco,33.9743,-4.3788,2026-09-23,2026-09-19 12:02:46.773651+00:00,31.8,18.7,0.0,0,15.6,27.0,0,open-meteo
Douar Ezzerarda,Morocco,33.9743,-4.3788,2026-09-24,2026-09-19 12:02:46.773651+00:00,33.5,18.1,0.0,0,13.0,25.9,1,open-meteo
Douar Ezzerarda,Morocco,33.9743,-4.3788,2026-09-25,2026-09-19 12:02:46.773651+00:00,32.0,17.7,0.0,0,17.5,33.5,3,open-meteo
Sidi Ouassay,Morocco,30.05,-9.6833,2026-09-19,2026-09-19 12:02:46.866711+00:00,24.6,20.1,0.0,0,18.8,31.0,2,open-meteo
Sidi Ouassay,Morocco,30.05,-9.6833,2026-09-20,2026-09-19 12:02:46.866711+00:00,25.8,20.6,0.0,0,15.5,25.6,2,open-meteo
Sidi Ouassay,Morocco,30.05,-9.6833,2026-09-21,2026-09-19 12:02:46.866711+00:00,30.4,20.5,0.0,0,13.9,25.9,3,open-meteo
Sidi Ouassay,Morocco,30.05,-9.6833,2026-09-22,2026-09-19 12:02:46.866711+00:00,29.0,20.9,0.0,0,14.0,26.6,3,open-meteo
Sidi Ouassay,Morocco,30.05,-9.6833,2026-09-23,2026-09-19 12:02:46.866711+00:00,27.6,19.5,0.0,0,14.3,27.7,2,open-meteo
Sidi Ouassay,Morocco,30.05,-9.6833,2026-09-24,2026-09-19 12:02:46.866711+00:00,32.7,21.2,0.0,0,17.7,30.2,3,open-meteo
Sidi Ouassay,Morocco,30.05,-9.6833,2026-09-25,2026-09-19 12:02:46.866711+00:00,25.1,20.2,0.0,0,16.9,27.4,3,open-meteo
Amtar,Morocco,35.2425,-4.7925,2026-09-19,2026-09-19 12:02:46.977324+00:00,23.9,22.2,1.1,15,11.7,23.0,80,open-meteo
Amtar,Morocco,35.2425,-4.7925,2026-09-20,2026-09-19 12:02:46.977324+00:00,24.2,22.3,2.3,40,10.2,20.9,80,open-meteo
Amtar,Morocco,35.2425,-4.7925,2026-09-21,2026-09-19 12:02:46.977324+00:00,25.2,22.0,0.0,0,9.2,18.7,45,open-meteo
Amtar,Morocco,35.2425,-4.7925,2026-09-22,2026-09-19 12:02:46.977324+00:00,25.1,21.3,0.0,0,9.3,16.9,0,open-meteo
Amtar,Morocco,35.2425,-4.7925,2026-09-23,2026-09-19 12:02:46.977324+00:00,25.1,21.2,0.0,0,9.4,16.9,1,open-meteo
Amtar,Morocco,35.2425,-4.7925,2026-09-24,2026-09-19 12:02:46.977324+00:00,26.4,21.8,0.0,0,7.4,15.1,1,open-meteo
Amtar,Morocco,35.2425,-4.7925,2026-09-25,2026-09-19 12:02:46.977324+00:00,27.8,22.2,0.0,0,8.9,16.6,3,open-meteo
Bni Oual,Morocco,34.6748,-5.6495,2026-09-19,2026-09-19 12:02:47.065824+00:00,36.7,18.0,0.0,0,15.0,32.0,2,open-meteo
Bni Oual,Morocco,34.6748,-5.6495,2026-09-20,2026-09-19 12:02:47.065824+00:00,37.0,22.3,0.0,0,17.7,35.6,2,open-meteo
Bni Oual,Morocco,34.6748,-5.6495,2026-09-21,2026-09-19 12:02:47.065824+00:00,36.6,21.7,0.0,0,12.5,24.8,0,open-meteo
Bni Oual,Morocco,34.6748,-5.6495,2026-09-22,2026-09-19 12:02:47.065824+00:00,35.8,19.5,0.0,0,12.7,28.4,0,open-meteo
Bni Oual,Morocco,34.6748,-5.6495,2026-09-23,2026-09-19 12:02:47.065824+00:00,36.5,18.3,0.0,0,12.0,24.1,0,open-meteo
Bni Oual,Morocco,34.6748,-5.6495,2026-09-24,2026-09-19 12:02:47.065824+00:00,36.7,18.7,0.0,0,14.1,29.9,2,open-meteo
Bni Oual,Morocco,34.6748,-5.6495,2026-09-25,2026-09-19 12:02:47.065824+00:00,32.5,18.1,0.0,3,15.4,32.0,45,open-meteo
Tourza,Morocco,29.3885,-9.9607,2026-09-19,2026-09-19 12:02:47.148548+00:00,26.0,17.8,0.0,0,13.2,29.5,3,open-meteo
Tourza,Morocco,29.3885,-9.9607,2026-09-20,2026-09-19 12:02:47.148548+00:00,30.2,19.0,0.0,0,12.5,27.4,1,open-meteo
Tourza,Morocco,29.3885,-9.9607,2026-09-21,2026-09-19 12:02:47.148548+00:00,36.4,24.3,0.0,0,14.3,29.9,2,open-meteo
Tourza,Morocco,29.3885,-9.9607,2026-09-22,2026-09-19 12:02:47.148548+00:00,34.9,25.6,0.0,0,13.7,28.1,2,open-meteo
Tourza,Morocco,29.3885,-9.9607,2026-09-23,2026-09-19 12:02:47.148548+00:00,38.0,24.6,0.0,0,18.5,38.9,2,open-meteo
Tourza,Morocco,29.3885,-9.9607,2026-09-24,2026-09-19 12:02:47.148548+00:00,37.4,23.0,0.0,0,13.8,30.2,0,open-meteo
Tourza,Morocco,29.3885,-9.9607,2026-09-25,2026-09-19 12:02:47.148548+00:00,29.0,19.5,0.0,2,9.8,26.6,0,open-meteo
Tiztoutine,Morocco,34.9716,-3.1527,2026-09-19,2026-09-19 12:02:47.234781+00:00,26.2,21.2,0.0,3,28.3,51.5,45,open-meteo
Tiztoutine,Morocco,34.9716,-3.1527,2026-09-20,2026-09-19 12:02:47.234781+00:00,27.3,21.6,0.1,8,29.5,52.6,3,open-meteo
Tiztoutine,Morocco,34.9716,-3.1527,2026-09-21,2026-09-19 12:02:47.234781+00:00,27.4,20.1,0.0,3,22.9,40.7,3,open-meteo
Tiztoutine,Morocco,34.9716,-3.1527,2026-09-22,2026-09-19 12:02:47.234781+00:00,27.8,15.5,0.0,0,22.8,40.0,45,open-meteo
Tiztoutine,Morocco,34.9716,-3.1527,2026-09-23,2026-09-19 12:02:47.234781+00:00,28.2,17.3,0.0,0,18.3,36.4,45,open-meteo
Tiztoutine,Morocco,34.9716,-3.1527,2026-09-24,2026-09-19 12:02:47.234781+00:00,31.3,16.8,0.0,0,14.2,26.6,1,open-meteo
Tiztoutine,Morocco,34.9716,-3.1527,2026-09-25,2026-09-19 12:02:47.234781+00:00,32.0,17.5,0.0,0,18.7,34.2,3,open-meteo
Arbaa Ayacha,Morocco,35.383,-5.8333,2026-09-19,2026-09-19 12:02:47.317475+00:00,32.5,22.8,0.0,0,28.3,55.8,1,open-meteo
Arbaa Ayacha,Morocco,35.383,-5.8333,2026-09-20,2026-09-19 12:02:47.317475+00:00,33.3,25.4,0.0,0,21.6,42.1,1,open-meteo
Arbaa Ayacha,Morocco,35.383,-5.8333,2026-09-21,2026-09-19 12:02:47.317475+00:00,34.8,24.5,0.0,0,17.9,35.3,1,open-meteo
Arbaa Ayacha,Morocco,35.383,-5.8333,2026-09-22,2026-09-19 12:02:47.317475+00:00,34.5,20.7,0.0,0,13.4,27.4,0,open-meteo
Arbaa Ayacha,Morocco,35.383,-5.8333,2026-09-23,2026-09-19 12:02:47.317475+00:00,34.6,21.0,0.0,0,12.7,27.0,0,open-meteo
Arbaa Ayacha,Morocco,35.383,-5.8333,2026-09-24,2026-09-19 12:02:47.317475+00:00,34.2,19.8,0.0,0,13.3,25.9,1,open-meteo
Arbaa Ayacha,Morocco,35.383,-5.8333,2026-09-25,2026-09-19 12:02:47.317475+00:00,28.0,19.6,0.0,0,12.2,24.5,3,open-meteo
Foum Zguid,Morocco,30.0861,-6.8736,2026-09-19,2026-09-19 12:02:47.404094+00:00,35.7,27.4,0.0,0,31.4,54.0,3,open-meteo
Foum Zguid,Morocco,30.0861,-6.8736,2026-09-20,2026-09-19 12:02:47.404094+00:00,35.7,26.1,0.0,13,22.6,56.5,2,open-meteo
Foum Zguid,Morocco,30.0861,-6.8736,2026-09-21,2026-09-19 12:02:47.404094+00:00,37.4,26.6,0.0,3,19.6,42.8,3,open-meteo
Foum Zguid,Morocco,30.0861,-6.8736,2026-09-22,2026-09-19 12:02:47.404094+00:00,35.9,28.5,0.0,0,17.0,49.3,2,open-meteo
Foum Zguid,Morocco,30.0861,-6.8736,2026-09-23,2026-09-19 12:02:47.404094+00:00,34.7,26.2,0.0,3,19.7,34.2,2,open-meteo
Foum Zguid,Morocco,30.0861,-6.8736,2026-09-24,2026-09-19 12:02:47.404094+00:00,34.6,24.0,0.0,3,13.1,23.4,2,open-meteo
Foum Zguid,Morocco,30.0861,-6.8736,2026-09-25,2026-09-19 12:02:47.404094+00:00,33.1,24.6,0.6,3,20.7,34.6,80,open-meteo
Tizi Ouzli,Morocco,34.7625,-3.7953,2026-09-19,2026-09-19 12:02:47.496470+00:00,23.4,14.4,0.0,10,24.7,49.3,45,open-meteo
Tizi Ouzli,Morocco,34.7625,-3.7953,2026-09-20,2026-09-19 12:02:47.496470+00:00,24.3,16.6,0.0,0,19.8,41.8,45,open-meteo
Tizi Ouzli,Morocco,34.7625,-3.7953,2026-09-21,2026-09-19 12:02:47.496470+00:00,23.0,14.9,0.0,0,20.1,46.4,45,open-meteo
Tizi Ouzli,Morocco,34.7625,-3.7953,2026-09-22,2026-09-19 12:02:47.496470+00:00,24.7,13.7,0.0,0,19.4,38.2,0,open-meteo
Tizi Ouzli,Morocco,34.7625,-3.7953,2026-09-23,2026-09-19 12:02:47.496470+00:00,26.8,15.6,0.0,0,18.1,35.6,1,open-meteo
Tizi Ouzli,Morocco,34.7625,-3.7953,2026-09-24,2026-09-19 12:02:47.496470+00:00,28.1,14.8,0.3,0,17.2,34.6,80,open-meteo
Tizi Ouzli,Morocco,34.7625,-3.7953,2026-09-25,2026-09-19 12:02:47.496470+00:00,28.8,16.6,0.0,3,15.6,33.5,3,open-meteo
Tadla,Morocco,32.4396,-8.3465,2026-09-19,2026-09-19 12:02:47.584331+00:00,33.7,16.9,0.0,0,19.1,36.4,2,open-meteo
Tadla,Morocco,32.4396,-8.3465,2026-09-20,2026-09-19 12:02:47.584331+00:00,35.1,20.6,0.0,0,18.5,36.4,2,open-meteo
Tadla,Morocco,32.4396,-8.3465,2026-09-21,2026-09-19 12:02:47.584331+00:00,37.8,21.6,0.0,0,18.3,35.3,3,open-meteo
Tadla,Morocco,32.4396,-8.3465,2026-09-22,2026-09-19 12:02:47.584331+00:00,36.6,20.0,0.0,0,17.0,34.2,1,open-meteo
Tadla,Morocco,32.4396,-8.3465,2026-09-23,2026-09-19 12:02:47.584331+00:00,35.9,17.0,0.0,0,14.3,32.0,0,open-meteo
Tadla,Morocco,32.4396,-8.3465,2026-09-24,2026-09-19 12:02:47.584331+00:00,34.7,16.8,0.0,0,17.8,33.5,3,open-meteo
Tadla,Morocco,32.4396,-8.3465,2026-09-25,2026-09-19 12:02:47.584331+00:00,29.3,17.1,0.0,0,18.9,34.6,45,open-meteo
Mirleft,Morocco,29.5782,-10.034,2026-09-19,2026-09-19 12:02:47.681009+00:00,24.3,20.0,0.0,0,16.3,26.3,3,open-meteo
Mirleft,Morocco,29.5782,-10.034,2026-09-20,2026-09-19 12:02:47.681009+00:00,26.0,20.4,0.0,0,9.5,16.6,3,open-meteo
Mirleft,Morocco,29.5782,-10.034,2026-09-21,2026-09-19 12:02:47.681009+00:00,28.0,20.9,0.0,0,8.4,15.8,3,open-meteo
Mirleft,Morocco,29.5782,-10.034,2026-09-22,2026-09-19 12:02:47.681009+00:00,28.8,20.9,0.0,0,7.6,15.5,45,open-meteo
Mirleft,Morocco,29.5782,-10.034,2026-09-23,2026-09-19 12:02:47.681009+00:00,28.6,19.7,0.0,0,11.2,19.1,45,open-meteo
Mirleft,Morocco,29.5782,-10.034,2026-09-24,2026-09-19 12:02:47.681009+00:00,27.9,21.9,0.0,0,8.4,16.6,3,open-meteo
Mirleft,Morocco,29.5782,-10.034,2026-09-25,2026-09-19 12:02:47.681009+00:00,24.4,20.2,0.0,0,12.6,20.5,45,open-meteo
Bouabout,Morocco,31.2655,-9.1786,2026-09-19,2026-09-19 12:02:47.774056+00:00,31.3,21.0,0.0,3,14.4,28.1,2,open-meteo
Bouabout,Morocco,31.2655,-9.1786,2026-09-20,2026-09-19 12:02:47.774056+00:00,30.6,22.9,0.4,40,18.4,34.9,2,open-meteo
Bouabout,Morocco,31.2655,-9.1786,2026-09-21,2026-09-19 12:02:47.774056+00:00,33.4,23.1,0.0,0,22.5,41.0,3,open-meteo
Bouabout,Morocco,31.2655,-9.1786,2026-09-22,2026-09-19 12:02:47.774056+00:00,32.9,22.8,0.0,0,21.7,38.9,1,open-meteo
Bouabout,Morocco,31.2655,-9.1786,2026-09-23,2026-09-19 12:02:47.774056+00:00,32.8,21.7,0.0,3,19.1,34.6,0,open-meteo
Bouabout,Morocco,31.2655,-9.1786,2026-09-24,2026-09-19 12:02:47.774056+00:00,33.2,21.5,0.0,0,20.6,37.8,3,open-meteo
Bouabout,Morocco,31.2655,-9.1786,2026-09-25,2026-09-19 12:02:47.774056+00:00,30.2,18.4,0.0,5,17.8,34.9,3,open-meteo
Ech Chaïbat,Morocco,31.6,-7.85,2026-09-19,2026-09-19 12:02:47.890107+00:00,36.8,19.0,0.1,18,15.8,37.1,2,open-meteo
Ech Chaïbat,Morocco,31.6,-7.85,2026-09-20,2026-09-19 12:02:47.890107+00:00,37.3,21.0,0.1,40,20.6,36.7,3,open-meteo
Ech Chaïbat,Morocco,31.6,-7.85,2026-09-21,2026-09-19 12:02:47.890107+00:00,37.2,21.1,0.0,3,18.4,34.9,3,open-meteo
Ech Chaïbat,Morocco,31.6,-7.85,2026-09-22,2026-09-19 12:02:47.890107+00:00,36.8,19.3,0.0,0,17.0,32.0,3,open-meteo
Ech Chaïbat,Morocco,31.6,-7.85,2026-09-23,2026-09-19 12:02:47.890107+00:00,36.6,17.7,0.0,0,15.5,29.9,1,open-meteo
Ech Chaïbat,Morocco,31.6,-7.85,2026-09-24,2026-09-19 12:02:47.890107+00:00,37.1,18.8,0.0,0,15.0,27.4,1,open-meteo
Ech Chaïbat,Morocco,31.6,-7.85,2026-09-25,2026-09-19 12:02:47.890107+00:00,34.7,20.5,0.0,5,16.8,29.5,3,open-meteo
Oulad Ayyad,Morocco,34.0837,-4.6101,2026-09-19,2026-09-19 12:02:48.002752+00:00,33.5,21.2,0.1,8,29.4,56.5,2,open-meteo
Oulad Ayyad,Morocco,34.0837,-4.6101,2026-09-20,2026-09-19 12:02:48.002752+00:00,35.6,22.2,0.0,0,19.9,37.8,1,open-meteo
Oulad Ayyad,Morocco,34.0837,-4.6101,2026-09-21,2026-09-19 12:02:48.002752+00:00,34.5,21.3,0.0,0,18.0,34.2,1,open-meteo
Oulad Ayyad,Morocco,34.0837,-4.6101,2026-09-22,2026-09-19 12:02:48.002752+00:00,33.9,19.2,0.0,0,13.5,28.8,1,open-meteo
Oulad Ayyad,Morocco,34.0837,-4.6101,2026-09-23,2026-09-19 12:02:48.002752+00:00,35.9,17.4,0.0,0,10.8,21.6,0,open-meteo
Oulad Ayyad,Morocco,34.0837,-4.6101,2026-09-24,2026-09-19 12:02:48.002752+00:00,37.0,18.3,0.0,0,13.7,26.3,2,open-meteo
Oulad Ayyad,Morocco,34.0837,-4.6101,2026-09-25,2026-09-19 12:02:48.002752+00:00,35.2,18.0,0.0,0,17.1,34.2,3,open-meteo
Douar Brarba,Morocco,34.45,-4.2972,2026-09-19,2026-09-19 12:02:48.206933+00:00,30.4,20.8,0.0,0,30.2,56.9,3,open-meteo
Douar Brarba,Morocco,34.45,-4.2972,2026-09-20,2026-09-19 12:02:48.206933+00:00,31.4,22.0,0.0,0,26.1,49.3,1,open-meteo
Douar Brarba,Morocco,34.45,-4.2972,2026-09-21,2026-09-19 12:02:48.206933+00:00,30.1,21.2,0.0,0,24.9,46.4,1,open-meteo
Douar Brarba,Morocco,34.45,-4.2972,2026-09-22,2026-09-19 12:02:48.206933+00:00,30.7,18.5,0.0,0,21.5,39.6,0,open-meteo
Douar Brarba,Morocco,34.45,-4.2972,2026-09-23,2026-09-19 12:02:48.206933+00:00,33.0,19.8,0.0,0,17.7,33.5,0,open-meteo
Douar Brarba,Morocco,34.45,-4.2972,2026-09-24,2026-09-19 12:02:48.206933+00:00,35.4,21.4,0.0,0,11.6,22.3,1,open-meteo
Douar Brarba,Morocco,34.45,-4.2972,2026-09-25,2026-09-19 12:02:48.206933+00:00,33.6,19.6,0.0,0,14.7,31.3,3,open-meteo
Sidi Ahmed El Khadir,Morocco,32.5167,-7.3833,2026-09-19,2026-09-19 12:02:48.303117+00:00,36.9,20.0,0.0,0,17.5,28.4,2,open-meteo
Sidi Ahmed El Khadir,Morocco,32.5167,-7.3833,2026-09-20,2026-09-19 12:02:48.303117+00:00,38.0,22.3,0.0,3,22.0,37.8,2,open-meteo
Sidi Ahmed El Khadir,Morocco,32.5167,-7.3833,2026-09-21,2026-09-19 12:02:48.303117+00:00,37.7,21.3,0.0,0,19.8,40.3,2,open-meteo
Sidi Ahmed El Khadir,Morocco,32.5167,-7.3833,2026-09-22,2026-09-19 12:02:48.303117+00:00,36.9,20.0,0.0,0,13.3,24.8,1,open-meteo
Sidi Ahmed El Khadir,Morocco,32.5167,-7.3833,2026-09-23,2026-09-19 12:02:48.303117+00:00,37.0,19.7,0.0,0,9.5,22.0,0,open-meteo
Sidi Ahmed El Khadir,Morocco,32.5167,-7.3833,2026-09-24,2026-09-19 12:02:48.303117+00:00,37.0,18.8,0.0,3,20.6,33.8,3,open-meteo
Sidi Ahmed El Khadir,Morocco,32.5167,-7.3833,2026-09-25,2026-09-19 12:02:48.303117+00:00,32.6,19.8,0.0,3,20.4,33.8,3,open-meteo
Hetane,Morocco,32.8403,-6.8025,2026-09-19,2026-09-19 12:02:48.475897+00:00,34.0,18.9,0.0,0,20.3,36.0,3,open-meteo
Hetane,Morocco,32.8403,-6.8025,2026-09-20,2026-09-19 12:02:48.475897+00:00,34.7,21.4,0.1,8,23.2,45.7,3,open-meteo
Hetane,Morocco,32.8403,-6.8025,2026-09-21,2026-09-19 12:02:48.475897+00:00,34.1,20.6,0.1,3,21.7,40.3,3,open-meteo
Hetane,Morocco,32.8403,-6.8025,2026-09-22,2026-09-19 12:02:48.475897+00:00,33.9,20.0,0.0,0,14.2,30.2,1,open-meteo
Hetane,Morocco,32.8403,-6.8025,2026-09-23,2026-09-19 12:02:48.475897+00:00,33.8,18.6,0.0,0,14.5,27.7,0,open-meteo
Hetane,Morocco,32.8403,-6.8025,2026-09-24,2026-09-19 12:02:48.475897+00:00,33.5,19.2,0.0,0,12.7,27.0,2,open-meteo
Hetane,Morocco,32.8403,-6.8025,2026-09-25,2026-09-19 12:02:48.475897+00:00,31.6,18.4,0.0,3,16.5,34.2,3,open-meteo
Al Hammam,Morocco,33.1735,-5.4713,2026-09-19,2026-09-19 12:02:48.612195+00:00,31.0,18.3,0.1,10,17.8,39.2,2,open-meteo
Al Hammam,Morocco,33.1735,-5.4713,2026-09-20,2026-09-19 12:02:48.612195+00:00,32.3,18.5,0.0,8,24.5,58.3,3,open-meteo
Al Hammam,Morocco,33.1735,-5.4713,2026-09-21,2026-09-19 12:02:48.612195+00:00,31.3,18.6,0.0,0,25.3,50.4,2,open-meteo
Al Hammam,Morocco,33.1735,-5.4713,2026-09-22,2026-09-19 12:02:48.612195+00:00,30.6,16.4,0.0,0,23.0,46.4,1,open-meteo
Al Hammam,Morocco,33.1735,-5.4713,2026-09-23,2026-09-19 12:02:48.612195+00:00,31.8,16.8,0.0,0,16.6,38.2,0,open-meteo
Al Hammam,Morocco,33.1735,-5.4713,2026-09-24,2026-09-19 12:02:48.612195+00:00,31.8,15.8,0.0,0,13.8,26.6,0,open-meteo
Al Hammam,Morocco,33.1735,-5.4713,2026-09-25,2026-09-19 12:02:48.612195+00:00,31.3,15.1,0.0,8,15.3,34.9,3,open-meteo
Sidi Bousber,Morocco,34.5667,-5.3667,2026-09-19,2026-09-19 12:02:48.827526+00:00,34.9,20.7,0.0,0,21.7,52.6,1,open-meteo
Sidi Bousber,Morocco,34.5667,-5.3667,2026-09-20,2026-09-19 12:02:48.827526+00:00,35.5,23.6,0.0,0,20.3,47.2,1,open-meteo
Sidi Bousber,Morocco,34.5667,-5.3667,2026-09-21,2026-09-19 12:02:48.827526+00:00,34.5,23.2,0.0,0,16.3,34.2,1,open-meteo
Sidi Bousber,Morocco,34.5667,-5.3667,2026-09-22,2026-09-19 12:02:48.827526+00:00,34.0,21.7,0.0,0,15.0,34.2,0,open-meteo
Sidi Bousber,Morocco,34.5667,-5.3667,2026-09-23,2026-09-19 12:02:48.827526+00:00,35.2,20.1,0.0,0,11.7,26.3,0,open-meteo
Sidi Bousber,Morocco,34.5667,-5.3667,2026-09-24,2026-09-19 12:02:48.827526+00:00,35.4,19.7,0.0,0,13.7,28.1,1,open-meteo
Sidi Bousber,Morocco,34.5667,-5.3667,2026-09-25,2026-09-19 12:02:48.827526+00:00,31.9,17.5,0.0,0,15.3,33.8,3,open-meteo
Oulad Imloul,Morocco,32.0333,-7.7167,2026-09-19,2026-09-19 12:02:49.061349+00:00,35.7,21.4,0.0,0,19.2,30.6,3,open-meteo
Oulad Imloul,Morocco,32.0333,-7.7167,2026-09-20,2026-09-19 12:02:49.061349+00:00,36.8,24.5,0.0,13,21.5,33.8,2,open-meteo
Oulad Imloul,Morocco,32.0333,-7.7167,2026-09-21,2026-09-19 12:02:49.061349+00:00,37.4,24.1,0.0,0,22.4,41.0,2,open-meteo
Oulad Imloul,Morocco,32.0333,-7.7167,2026-09-22,2026-09-19 12:02:49.061349+00:00,36.6,23.5,0.0,0,14.2,27.4,1,open-meteo
Oulad Imloul,Morocco,32.0333,-7.7167,2026-09-23,2026-09-19 12:02:49.061349+00:00,36.4,22.0,0.0,0,11.9,20.2,0,open-meteo
Oulad Imloul,Morocco,32.0333,-7.7167,2026-09-24,2026-09-19 12:02:49.061349+00:00,36.7,22.8,0.0,3,21.9,34.2,2,open-meteo
Oulad Imloul,Morocco,32.0333,-7.7167,2026-09-25,2026-09-19 12:02:49.061349+00:00,34.1,22.1,0.0,3,20.0,34.6,3,open-meteo
Ameskroud,Morocco,30.5308,-9.3283,2026-09-19,2026-09-19 12:02:49.167963+00:00,30.9,20.1,0.0,0,19.7,32.4,2,open-meteo
Ameskroud,Morocco,30.5308,-9.3283,2026-09-20,2026-09-19 12:02:49.167963+00:00,32.6,19.9,0.0,0,18.4,30.2,2,open-meteo
Ameskroud,Morocco,30.5308,-9.3283,2026-09-21,2026-09-19 12:02:49.167963+00:00,39.3,22.4,0.0,0,23.0,37.4,3,open-meteo
Ameskroud,Morocco,30.5308,-9.3283,2026-09-22,2026-09-19 12:02:49.167963+00:00,39.5,21.8,0.0,0,16.5,40.7,3,open-meteo
Ameskroud,Morocco,30.5308,-9.3283,2026-09-23,2026-09-19 12:02:49.167963+00:00,38.4,21.3,0.0,0,26.5,43.6,0,open-meteo
Ameskroud,Morocco,30.5308,-9.3283,2026-09-24,2026-09-19 12:02:49.167963+00:00,38.3,25.8,0.0,0,17.4,33.8,2,open-meteo
Ameskroud,Morocco,30.5308,-9.3283,2026-09-25,2026-09-19 12:02:49.167963+00:00,32.5,20.7,0.0,0,16.5,28.1,3,open-meteo
Sidi El Hattab,Morocco,32.2667,-7.2833,2026-09-19,2026-09-19 12:02:49.259905+00:00,36.8,20.8,0.0,0,18.0,29.9,3,open-meteo
Sidi El Hattab,Morocco,32.2667,-7.2833,2026-09-20,2026-09-19 12:02:49.259905+00:00,37.7,22.9,0.0,10,21.4,34.9,2,open-meteo
Sidi El Hattab,Morocco,32.2667,-7.2833,2026-09-21,2026-09-19 12:02:49.259905+00:00,37.8,22.2,0.0,0,15.9,31.7,2,open-meteo
Sidi El Hattab,Morocco,32.2667,-7.2833,2026-09-22,2026-09-19 12:02:49.259905+00:00,37.4,21.6,0.0,0,13.7,28.1,1,open-meteo
Sidi El Hattab,Morocco,32.2667,-7.2833,2026-09-23,2026-09-19 12:02:49.259905+00:00,37.2,20.7,0.0,0,11.2,19.4,0,open-meteo
Sidi El Hattab,Morocco,32.2667,-7.2833,2026-09-24,2026-09-19 12:02:49.259905+00:00,37.8,18.9,0.0,3,16.1,27.4,3,open-meteo
Sidi El Hattab,Morocco,32.2667,-7.2833,2026-09-25,2026-09-19 12:02:49.259905+00:00,33.9,20.7,0.0,3,17.1,29.5,3,open-meteo
Boujediane,Morocco,35.1114,-5.7822,2026-09-19,2026-09-19 12:02:49.508664+00:00,35.4,18.8,0.0,0,12.6,28.4,1,open-meteo
Boujediane,Morocco,35.1114,-5.7822,2026-09-20,2026-09-19 12:02:49.508664+00:00,35.8,22.2,0.0,0,17.6,33.5,1,open-meteo
Boujediane,Morocco,35.1114,-5.7822,2026-09-21,2026-09-19 12:02:49.508664+00:00,36.0,21.9,0.0,0,13.6,27.0,0,open-meteo
Boujediane,Morocco,35.1114,-5.7822,2026-09-22,2026-09-19 12:02:49.508664+00:00,34.3,20.3,0.0,0,16.1,31.7,0,open-meteo
Boujediane,Morocco,35.1114,-5.7822,2026-09-23,2026-09-19 12:02:49.508664+00:00,34.7,20.2,0.0,0,15.8,32.4,0,open-meteo
Boujediane,Morocco,35.1114,-5.7822,2026-09-24,2026-09-19 12:02:49.508664+00:00,35.3,21.1,0.0,0,15.6,35.6,1,open-meteo
Boujediane,Morocco,35.1114,-5.7822,2026-09-25,2026-09-19 12:02:49.508664+00:00,31.6,17.6,0.0,3,11.9,28.1,45,open-meteo
Douar Lehouifrat,Morocco,32.28,-8.31,2026-09-19,2026-09-19 12:02:50.300393+00:00,34.7,17.7,0.0,0,19.0,31.3,2,open-meteo
Douar Lehouifrat,Morocco,32.28,-8.31,2026-09-20,2026-09-19 12:02:50.300393+00:00,35.6,21.7,0.0,5,21.7,35.6,2,open-meteo
Douar Lehouifrat,Morocco,32.28,-8.31,2026-09-21,2026-09-19 12:02:50.300393+00:00,38.0,21.3,0.0,0,20.5,33.8,3,open-meteo
Douar Lehouifrat,Morocco,32.28,-8.31,2026-09-22,2026-09-19 12:02:50.300393+00:00,37.2,19.5,0.0,0,20.5,36.0,1,open-meteo
Douar Lehouifrat,Morocco,32.28,-8.31,2026-09-23,2026-09-19 12:02:50.300393+00:00,36.4,16.9,0.0,0,16.6,27.0,1,open-meteo
Douar Lehouifrat,Morocco,32.28,-8.31,2026-09-24,2026-09-19 12:02:50.300393+00:00,36.8,20.8,0.0,0,21.7,37.1,2,open-meteo
Douar Lehouifrat,Morocco,32.28,-8.31,2026-09-25,2026-09-19 12:02:50.300393+00:00,32.4,19.9,0.0,0,20.3,34.9,3,open-meteo
Tinajdad,Morocco,31.9304,-4.4231,2026-09-19,2026-09-19 12:02:50.510536+00:00,29.2,19.2,11.8,65,17.6,35.3,81,open-meteo
Tinajdad,Morocco,31.9304,-4.4231,2026-09-20,2026-09-19 12:02:50.510536+00:00,29.3,18.7,0.4,23,12.3,23.4,80,open-meteo
Tinajdad,Morocco,31.9304,-4.4231,2026-09-21,2026-09-19 12:02:50.510536+00:00,32.2,19.4,0.0,14,19.8,43.2,2,open-meteo
Tinajdad,Morocco,31.9304,-4.4231,2026-09-22,2026-09-19 12:02:50.510536+00:00,29.5,17.4,0.0,3,10.5,25.2,2,open-meteo
Tinajdad,Morocco,31.9304,-4.4231,2026-09-23,2026-09-19 12:02:50.510536+00:00,29.9,17.4,0.0,3,14.3,27.7,1,open-meteo
Tinajdad,Morocco,31.9304,-4.4231,2026-09-24,2026-09-19 12:02:50.510536+00:00,30.3,17.9,0.0,0,12.5,23.4,1,open-meteo
Tinajdad,Morocco,31.9304,-4.4231,2026-09-25,2026-09-19 12:02:50.510536+00:00,30.1,18.3,0.3,19,21.1,35.3,3,open-meteo
Dar Si Aissa,Morocco,32.4199,-8.908,2026-09-19,2026-09-19 12:02:51.395468+00:00,31.8,17.2,0.0,0,17.2,31.0,3,open-meteo
Dar Si Aissa,Morocco,32.4199,-8.908,2026-09-20,2026-09-19 12:02:51.395468+00:00,32.0,19.7,0.0,0,13.6,25.2,2,open-meteo
Dar Si Aissa,Morocco,32.4199,-8.908,2026-09-21,2026-09-19 12:02:51.395468+00:00,35.4,21.1,0.0,0,12.8,23.4,3,open-meteo
Dar Si Aissa,Morocco,32.4199,-8.908,2026-09-22,2026-09-19 12:02:51.395468+00:00,34.3,18.1,0.0,0,14.3,27.0,45,open-meteo
Dar Si Aissa,Morocco,32.4199,-8.908,2026-09-23,2026-09-19 12:02:51.395468+00:00,32.7,17.9,0.0,0,12.2,23.0,45,open-meteo
Dar Si Aissa,Morocco,32.4199,-8.908,2026-09-24,2026-09-19 12:02:51.395468+00:00,33.0,18.3,0.0,0,16.6,31.0,45,open-meteo
Dar Si Aissa,Morocco,32.4199,-8.908,2026-09-25,2026-09-19 12:02:51.395468+00:00,29.8,19.4,0.0,0,16.8,32.0,3,open-meteo
Kourimat,Morocco,31.4603,-9.2833,2026-09-19,2026-09-19 12:02:51.488126+00:00,34.1,19.1,0.0,0,16.5,31.3,2,open-meteo
Kourimat,Morocco,31.4603,-9.2833,2026-09-20,2026-09-19 12:02:51.488126+00:00,30.8,21.7,0.0,3,16.3,31.7,2,open-meteo
Kourimat,Morocco,31.4603,-9.2833,2026-09-21,2026-09-19 12:02:51.488126+00:00,36.0,20.5,0.0,0,17.4,33.1,3,open-meteo
Kourimat,Morocco,31.4603,-9.2833,2026-09-22,2026-09-19 12:02:51.488126+00:00,35.8,20.2,0.0,0,18.5,36.0,1,open-meteo
Kourimat,Morocco,31.4603,-9.2833,2026-09-23,2026-09-19 12:02:51.488126+00:00,35.1,18.7,0.0,0,16.9,33.1,1,open-meteo
Kourimat,Morocco,31.4603,-9.2833,2026-09-24,2026-09-19 12:02:51.488126+00:00,35.2,21.1,0.0,0,18.5,37.4,3,open-meteo
Kourimat,Morocco,31.4603,-9.2833,2026-09-25,2026-09-19 12:02:51.488126+00:00,29.5,17.7,0.0,0,18.1,37.4,45,open-meteo
Oulad Chbana,Morocco,33.05,-7.3833,2026-09-19,2026-09-19 12:02:51.586526+00:00,33.2,16.8,0.0,0,16.6,33.5,2,open-meteo
Oulad Chbana,Morocco,33.05,-7.3833,2026-09-20,2026-09-19 12:02:51.586526+00:00,34.9,20.4,0.0,3,20.1,41.0,2,open-meteo
Oulad Chbana,Morocco,33.05,-7.3833,2026-09-21,2026-09-19 12:02:51.586526+00:00,35.2,20.6,0.0,0,20.1,41.4,2,open-meteo
Oulad Chbana,Morocco,33.05,-7.3833,2026-09-22,2026-09-19 12:02:51.586526+00:00,34.9,19.2,0.0,0,14.8,35.6,0,open-meteo
Oulad Chbana,Morocco,33.05,-7.3833,2026-09-23,2026-09-19 12:02:51.586526+00:00,34.7,17.7,0.0,0,14.5,34.9,0,open-meteo
Oulad Chbana,Morocco,33.05,-7.3833,2026-09-24,2026-09-19 12:02:51.586526+00:00,35.6,18.5,0.0,0,15.4,38.5,3,open-meteo
Oulad Chbana,Morocco,33.05,-7.3833,2026-09-25,2026-09-19 12:02:51.586526+00:00,32.0,18.0,0.0,3,16.1,33.1,45,open-meteo
Iksane,Morocco,35.1333,-3.0333,2026-09-19,2026-09-19 12:02:51.678860+00:00,25.4,21.1,0.1,18,28.7,54.0,3,open-meteo
Iksane,Morocco,35.1333,-3.0333,2026-09-20,2026-09-19 12:02:51.678860+00:00,26.2,21.4,0.0,28,29.9,56.9,3,open-meteo
Iksane,Morocco,35.1333,-3.0333,2026-09-21,2026-09-19 12:02:51.678860+00:00,25.9,20.3,0.0,3,22.7,42.1,3,open-meteo
Iksane,Morocco,35.1333,-3.0333,2026-09-22,2026-09-19 12:02:51.678860+00:00,26.4,17.4,0.0,0,22.7,44.3,45,open-meteo
Iksane,Morocco,35.1333,-3.0333,2026-09-23,2026-09-19 12:02:51.678860+00:00,27.0,18.4,0.0,0,19.0,35.6,45,open-meteo
Iksane,Morocco,35.1333,-3.0333,2026-09-24,2026-09-19 12:02:51.678860+00:00,28.0,17.3,0.0,0,17.6,32.4,45,open-meteo
Iksane,Morocco,35.1333,-3.0333,2026-09-25,2026-09-19 12:02:51.678860+00:00,30.1,16.8,0.0,0,12.4,24.1,45,open-meteo
Douar Messassa,Morocco,34.2803,-4.5336,2026-09-19,2026-09-19 12:02:51.788727+00:00,31.8,22.5,0.0,3,33.0,82.1,3,open-meteo
Douar Messassa,Morocco,34.2803,-4.5336,2026-09-20,2026-09-19 12:02:51.788727+00:00,33.8,23.3,0.0,0,28.8,77.0,3,open-meteo
Douar Messassa,Morocco,34.2803,-4.5336,2026-09-21,2026-09-19 12:02:51.788727+00:00,32.9,23.0,0.0,0,27.0,76.7,1,open-meteo
Douar Messassa,Morocco,34.2803,-4.5336,2026-09-22,2026-09-19 12:02:51.788727+00:00,33.1,21.0,0.0,0,23.1,64.1,0,open-meteo
Douar Messassa,Morocco,34.2803,-4.5336,2026-09-23,2026-09-19 12:02:51.788727+00:00,35.3,21.9,0.0,0,15.1,54.7,0,open-meteo
Douar Messassa,Morocco,34.2803,-4.5336,2026-09-24,2026-09-19 12:02:51.788727+00:00,37.0,21.3,0.0,0,10.8,26.5,2,open-meteo
Douar Messassa,Morocco,34.2803,-4.5336,2026-09-25,2026-09-19 12:02:51.788727+00:00,35.0,18.6,0.0,0,15.6,32.8,3,open-meteo
Gaada,Morocco,35.1594,-2.9892,2026-09-19,2026-09-19 12:02:52.216035+00:00,26.2,22.0,0.5,18,27.2,54.7,3,open-meteo
Gaada,Morocco,35.1594,-2.9892,2026-09-20,2026-09-19 12:02:52.216035+00:00,26.8,22.4,0.1,28,26.5,54.4,3,open-meteo
Gaada,Morocco,35.1594,-2.9892,2026-09-21,2026-09-19 12:02:52.216035+00:00,26.6,21.4,0.1,3,21.1,42.5,3,open-meteo
Gaada,Morocco,35.1594,-2.9892,2026-09-22,2026-09-19 12:02:52.216035+00:00,26.7,18.1,0.0,0,21.1,42.8,2,open-meteo
Gaada,Morocco,35.1594,-2.9892,2026-09-23,2026-09-19 12:02:52.216035+00:00,26.9,19.1,0.0,0,19.0,38.9,45,open-meteo
Gaada,Morocco,35.1594,-2.9892,2026-09-24,2026-09-19 12:02:52.216035+00:00,29.2,18.5,0.0,0,17.6,32.4,45,open-meteo
Gaada,Morocco,35.1594,-2.9892,2026-09-25,2026-09-19 12:02:52.216035+00:00,31.3,18.0,0.0,0,12.4,24.1,45,open-meteo
Zawyat Sidi al Mekki,Morocco,33.2122,-7.7164,2026-09-19,2026-09-19 12:02:52.355734+00:00,33.0,16.6,0.0,0,17.1,31.3,2,open-meteo
Zawyat Sidi al Mekki,Morocco,33.2122,-7.7164,2026-09-20,2026-09-19 12:02:52.355734+00:00,36.1,18.9,0.0,0,19.1,35.3,1,open-meteo
Zawyat Sidi al Mekki,Morocco,33.2122,-7.7164,2026-09-21,2026-09-19 12:02:52.355734+00:00,36.2,19.1,0.0,0,17.8,33.1,45,open-meteo
Zawyat Sidi al Mekki,Morocco,33.2122,-7.7164,2026-09-22,2026-09-19 12:02:52.355734+00:00,35.8,18.4,0.0,0,18.1,33.8,1,open-meteo
Zawyat Sidi al Mekki,Morocco,33.2122,-7.7164,2026-09-23,2026-09-19 12:02:52.355734+00:00,35.0,17.7,0.0,0,17.1,32.8,45,open-meteo
Zawyat Sidi al Mekki,Morocco,33.2122,-7.7164,2026-09-24,2026-09-19 12:02:52.355734+00:00,35.0,17.1,0.0,0,17.1,32.4,45,open-meteo
Zawyat Sidi al Mekki,Morocco,33.2122,-7.7164,2026-09-25,2026-09-19 12:02:52.355734+00:00,28.9,19.4,0.0,0,15.8,30.2,45,open-meteo
Nzalat Bni Amar,Morocco,34.0981,-5.4161,2026-09-19,2026-09-19 12:02:52.465571+00:00,33.5,19.5,0.0,0,18.5,37.1,2,open-meteo
Nzalat Bni Amar,Morocco,34.0981,-5.4161,2026-09-20,2026-09-19 12:02:52.465571+00:00,34.5,21.3,0.0,0,15.9,31.7,0,open-meteo
Nzalat Bni Amar,Morocco,34.0981,-5.4161,2026-09-21,2026-09-19 12:02:52.465571+00:00,33.6,21.4,0.0,0,14.0,28.1,0,open-meteo
Nzalat Bni Amar,Morocco,34.0981,-5.4161,2026-09-22,2026-09-19 12:02:52.465571+00:00,32.6,20.5,0.0,0,11.9,25.6,0,open-meteo
Nzalat Bni Amar,Morocco,34.0981,-5.4161,2026-09-23,2026-09-19 12:02:52.465571+00:00,33.5,19.5,0.0,0,11.4,22.0,0,open-meteo
Nzalat Bni Amar,Morocco,34.0981,-5.4161,2026-09-24,2026-09-19 12:02:52.465571+00:00,34.1,18.9,0.0,0,17.0,34.2,2,open-meteo
Nzalat Bni Amar,Morocco,34.0981,-5.4161,2026-09-25,2026-09-19 12:02:52.465571+00:00,29.8,16.9,0.0,3,16.4,33.8,45,open-meteo
El Marmouta,Morocco,32.1202,-7.4039,2026-09-19,2026-09-19 12:02:52.552322+00:00,36.2,20.3,0.0,3,17.3,31.3,3,open-meteo
El Marmouta,Morocco,32.1202,-7.4039,2026-09-20,2026-09-19 12:02:52.552322+00:00,37.3,22.5,0.0,10,20.0,35.3,3,open-meteo
El Marmouta,Morocco,32.1202,-7.4039,2026-09-21,2026-09-19 12:02:52.552322+00:00,37.7,21.6,0.0,0,14.1,25.2,2,open-meteo
El Marmouta,Morocco,32.1202,-7.4039,2026-09-22,2026-09-19 12:02:52.552322+00:00,37.1,20.5,0.0,0,12.8,29.5,1,open-meteo
El Marmouta,Morocco,32.1202,-7.4039,2026-09-23,2026-09-19 12:02:52.552322+00:00,37.1,20.2,0.0,0,11.5,21.6,0,open-meteo
El Marmouta,Morocco,32.1202,-7.4039,2026-09-24,2026-09-19 12:02:52.552322+00:00,37.2,19.1,0.0,3,18.5,31.3,3,open-meteo
El Marmouta,Morocco,32.1202,-7.4039,2026-09-25,2026-09-19 12:02:52.552322+00:00,33.6,21.0,0.0,3,17.4,31.0,3,open-meteo
Sidi Abdallah,Morocco,32.5783,-7.8108,2026-09-19,2026-09-19 12:02:53.131847+00:00,35.5,19.0,0.0,0,20.4,36.0,2,open-meteo
Sidi Abdallah,Morocco,32.5783,-7.8108,2026-09-20,2026-09-19 12:02:53.131847+00:00,36.9,22.7,0.0,0,24.0,42.1,2,open-meteo
Sidi Abdallah,Morocco,32.5783,-7.8108,2026-09-21,2026-09-19 12:02:53.131847+00:00,38.3,22.3,0.0,0,22.9,39.2,2,open-meteo
Sidi Abdallah,Morocco,32.5783,-7.8108,2026-09-22,2026-09-19 12:02:53.131847+00:00,37.5,21.2,0.0,0,21.9,36.4,1,open-meteo
Sidi Abdallah,Morocco,32.5783,-7.8108,2026-09-23,2026-09-19 12:02:53.131847+00:00,37.2,19.2,0.0,0,19.1,32.8,0,open-meteo
Sidi Abdallah,Morocco,32.5783,-7.8108,2026-09-24,2026-09-19 12:02:53.131847+00:00,37.2,19.2,0.0,0,21.1,35.3,3,open-meteo
Sidi Abdallah,Morocco,32.5783,-7.8108,2026-09-25,2026-09-19 12:02:53.131847+00:00,31.3,19.5,0.0,0,21.2,37.1,3,open-meteo
Douar Oulad Bouziane,Morocco,34.2325,-5.0444,2026-09-19,2026-09-19 12:02:53.226944+00:00,34.9,22.9,0.0,0,25.6,52.2,2,open-meteo
Douar Oulad Bouziane,Morocco,34.2325,-5.0444,2026-09-20,2026-09-19 12:02:53.226944+00:00,36.0,23.9,0.0,0,24.2,48.6,0,open-meteo
Douar Oulad Bouziane,Morocco,34.2325,-5.0444,2026-09-21,2026-09-19 12:02:53.226944+00:00,35.1,23.8,0.0,0,20.6,46.1,1,open-meteo
Douar Oulad Bouziane,Morocco,34.2325,-5.0444,2026-09-22,2026-09-19 12:02:53.226944+00:00,34.5,22.4,0.0,0,19.5,43.9,0,open-meteo
Douar Oulad Bouziane,Morocco,34.2325,-5.0444,2026-09-23,2026-09-19 12:02:53.226944+00:00,35.7,22.7,0.0,0,10.9,25.6,0,open-meteo
Douar Oulad Bouziane,Morocco,34.2325,-5.0444,2026-09-24,2026-09-19 12:02:53.226944+00:00,36.4,22.1,0.0,0,15.3,30.2,2,open-meteo
Douar Oulad Bouziane,Morocco,34.2325,-5.0444,2026-09-25,2026-09-19 12:02:53.226944+00:00,33.5,20.4,0.0,0,18.4,38.5,3,open-meteo
Had Dra,Morocco,31.5833,-9.5333,2026-09-19,2026-09-19 12:02:53.433668+00:00,31.9,19.2,0.0,0,17.1,35.6,2,open-meteo
Had Dra,Morocco,31.5833,-9.5333,2026-09-20,2026-09-19 12:02:53.433668+00:00,28.3,20.3,0.0,0,13.8,28.4,2,open-meteo
Had Dra,Morocco,31.5833,-9.5333,2026-09-21,2026-09-19 12:02:53.433668+00:00,32.4,20.0,0.0,0,12.4,26.6,3,open-meteo
Had Dra,Morocco,31.5833,-9.5333,2026-09-22,2026-09-19 12:02:53.433668+00:00,34.1,19.7,0.0,0,12.4,29.9,2,open-meteo
Had Dra,Morocco,31.5833,-9.5333,2026-09-23,2026-09-19 12:02:53.433668+00:00,30.6,16.7,0.0,0,11.1,24.5,0,open-meteo
Had Dra,Morocco,31.5833,-9.5333,2026-09-24,2026-09-19 12:02:53.433668+00:00,32.2,21.1,0.0,0,13.1,27.7,3,open-meteo
Had Dra,Morocco,31.5833,-9.5333,2026-09-25,2026-09-19 12:02:53.433668+00:00,27.2,20.3,0.0,0,15.8,32.4,3,open-meteo
Sgamna,Morocco,32.7342,-7.2033,2026-09-19,2026-09-19 12:02:53.544564+00:00,34.8,18.9,0.0,0,16.6,32.0,3,open-meteo
Sgamna,Morocco,32.7342,-7.2033,2026-09-20,2026-09-19 12:02:53.544564+00:00,36.0,21.3,0.0,10,21.0,39.2,3,open-meteo
Sgamna,Morocco,32.7342,-7.2033,2026-09-21,2026-09-19 12:02:53.544564+00:00,35.4,20.6,0.0,0,18.4,38.9,3,open-meteo
Sgamna,Morocco,32.7342,-7.2033,2026-09-22,2026-09-19 12:02:53.544564+00:00,34.9,19.8,0.0,0,17.7,32.4,0,open-meteo
Sgamna,Morocco,32.7342,-7.2033,2026-09-23,2026-09-19 12:02:53.544564+00:00,34.9,18.0,0.0,0,18.2,33.8,0,open-meteo
Sgamna,Morocco,32.7342,-7.2033,2026-09-24,2026-09-19 12:02:53.544564+00:00,34.8,18.1,0.0,0,18.4,34.6,3,open-meteo
Sgamna,Morocco,32.7342,-7.2033,2026-09-25,2026-09-19 12:02:53.544564+00:00,31.7,19.1,0.0,3,17.0,34.2,3,open-meteo
Mokrisset,Morocco,34.91,-5.3536,2026-09-19,2026-09-19 12:02:53.712069+00:00,32.7,19.4,0.0,0,15.0,30.6,1,open-meteo
Mokrisset,Morocco,34.91,-5.3536,2026-09-20,2026-09-19 12:02:53.712069+00:00,33.3,22.1,0.0,0,14.0,27.0,1,open-meteo
Mokrisset,Morocco,34.91,-5.3536,2026-09-21,2026-09-19 12:02:53.712069+00:00,33.7,21.0,0.0,0,12.1,22.0,1,open-meteo
Mokrisset,Morocco,34.91,-5.3536,2026-09-22,2026-09-19 12:02:53.712069+00:00,33.6,18.4,0.0,0,9.4,20.9,0,open-meteo
Mokrisset,Morocco,34.91,-5.3536,2026-09-23,2026-09-19 12:02:53.712069+00:00,34.3,18.9,0.0,0,14.3,31.3,0,open-meteo
Mokrisset,Morocco,34.91,-5.3536,2026-09-24,2026-09-19 12:02:53.712069+00:00,34.6,19.6,0.0,0,13.6,31.0,2,open-meteo
Mokrisset,Morocco,34.91,-5.3536,2026-09-25,2026-09-19 12:02:53.712069+00:00,31.4,16.1,0.0,3,15.8,31.7,3,open-meteo
Ait Touil,Morocco,33.7842,-6.1281,2026-09-19,2026-09-19 12:02:53.855108+00:00,34.1,17.6,0.0,0,13.2,27.0,2,open-meteo
Ait Touil,Morocco,33.7842,-6.1281,2026-09-20,2026-09-19 12:02:53.855108+00:00,36.1,20.2,0.0,0,16.1,32.4,2,open-meteo
Ait Touil,Morocco,33.7842,-6.1281,2026-09-21,2026-09-19 12:02:53.855108+00:00,35.2,20.6,0.0,0,15.7,30.6,1,open-meteo
Ait Touil,Morocco,33.7842,-6.1281,2026-09-22,2026-09-19 12:02:53.855108+00:00,34.1,19.3,0.0,0,14.0,29.9,0,open-meteo
Ait Touil,Morocco,33.7842,-6.1281,2026-09-23,2026-09-19 12:02:53.855108+00:00,34.6,18.6,0.0,0,15.2,31.0,0,open-meteo
Ait Touil,Morocco,33.7842,-6.1281,2026-09-24,2026-09-19 12:02:53.855108+00:00,34.5,18.3,0.0,0,16.0,32.4,1,open-meteo
Ait Touil,Morocco,33.7842,-6.1281,2026-09-25,2026-09-19 12:02:53.855108+00:00,29.5,17.5,0.0,3,16.6,33.1,3,open-meteo
Foum Jam’a,Morocco,31.96,-6.98,2026-09-19,2026-09-19 12:02:54.060718+00:00,33.4,20.3,0.0,8,17.9,38.9,3,open-meteo
Foum Jam’a,Morocco,31.96,-6.98,2026-09-20,2026-09-19 12:02:54.060718+00:00,34.5,23.5,0.3,15,17.3,42.5,3,open-meteo
Foum Jam’a,Morocco,31.96,-6.98,2026-09-21,2026-09-19 12:02:54.060718+00:00,33.9,22.6,0.0,0,18.1,38.9,2,open-meteo
Foum Jam’a,Morocco,31.96,-6.98,2026-09-22,2026-09-19 12:02:54.060718+00:00,33.8,22.1,0.0,0,16.1,33.5,2,open-meteo
Foum Jam’a,Morocco,31.96,-6.98,2026-09-23,2026-09-19 12:02:54.060718+00:00,33.9,20.2,0.0,0,14.5,31.0,0,open-meteo
Foum Jam’a,Morocco,31.96,-6.98,2026-09-24,2026-09-19 12:02:54.060718+00:00,34.3,19.3,0.0,3,14.2,29.5,3,open-meteo
Foum Jam’a,Morocco,31.96,-6.98,2026-09-25,2026-09-19 12:02:54.060718+00:00,31.4,18.5,0.0,5,13.8,28.1,3,open-meteo
Taouz,Morocco,30.9069,-3.9958,2026-09-19,2026-09-19 12:02:54.157571+00:00,30.6,22.0,0.0,20,23.0,45.0,3,open-meteo
Taouz,Morocco,30.9069,-3.9958,2026-09-20,2026-09-19 12:02:54.157571+00:00,32.8,21.5,0.3,13,12.2,20.9,3,open-meteo
Taouz,Morocco,30.9069,-3.9958,2026-09-21,2026-09-19 12:02:54.157571+00:00,34.9,22.0,0.1,24,17.9,33.1,3,open-meteo
Taouz,Morocco,30.9069,-3.9958,2026-09-22,2026-09-19 12:02:54.157571+00:00,32.5,22.1,0.0,5,19.1,29.2,3,open-meteo
Taouz,Morocco,30.9069,-3.9958,2026-09-23,2026-09-19 12:02:54.157571+00:00,32.5,21.5,0.0,5,20.8,31.3,2,open-meteo
Taouz,Morocco,30.9069,-3.9958,2026-09-24,2026-09-19 12:02:54.157571+00:00,32.7,21.2,0.0,3,11.2,17.6,1,open-meteo
Taouz,Morocco,30.9069,-3.9958,2026-09-25,2026-09-19 12:02:54.157571+00:00,33.4,22.6,0.6,3,14.0,23.8,3,open-meteo
Laanoussar,Morocco,33.6833,-4.8167,2026-09-19,2026-09-19 12:02:54.256472+00:00,27.8,15.8,1.0,48,16.5,50.8,80,open-meteo
Laanoussar,Morocco,33.6833,-4.8167,2026-09-20,2026-09-19 12:02:54.256472+00:00,27.8,16.9,0.0,0,18.5,34.2,2,open-meteo
Laanoussar,Morocco,33.6833,-4.8167,2026-09-21,2026-09-19 12:02:54.256472+00:00,27.0,16.0,0.0,0,20.0,36.7,3,open-meteo
Laanoussar,Morocco,33.6833,-4.8167,2026-09-22,2026-09-19 12:02:54.256472+00:00,26.1,13.9,0.0,0,19.0,33.5,0,open-meteo
Laanoussar,Morocco,33.6833,-4.8167,2026-09-23,2026-09-19 12:02:54.256472+00:00,27.4,15.2,0.0,0,13.3,26.6,0,open-meteo
Laanoussar,Morocco,33.6833,-4.8167,2026-09-24,2026-09-19 12:02:54.256472+00:00,28.5,16.5,0.0,0,15.9,32.0,2,open-meteo
Laanoussar,Morocco,33.6833,-4.8167,2026-09-25,2026-09-19 12:02:54.256472+00:00,27.4,16.2,0.0,0,18.8,38.2,3,open-meteo
La’tamna,Morocco,31.9192,-7.3307,2026-09-19,2026-09-19 12:02:54.472498+00:00,35.4,19.6,0.0,3,18.8,34.6,3,open-meteo
La’tamna,Morocco,31.9192,-7.3307,2026-09-20,2026-09-19 12:02:54.472498+00:00,36.4,22.3,0.4,18,20.2,40.7,80,open-meteo
La’tamna,Morocco,31.9192,-7.3307,2026-09-21,2026-09-19 12:02:54.472498+00:00,36.5,21.0,0.0,5,15.6,29.2,2,open-meteo
La’tamna,Morocco,31.9192,-7.3307,2026-09-22,2026-09-19 12:02:54.472498+00:00,36.2,20.3,0.0,0,16.5,29.2,1,open-meteo
La’tamna,Morocco,31.9192,-7.3307,2026-09-23,2026-09-19 12:02:54.472498+00:00,36.0,19.3,0.0,0,14.8,26.6,0,open-meteo
La’tamna,Morocco,31.9192,-7.3307,2026-09-24,2026-09-19 12:02:54.472498+00:00,36.5,19.4,0.0,0,14.4,29.5,3,open-meteo
La’tamna,Morocco,31.9192,-7.3307,2026-09-25,2026-09-19 12:02:54.472498+00:00,33.4,21.1,0.0,0,16.9,28.8,3,open-meteo
Zawyat Sidi Ben Hamdoun,Morocco,33.045,-7.9292,2026-09-19,2026-09-19 12:02:55.075946+00:00,32.4,16.7,0.0,0,17.6,34.2,45,open-meteo
Zawyat Sidi Ben Hamdoun,Morocco,33.045,-7.9292,2026-09-20,2026-09-19 12:02:55.075946+00:00,35.4,19.6,0.0,0,18.0,35.3,2,open-meteo
Zawyat Sidi Ben Hamdoun,Morocco,33.045,-7.9292,2026-09-21,2026-09-19 12:02:55.075946+00:00,35.9,20.1,0.0,0,17.2,34.2,2,open-meteo
Zawyat Sidi Ben Hamdoun,Morocco,33.045,-7.9292,2026-09-22,2026-09-19 12:02:55.075946+00:00,34.8,18.2,0.0,0,17.1,34.6,0,open-meteo
Zawyat Sidi Ben Hamdoun,Morocco,33.045,-7.9292,2026-09-23,2026-09-19 12:02:55.075946+00:00,34.5,17.9,0.0,0,15.4,31.7,45,open-meteo
Zawyat Sidi Ben Hamdoun,Morocco,33.045,-7.9292,2026-09-24,2026-09-19 12:02:55.075946+00:00,35.9,19.1,0.0,0,15.3,32.0,3,open-meteo
Zawyat Sidi Ben Hamdoun,Morocco,33.045,-7.9292,2026-09-25,2026-09-19 12:02:55.075946+00:00,28.9,18.7,0.0,3,15.6,30.6,45,open-meteo
Oued El Makhazine,Morocco,34.9333,-5.85,2026-09-19,2026-09-19 12:02:55.253485+00:00,35.1,19.3,0.0,0,16.7,32.8,1,open-meteo
Oued El Makhazine,Morocco,34.9333,-5.85,2026-09-20,2026-09-19 12:02:55.253485+00:00,36.5,24.5,0.0,0,15.0,29.2,1,open-meteo
Oued El Makhazine,Morocco,34.9333,-5.85,2026-09-21,2026-09-19 12:02:55.253485+00:00,35.5,23.0,0.0,0,15.0,28.4,0,open-meteo
Oued El Makhazine,Morocco,34.9333,-5.85,2026-09-22,2026-09-19 12:02:55.253485+00:00,34.6,20.4,0.0,0,12.8,26.6,0,open-meteo
Oued El Makhazine,Morocco,34.9333,-5.85,2026-09-23,2026-09-19 12:02:55.253485+00:00,34.9,20.6,0.0,0,14.4,31.3,0,open-meteo
Oued El Makhazine,Morocco,34.9333,-5.85,2026-09-24,2026-09-19 12:02:55.253485+00:00,35.6,20.0,0.0,0,14.6,29.5,1,open-meteo
Oued El Makhazine,Morocco,34.9333,-5.85,2026-09-25,2026-09-19 12:02:55.253485+00:00,30.8,18.5,0.0,3,14.4,30.6,45,open-meteo
Douar Oulad Sidi Moussa,Morocco,32.3353,-7.1528,2026-09-19,2026-09-19 12:02:55.444475+00:00,37.6,21.0,0.0,0,17.1,29.2,2,open-meteo
Douar Oulad Sidi Moussa,Morocco,32.3353,-7.1528,2026-09-20,2026-09-19 12:02:55.444475+00:00,38.5,22.5,0.0,5,19.2,34.6,2,open-meteo
Douar Oulad Sidi Moussa,Morocco,32.3353,-7.1528,2026-09-21,2026-09-19 12:02:55.444475+00:00,38.1,22.1,0.0,0,15.7,27.0,3,open-meteo
Douar Oulad Sidi Moussa,Morocco,32.3353,-7.1528,2026-09-22,2026-09-19 12:02:55.444475+00:00,37.6,20.7,0.0,0,13.2,22.7,1,open-meteo
Douar Oulad Sidi Moussa,Morocco,32.3353,-7.1528,2026-09-23,2026-09-19 12:02:55.444475+00:00,37.5,21.2,0.0,0,11.5,20.9,0,open-meteo
Douar Oulad Sidi Moussa,Morocco,32.3353,-7.1528,2026-09-24,2026-09-19 12:02:55.444475+00:00,37.5,18.2,0.0,3,15.2,26.3,3,open-meteo
Douar Oulad Sidi Moussa,Morocco,32.3353,-7.1528,2026-09-25,2026-09-19 12:02:55.444475+00:00,34.4,19.4,0.0,3,15.3,27.4,3,open-meteo
Bouhlou,Morocco,34.1333,-4.4,2026-09-19,2026-09-19 12:02:55.556974+00:00,33.0,21.8,0.0,15,31.4,61.6,2,open-meteo
Bouhlou,Morocco,34.1333,-4.4,2026-09-20,2026-09-19 12:02:55.556974+00:00,34.3,22.7,0.0,0,26.3,51.1,2,open-meteo
Bouhlou,Morocco,34.1333,-4.4,2026-09-21,2026-09-19 12:02:55.556974+00:00,33.6,22.0,0.0,0,23.8,46.4,1,open-meteo
Bouhlou,Morocco,34.1333,-4.4,2026-09-22,2026-09-19 12:02:55.556974+00:00,32.9,19.2,0.0,0,19.2,39.2,0,open-meteo
Bouhlou,Morocco,34.1333,-4.4,2026-09-23,2026-09-19 12:02:55.556974+00:00,35.5,19.5,0.0,0,16.2,30.6,0,open-meteo
Bouhlou,Morocco,34.1333,-4.4,2026-09-24,2026-09-19 12:02:55.556974+00:00,37.0,21.6,0.0,0,13.0,25.9,1,open-meteo
Bouhlou,Morocco,34.1333,-4.4,2026-09-25,2026-09-19 12:02:55.556974+00:00,35.5,21.2,0.0,0,17.5,33.5,3,open-meteo
Sidi Bounaga,Morocco,30.7106,-8.34,2026-09-19,2026-09-19 12:02:55.731986+00:00,37.3,21.1,0.0,5,25.1,43.2,3,open-meteo
Sidi Bounaga,Morocco,30.7106,-8.34,2026-09-20,2026-09-19 12:02:55.731986+00:00,37.2,23.5,0.0,8,27.2,46.8,3,open-meteo
Sidi Bounaga,Morocco,30.7106,-8.34,2026-09-21,2026-09-19 12:02:55.731986+00:00,37.0,22.3,0.0,0,28.8,46.8,3,open-meteo
Sidi Bounaga,Morocco,30.7106,-8.34,2026-09-22,2026-09-19 12:02:55.731986+00:00,37.4,21.2,0.0,0,22.9,52.6,0,open-meteo
Sidi Bounaga,Morocco,30.7106,-8.34,2026-09-23,2026-09-19 12:02:55.731986+00:00,37.5,19.8,0.0,5,23.5,39.6,0,open-meteo
Sidi Bounaga,Morocco,30.7106,-8.34,2026-09-24,2026-09-19 12:02:55.731986+00:00,36.5,23.8,0.0,0,27.5,50.0,3,open-meteo
Sidi Bounaga,Morocco,30.7106,-8.34,2026-09-25,2026-09-19 12:02:55.731986+00:00,34.7,21.2,0.0,3,21.8,38.5,3,open-meteo
Had Laaounate,Morocco,32.6128,-8.2256,2026-09-19,2026-09-19 12:02:55.850113+00:00,33.8,16.5,0.0,0,18.5,35.3,2,open-meteo
Had Laaounate,Morocco,32.6128,-8.2256,2026-09-20,2026-09-19 12:02:55.850113+00:00,35.4,19.3,0.0,0,18.1,33.1,2,open-meteo
Had Laaounate,Morocco,32.6128,-8.2256,2026-09-21,2026-09-19 12:02:55.850113+00:00,38.2,19.2,0.0,0,19.1,35.6,45,open-meteo
Had Laaounate,Morocco,32.6128,-8.2256,2026-09-22,2026-09-19 12:02:55.850113+00:00,36.5,18.3,0.0,0,16.1,31.7,45,open-meteo
Had Laaounate,Morocco,32.6128,-8.2256,2026-09-23,2026-09-19 12:02:55.850113+00:00,36.2,17.5,0.0,0,14.3,32.8,45,open-meteo
Had Laaounate,Morocco,32.6128,-8.2256,2026-09-24,2026-09-19 12:02:55.850113+00:00,35.4,17.6,0.0,0,17.3,33.5,45,open-meteo
Had Laaounate,Morocco,32.6128,-8.2256,2026-09-25,2026-09-19 12:02:55.850113+00:00,29.2,17.4,0.0,0,18.4,34.6,45,open-meteo
Bir Gandús,Morocco,21.6157,-16.4687,2026-09-19,2026-09-19 12:02:55.939643+00:00,33.6,19.1,0.0,0,29.5,46.1,0,open-meteo
Bir Gandús,Morocco,21.6157,-16.4687,2026-09-20,2026-09-19 12:02:55.939643+00:00,37.1,19.2,0.0,0,26.1,41.8,0,open-meteo
Bir Gandús,Morocco,21.6157,-16.4687,2026-09-21,2026-09-19 12:02:55.939643+00:00,36.1,21.4,0.0,12,30.4,47.5,1,open-meteo
Bir Gandús,Morocco,21.6157,-16.4687,2026-09-22,2026-09-19 12:02:55.939643+00:00,39.0,24.0,0.1,35,31.8,48.6,51,open-meteo
Bir Gandús,Morocco,21.6157,-16.4687,2026-09-23,2026-09-19 12:02:55.939643+00:00,41.4,26.5,0.3,31,18.9,36.4,51,open-meteo
Bir Gandús,Morocco,21.6157,-16.4687,2026-09-24,2026-09-19 12:02:55.939643+00:00,41.8,26.9,0.0,16,23.0,37.4,3,open-meteo
Bir Gandús,Morocco,21.6157,-16.4687,2026-09-25,2026-09-19 12:02:55.939643+00:00,34.6,26.4,0.0,14,18.9,30.6,3,open-meteo
Taghbalt,Morocco,30.62,-5.35,2026-09-19,2026-09-19 12:02:57.101670+00:00,32.1,23.0,0.0,8,30.7,51.5,3,open-meteo
Taghbalt,Morocco,30.62,-5.35,2026-09-20,2026-09-19 12:02:57.101670+00:00,32.3,21.8,0.0,10,14.1,24.1,3,open-meteo
Taghbalt,Morocco,30.62,-5.35,2026-09-21,2026-09-19 12:02:57.101670+00:00,35.7,23.2,0.3,40,19.3,28.1,80,open-meteo
Taghbalt,Morocco,30.62,-5.35,2026-09-22,2026-09-19 12:02:57.101670+00:00,33.3,23.4,0.0,5,15.0,23.8,2,open-meteo
Taghbalt,Morocco,30.62,-5.35,2026-09-23,2026-09-19 12:02:57.101670+00:00,32.7,23.0,0.0,3,15.1,23.8,2,open-meteo
Taghbalt,Morocco,30.62,-5.35,2026-09-24,2026-09-19 12:02:57.101670+00:00,32.8,22.4,0.0,3,12.0,19.1,3,open-meteo
Taghbalt,Morocco,30.62,-5.35,2026-09-25,2026-09-19 12:02:57.101670+00:00,31.1,23.0,1.2,3,19.5,29.2,3,open-meteo
Oulad Khallouf,Morocco,31.7956,-7.0692,2026-09-19,2026-09-19 12:02:57.198482+00:00,34.0,18.7,0.0,10,15.6,29.5,3,open-meteo
Oulad Khallouf,Morocco,31.7956,-7.0692,2026-09-20,2026-09-19 12:02:57.198482+00:00,34.8,22.0,0.4,15,16.2,30.2,80,open-meteo
Oulad Khallouf,Morocco,31.7956,-7.0692,2026-09-21,2026-09-19 12:02:57.198482+00:00,34.4,20.8,0.0,3,15.0,28.1,2,open-meteo
Oulad Khallouf,Morocco,31.7956,-7.0692,2026-09-22,2026-09-19 12:02:57.198482+00:00,34.3,20.5,0.0,0,13.4,27.0,2,open-meteo
Oulad Khallouf,Morocco,31.7956,-7.0692,2026-09-23,2026-09-19 12:02:57.198482+00:00,34.7,18.3,0.0,0,15.3,28.8,0,open-meteo
Oulad Khallouf,Morocco,31.7956,-7.0692,2026-09-24,2026-09-19 12:02:57.198482+00:00,34.4,21.2,0.0,5,17.1,32.8,3,open-meteo
Oulad Khallouf,Morocco,31.7956,-7.0692,2026-09-25,2026-09-19 12:02:57.198482+00:00,31.3,20.2,0.0,15,13.6,29.2,3,open-meteo
Imilchil,Morocco,32.155,-5.6347,2026-09-19,2026-09-19 12:02:57.319046+00:00,21.3,13.9,0.9,85,18.8,33.5,3,open-meteo
Imilchil,Morocco,32.155,-5.6347,2026-09-20,2026-09-19 12:02:57.319046+00:00,22.8,12.6,0.0,15,25.2,45.7,3,open-meteo
Imilchil,Morocco,32.155,-5.6347,2026-09-21,2026-09-19 12:02:57.319046+00:00,22.3,12.7,0.0,5,31.3,56.5,3,open-meteo
Imilchil,Morocco,32.155,-5.6347,2026-09-22,2026-09-19 12:02:57.319046+00:00,21.7,11.4,0.0,0,27.8,49.3,1,open-meteo
Imilchil,Morocco,32.155,-5.6347,2026-09-23,2026-09-19 12:02:57.319046+00:00,22.7,10.9,0.0,0,21.3,36.7,0,open-meteo
Imilchil,Morocco,32.155,-5.6347,2026-09-24,2026-09-19 12:02:57.319046+00:00,23.5,11.9,0.0,5,22.7,41.8,0,open-meteo
Imilchil,Morocco,32.155,-5.6347,2026-09-25,2026-09-19 12:02:57.319046+00:00,22.1,12.5,0.3,27,21.9,41.8,3,open-meteo
Mwaline al Oued,Morocco,33.4467,-7.3283,2026-09-19,2026-09-19 12:02:57.450720+00:00,31.5,15.6,0.0,0,17.7,34.9,2,open-meteo
Mwaline al Oued,Morocco,33.4467,-7.3283,2026-09-20,2026-09-19 12:02:57.450720+00:00,35.6,18.5,0.0,0,19.1,37.4,1,open-meteo
Mwaline al Oued,Morocco,33.4467,-7.3283,2026-09-21,2026-09-19 12:02:57.450720+00:00,35.1,19.3,0.0,0,19.5,38.5,45,open-meteo
Mwaline al Oued,Morocco,33.4467,-7.3283,2026-09-22,2026-09-19 12:02:57.450720+00:00,34.7,18.9,0.0,0,19.3,38.2,1,open-meteo
Mwaline al Oued,Morocco,33.4467,-7.3283,2026-09-23,2026-09-19 12:02:57.450720+00:00,34.1,17.6,0.0,0,17.7,35.3,1,open-meteo
Mwaline al Oued,Morocco,33.4467,-7.3283,2026-09-24,2026-09-19 12:02:57.450720+00:00,33.4,15.3,0.0,0,17.4,33.8,45,open-meteo
Mwaline al Oued,Morocco,33.4467,-7.3283,2026-09-25,2026-09-19 12:02:57.450720+00:00,28.2,17.8,0.0,3,16.6,33.1,45,open-meteo
Jemaat Oulad Mhamed,Morocco,33.0939,-7.0519,2026-09-19,2026-09-19 12:02:57.551399+00:00,33.6,16.0,0.0,0,17.7,34.2,2,open-meteo
Jemaat Oulad Mhamed,Morocco,33.0939,-7.0519,2026-09-20,2026-09-19 12:02:57.551399+00:00,35.0,19.5,0.0,3,17.7,34.6,2,open-meteo
Jemaat Oulad Mhamed,Morocco,33.0939,-7.0519,2026-09-21,2026-09-19 12:02:57.551399+00:00,34.9,18.4,0.0,3,19.1,39.6,3,open-meteo
Jemaat Oulad Mhamed,Morocco,33.0939,-7.0519,2026-09-22,2026-09-19 12:02:57.551399+00:00,34.7,16.5,0.0,0,15.6,33.8,0,open-meteo
Jemaat Oulad Mhamed,Morocco,33.0939,-7.0519,2026-09-23,2026-09-19 12:02:57.551399+00:00,34.9,16.6,0.0,0,16.8,36.7,0,open-meteo
Jemaat Oulad Mhamed,Morocco,33.0939,-7.0519,2026-09-24,2026-09-19 12:02:57.551399+00:00,36.0,16.7,0.0,3,14.8,36.7,3,open-meteo
Jemaat Oulad Mhamed,Morocco,33.0939,-7.0519,2026-09-25,2026-09-19 12:02:57.551399+00:00,32.9,17.9,0.0,3,16.1,32.4,3,open-meteo
Talsint,Morocco,32.6444,-3.4846,2026-09-19,2026-09-19 12:02:58.484443+00:00,23.1,15.5,1.6,68,26.2,50.0,80,open-meteo
Talsint,Morocco,32.6444,-3.4846,2026-09-20,2026-09-19 12:02:58.484443+00:00,25.1,13.5,0.1,40,17.4,33.1,2,open-meteo
Talsint,Morocco,32.6444,-3.4846,2026-09-21,2026-09-19 12:02:58.484443+00:00,24.0,14.2,0.0,0,27.4,51.1,3,open-meteo
Talsint,Morocco,32.6444,-3.4846,2026-09-22,2026-09-19 12:02:58.484443+00:00,23.8,11.1,0.0,0,18.2,33.5,3,open-meteo
Talsint,Morocco,32.6444,-3.4846,2026-09-23,2026-09-19 12:02:58.484443+00:00,24.9,12.2,0.0,0,10.5,31.3,2,open-meteo
Talsint,Morocco,32.6444,-3.4846,2026-09-24,2026-09-19 12:02:58.484443+00:00,25.5,13.6,0.0,0,12.1,22.7,2,open-meteo
Talsint,Morocco,32.6444,-3.4846,2026-09-25,2026-09-19 12:02:58.484443+00:00,27.0,14.1,0.0,8,20.9,36.7,3,open-meteo
Tarhjicht,Morocco,29.0565,-9.428,2026-09-19,2026-09-19 12:02:58.625397+00:00,35.4,17.0,0.0,0,26.6,50.8,0,open-meteo
Tarhjicht,Morocco,29.0565,-9.428,2026-09-20,2026-09-19 12:02:58.625397+00:00,35.1,21.0,0.0,0,26.5,50.0,0,open-meteo
Tarhjicht,Morocco,29.0565,-9.428,2026-09-21,2026-09-19 12:02:58.625397+00:00,36.3,22.8,0.0,0,22.7,42.8,3,open-meteo
Tarhjicht,Morocco,29.0565,-9.428,2026-09-22,2026-09-19 12:02:58.625397+00:00,37.3,23.9,0.0,2,27.0,51.8,1,open-meteo
Tarhjicht,Morocco,29.0565,-9.428,2026-09-23,2026-09-19 12:02:58.625397+00:00,34.6,22.4,0.0,4,21.2,43.9,1,open-meteo
Tarhjicht,Morocco,29.0565,-9.428,2026-09-24,2026-09-19 12:02:58.625397+00:00,34.6,21.7,0.0,4,18.9,37.4,1,open-meteo
Tarhjicht,Morocco,29.0565,-9.428,2026-09-25,2026-09-19 12:02:58.625397+00:00,35.3,20.4,0.0,6,15.0,30.2,1,open-meteo
Tiddas,Morocco,33.5682,-6.2668,2026-09-19,2026-09-19 12:02:58.817472+00:00,34.9,17.6,0.0,0,15.9,33.5,2,open-meteo
Tiddas,Morocco,33.5682,-6.2668,2026-09-20,2026-09-19 12:02:58.817472+00:00,36.6,20.9,0.0,0,21.4,45.0,2,open-meteo
Tiddas,Morocco,33.5682,-6.2668,2026-09-21,2026-09-19 12:02:58.817472+00:00,35.9,20.1,0.0,0,20.8,42.8,1,open-meteo
Tiddas,Morocco,33.5682,-6.2668,2026-09-22,2026-09-19 12:02:58.817472+00:00,34.5,19.7,0.0,0,17.0,36.4,0,open-meteo
Tiddas,Morocco,33.5682,-6.2668,2026-09-23,2026-09-19 12:02:58.817472+00:00,35.2,18.2,0.0,0,16.1,35.3,1,open-meteo
Tiddas,Morocco,33.5682,-6.2668,2026-09-24,2026-09-19 12:02:58.817472+00:00,35.4,16.7,0.0,0,17.2,33.5,1,open-meteo
Tiddas,Morocco,33.5682,-6.2668,2026-09-25,2026-09-19 12:02:58.817472+00:00,31.2,17.8,0.0,3,17.0,33.8,3,open-meteo
Freïja,Morocco,30.4833,-8.7833,2026-09-19,2026-09-19 12:02:58.909225+00:00,32.3,21.0,0.0,0,27.8,49.3,2,open-meteo
Freïja,Morocco,30.4833,-8.7833,2026-09-20,2026-09-19 12:02:58.909225+00:00,33.7,19.7,0.0,0,25.3,45.7,2,open-meteo
Freïja,Morocco,30.4833,-8.7833,2026-09-21,2026-09-19 12:02:58.909225+00:00,39.8,23.3,0.0,0,29.3,51.8,3,open-meteo
Freïja,Morocco,30.4833,-8.7833,2026-09-22,2026-09-19 12:02:58.909225+00:00,39.3,22.1,0.0,0,34.0,65.2,1,open-meteo
Freïja,Morocco,30.4833,-8.7833,2026-09-23,2026-09-19 12:02:58.909225+00:00,39.9,21.0,0.0,0,27.1,49.3,0,open-meteo
Freïja,Morocco,30.4833,-8.7833,2026-09-24,2026-09-19 12:02:58.909225+00:00,40.1,23.9,0.0,0,25.2,47.2,3,open-meteo
Freïja,Morocco,30.4833,-8.7833,2026-09-25,2026-09-19 12:02:58.909225+00:00,35.7,20.9,0.0,0,26.6,45.0,3,open-meteo
Douar El Gouzal,Morocco,34.4972,-4.1268,2026-09-19,2026-09-19 12:02:59.032005+00:00,28.6,17.9,0.0,8,27.2,54.4,3,open-meteo
Douar El Gouzal,Morocco,34.4972,-4.1268,2026-09-20,2026-09-19 12:02:59.032005+00:00,29.3,19.7,0.0,8,21.5,41.8,2,open-meteo
Douar El Gouzal,Morocco,34.4972,-4.1268,2026-09-21,2026-09-19 12:02:59.032005+00:00,28.8,16.5,0.0,0,18.8,36.7,2,open-meteo
Douar El Gouzal,Morocco,34.4972,-4.1268,2026-09-22,2026-09-19 12:02:59.032005+00:00,28.7,13.4,0.0,0,19.9,38.2,0,open-meteo
Douar El Gouzal,Morocco,34.4972,-4.1268,2026-09-23,2026-09-19 12:02:59.032005+00:00,30.8,15.7,0.0,0,18.6,36.0,0,open-meteo
Douar El Gouzal,Morocco,34.4972,-4.1268,2026-09-24,2026-09-19 12:02:59.032005+00:00,33.1,18.0,0.0,0,12.0,25.6,0,open-meteo
Douar El Gouzal,Morocco,34.4972,-4.1268,2026-09-25,2026-09-19 12:02:59.032005+00:00,31.9,17.8,0.0,0,18.4,37.8,3,open-meteo
’Aïn Leuh,Morocco,33.3044,-5.3399,2026-09-19,2026-09-19 12:02:59.489549+00:00,29.5,18.4,0.4,28,18.1,34.6,80,open-meteo
’Aïn Leuh,Morocco,33.3044,-5.3399,2026-09-20,2026-09-19 12:02:59.489549+00:00,30.6,18.6,0.0,10,20.4,44.3,3,open-meteo
’Aïn Leuh,Morocco,33.3044,-5.3399,2026-09-21,2026-09-19 12:02:59.489549+00:00,30.1,18.7,0.0,0,24.2,47.9,1,open-meteo
’Aïn Leuh,Morocco,33.3044,-5.3399,2026-09-22,2026-09-19 12:02:59.489549+00:00,28.8,16.5,0.0,0,19.4,41.8,0,open-meteo
’Aïn Leuh,Morocco,33.3044,-5.3399,2026-09-23,2026-09-19 12:02:59.489549+00:00,30.1,16.9,0.0,0,12.6,33.5,0,open-meteo
’Aïn Leuh,Morocco,33.3044,-5.3399,2026-09-24,2026-09-19 12:02:59.489549+00:00,28.5,17.5,0.0,0,15.2,35.6,1,open-meteo
’Aïn Leuh,Morocco,33.3044,-5.3399,2026-09-25,2026-09-19 12:02:59.489549+00:00,28.1,17.1,0.0,8,15.1,40.7,3,open-meteo
Oulad ’Azzouz,Morocco,32.7693,-6.7543,2026-09-19,2026-09-19 12:02:59.570810+00:00,34.8,20.0,0.0,0,20.5,38.5,2,open-meteo
Oulad ’Azzouz,Morocco,32.7693,-6.7543,2026-09-20,2026-09-19 12:02:59.570810+00:00,35.7,22.0,0.0,3,24.9,49.7,3,open-meteo
Oulad ’Azzouz,Morocco,32.7693,-6.7543,2026-09-21,2026-09-19 12:02:59.570810+00:00,34.8,21.2,0.0,3,20.2,40.7,3,open-meteo
Oulad ’Azzouz,Morocco,32.7693,-6.7543,2026-09-22,2026-09-19 12:02:59.570810+00:00,34.6,20.2,0.0,0,16.0,31.7,1,open-meteo
Oulad ’Azzouz,Morocco,32.7693,-6.7543,2026-09-23,2026-09-19 12:02:59.570810+00:00,34.5,19.5,0.0,0,13.9,33.1,0,open-meteo
Oulad ’Azzouz,Morocco,32.7693,-6.7543,2026-09-24,2026-09-19 12:02:59.570810+00:00,34.4,19.4,0.0,0,12.8,26.3,2,open-meteo
Oulad ’Azzouz,Morocco,32.7693,-6.7543,2026-09-25,2026-09-19 12:02:59.570810+00:00,32.2,19.0,0.0,3,17.9,34.9,3,open-meteo
Sidi Dahbi,Morocco,33.05,-7.1833,2026-09-19,2026-09-19 12:02:59.651590+00:00,32.8,17.1,0.0,0,17.5,34.6,2,open-meteo
Sidi Dahbi,Morocco,33.05,-7.1833,2026-09-20,2026-09-19 12:02:59.651590+00:00,34.3,21.1,0.0,8,19.7,38.9,2,open-meteo
Sidi Dahbi,Morocco,33.05,-7.1833,2026-09-21,2026-09-19 12:02:59.651590+00:00,34.1,20.3,0.0,0,22.5,43.9,2,open-meteo
Sidi Dahbi,Morocco,33.05,-7.1833,2026-09-22,2026-09-19 12:02:59.651590+00:00,33.9,19.4,0.0,0,15.9,35.6,0,open-meteo
Sidi Dahbi,Morocco,33.05,-7.1833,2026-09-23,2026-09-19 12:02:59.651590+00:00,34.0,18.5,0.0,0,16.3,37.1,0,open-meteo
Sidi Dahbi,Morocco,33.05,-7.1833,2026-09-24,2026-09-19 12:02:59.651590+00:00,34.2,19.2,0.0,3,16.1,37.4,3,open-meteo
Sidi Dahbi,Morocco,33.05,-7.1833,2026-09-25,2026-09-19 12:02:59.651590+00:00,30.9,18.4,0.0,3,16.8,32.8,3,open-meteo
Beni Oulid,Morocco,34.5897,-4.4514,2026-09-19,2026-09-19 12:02:59.732689+00:00,33.3,22.9,0.0,3,28.8,54.7,3,open-meteo
Beni Oulid,Morocco,34.5897,-4.4514,2026-09-20,2026-09-19 12:02:59.732689+00:00,34.7,24.0,0.1,3,23.0,42.8,3,open-meteo
Beni Oulid,Morocco,34.5897,-4.4514,2026-09-21,2026-09-19 12:02:59.732689+00:00,33.6,22.9,0.0,0,18.1,34.9,2,open-meteo
Beni Oulid,Morocco,34.5897,-4.4514,2026-09-22,2026-09-19 12:02:59.732689+00:00,33.7,20.7,0.0,0,20.2,38.5,0,open-meteo
Beni Oulid,Morocco,34.5897,-4.4514,2026-09-23,2026-09-19 12:02:59.732689+00:00,35.5,22.0,0.0,0,18.2,33.5,0,open-meteo
Beni Oulid,Morocco,34.5897,-4.4514,2026-09-24,2026-09-19 12:02:59.732689+00:00,36.2,22.9,0.0,0,11.8,22.3,1,open-meteo
Beni Oulid,Morocco,34.5897,-4.4514,2026-09-25,2026-09-19 12:02:59.732689+00:00,34.4,22.1,0.0,0,17.3,33.5,3,open-meteo
Bir Tam Tam,Morocco,33.9831,-4.6397,2026-09-19,2026-09-19 12:02:59.813815+00:00,32.5,18.4,0.5,13,26.4,55.8,80,open-meteo
Bir Tam Tam,Morocco,33.9831,-4.6397,2026-09-20,2026-09-19 12:02:59.813815+00:00,34.0,19.2,0.0,0,17.3,35.6,1,open-meteo
Bir Tam Tam,Morocco,33.9831,-4.6397,2026-09-21,2026-09-19 12:02:59.813815+00:00,32.8,19.5,0.0,0,16.3,33.8,1,open-meteo
Bir Tam Tam,Morocco,33.9831,-4.6397,2026-09-22,2026-09-19 12:02:59.813815+00:00,32.0,17.6,0.0,0,13.3,27.7,0,open-meteo
Bir Tam Tam,Morocco,33.9831,-4.6397,2026-09-23,2026-09-19 12:02:59.813815+00:00,33.9,16.1,0.0,0,12.5,26.3,0,open-meteo
Bir Tam Tam,Morocco,33.9831,-4.6397,2026-09-24,2026-09-19 12:02:59.813815+00:00,35.3,17.0,0.0,0,15.0,29.2,2,open-meteo
Bir Tam Tam,Morocco,33.9831,-4.6397,2026-09-25,2026-09-19 12:02:59.813815+00:00,33.3,17.2,0.0,0,18.5,36.0,3,open-meteo
Ksar Lmajaz,Morocco,35.8448,-5.5519,2026-09-19,2026-09-19 12:02:59.897135+00:00,26.0,22.6,0.0,18,44.7,88.9,2,open-meteo
Ksar Lmajaz,Morocco,35.8448,-5.5519,2026-09-20,2026-09-19 12:02:59.897135+00:00,26.5,23.1,0.0,3,46.7,94.3,2,open-meteo
Ksar Lmajaz,Morocco,35.8448,-5.5519,2026-09-21,2026-09-19 12:02:59.897135+00:00,27.0,22.2,0.0,0,39.0,76.7,1,open-meteo
Ksar Lmajaz,Morocco,35.8448,-5.5519,2026-09-22,2026-09-19 12:02:59.897135+00:00,26.1,21.7,0.0,0,32.7,63.7,2,open-meteo
Ksar Lmajaz,Morocco,35.8448,-5.5519,2026-09-23,2026-09-19 12:02:59.897135+00:00,26.4,21.5,0.0,0,31.8,60.5,2,open-meteo
Ksar Lmajaz,Morocco,35.8448,-5.5519,2026-09-24,2026-09-19 12:02:59.897135+00:00,26.1,21.5,0.0,0,19.1,43.9,2,open-meteo
Ksar Lmajaz,Morocco,35.8448,-5.5519,2026-09-25,2026-09-19 12:02:59.897135+00:00,27.7,19.7,0.0,0,11.2,25.2,45,open-meteo
Bounaamane,Morocco,29.5283,-9.8044,2026-09-19,2026-09-19 12:02:59.980282+00:00,29.5,18.1,0.0,0,9.4,20.2,2,open-meteo
Bounaamane,Morocco,29.5283,-9.8044,2026-09-20,2026-09-19 12:02:59.980282+00:00,31.2,20.4,0.0,0,12.1,23.4,2,open-meteo
Bounaamane,Morocco,29.5283,-9.8044,2026-09-21,2026-09-19 12:02:59.980282+00:00,37.0,22.2,0.0,0,17.0,34.2,3,open-meteo
Bounaamane,Morocco,29.5283,-9.8044,2026-09-22,2026-09-19 12:02:59.980282+00:00,35.9,24.8,0.0,0,18.4,36.4,2,open-meteo
Bounaamane,Morocco,29.5283,-9.8044,2026-09-23,2026-09-19 12:02:59.980282+00:00,36.1,23.1,0.0,3,19.5,38.2,0,open-meteo
Bounaamane,Morocco,29.5283,-9.8044,2026-09-24,2026-09-19 12:02:59.980282+00:00,37.9,24.3,0.0,0,14.9,28.1,3,open-meteo
Bounaamane,Morocco,29.5283,-9.8044,2026-09-25,2026-09-19 12:02:59.980282+00:00,30.0,19.4,0.0,0,12.8,24.1,3,open-meteo
Bni Sidel,Morocco,35.1294,-3.1237,2026-09-19,2026-09-19 12:03:00.062503+00:00,26.8,21.7,0.2,5,28.1,47.9,3,open-meteo
Bni Sidel,Morocco,35.1294,-3.1237,2026-09-20,2026-09-19 12:03:00.062503+00:00,27.7,22.1,0.1,8,29.6,51.1,2,open-meteo
Bni Sidel,Morocco,35.1294,-3.1237,2026-09-21,2026-09-19 12:03:00.062503+00:00,27.5,20.7,0.0,0,22.1,37.8,3,open-meteo
Bni Sidel,Morocco,35.1294,-3.1237,2026-09-22,2026-09-19 12:03:00.062503+00:00,27.9,16.9,0.0,0,21.8,37.4,45,open-meteo
Bni Sidel,Morocco,35.1294,-3.1237,2026-09-23,2026-09-19 12:03:00.062503+00:00,29.1,17.9,0.0,0,16.7,28.1,45,open-meteo
Bni Sidel,Morocco,35.1294,-3.1237,2026-09-24,2026-09-19 12:03:00.062503+00:00,30.5,15.7,0.0,0,15.1,25.6,45,open-meteo
Bni Sidel,Morocco,35.1294,-3.1237,2026-09-25,2026-09-19 12:03:00.062503+00:00,28.8,17.8,0.0,0,16.6,28.4,45,open-meteo
Awfouss,Morocco,31.7,-4.1167,2026-09-19,2026-09-19 12:03:00.263266+00:00,29.0,19.7,3.1,60,18.7,34.6,80,open-meteo
Awfouss,Morocco,31.7,-4.1167,2026-09-20,2026-09-19 12:03:00.263266+00:00,29.7,19.1,0.0,13,28.0,51.5,3,open-meteo
Awfouss,Morocco,31.7,-4.1167,2026-09-21,2026-09-19 12:03:00.263266+00:00,32.6,19.3,0.0,19,14.6,25.9,3,open-meteo
Awfouss,Morocco,31.7,-4.1167,2026-09-22,2026-09-19 12:03:00.263266+00:00,29.4,18.5,0.0,0,17.1,26.3,2,open-meteo
Awfouss,Morocco,31.7,-4.1167,2026-09-23,2026-09-19 12:03:00.263266+00:00,29.8,17.9,0.0,0,12.6,19.8,1,open-meteo
Awfouss,Morocco,31.7,-4.1167,2026-09-24,2026-09-19 12:03:00.263266+00:00,30.5,18.2,0.0,0,5.8,11.9,1,open-meteo
Awfouss,Morocco,31.7,-4.1167,2026-09-25,2026-09-19 12:03:00.263266+00:00,30.3,18.6,0.0,3,18.1,27.7,3,open-meteo
Smimou,Morocco,31.2301,-9.7025,2026-09-19,2026-09-19 12:03:00.476364+00:00,29.8,19.1,0.0,0,10.2,31.7,2,open-meteo
Smimou,Morocco,31.2301,-9.7025,2026-09-20,2026-09-19 12:03:00.476364+00:00,29.0,21.0,0.0,0,8.2,26.3,2,open-meteo
Smimou,Morocco,31.2301,-9.7025,2026-09-21,2026-09-19 12:03:00.476364+00:00,32.3,21.3,0.0,0,9.3,24.8,3,open-meteo
Smimou,Morocco,31.2301,-9.7025,2026-09-22,2026-09-19 12:03:00.476364+00:00,34.3,22.2,0.0,0,11.0,24.1,2,open-meteo
Smimou,Morocco,31.2301,-9.7025,2026-09-23,2026-09-19 12:03:00.476364+00:00,32.1,20.9,0.0,0,9.4,22.3,0,open-meteo
Smimou,Morocco,31.2301,-9.7025,2026-09-24,2026-09-19 12:03:00.476364+00:00,25.4,18.5,0.0,0,9.9,20.5,3,open-meteo
Smimou,Morocco,31.2301,-9.7025,2026-09-25,2026-09-19 12:03:00.476364+00:00,23.8,18.7,0.0,0,14.3,27.0,3,open-meteo
Lambarkiyine,Morocco,33.2,-7.5,2026-09-19,2026-09-19 12:03:00.685545+00:00,34.2,16.7,0.0,0,16.6,29.9,2,open-meteo
Lambarkiyine,Morocco,33.2,-7.5,2026-09-20,2026-09-19 12:03:00.685545+00:00,36.7,19.5,0.0,0,19.5,34.6,1,open-meteo
Lambarkiyine,Morocco,33.2,-7.5,2026-09-21,2026-09-19 12:03:00.685545+00:00,37.0,19.6,0.0,0,18.7,34.6,2,open-meteo
Lambarkiyine,Morocco,33.2,-7.5,2026-09-22,2026-09-19 12:03:00.685545+00:00,36.4,18.6,0.0,0,19.6,35.6,0,open-meteo
Lambarkiyine,Morocco,33.2,-7.5,2026-09-23,2026-09-19 12:03:00.685545+00:00,35.7,17.4,0.0,0,19.2,34.6,0,open-meteo
Lambarkiyine,Morocco,33.2,-7.5,2026-09-24,2026-09-19 12:03:00.685545+00:00,36.0,15.9,0.0,0,18.8,34.6,3,open-meteo
Lambarkiyine,Morocco,33.2,-7.5,2026-09-25,2026-09-19 12:03:00.685545+00:00,30.0,19.5,0.0,3,16.1,30.6,3,open-meteo
Aït Ouaoumana,Morocco,32.7128,-5.8042,2026-09-19,2026-09-19 12:03:00.875092+00:00,34.3,19.3,0.0,0,17.3,43.9,2,open-meteo
Aït Ouaoumana,Morocco,32.7128,-5.8042,2026-09-20,2026-09-19 12:03:00.875092+00:00,35.9,19.1,0.0,0,15.2,32.4,2,open-meteo
Aït Ouaoumana,Morocco,32.7128,-5.8042,2026-09-21,2026-09-19 12:03:00.875092+00:00,34.9,18.8,0.0,0,18.5,41.8,2,open-meteo
Aït Ouaoumana,Morocco,32.7128,-5.8042,2026-09-22,2026-09-19 12:03:00.875092+00:00,33.9,17.6,0.0,0,15.4,28.8,1,open-meteo
Aït Ouaoumana,Morocco,32.7128,-5.8042,2026-09-23,2026-09-19 12:03:00.875092+00:00,34.2,16.2,0.0,0,12.7,24.8,0,open-meteo
Aït Ouaoumana,Morocco,32.7128,-5.8042,2026-09-24,2026-09-19 12:03:00.875092+00:00,33.9,18.1,0.0,0,16.2,31.0,0,open-meteo
Aït Ouaoumana,Morocco,32.7128,-5.8042,2026-09-25,2026-09-19 12:03:00.875092+00:00,32.3,18.3,0.0,8,12.6,24.5,3,open-meteo
Agadir Melloul,Morocco,30.2249,-7.796,2026-09-19,2026-09-19 12:03:01.010182+00:00,26.7,17.9,0.0,10,28.1,48.2,3,open-meteo
Agadir Melloul,Morocco,30.2249,-7.796,2026-09-20,2026-09-19 12:03:01.010182+00:00,26.0,16.3,0.0,5,19.7,33.5,2,open-meteo
Agadir Melloul,Morocco,30.2249,-7.796,2026-09-21,2026-09-19 12:03:01.010182+00:00,27.2,17.0,0.0,0,28.7,49.0,3,open-meteo
Agadir Melloul,Morocco,30.2249,-7.796,2026-09-22,2026-09-19 12:03:01.010182+00:00,28.0,16.1,0.0,0,26.8,46.8,1,open-meteo
Agadir Melloul,Morocco,30.2249,-7.796,2026-09-23,2026-09-19 12:03:01.010182+00:00,26.5,14.8,0.0,3,21.4,37.1,1,open-meteo
Agadir Melloul,Morocco,30.2249,-7.796,2026-09-24,2026-09-19 12:03:01.010182+00:00,27.4,17.3,0.0,13,24.5,43.2,2,open-meteo
Agadir Melloul,Morocco,30.2249,-7.796,2026-09-25,2026-09-19 12:03:01.010182+00:00,24.0,16.9,0.9,20,17.3,37.4,80,open-meteo
Aït Hadi,Morocco,31.3942,-8.7725,2026-09-19,2026-09-19 12:03:01.104513+00:00,33.8,19.5,0.0,0,16.7,26.6,3,open-meteo
Aït Hadi,Morocco,31.3942,-8.7725,2026-09-20,2026-09-19 12:03:01.104513+00:00,34.2,22.5,0.0,13,17.1,27.4,2,open-meteo
Aït Hadi,Morocco,31.3942,-8.7725,2026-09-21,2026-09-19 12:03:01.104513+00:00,36.7,22.5,0.0,3,23.0,36.0,3,open-meteo
Aït Hadi,Morocco,31.3942,-8.7725,2026-09-22,2026-09-19 12:03:01.104513+00:00,36.6,20.6,0.0,0,19.0,34.6,1,open-meteo
Aït Hadi,Morocco,31.3942,-8.7725,2026-09-23,2026-09-19 12:03:01.104513+00:00,36.3,18.5,0.0,0,17.9,31.3,1,open-meteo
Aït Hadi,Morocco,31.3942,-8.7725,2026-09-24,2026-09-19 12:03:01.104513+00:00,36.4,21.6,0.0,0,19.8,35.6,3,open-meteo
Aït Hadi,Morocco,31.3942,-8.7725,2026-09-25,2026-09-19 12:03:01.104513+00:00,32.3,20.8,0.0,0,18.5,31.7,3,open-meteo
Imelil,Morocco,31.1264,-7.9178,2026-09-19,2026-09-19 12:03:01.190033+00:00,23.8,15.8,3.2,95,16.6,34.2,80,open-meteo
Imelil,Morocco,31.1264,-7.9178,2026-09-20,2026-09-19 12:03:01.190033+00:00,24.9,16.2,1.4,85,21.1,39.6,80,open-meteo
Imelil,Morocco,31.1264,-7.9178,2026-09-21,2026-09-19 12:03:01.190033+00:00,24.2,15.9,0.0,32,20.4,39.2,3,open-meteo
Imelil,Morocco,31.1264,-7.9178,2026-09-22,2026-09-19 12:03:01.190033+00:00,25.1,15.6,0.0,5,22.5,41.4,1,open-meteo
Imelil,Morocco,31.1264,-7.9178,2026-09-23,2026-09-19 12:03:01.190033+00:00,25.4,15.1,0.0,18,18.2,34.9,0,open-meteo
Imelil,Morocco,31.1264,-7.9178,2026-09-24,2026-09-19 12:03:01.190033+00:00,25.2,17.0,0.0,13,19.7,40.0,2,open-meteo
Imelil,Morocco,31.1264,-7.9178,2026-09-25,2026-09-19 12:03:01.190033+00:00,23.0,16.4,6.9,29,11.3,37.4,81,open-meteo
Amarzgane,Morocco,31.05,-7.2167,2026-09-19,2026-09-19 12:03:01.273063+00:00,29.2,19.2,0.4,23,24.6,37.8,3,open-meteo
Amarzgane,Morocco,31.05,-7.2167,2026-09-20,2026-09-19 12:03:01.273063+00:00,29.3,18.9,0.8,45,16.2,36.7,80,open-meteo
Amarzgane,Morocco,31.05,-7.2167,2026-09-21,2026-09-19 12:03:01.273063+00:00,30.4,18.9,0.0,15,37.8,61.9,3,open-meteo
Amarzgane,Morocco,31.05,-7.2167,2026-09-22,2026-09-19 12:03:01.273063+00:00,30.9,18.2,0.0,0,35.7,56.5,0,open-meteo
Amarzgane,Morocco,31.05,-7.2167,2026-09-23,2026-09-19 12:03:01.273063+00:00,30.6,17.6,0.0,0,31.8,49.7,2,open-meteo
Amarzgane,Morocco,31.05,-7.2167,2026-09-24,2026-09-19 12:03:01.273063+00:00,31.0,15.6,0.0,5,24.7,40.0,2,open-meteo
Amarzgane,Morocco,31.05,-7.2167,2026-09-25,2026-09-19 12:03:01.273063+00:00,27.8,17.8,1.5,18,12.8,41.0,95,open-meteo
Arbaa Sahel,Morocco,29.5993,-9.877,2026-09-19,2026-09-19 12:03:01.355346+00:00,25.7,17.3,0.0,0,15.2,28.8,45,open-meteo
Arbaa Sahel,Morocco,29.5993,-9.877,2026-09-20,2026-09-19 12:03:01.355346+00:00,28.0,18.1,0.0,0,9.1,19.1,45,open-meteo
Arbaa Sahel,Morocco,29.5993,-9.877,2026-09-21,2026-09-19 12:03:01.355346+00:00,35.0,20.3,0.0,0,11.3,22.0,3,open-meteo
Arbaa Sahel,Morocco,29.5993,-9.877,2026-09-22,2026-09-19 12:03:01.355346+00:00,33.2,22.6,0.0,0,12.7,23.8,3,open-meteo
Arbaa Sahel,Morocco,29.5993,-9.877,2026-09-23,2026-09-19 12:03:01.355346+00:00,35.0,20.2,0.0,0,13.1,29.2,0,open-meteo
Arbaa Sahel,Morocco,29.5993,-9.877,2026-09-24,2026-09-19 12:03:01.355346+00:00,35.0,24.2,0.0,0,15.0,27.7,3,open-meteo
Arbaa Sahel,Morocco,29.5993,-9.877,2026-09-25,2026-09-19 12:03:01.355346+00:00,27.6,19.6,0.0,0,13.8,25.6,3,open-meteo
Tissint,Morocco,29.9,-7.3167,2026-09-19,2026-09-19 12:03:01.438169+00:00,36.2,27.4,0.0,0,30.1,45.7,2,open-meteo
Tissint,Morocco,29.9,-7.3167,2026-09-20,2026-09-19 12:03:01.438169+00:00,36.2,26.2,0.0,0,22.0,36.4,2,open-meteo
Tissint,Morocco,29.9,-7.3167,2026-09-21,2026-09-19 12:03:01.438169+00:00,38.2,25.7,0.0,3,23.5,38.5,2,open-meteo
Tissint,Morocco,29.9,-7.3167,2026-09-22,2026-09-19 12:03:01.438169+00:00,36.6,26.6,0.0,0,16.5,24.8,2,open-meteo
Tissint,Morocco,29.9,-7.3167,2026-09-23,2026-09-19 12:03:01.438169+00:00,35.4,26.2,0.0,3,23.3,38.2,2,open-meteo
Tissint,Morocco,29.9,-7.3167,2026-09-24,2026-09-19 12:03:01.438169+00:00,35.5,25.5,0.0,3,18.8,28.4,2,open-meteo
Tissint,Morocco,29.9,-7.3167,2026-09-25,2026-09-19 12:03:01.438169+00:00,33.5,26.1,0.6,3,14.8,24.5,80,open-meteo
Brikcha,Morocco,34.9667,-5.5833,2026-09-19,2026-09-19 12:03:01.519647+00:00,34.3,17.9,0.0,0,19.2,35.6,1,open-meteo
Brikcha,Morocco,34.9667,-5.5833,2026-09-20,2026-09-19 12:03:01.519647+00:00,35.6,22.4,0.0,0,14.9,28.8,1,open-meteo
Brikcha,Morocco,34.9667,-5.5833,2026-09-21,2026-09-19 12:03:01.519647+00:00,35.3,21.4,0.0,0,12.2,23.8,1,open-meteo
Brikcha,Morocco,34.9667,-5.5833,2026-09-22,2026-09-19 12:03:01.519647+00:00,34.7,17.8,0.0,0,11.8,25.9,0,open-meteo
Brikcha,Morocco,34.9667,-5.5833,2026-09-23,2026-09-19 12:03:01.519647+00:00,35.3,17.8,0.0,0,13.5,26.3,0,open-meteo
Brikcha,Morocco,34.9667,-5.5833,2026-09-24,2026-09-19 12:03:01.519647+00:00,35.4,17.4,0.0,0,15.9,30.6,1,open-meteo
Brikcha,Morocco,34.9667,-5.5833,2026-09-25,2026-09-19 12:03:01.519647+00:00,31.6,14.6,0.0,3,14.9,28.1,45,open-meteo
Mtal,Morocco,32.4908,-8.3781,2026-09-19,2026-09-19 12:03:01.601840+00:00,33.8,16.8,0.0,0,18.4,35.6,2,open-meteo
Mtal,Morocco,32.4908,-8.3781,2026-09-20,2026-09-19 12:03:01.601840+00:00,35.3,20.0,0.0,0,17.4,33.8,2,open-meteo
Mtal,Morocco,32.4908,-8.3781,2026-09-21,2026-09-19 12:03:01.601840+00:00,38.1,20.8,0.0,0,18.8,35.3,3,open-meteo
Mtal,Morocco,32.4908,-8.3781,2026-09-22,2026-09-19 12:03:01.601840+00:00,36.6,19.8,0.0,0,16.2,32.8,0,open-meteo
Mtal,Morocco,32.4908,-8.3781,2026-09-23,2026-09-19 12:03:01.601840+00:00,35.9,17.3,0.0,0,13.5,32.8,45,open-meteo
Mtal,Morocco,32.4908,-8.3781,2026-09-24,2026-09-19 12:03:01.601840+00:00,35.3,17.4,0.0,0,17.8,33.5,3,open-meteo
Mtal,Morocco,32.4908,-8.3781,2026-09-25,2026-09-19 12:03:01.601840+00:00,29.9,17.7,0.0,0,18.9,34.6,45,open-meteo
Oulad Saïd,Morocco,32.9633,-7.8115,2026-09-19,2026-09-19 12:03:01.690038+00:00,34.0,18.0,0.0,0,16.7,32.0,2,open-meteo
Oulad Saïd,Morocco,32.9633,-7.8115,2026-09-20,2026-09-19 12:03:01.690038+00:00,36.0,20.4,0.0,0,18.2,35.3,2,open-meteo
Oulad Saïd,Morocco,32.9633,-7.8115,2026-09-21,2026-09-19 12:03:01.690038+00:00,36.7,20.9,0.0,0,17.1,34.9,2,open-meteo
Oulad Saïd,Morocco,32.9633,-7.8115,2026-09-22,2026-09-19 12:03:01.690038+00:00,36.3,19.3,0.0,0,14.6,32.0,0,open-meteo
Oulad Saïd,Morocco,32.9633,-7.8115,2026-09-23,2026-09-19 12:03:01.690038+00:00,36.0,18.3,0.0,0,13.7,30.6,0,open-meteo
Oulad Saïd,Morocco,32.9633,-7.8115,2026-09-24,2026-09-19 12:03:01.690038+00:00,35.4,18.6,0.0,0,15.3,32.0,3,open-meteo
Oulad Saïd,Morocco,32.9633,-7.8115,2026-09-25,2026-09-19 12:03:01.690038+00:00,28.4,18.3,0.0,3,15.6,30.6,45,open-meteo
Ait Rami,Morocco,29.9608,-9.4234,2026-09-19,2026-09-19 12:03:01.773480+00:00,28.5,20.3,0.0,0,14.9,24.5,2,open-meteo
Ait Rami,Morocco,29.9608,-9.4234,2026-09-20,2026-09-19 12:03:01.773480+00:00,29.8,20.4,0.0,0,14.0,23.4,2,open-meteo
Ait Rami,Morocco,29.9608,-9.4234,2026-09-21,2026-09-19 12:03:01.773480+00:00,38.7,22.7,0.0,0,18.3,30.6,3,open-meteo
Ait Rami,Morocco,29.9608,-9.4234,2026-09-22,2026-09-19 12:03:01.773480+00:00,37.6,24.4,0.0,0,18.1,37.1,3,open-meteo
Ait Rami,Morocco,29.9608,-9.4234,2026-09-23,2026-09-19 12:03:01.773480+00:00,35.9,22.3,0.0,0,20.4,33.1,0,open-meteo
Ait Rami,Morocco,29.9608,-9.4234,2026-09-24,2026-09-19 12:03:01.773480+00:00,37.7,25.9,0.0,0,15.3,29.2,2,open-meteo
Ait Rami,Morocco,29.9608,-9.4234,2026-09-25,2026-09-19 12:03:01.773480+00:00,30.1,21.8,0.0,0,11.2,22.7,3,open-meteo
Sidi el Mokhfi,Morocco,34.6039,-4.7889,2026-09-19,2026-09-19 12:03:02.107316+00:00,33.5,19.1,0.2,8,24.3,45.4,3,open-meteo
Sidi el Mokhfi,Morocco,34.6039,-4.7889,2026-09-20,2026-09-19 12:03:02.107316+00:00,34.8,20.4,0.9,3,16.9,35.3,80,open-meteo
Sidi el Mokhfi,Morocco,34.6039,-4.7889,2026-09-21,2026-09-19 12:03:02.107316+00:00,33.6,19.7,0.0,0,12.4,27.4,2,open-meteo
Sidi el Mokhfi,Morocco,34.6039,-4.7889,2026-09-22,2026-09-19 12:03:02.107316+00:00,33.6,17.3,0.0,0,12.1,27.4,0,open-meteo
Sidi el Mokhfi,Morocco,34.6039,-4.7889,2026-09-23,2026-09-19 12:03:02.107316+00:00,34.8,18.5,0.0,0,14.5,26.6,0,open-meteo
Sidi el Mokhfi,Morocco,34.6039,-4.7889,2026-09-24,2026-09-19 12:03:02.107316+00:00,36.7,18.8,0.0,0,10.5,20.9,2,open-meteo
Sidi el Mokhfi,Morocco,34.6039,-4.7889,2026-09-25,2026-09-19 12:03:02.107316+00:00,34.4,17.5,0.0,0,15.1,31.0,3,open-meteo
Aïn Zora,Morocco,34.6575,-3.5331,2026-09-19,2026-09-19 12:03:02.191264+00:00,25.2,16.4,0.0,23,24.7,43.2,3,open-meteo
Aïn Zora,Morocco,34.6575,-3.5331,2026-09-20,2026-09-19 12:03:02.191264+00:00,25.6,18.0,0.6,3,22.5,37.8,80,open-meteo
Aïn Zora,Morocco,34.6575,-3.5331,2026-09-21,2026-09-19 12:03:02.191264+00:00,24.2,15.1,0.0,0,21.0,34.9,45,open-meteo
Aïn Zora,Morocco,34.6575,-3.5331,2026-09-22,2026-09-19 12:03:02.191264+00:00,25.9,12.8,0.0,0,19.1,31.7,0,open-meteo
Aïn Zora,Morocco,34.6575,-3.5331,2026-09-23,2026-09-19 12:03:02.191264+00:00,27.4,15.4,0.0,0,21.4,35.3,0,open-meteo
Aïn Zora,Morocco,34.6575,-3.5331,2026-09-24,2026-09-19 12:03:02.191264+00:00,31.8,19.2,0.0,0,13.9,34.6,1,open-meteo
Aïn Zora,Morocco,34.6575,-3.5331,2026-09-25,2026-09-19 12:03:02.191264+00:00,32.1,21.3,1.2,0,17.1,32.8,80,open-meteo
Msemrir,Morocco,31.7025,-5.8119,2026-09-19,2026-09-19 12:03:02.274739+00:00,21.4,12.0,3.0,93,11.5,22.3,61,open-meteo
Msemrir,Morocco,31.7025,-5.8119,2026-09-20,2026-09-19 12:03:02.274739+00:00,21.5,12.1,1.8,85,15.9,30.2,80,open-meteo
Msemrir,Morocco,31.7025,-5.8119,2026-09-21,2026-09-19 12:03:02.274739+00:00,23.1,12.8,0.0,15,30.9,52.6,3,open-meteo
Msemrir,Morocco,31.7025,-5.8119,2026-09-22,2026-09-19 12:03:02.274739+00:00,23.4,12.6,0.0,0,27.6,46.1,1,open-meteo
Msemrir,Morocco,31.7025,-5.8119,2026-09-23,2026-09-19 12:03:02.274739+00:00,24.3,10.5,0.0,0,24.1,40.7,1,open-meteo
Msemrir,Morocco,31.7025,-5.8119,2026-09-24,2026-09-19 12:03:02.274739+00:00,24.9,13.2,0.0,10,21.1,35.6,2,open-meteo
Msemrir,Morocco,31.7025,-5.8119,2026-09-25,2026-09-19 12:03:02.274739+00:00,20.7,13.4,1.8,32,13.3,28.1,3,open-meteo
Lehrhi,Morocco,32.835,-5.5851,2026-09-19,2026-09-19 12:03:02.358327+00:00,32.8,22.1,0.1,5,26.1,54.0,3,open-meteo
Lehrhi,Morocco,32.835,-5.5851,2026-09-20,2026-09-19 12:03:02.358327+00:00,34.4,22.0,0.0,5,18.5,37.4,2,open-meteo
Lehrhi,Morocco,32.835,-5.5851,2026-09-21,2026-09-19 12:03:02.358327+00:00,33.5,21.5,0.0,0,25.8,47.2,2,open-meteo
Lehrhi,Morocco,32.835,-5.5851,2026-09-22,2026-09-19 12:03:02.358327+00:00,32.6,19.5,0.0,0,20.2,36.4,2,open-meteo
Lehrhi,Morocco,32.835,-5.5851,2026-09-23,2026-09-19 12:03:02.358327+00:00,33.1,20.3,0.0,0,17.1,28.8,0,open-meteo
Lehrhi,Morocco,32.835,-5.5851,2026-09-24,2026-09-19 12:03:02.358327+00:00,33.2,18.1,0.0,0,16.0,30.2,0,open-meteo
Lehrhi,Morocco,32.835,-5.5851,2026-09-25,2026-09-19 12:03:02.358327+00:00,32.5,18.3,0.0,8,17.3,32.8,3,open-meteo
Aït Tagalla,Morocco,31.9167,-6.7167,2026-09-19,2026-09-19 12:03:02.442623+00:00,31.1,18.4,0.0,18,19.4,42.8,3,open-meteo
Aït Tagalla,Morocco,31.9167,-6.7167,2026-09-20,2026-09-19 12:03:02.442623+00:00,31.5,20.5,0.2,13,18.7,39.6,3,open-meteo
Aït Tagalla,Morocco,31.9167,-6.7167,2026-09-21,2026-09-19 12:03:02.442623+00:00,30.9,19.6,0.0,0,19.5,38.5,2,open-meteo
Aït Tagalla,Morocco,31.9167,-6.7167,2026-09-22,2026-09-19 12:03:02.442623+00:00,31.3,18.8,0.0,0,18.7,35.3,1,open-meteo
Aït Tagalla,Morocco,31.9167,-6.7167,2026-09-23,2026-09-19 12:03:02.442623+00:00,31.7,17.0,0.0,0,17.1,33.5,0,open-meteo
Aït Tagalla,Morocco,31.9167,-6.7167,2026-09-24,2026-09-19 12:03:02.442623+00:00,31.5,18.9,0.0,3,19.0,37.8,3,open-meteo
Aït Tagalla,Morocco,31.9167,-6.7167,2026-09-25,2026-09-19 12:03:02.442623+00:00,29.6,17.9,0.0,3,17.8,34.2,3,open-meteo
Aklim,Morocco,34.9292,-2.4353,2026-09-19,2026-09-19 12:03:02.527922+00:00,27.6,20.8,0.0,13,22.8,41.8,45,open-meteo
Aklim,Morocco,34.9292,-2.4353,2026-09-20,2026-09-19 12:03:02.527922+00:00,28.8,21.4,0.0,3,22.7,41.4,45,open-meteo
Aklim,Morocco,34.9292,-2.4353,2026-09-21,2026-09-19 12:03:02.527922+00:00,27.8,19.6,0.0,13,22.4,41.8,45,open-meteo
Aklim,Morocco,34.9292,-2.4353,2026-09-22,2026-09-19 12:03:02.527922+00:00,27.9,17.0,0.0,0,19.6,37.8,2,open-meteo
Aklim,Morocco,34.9292,-2.4353,2026-09-23,2026-09-19 12:03:02.527922+00:00,28.2,18.1,0.0,0,18.4,36.0,2,open-meteo
Aklim,Morocco,34.9292,-2.4353,2026-09-24,2026-09-19 12:03:02.527922+00:00,30.7,19.0,0.0,0,14.0,27.0,1,open-meteo
Aklim,Morocco,34.9292,-2.4353,2026-09-25,2026-09-19 12:03:02.527922+00:00,31.2,21.2,0.0,0,12.0,24.1,3,open-meteo
El Amim,Morocco,32.2338,-7.2417,2026-09-19,2026-09-19 12:03:02.614935+00:00,36.9,20.6,0.0,0,17.8,30.2,2,open-meteo
El Amim,Morocco,32.2338,-7.2417,2026-09-20,2026-09-19 12:03:02.614935+00:00,38.0,22.4,0.0,10,20.7,34.9,2,open-meteo
El Amim,Morocco,32.2338,-7.2417,2026-09-21,2026-09-19 12:03:02.614935+00:00,37.8,21.5,0.0,0,16.1,31.3,2,open-meteo
El Amim,Morocco,32.2338,-7.2417,2026-09-22,2026-09-19 12:03:02.614935+00:00,37.4,20.5,0.0,0,12.9,27.4,1,open-meteo
El Amim,Morocco,32.2338,-7.2417,2026-09-23,2026-09-19 12:03:02.614935+00:00,37.2,20.2,0.0,0,11.0,20.5,0,open-meteo
El Amim,Morocco,32.2338,-7.2417,2026-09-24,2026-09-19 12:03:02.614935+00:00,37.8,18.8,0.0,3,16.1,27.4,3,open-meteo
El Amim,Morocco,32.2338,-7.2417,2026-09-25,2026-09-19 12:03:02.614935+00:00,33.9,20.7,0.0,3,17.1,29.5,3,open-meteo
Matarka,Morocco,33.2611,-2.7031,2026-09-19,2026-09-19 12:03:02.703507+00:00,25.4,16.1,0.9,65,20.6,35.3,80,open-meteo
Matarka,Morocco,33.2611,-2.7031,2026-09-20,2026-09-19 12:03:02.703507+00:00,28.0,15.8,0.0,8,19.6,31.3,3,open-meteo
Matarka,Morocco,33.2611,-2.7031,2026-09-21,2026-09-19 12:03:02.703507+00:00,25.7,14.9,0.0,0,23.5,36.0,3,open-meteo
Matarka,Morocco,33.2611,-2.7031,2026-09-22,2026-09-19 12:03:02.703507+00:00,24.7,13.5,0.0,0,14.2,22.0,3,open-meteo
Matarka,Morocco,33.2611,-2.7031,2026-09-23,2026-09-19 12:03:02.703507+00:00,26.7,13.0,0.0,0,16.0,24.1,1,open-meteo
Matarka,Morocco,33.2611,-2.7031,2026-09-24,2026-09-19 12:03:02.703507+00:00,28.8,13.7,0.0,0,10.9,17.3,1,open-meteo
Matarka,Morocco,33.2611,-2.7031,2026-09-25,2026-09-19 12:03:02.703507+00:00,29.7,17.9,0.0,3,17.6,26.3,3,open-meteo
Za’roura,Morocco,35.2167,-5.6667,2026-09-19,2026-09-19 12:03:02.785692+00:00,32.7,18.7,0.0,0,12.2,38.5,1,open-meteo
Za’roura,Morocco,35.2167,-5.6667,2026-09-20,2026-09-19 12:03:02.785692+00:00,33.0,20.7,0.0,0,14.8,42.5,2,open-meteo
Za’roura,Morocco,35.2167,-5.6667,2026-09-21,2026-09-19 12:03:02.785692+00:00,32.6,20.6,0.0,0,14.1,40.3,0,open-meteo
Za’roura,Morocco,35.2167,-5.6667,2026-09-22,2026-09-19 12:03:02.785692+00:00,32.2,19.2,0.0,0,12.6,35.3,0,open-meteo
Za’roura,Morocco,35.2167,-5.6667,2026-09-23,2026-09-19 12:03:02.785692+00:00,32.1,19.2,0.0,0,13.8,37.8,0,open-meteo
Za’roura,Morocco,35.2167,-5.6667,2026-09-24,2026-09-19 12:03:02.785692+00:00,33.7,19.1,0.0,0,16.1,33.1,1,open-meteo
Za’roura,Morocco,35.2167,-5.6667,2026-09-25,2026-09-19 12:03:02.785692+00:00,30.9,15.7,0.0,0,11.4,26.6,3,open-meteo
Oulad Khallouf,Morocco,34.71,-2.58,2026-09-19,2026-09-19 12:03:02.871082+00:00,26.9,17.4,0.0,8,19.5,38.2,3,open-meteo
Oulad Khallouf,Morocco,34.71,-2.58,2026-09-20,2026-09-19 12:03:02.871082+00:00,27.4,18.4,0.0,5,25.5,52.2,3,open-meteo
Oulad Khallouf,Morocco,34.71,-2.58,2026-09-21,2026-09-19 12:03:02.871082+00:00,24.5,16.0,0.0,3,25.6,48.6,3,open-meteo
Oulad Khallouf,Morocco,34.71,-2.58,2026-09-22,2026-09-19 12:03:02.871082+00:00,26.4,13.1,0.0,0,17.1,40.7,45,open-meteo
Oulad Khallouf,Morocco,34.71,-2.58,2026-09-23,2026-09-19 12:03:02.871082+00:00,28.8,16.0,0.0,0,14.8,34.9,1,open-meteo
Oulad Khallouf,Morocco,34.71,-2.58,2026-09-24,2026-09-19 12:03:02.871082+00:00,30.3,15.3,0.0,0,13.6,26.6,1,open-meteo
Oulad Khallouf,Morocco,34.71,-2.58,2026-09-25,2026-09-19 12:03:02.871082+00:00,30.7,16.7,0.0,0,14.6,32.0,3,open-meteo
Douar Sidi Msour,Morocco,32.2725,-7.1986,2026-09-19,2026-09-19 12:03:02.956498+00:00,37.1,20.7,0.0,0,17.1,31.3,2,open-meteo
Douar Sidi Msour,Morocco,32.2725,-7.1986,2026-09-20,2026-09-19 12:03:02.956498+00:00,38.1,22.5,0.0,10,19.8,34.9,3,open-meteo
Douar Sidi Msour,Morocco,32.2725,-7.1986,2026-09-21,2026-09-19 12:03:02.956498+00:00,37.9,21.7,0.0,0,14.1,29.9,2,open-meteo
Douar Sidi Msour,Morocco,32.2725,-7.1986,2026-09-22,2026-09-19 12:03:02.956498+00:00,37.4,20.6,0.0,0,12.5,23.4,1,open-meteo
Douar Sidi Msour,Morocco,32.2725,-7.1986,2026-09-23,2026-09-19 12:03:02.956498+00:00,37.3,20.5,0.0,0,10.7,22.0,0,open-meteo
Douar Sidi Msour,Morocco,32.2725,-7.1986,2026-09-24,2026-09-19 12:03:02.956498+00:00,37.8,18.9,0.0,3,16.1,27.4,3,open-meteo
Douar Sidi Msour,Morocco,32.2725,-7.1986,2026-09-25,2026-09-19 12:03:02.956498+00:00,33.9,20.7,0.0,3,17.1,29.5,3,open-meteo
Outa Bouabane,Morocco,34.2606,-4.4139,2026-09-19,2026-09-19 12:03:03.039942+00:00,29.8,20.7,0.0,3,33.6,77.0,3,open-meteo
Outa Bouabane,Morocco,34.2606,-4.4139,2026-09-20,2026-09-19 12:03:03.039942+00:00,31.5,21.6,0.0,0,29.1,69.5,1,open-meteo
Outa Bouabane,Morocco,34.2606,-4.4139,2026-09-21,2026-09-19 12:03:03.039942+00:00,30.7,21.3,0.0,0,28.4,65.2,1,open-meteo
Outa Bouabane,Morocco,34.2606,-4.4139,2026-09-22,2026-09-19 12:03:03.039942+00:00,31.0,19.3,0.0,0,20.9,59.4,1,open-meteo
Outa Bouabane,Morocco,34.2606,-4.4139,2026-09-23,2026-09-19 12:03:03.039942+00:00,33.4,21.1,0.0,0,19.6,54.7,0,open-meteo
Outa Bouabane,Morocco,34.2606,-4.4139,2026-09-24,2026-09-19 12:03:03.039942+00:00,35.9,18.7,0.0,0,10.9,22.5,1,open-meteo
Outa Bouabane,Morocco,34.2606,-4.4139,2026-09-25,2026-09-19 12:03:03.039942+00:00,34.2,16.3,0.0,0,14.3,29.5,3,open-meteo
Had Kourt,Morocco,34.6167,-5.7333,2026-09-19,2026-09-19 12:03:03.123664+00:00,36.7,18.9,0.0,0,18.0,33.5,2,open-meteo
Had Kourt,Morocco,34.6167,-5.7333,2026-09-20,2026-09-19 12:03:03.123664+00:00,37.1,24.5,0.0,0,19.5,37.1,1,open-meteo
Had Kourt,Morocco,34.6167,-5.7333,2026-09-21,2026-09-19 12:03:03.123664+00:00,36.3,23.1,0.0,0,15.5,29.5,0,open-meteo
Had Kourt,Morocco,34.6167,-5.7333,2026-09-22,2026-09-19 12:03:03.123664+00:00,36.0,23.1,0.0,0,15.0,31.0,0,open-meteo
Had Kourt,Morocco,34.6167,-5.7333,2026-09-23,2026-09-19 12:03:03.123664+00:00,36.4,20.7,0.0,0,12.7,23.4,0,open-meteo
Had Kourt,Morocco,34.6167,-5.7333,2026-09-24,2026-09-19 12:03:03.123664+00:00,36.0,19.1,0.0,0,13.3,29.9,2,open-meteo
Had Kourt,Morocco,34.6167,-5.7333,2026-09-25,2026-09-19 12:03:03.123664+00:00,31.0,19.3,0.0,3,15.5,30.6,45,open-meteo
Tizoual,Morocco,31.0244,-7.8186,2026-09-19,2026-09-19 12:03:03.207049+00:00,20.6,12.3,1.0,95,17.1,31.3,61,open-meteo
Tizoual,Morocco,31.0244,-7.8186,2026-09-20,2026-09-19 12:03:03.207049+00:00,22.3,12.2,0.4,80,17.5,36.4,3,open-meteo
Tizoual,Morocco,31.0244,-7.8186,2026-09-21,2026-09-19 12:03:03.207049+00:00,21.9,13.0,0.0,27,19.4,35.3,3,open-meteo
Tizoual,Morocco,31.0244,-7.8186,2026-09-22,2026-09-19 12:03:03.207049+00:00,23.4,12.5,0.0,3,14.9,38.9,2,open-meteo
Tizoual,Morocco,31.0244,-7.8186,2026-09-23,2026-09-19 12:03:03.207049+00:00,23.5,11.7,0.0,10,17.7,28.1,1,open-meteo
Tizoual,Morocco,31.0244,-7.8186,2026-09-24,2026-09-19 12:03:03.207049+00:00,22.5,14.6,0.0,8,12.9,31.7,3,open-meteo
Tizoual,Morocco,31.0244,-7.8186,2026-09-25,2026-09-19 12:03:03.207049+00:00,20.2,12.8,5.4,35,15.8,38.2,81,open-meteo
Dar El Kebdani,Morocco,35.1173,-3.3317,2026-09-19,2026-09-19 12:03:03.319579+00:00,26.5,21.1,0.1,8,23.2,41.8,3,open-meteo
Dar El Kebdani,Morocco,35.1173,-3.3317,2026-09-20,2026-09-19 12:03:03.319579+00:00,26.9,21.2,0.5,38,24.2,43.6,80,open-meteo
Dar El Kebdani,Morocco,35.1173,-3.3317,2026-09-21,2026-09-19 12:03:03.319579+00:00,27.1,19.6,0.0,3,21.1,38.2,3,open-meteo
Dar El Kebdani,Morocco,35.1173,-3.3317,2026-09-22,2026-09-19 12:03:03.319579+00:00,28.0,16.2,0.0,0,16.0,28.1,1,open-meteo
Dar El Kebdani,Morocco,35.1173,-3.3317,2026-09-23,2026-09-19 12:03:03.319579+00:00,27.9,17.2,0.0,0,12.6,24.5,1,open-meteo
Dar El Kebdani,Morocco,35.1173,-3.3317,2026-09-24,2026-09-19 12:03:03.319579+00:00,29.0,17.1,0.0,0,10.9,23.4,1,open-meteo
Dar El Kebdani,Morocco,35.1173,-3.3317,2026-09-25,2026-09-19 12:03:03.319579+00:00,28.4,19.2,0.0,0,11.4,23.4,3,open-meteo
Mhamid el Rhozlane,Morocco,29.8222,-5.7208,2026-09-19,2026-09-19 12:03:03.406162+00:00,35.2,26.7,0.0,0,29.6,45.7,2,open-meteo
Mhamid el Rhozlane,Morocco,29.8222,-5.7208,2026-09-20,2026-09-19 12:03:03.406162+00:00,35.6,24.9,0.0,3,28.3,46.8,3,open-meteo
Mhamid el Rhozlane,Morocco,29.8222,-5.7208,2026-09-21,2026-09-19 12:03:03.406162+00:00,36.4,26.3,0.4,13,12.5,20.2,80,open-meteo
Mhamid el Rhozlane,Morocco,29.8222,-5.7208,2026-09-22,2026-09-19 12:03:03.406162+00:00,35.1,27.1,0.0,0,21.7,33.1,3,open-meteo
Mhamid el Rhozlane,Morocco,29.8222,-5.7208,2026-09-23,2026-09-19 12:03:03.406162+00:00,34.2,26.7,0.0,0,22.3,33.5,2,open-meteo
Mhamid el Rhozlane,Morocco,29.8222,-5.7208,2026-09-24,2026-09-19 12:03:03.406162+00:00,34.5,24.2,0.2,5,18.0,27.4,3,open-meteo
Mhamid el Rhozlane,Morocco,29.8222,-5.7208,2026-09-25,2026-09-19 12:03:03.406162+00:00,33.1,25.4,1.9,5,17.3,42.1,80,open-meteo
Tendrara,Morocco,33.05,-2.0,2026-09-19,2026-09-19 12:03:03.545473+00:00,23.6,16.1,1.6,63,19.9,41.4,80,open-meteo
Tendrara,Morocco,33.05,-2.0,2026-09-20,2026-09-19 12:03:03.545473+00:00,25.4,15.1,0.9,25,24.5,44.3,80,open-meteo
Tendrara,Morocco,33.05,-2.0,2026-09-21,2026-09-19 12:03:03.545473+00:00,23.1,14.6,0.0,0,22.3,37.1,3,open-meteo
Tendrara,Morocco,33.05,-2.0,2026-09-22,2026-09-19 12:03:03.545473+00:00,22.9,13.4,0.0,0,17.9,29.5,3,open-meteo
Tendrara,Morocco,33.05,-2.0,2026-09-23,2026-09-19 12:03:03.545473+00:00,24.7,14.9,0.0,0,18.2,30.6,1,open-meteo
Tendrara,Morocco,33.05,-2.0,2026-09-24,2026-09-19 12:03:03.545473+00:00,26.6,15.0,0.0,0,8.9,18.4,1,open-meteo
Tendrara,Morocco,33.05,-2.0,2026-09-25,2026-09-19 12:03:03.545473+00:00,27.8,16.4,0.0,3,20.6,32.4,3,open-meteo
Bni Tajjit,Morocco,32.3,-3.45,2026-09-19,2026-09-19 12:03:03.726074+00:00,27.6,17.8,0.6,50,20.3,39.2,80,open-meteo
Bni Tajjit,Morocco,32.3,-3.45,2026-09-20,2026-09-19 12:03:03.726074+00:00,28.1,15.9,2.2,38,22.0,49.0,80,open-meteo
Bni Tajjit,Morocco,32.3,-3.45,2026-09-21,2026-09-19 12:03:03.726074+00:00,30.0,15.1,0.0,3,26.5,44.3,45,open-meteo
Bni Tajjit,Morocco,32.3,-3.45,2026-09-22,2026-09-19 12:03:03.726074+00:00,27.7,14.6,0.0,3,16.1,28.8,3,open-meteo
Bni Tajjit,Morocco,32.3,-3.45,2026-09-23,2026-09-19 12:03:03.726074+00:00,28.7,13.1,0.0,3,11.4,18.4,2,open-meteo
Bni Tajjit,Morocco,32.3,-3.45,2026-09-24,2026-09-19 12:03:03.726074+00:00,28.6,16.0,0.0,5,12.5,19.8,2,open-meteo
Bni Tajjit,Morocco,32.3,-3.45,2026-09-25,2026-09-19 12:03:03.726074+00:00,28.9,16.2,0.0,8,18.6,29.5,3,open-meteo
Douar Mzoura,Morocco,32.835,-7.9444,2026-09-19,2026-09-19 12:03:03.839061+00:00,34.3,17.2,0.0,0,17.4,33.1,2,open-meteo
Douar Mzoura,Morocco,32.835,-7.9444,2026-09-20,2026-09-19 12:03:03.839061+00:00,36.1,19.6,0.0,0,18.6,35.3,2,open-meteo
Douar Mzoura,Morocco,32.835,-7.9444,2026-09-21,2026-09-19 12:03:03.839061+00:00,37.4,19.8,0.0,0,19.3,36.0,2,open-meteo
Douar Mzoura,Morocco,32.835,-7.9444,2026-09-22,2026-09-19 12:03:03.839061+00:00,36.6,18.5,0.0,0,15.5,32.0,0,open-meteo
Douar Mzoura,Morocco,32.835,-7.9444,2026-09-23,2026-09-19 12:03:03.839061+00:00,36.1,17.6,0.0,0,14.2,32.8,45,open-meteo
Douar Mzoura,Morocco,32.835,-7.9444,2026-09-24,2026-09-19 12:03:03.839061+00:00,34.7,17.5,0.0,0,15.8,31.3,3,open-meteo
Douar Mzoura,Morocco,32.835,-7.9444,2026-09-25,2026-09-19 12:03:03.839061+00:00,28.4,18.6,0.0,3,16.1,30.6,3,open-meteo
Sidi Boushab,Morocco,30.4667,-9.3056,2026-09-19,2026-09-19 12:03:03.945040+00:00,28.6,19.5,0.0,0,30.9,49.3,2,open-meteo
Sidi Boushab,Morocco,30.4667,-9.3056,2026-09-20,2026-09-19 12:03:03.945040+00:00,30.4,19.3,0.0,0,26.9,42.8,45,open-meteo
Sidi Boushab,Morocco,30.4667,-9.3056,2026-09-21,2026-09-19 12:03:03.945040+00:00,39.7,22.1,0.0,0,23.4,36.7,3,open-meteo
Sidi Boushab,Morocco,30.4667,-9.3056,2026-09-22,2026-09-19 12:03:03.945040+00:00,39.1,21.2,0.0,0,30.3,58.7,2,open-meteo
Sidi Boushab,Morocco,30.4667,-9.3056,2026-09-23,2026-09-19 12:03:03.945040+00:00,38.2,20.4,0.0,0,29.5,46.8,1,open-meteo
Sidi Boushab,Morocco,30.4667,-9.3056,2026-09-24,2026-09-19 12:03:03.945040+00:00,40.5,23.9,0.0,0,25.8,42.8,2,open-meteo
Sidi Boushab,Morocco,30.4667,-9.3056,2026-09-25,2026-09-19 12:03:03.945040+00:00,33.6,21.2,0.0,0,23.3,39.2,3,open-meteo
Douar Ait Taleb,Morocco,32.3839,-8.1856,2026-09-19,2026-09-19 12:03:04.029690+00:00,33.7,18.1,0.0,0,20.3,36.0,3,open-meteo
Douar Ait Taleb,Morocco,32.3839,-8.1856,2026-09-20,2026-09-19 12:03:04.029690+00:00,35.0,22.7,0.0,3,20.5,36.7,2,open-meteo
Douar Ait Taleb,Morocco,32.3839,-8.1856,2026-09-21,2026-09-19 12:03:04.029690+00:00,37.5,22.2,0.0,0,20.3,33.8,3,open-meteo
Douar Ait Taleb,Morocco,32.3839,-8.1856,2026-09-22,2026-09-19 12:03:04.029690+00:00,36.4,21.4,0.0,0,18.3,33.1,3,open-meteo
Douar Ait Taleb,Morocco,32.3839,-8.1856,2026-09-23,2026-09-19 12:03:04.029690+00:00,35.9,17.8,0.0,0,16.8,27.7,0,open-meteo
Douar Ait Taleb,Morocco,32.3839,-8.1856,2026-09-24,2026-09-19 12:03:04.029690+00:00,36.1,20.2,0.0,0,19.5,35.6,3,open-meteo
Douar Ait Taleb,Morocco,32.3839,-8.1856,2026-09-25,2026-09-19 12:03:04.029690+00:00,31.2,19.0,0.0,0,19.2,34.6,3,open-meteo
Jouamaa,Morocco,35.6478,-5.6785,2026-09-19,2026-09-19 12:03:04.123113+00:00,27.0,22.7,0.0,0,45.7,90.0,2,open-meteo
Jouamaa,Morocco,35.6478,-5.6785,2026-09-20,2026-09-19 12:03:04.123113+00:00,27.6,23.5,0.0,0,44.7,88.9,1,open-meteo
Jouamaa,Morocco,35.6478,-5.6785,2026-09-21,2026-09-19 12:03:04.123113+00:00,28.5,23.0,0.0,0,40.0,78.1,2,open-meteo
Jouamaa,Morocco,35.6478,-5.6785,2026-09-22,2026-09-19 12:03:04.123113+00:00,28.3,21.5,0.0,0,32.5,63.0,0,open-meteo
Jouamaa,Morocco,35.6478,-5.6785,2026-09-23,2026-09-19 12:03:04.123113+00:00,28.8,21.4,0.0,0,30.0,56.9,0,open-meteo
Jouamaa,Morocco,35.6478,-5.6785,2026-09-24,2026-09-19 12:03:04.123113+00:00,29.9,21.8,0.0,0,19.5,43.2,1,open-meteo
Jouamaa,Morocco,35.6478,-5.6785,2026-09-25,2026-09-19 12:03:04.123113+00:00,27.9,16.5,0.0,0,11.3,23.8,45,open-meteo
Berkine,Morocco,33.9331,-3.8439,2026-09-19,2026-09-19 12:03:04.241117+00:00,26.8,17.0,2.7,28,21.3,37.4,81,open-meteo
Berkine,Morocco,33.9331,-3.8439,2026-09-20,2026-09-19 12:03:04.241117+00:00,27.4,18.1,0.0,0,22.7,38.9,45,open-meteo
Berkine,Morocco,33.9331,-3.8439,2026-09-21,2026-09-19 12:03:04.241117+00:00,26.0,16.3,0.0,0,19.9,35.6,45,open-meteo
Berkine,Morocco,33.9331,-3.8439,2026-09-22,2026-09-19 12:03:04.241117+00:00,26.8,12.8,0.0,0,20.7,35.6,0,open-meteo
Berkine,Morocco,33.9331,-3.8439,2026-09-23,2026-09-19 12:03:04.241117+00:00,29.5,14.1,0.0,0,23.0,40.0,0,open-meteo
Berkine,Morocco,33.9331,-3.8439,2026-09-24,2026-09-19 12:03:04.241117+00:00,32.1,15.4,0.0,0,16.3,29.9,1,open-meteo
Berkine,Morocco,33.9331,-3.8439,2026-09-25,2026-09-19 12:03:04.241117+00:00,32.4,16.9,0.0,0,19.5,33.8,3,open-meteo
El Aargub,Morocco,23.5759,-15.8775,2026-09-19,2026-09-19 12:03:04.361016+00:00,26.7,19.0,0.0,0,30.6,48.6,2,open-meteo
El Aargub,Morocco,23.5759,-15.8775,2026-09-20,2026-09-19 12:03:04.361016+00:00,27.7,18.6,0.0,0,26.7,44.3,0,open-meteo
El Aargub,Morocco,23.5759,-15.8775,2026-09-21,2026-09-19 12:03:04.361016+00:00,27.2,21.0,0.0,8,25.6,42.1,0,open-meteo
El Aargub,Morocco,23.5759,-15.8775,2026-09-22,2026-09-19 12:03:04.361016+00:00,31.6,21.1,0.0,8,27.6,45.4,0,open-meteo
El Aargub,Morocco,23.5759,-15.8775,2026-09-23,2026-09-19 12:03:04.361016+00:00,29.6,22.1,0.0,4,24.1,42.1,1,open-meteo
El Aargub,Morocco,23.5759,-15.8775,2026-09-24,2026-09-19 12:03:04.361016+00:00,31.8,21.9,0.0,8,19.0,33.8,3,open-meteo
El Aargub,Morocco,23.5759,-15.8775,2026-09-25,2026-09-19 12:03:04.361016+00:00,40.8,22.8,0.0,6,26.9,44.6,3,open-meteo
Boureït,Morocco,34.9983,-4.893,2026-09-19,2026-09-19 12:03:04.489159+00:00,25.3,15.0,0.0,0,19.8,40.3,1,open-meteo
Boureït,Morocco,34.9983,-4.893,2026-09-20,2026-09-19 12:03:04.489159+00:00,25.5,17.1,0.0,0,18.8,36.7,1,open-meteo
Boureït,Morocco,34.9983,-4.893,2026-09-21,2026-09-19 12:03:04.489159+00:00,25.8,16.2,0.0,0,17.9,36.7,1,open-meteo
Boureït,Morocco,34.9983,-4.893,2026-09-22,2026-09-19 12:03:04.489159+00:00,26.8,15.3,0.0,0,15.6,31.3,0,open-meteo
Boureït,Morocco,34.9983,-4.893,2026-09-23,2026-09-19 12:03:04.489159+00:00,28.4,15.6,0.0,0,13.3,27.7,0,open-meteo
Boureït,Morocco,34.9983,-4.893,2026-09-24,2026-09-19 12:03:04.489159+00:00,26.9,13.9,0.0,0,10.0,24.1,2,open-meteo
Boureït,Morocco,34.9983,-4.893,2026-09-25,2026-09-19 12:03:04.489159+00:00,28.4,16.7,0.0,3,10.4,33.1,3,open-meteo
Reçani,Morocco,31.2175,-4.2737,2026-09-19,2026-09-19 12:03:05.415262+00:00,30.5,21.0,0.2,38,25.9,42.1,3,open-meteo
Reçani,Morocco,31.2175,-4.2737,2026-09-20,2026-09-19 12:03:05.415262+00:00,32.1,20.5,0.2,13,13.9,28.8,3,open-meteo
Reçani,Morocco,31.2175,-4.2737,2026-09-21,2026-09-19 12:03:05.415262+00:00,34.0,21.1,0.2,20,9.4,29.2,3,open-meteo
Reçani,Morocco,31.2175,-4.2737,2026-09-22,2026-09-19 12:03:05.415262+00:00,32.0,20.9,0.0,5,16.8,25.2,2,open-meteo
Reçani,Morocco,31.2175,-4.2737,2026-09-23,2026-09-19 12:03:05.415262+00:00,31.9,20.3,0.0,5,16.3,24.1,2,open-meteo
Reçani,Morocco,31.2175,-4.2737,2026-09-24,2026-09-19 12:03:05.415262+00:00,32.3,20.9,0.0,0,5.7,11.5,2,open-meteo
Reçani,Morocco,31.2175,-4.2737,2026-09-25,2026-09-19 12:03:05.415262+00:00,32.1,21.6,0.6,3,14.2,23.0,3,open-meteo
Bou’nane,Morocco,32.2007,-2.8436,2026-09-19,2026-09-19 12:03:05.532465+00:00,29.0,20.1,1.4,60,20.7,36.4,95,open-meteo
Bou’nane,Morocco,32.2007,-2.8436,2026-09-20,2026-09-19 12:03:05.532465+00:00,29.9,18.2,1.7,28,19.0,28.8,80,open-meteo
Bou’nane,Morocco,32.2007,-2.8436,2026-09-21,2026-09-19 12:03:05.532465+00:00,31.6,17.9,0.0,3,21.6,33.1,3,open-meteo
Bou’nane,Morocco,32.2007,-2.8436,2026-09-22,2026-09-19 12:03:05.532465+00:00,29.0,18.0,0.0,0,22.2,33.5,3,open-meteo
Bou’nane,Morocco,32.2007,-2.8436,2026-09-23,2026-09-19 12:03:05.532465+00:00,30.2,15.6,0.0,0,17.0,27.0,2,open-meteo
Bou’nane,Morocco,32.2007,-2.8436,2026-09-24,2026-09-19 12:03:05.532465+00:00,31.2,18.3,0.0,0,10.6,17.3,2,open-meteo
Bou’nane,Morocco,32.2007,-2.8436,2026-09-25,2026-09-19 12:03:05.532465+00:00,31.9,20.0,0.0,5,13.6,22.3,3,open-meteo
Tifariti,Morocco,26.158,-10.567,2026-09-19,2026-09-19 12:03:05.621526+00:00,31.4,16.7,0.0,0,25.2,36.7,3,open-meteo
Tifariti,Morocco,26.158,-10.567,2026-09-20,2026-09-19 12:03:05.621526+00:00,37.5,19.5,0.0,0,13.0,25.9,0,open-meteo
Tifariti,Morocco,26.158,-10.567,2026-09-21,2026-09-19 12:03:05.621526+00:00,38.8,25.0,0.0,2,24.1,40.0,3,open-meteo
Tifariti,Morocco,26.158,-10.567,2026-09-22,2026-09-19 12:03:05.621526+00:00,39.0,24.5,0.0,0,20.8,36.0,3,open-meteo
Tifariti,Morocco,26.158,-10.567,2026-09-23,2026-09-19 12:03:05.621526+00:00,38.6,25.8,0.0,0,19.6,36.0,3,open-meteo
Tifariti,Morocco,26.158,-10.567,2026-09-24,2026-09-19 12:03:05.621526+00:00,39.0,26.6,0.0,0,20.7,37.8,3,open-meteo
Tifariti,Morocco,26.158,-10.567,2026-09-25,2026-09-19 12:03:05.621526+00:00,37.5,26.7,0.0,2,20.1,35.6,3,open-meteo
Bir Anzarane,Morocco,23.8883,-14.5306,2026-09-19,2026-09-19 12:03:05.710864+00:00,30.7,18.1,0.0,0,24.3,39.6,0,open-meteo
Bir Anzarane,Morocco,23.8883,-14.5306,2026-09-20,2026-09-19 12:03:05.710864+00:00,38.2,19.6,0.0,0,28.0,43.2,0,open-meteo
Bir Anzarane,Morocco,23.8883,-14.5306,2026-09-21,2026-09-19 12:03:05.710864+00:00,39.5,26.4,1.7,58,21.0,42.8,53,open-meteo
Bir Anzarane,Morocco,23.8883,-14.5306,2026-09-22,2026-09-19 12:03:05.710864+00:00,37.9,24.4,0.0,22,18.6,36.7,2,open-meteo
Bir Anzarane,Morocco,23.8883,-14.5306,2026-09-23,2026-09-19 12:03:05.710864+00:00,42.1,25.2,0.3,8,14.8,34.9,51,open-meteo
Bir Anzarane,Morocco,23.8883,-14.5306,2026-09-24,2026-09-19 12:03:05.710864+00:00,42.2,25.7,0.0,4,15.5,27.0,3,open-meteo
Bir Anzarane,Morocco,23.8883,-14.5306,2026-09-25,2026-09-19 12:03:05.710864+00:00,41.2,29.6,0.0,4,23.4,34.9,3,open-meteo
Aïn el Mediour,Morocco,30.4,-8.8833,2026-09-19,2026-09-19 12:03:05.792570+00:00,31.8,20.9,0.0,0,24.7,40.3,2,open-meteo
Aïn el Mediour,Morocco,30.4,-8.8833,2026-09-20,2026-09-19 12:03:05.792570+00:00,33.4,20.4,0.0,0,20.6,33.5,45,open-meteo
Aïn el Mediour,Morocco,30.4,-8.8833,2026-09-21,2026-09-19 12:03:05.792570+00:00,39.6,24.1,0.0,0,26.8,42.8,3,open-meteo
Aïn el Mediour,Morocco,30.4,-8.8833,2026-09-22,2026-09-19 12:03:05.792570+00:00,39.1,23.6,0.0,0,33.5,55.8,2,open-meteo
Aïn el Mediour,Morocco,30.4,-8.8833,2026-09-23,2026-09-19 12:03:05.792570+00:00,39.8,22.4,0.0,0,26.2,44.6,0,open-meteo
Aïn el Mediour,Morocco,30.4,-8.8833,2026-09-24,2026-09-19 12:03:05.792570+00:00,40.0,24.2,0.0,0,22.5,44.6,2,open-meteo
Aïn el Mediour,Morocco,30.4,-8.8833,2026-09-25,2026-09-19 12:03:05.792570+00:00,32.9,21.0,0.0,3,23.5,38.9,3,open-meteo
Uad Damran,Morocco,27.4617,-12.9941,2026-09-19,2026-09-19 12:03:05.877660+00:00,29.5,18.3,0.0,0,23.8,37.8,3,open-meteo
Uad Damran,Morocco,27.4617,-12.9941,2026-09-20,2026-09-19 12:03:05.877660+00:00,33.4,18.3,0.0,0,25.3,38.9,3,open-meteo
Uad Damran,Morocco,27.4617,-12.9941,2026-09-21,2026-09-19 12:03:05.877660+00:00,37.9,19.8,0.0,0,30.6,46.4,0,open-meteo
Uad Damran,Morocco,27.4617,-12.9941,2026-09-22,2026-09-19 12:03:05.877660+00:00,35.3,20.3,0.0,2,31.5,47.2,3,open-meteo
Uad Damran,Morocco,27.4617,-12.9941,2026-09-23,2026-09-19 12:03:05.877660+00:00,38.7,20.9,0.0,0,34.2,50.8,0,open-meteo
Uad Damran,Morocco,27.4617,-12.9941,2026-09-24,2026-09-19 12:03:05.877660+00:00,38.7,23.2,0.0,0,32.5,53.6,0,open-meteo
Uad Damran,Morocco,27.4617,-12.9941,2026-09-25,2026-09-19 12:03:05.877660+00:00,34.4,20.7,0.0,2,28.2,47.2,2,open-meteo
Lemsid,Morocco,26.55,-13.85,2026-09-19,2026-09-19 12:03:05.966177+00:00,24.5,18.4,0.0,0,23.6,40.0,0,open-meteo
Lemsid,Morocco,26.55,-13.85,2026-09-20,2026-09-19 12:03:05.966177+00:00,25.8,18.5,0.0,0,21.8,37.8,2,open-meteo
Lemsid,Morocco,26.55,-13.85,2026-09-21,2026-09-19 12:03:05.966177+00:00,26.2,20.3,0.0,7,23.4,40.0,0,open-meteo
Lemsid,Morocco,26.55,-13.85,2026-09-22,2026-09-19 12:03:05.966177+00:00,25.7,20.2,0.0,8,23.8,40.0,1,open-meteo
Lemsid,Morocco,26.55,-13.85,2026-09-23,2026-09-19 12:03:05.966177+00:00,28.0,19.9,0.0,0,22.6,35.6,1,open-meteo
Lemsid,Morocco,26.55,-13.85,2026-09-24,2026-09-19 12:03:05.966177+00:00,38.6,25.3,0.0,0,26.9,42.8,0,open-meteo
Lemsid,Morocco,26.55,-13.85,2026-09-25,2026-09-19 12:03:05.966177+00:00,28.7,23.2,0.0,2,26.4,45.0,3,open-meteo
Wislane,Morocco,30.225,-8.3801,2026-09-19,2026-09-19 12:03:06.049177+00:00,30.7,18.3,0.0,3,19.1,31.3,3,open-meteo
Wislane,Morocco,30.225,-8.3801,2026-09-20,2026-09-19 12:03:06.049177+00:00,30.2,19.9,0.0,5,17.9,29.9,3,open-meteo
Wislane,Morocco,30.225,-8.3801,2026-09-21,2026-09-19 12:03:06.049177+00:00,30.5,19.5,0.0,0,26.5,44.3,3,open-meteo
Wislane,Morocco,30.225,-8.3801,2026-09-22,2026-09-19 12:03:06.049177+00:00,31.3,18.6,0.0,0,26.3,47.2,0,open-meteo
Wislane,Morocco,30.225,-8.3801,2026-09-23,2026-09-19 12:03:06.049177+00:00,31.2,17.6,0.0,3,21.4,36.7,0,open-meteo
Wislane,Morocco,30.225,-8.3801,2026-09-24,2026-09-19 12:03:06.049177+00:00,31.0,20.2,0.0,0,25.9,51.1,3,open-meteo
Wislane,Morocco,30.225,-8.3801,2026-09-25,2026-09-19 12:03:06.049177+00:00,29.2,18.0,0.3,8,21.6,42.8,3,open-meteo
