city,country,latitude,longitude,forecast_date,extracted_at,temperature_max,temperature_min,precipitation_sum,precipitation_probability_max,wind_speed_10m_max,wind_gusts_10m_max,weather_code,source,risk_score,weather_score
Casablanca,Morocco,33.5992,-7.62,2026-09-17,2026-09-17 10:41:10.826229+00:00,25.3,19.7,0.0,0,12.8,36.0,3,open-meteo,5.2,90.36
Casablanca,Morocco,33.5992,-7.62,2026-09-18,2026-09-17 10:41:10.826229+00:00,25.0,18.4,0.0,0,12.0,32.8,3,open-meteo,4.78,90.65
Casablanca,Morocco,33.5992,-7.62,2026-09-19,2026-09-17 10:41:10.826229+00:00,26.5,19.4,0.0,0,11.9,31.7,45,open-meteo,4.66,84.74
Casablanca,Morocco,33.5992,-7.62,2026-09-20,2026-09-17 10:41:10.826229+00:00,28.7,21.1,0.0,0,10.2,29.9,45,open-meteo,4.26,85.02
Casablanca,Morocco,33.5992,-7.62,2026-09-21,2026-09-17 10:41:10.826229+00:00,27.9,21.1,0.0,0,10.8,31.3,45,open-meteo,4.48,84.86
Casablanca,Morocco,33.5992,-7.62,2026-09-22,2026-09-17 10:41:10.826229+00:00,29.7,20.9,0.0,0,11.4,29.9,45,open-meteo,4.42,84.91
Casablanca,Morocco,33.5992,-7.62,2026-09-23,2026-09-17 10:41:10.826229+00:00,28.7,20.9,0.0,0,12.3,32.4,45,open-meteo,4.78,84.65
Tangier,Morocco,35.7767,-5.8039,2026-09-17,2026-09-17 10:41:10.918454+00:00,26.7,17.6,0.0,0,10.6,25.6,3,open-meteo,3.89,91.28
Tangier,Morocco,35.7767,-5.8039,2026-09-18,2026-09-17 10:41:10.918454+00:00,28.0,18.5,0.0,0,19.2,45.7,3,open-meteo,6.97,89.12
Tangier,Morocco,35.7767,-5.8039,2026-09-19,2026-09-17 10:41:10.918454+00:00,27.9,22.7,0.0,0,29.7,71.6,2,open-meteo,10.87,89.39
Tangier,Morocco,35.7767,-5.8039,2026-09-20,2026-09-17 10:41:10.918454+00:00,28.5,24.1,0.0,0,30.6,74.9,2,open-meteo,11.32,89.08
Tangier,Morocco,35.7767,-5.8039,2026-09-21,2026-09-17 10:41:10.918454+00:00,28.5,23.3,0.0,0,27.7,66.2,2,open-meteo,10.08,89.94
Tangier,Morocco,35.7767,-5.8039,2026-09-22,2026-09-17 10:41:10.918454+00:00,26.6,22.1,0.0,0,32.8,60.8,1,open-meteo,10.18,92.87
Tangier,Morocco,35.7767,-5.8039,2026-09-23,2026-09-17 10:41:10.918454+00:00,27.5,22.3,0.0,0,29.3,54.7,1,open-meteo,9.13,93.61
Fès,Morocco,34.0433,-5.0033,2026-09-17,2026-09-17 10:41:10.999626+00:00,28.9,18.0,0.0,0,12.2,32.4,3,open-meteo,4.77,90.66
Fès,Morocco,34.0433,-5.0033,2026-09-18,2026-09-17 10:41:10.999626+00:00,31.2,17.8,0.0,0,10.0,27.7,2,open-meteo,4.02,94.19
Fès,Morocco,34.0433,-5.0033,2026-09-19,2026-09-17 10:41:10.999626+00:00,33.6,20.9,0.0,0,17.8,45.4,2,open-meteo,6.77,92.26
Fès,Morocco,34.0433,-5.0033,2026-09-20,2026-09-17 10:41:10.999626+00:00,36.1,22.7,0.0,0,14.8,38.9,2,open-meteo,10.14,89.9
Fès,Morocco,34.0433,-5.0033,2026-09-21,2026-09-17 10:41:10.999626+00:00,35.5,22.9,0.0,3,14.5,36.7,2,open-meteo,7.48,91.76
Fès,Morocco,34.0433,-5.0033,2026-09-22,2026-09-17 10:41:10.999626+00:00,35.4,21.7,0.0,0,11.3,28.8,1,open-meteo,5.89,95.88
Fès,Morocco,34.0433,-5.0033,2026-09-23,2026-09-17 10:41:10.999626+00:00,36.0,22.0,0.0,0,12.3,30.2,1,open-meteo,8.56,94.01
Marrakech,Morocco,31.6295,-7.9811,2026-09-17,2026-09-17 10:41:11.082428+00:00,30.2,18.3,0.0,0,10.6,31.0,2,open-meteo,4.42,93.91
Marrakech,Morocco,31.6295,-7.9811,2026-09-18,2026-09-17 10:41:11.082428+00:00,32.0,18.3,0.0,0,7.6,23.0,1,open-meteo,3.25,97.72
Marrakech,Morocco,31.6295,-7.9811,2026-09-19,2026-09-17 10:41:11.082428+00:00,35.5,20.6,0.0,5,9.1,25.6,3,open-meteo,5.7,90.01
Marrakech,Morocco,31.6295,-7.9811,2026-09-20,2026-09-17 10:41:11.082428+00:00,37.9,22.8,1.5,25,10.4,30.6,80,open-meteo,17.96,70.93
Marrakech,Morocco,31.6295,-7.9811,2026-09-21,2026-09-17 10:41:11.082428+00:00,37.7,23.3,0.0,13,12.4,33.8,3,open-meteo,15.73,82.99
Marrakech,Morocco,31.6295,-7.9811,2026-09-22,2026-09-17 10:41:11.082428+00:00,36.6,21.7,0.0,5,14.0,25.2,1,open-meteo,10.67,92.53
Marrakech,Morocco,31.6295,-7.9811,2026-09-23,2026-09-17 10:41:11.082428+00:00,36.5,20.5,0.0,3,13.3,23.4,2,open-meteo,10.0,90.0
Sale,Morocco,34.05,-6.8167,2026-09-17,2026-09-17 10:41:11.165369+00:00,25.4,18.6,0.0,0,11.8,31.7,3,open-meteo,4.65,90.74
Sale,Morocco,34.05,-6.8167,2026-09-18,2026-09-17 10:41:11.165369+00:00,25.4,17.1,0.0,0,13.2,33.8,45,open-meteo,5.03,84.48
Sale,Morocco,34.05,-6.8167,2026-09-19,2026-09-17 10:41:11.165369+00:00,28.4,17.2,0.0,0,12.2,32.4,45,open-meteo,4.77,84.66
Sale,Morocco,34.05,-6.8167,2026-09-20,2026-09-17 10:41:11.165369+00:00,29.4,20.7,0.0,0,10.3,27.7,2,open-meteo,4.06,94.16
Sale,Morocco,34.05,-6.8167,2026-09-21,2026-09-17 10:41:11.165369+00:00,28.9,21.3,0.0,0,11.5,30.6,1,open-meteo,4.5,96.85
Sale,Morocco,34.05,-6.8167,2026-09-22,2026-09-17 10:41:11.165369+00:00,27.3,20.6,0.0,0,11.4,26.6,45,open-meteo,4.09,85.14
Sale,Morocco,34.05,-6.8167,2026-09-23,2026-09-17 10:41:11.165369+00:00,27.2,20.1,0.0,0,11.9,28.4,45,open-meteo,4.33,84.97
Meknès,Morocco,33.8833,-5.55,2026-09-17,2026-09-17 10:41:11.248007+00:00,27.7,15.4,0.0,0,12.9,34.6,45,open-meteo,5.07,84.45
Meknès,Morocco,33.8833,-5.55,2026-09-18,2026-09-17 10:41:11.248007+00:00,29.4,15.9,0.0,0,12.9,36.0,3,open-meteo,5.21,90.35
Meknès,Morocco,33.8833,-5.55,2026-09-19,2026-09-17 10:41:11.248007+00:00,33.8,18.9,0.0,3,11.3,31.7,2,open-meteo,4.58,93.79
Meknès,Morocco,33.8833,-5.55,2026-09-20,2026-09-17 10:41:11.248007+00:00,35.7,22.1,0.0,0,13.0,35.6,2,open-meteo,7.99,91.41
Meknès,Morocco,33.8833,-5.55,2026-09-21,2026-09-17 10:41:11.248007+00:00,35.3,21.0,0.0,3,13.9,36.4,2,open-meteo,6.58,92.39
Meknès,Morocco,33.8833,-5.55,2026-09-22,2026-09-17 10:41:11.248007+00:00,34.1,19.8,0.0,0,14.8,34.2,1,open-meteo,5.27,96.31
Meknès,Morocco,33.8833,-5.55,2026-09-23,2026-09-17 10:41:11.248007+00:00,35.3,20.0,0.0,0,16.1,36.7,1,open-meteo,6.88,95.18
Rabat,Morocco,34.0211,-6.8414,2026-09-17,2026-09-17 10:41:11.329890+00:00,25.4,18.6,0.0,0,11.8,31.7,3,open-meteo,4.65,90.74
Rabat,Morocco,34.0211,-6.8414,2026-09-18,2026-09-17 10:41:11.329890+00:00,25.4,17.1,0.0,0,13.2,33.8,45,open-meteo,5.03,84.48
Rabat,Morocco,34.0211,-6.8414,2026-09-19,2026-09-17 10:41:11.329890+00:00,28.4,17.2,0.0,0,12.2,32.4,45,open-meteo,4.77,84.66
Rabat,Morocco,34.0211,-6.8414,2026-09-20,2026-09-17 10:41:11.329890+00:00,29.4,20.7,0.0,0,10.3,27.7,2,open-meteo,4.06,94.16
Rabat,Morocco,34.0211,-6.8414,2026-09-21,2026-09-17 10:41:11.329890+00:00,29.0,21.3,0.0,0,11.5,30.6,1,open-meteo,4.5,96.85
Rabat,Morocco,34.0211,-6.8414,2026-09-22,2026-09-17 10:41:11.329890+00:00,27.4,20.7,0.0,0,11.4,26.6,45,open-meteo,4.09,85.14
Rabat,Morocco,34.0211,-6.8414,2026-09-23,2026-09-17 10:41:11.329890+00:00,27.3,20.2,0.0,0,11.9,28.4,45,open-meteo,4.33,84.97
Agadir,Morocco,30.4214,-9.5831,2026-09-17,2026-09-17 10:41:11.411922+00:00,28.6,20.5,0.0,0,14.5,37.1,3,open-meteo,5.52,90.14
Agadir,Morocco,30.4214,-9.5831,2026-09-18,2026-09-17 10:41:11.411922+00:00,26.3,19.7,0.0,0,12.4,35.6,1,open-meteo,5.11,96.42
Agadir,Morocco,30.4214,-9.5831,2026-09-19,2026-09-17 10:41:11.411922+00:00,26.5,20.4,0.0,0,13.3,37.8,2,open-meteo,5.44,93.19
Agadir,Morocco,30.4214,-9.5831,2026-09-20,2026-09-17 10:41:11.411922+00:00,27.0,20.5,0.0,0,13.1,36.4,45,open-meteo,5.28,84.3
Agadir,Morocco,30.4214,-9.5831,2026-09-21,2026-09-17 10:41:11.411922+00:00,30.6,21.6,0.0,0,9.7,29.9,45,open-meteo,4.2,85.06
Agadir,Morocco,30.4214,-9.5831,2026-09-22,2026-09-17 10:41:11.411922+00:00,38.3,21.6,0.0,0,17.2,33.1,45,open-meteo,18.66,74.94
Agadir,Morocco,30.4214,-9.5831,2026-09-23,2026-09-17 10:41:11.411922+00:00,37.5,22.2,0.0,0,14.0,28.4,0,open-meteo,14.59,89.79
Kenitra,Morocco,34.25,-6.5833,2026-09-17,2026-09-17 10:41:11.492558+00:00,26.1,18.3,0.0,0,12.1,30.6,3,open-meteo,4.57,90.8
Kenitra,Morocco,34.25,-6.5833,2026-09-18,2026-09-17 10:41:11.492558+00:00,26.8,16.5,0.0,0,14.4,36.0,45,open-meteo,5.4,84.22
Kenitra,Morocco,34.25,-6.5833,2026-09-19,2026-09-17 10:41:11.492558+00:00,32.2,17.0,0.0,0,14.6,37.4,45,open-meteo,5.57,84.1
Kenitra,Morocco,34.25,-6.5833,2026-09-20,2026-09-17 10:41:11.492558+00:00,32.9,20.3,0.0,0,12.2,31.3,2,open-meteo,4.66,93.74
Kenitra,Morocco,34.25,-6.5833,2026-09-21,2026-09-17 10:41:11.492558+00:00,31.5,20.8,0.0,0,12.8,32.4,45,open-meteo,4.84,84.61
Kenitra,Morocco,34.25,-6.5833,2026-09-22,2026-09-17 10:41:11.492558+00:00,27.6,20.5,0.0,0,11.8,27.4,45,open-meteo,4.21,85.05
Kenitra,Morocco,34.25,-6.5833,2026-09-23,2026-09-17 10:41:11.492558+00:00,28.3,19.6,0.0,0,12.6,29.5,45,open-meteo,4.52,84.84
Oujda-Angad,Morocco,34.6867,-1.9114,2026-09-17,2026-09-17 10:41:11.574508+00:00,28.3,15.6,0.0,0,18.4,38.2,3,open-meteo,6.12,89.72
Oujda-Angad,Morocco,34.6867,-1.9114,2026-09-18,2026-09-17 10:41:11.574508+00:00,27.7,16.5,0.0,3,19.0,40.3,45,open-meteo,6.4,83.52
Oujda-Angad,Morocco,34.6867,-1.9114,2026-09-19,2026-09-17 10:41:11.574508+00:00,28.8,18.6,3.5,45,16.2,42.1,81,open-meteo,10.9,72.87
Oujda-Angad,Morocco,34.6867,-1.9114,2026-09-20,2026-09-17 10:41:11.574508+00:00,30.7,19.1,0.0,8,19.1,40.7,3,open-meteo,6.46,89.48
Oujda-Angad,Morocco,34.6867,-1.9114,2026-09-21,2026-09-17 10:41:11.574508+00:00,28.3,19.5,0.0,5,17.3,38.2,45,open-meteo,5.98,83.81
Oujda-Angad,Morocco,34.6867,-1.9114,2026-09-22,2026-09-17 10:41:11.574508+00:00,29.5,17.4,0.0,5,21.7,41.8,45,open-meteo,6.89,83.18
Oujda-Angad,Morocco,34.6867,-1.9114,2026-09-23,2026-09-17 10:41:11.574508+00:00,30.9,17.1,0.0,3,22.1,40.0,1,open-meteo,6.76,95.27
Tétouan,Morocco,35.5667,-5.3667,2026-09-17,2026-09-17 10:41:11.657414+00:00,27.5,14.6,0.0,0,10.6,28.1,3,open-meteo,4.14,91.1
Tétouan,Morocco,35.5667,-5.3667,2026-09-18,2026-09-17 10:41:11.657414+00:00,26.3,18.6,0.0,0,19.1,46.8,3,open-meteo,7.07,89.05
Tétouan,Morocco,35.5667,-5.3667,2026-09-19,2026-09-17 10:41:11.657414+00:00,26.5,22.3,0.0,0,32.8,78.5,2,open-meteo,11.95,88.63
Tétouan,Morocco,35.5667,-5.3667,2026-09-20,2026-09-17 10:41:11.657414+00:00,26.2,23.6,0.0,0,27.5,67.7,3,open-meteo,10.21,86.85
Tétouan,Morocco,35.5667,-5.3667,2026-09-21,2026-09-17 10:41:11.657414+00:00,26.3,23.0,0.0,0,24.0,63.0,3,open-meteo,9.3,87.49
Tétouan,Morocco,35.5667,-5.3667,2026-09-22,2026-09-17 10:41:11.657414+00:00,26.7,22.3,0.0,0,26.7,54.7,2,open-meteo,8.81,90.83
Tétouan,Morocco,35.5667,-5.3667,2026-09-23,2026-09-17 10:41:11.657414+00:00,27.0,22.4,0.0,0,19.0,46.8,2,open-meteo,7.05,92.06
Safi,Morocco,32.2833,-9.2333,2026-09-17,2026-09-17 10:41:11.739931+00:00,24.7,19.2,0.0,0,20.2,37.1,3,open-meteo,6.24,89.63
Safi,Morocco,32.2833,-9.2333,2026-09-18,2026-09-17 10:41:11.739931+00:00,25.8,18.7,0.0,0,22.0,39.2,2,open-meteo,6.67,92.33
Safi,Morocco,32.2833,-9.2333,2026-09-19,2026-09-17 10:41:11.739931+00:00,27.2,18.7,0.0,0,19.2,34.9,2,open-meteo,5.89,92.88
Safi,Morocco,32.2833,-9.2333,2026-09-20,2026-09-17 10:41:11.739931+00:00,25.1,19.7,0.0,0,10.4,20.5,45,open-meteo,3.35,85.66
Safi,Morocco,32.2833,-9.2333,2026-09-21,2026-09-17 10:41:11.739931+00:00,25.1,19.4,0.0,0,11.0,21.6,45,open-meteo,3.54,85.52
Safi,Morocco,32.2833,-9.2333,2026-09-22,2026-09-17 10:41:11.739931+00:00,29.5,18.8,0.0,0,13.7,25.9,45,open-meteo,4.3,84.99
Safi,Morocco,32.2833,-9.2333,2026-09-23,2026-09-17 10:41:11.739931+00:00,30.2,20.1,0.0,0,16.3,31.3,45,open-meteo,5.17,84.38
Taourirt,Morocco,34.41,-2.89,2026-09-17,2026-09-17 10:41:11.819492+00:00,29.6,20.1,0.0,0,24.8,40.3,3,open-meteo,7.13,89.01
Taourirt,Morocco,34.41,-2.89,2026-09-18,2026-09-17 10:41:11.819492+00:00,29.5,18.6,0.0,3,28.8,48.6,45,open-meteo,8.46,82.08
Taourirt,Morocco,34.41,-2.89,2026-09-19,2026-09-17 10:41:11.819492+00:00,30.0,20.1,0.4,10,30.8,54.4,3,open-meteo,9.82,87.13
Taourirt,Morocco,34.41,-2.89,2026-09-20,2026-09-17 10:41:11.819492+00:00,30.7,21.3,0.0,3,30.0,53.6,3,open-meteo,9.11,87.62
Taourirt,Morocco,34.41,-2.89,2026-09-21,2026-09-17 10:41:11.819492+00:00,29.9,20.8,0.0,3,27.8,47.5,3,open-meteo,8.22,88.25
Taourirt,Morocco,34.41,-2.89,2026-09-22,2026-09-17 10:41:11.819492+00:00,30.9,19.8,0.0,0,22.1,37.1,45,open-meteo,6.47,83.47
Taourirt,Morocco,34.41,-2.89,2026-09-23,2026-09-17 10:41:11.819492+00:00,31.7,19.9,0.0,0,25.2,43.2,0,open-meteo,7.47,94.77
Temara,Morocco,33.9234,-6.9076,2026-09-17,2026-09-17 10:41:11.933409+00:00,25.1,18.4,0.0,0,12.2,33.5,3,open-meteo,4.88,90.58
Temara,Morocco,33.9234,-6.9076,2026-09-18,2026-09-17 10:41:11.933409+00:00,25.3,16.4,0.0,0,13.2,33.8,3,open-meteo,5.03,90.48
Temara,Morocco,33.9234,-6.9076,2026-09-19,2026-09-17 10:41:11.933409+00:00,28.2,16.5,0.0,0,11.9,32.0,3,open-meteo,4.69,90.72
Temara,Morocco,33.9234,-6.9076,2026-09-20,2026-09-17 10:41:11.933409+00:00,29.1,20.1,0.0,0,9.7,27.7,2,open-meteo,3.98,94.21
Temara,Morocco,33.9234,-6.9076,2026-09-21,2026-09-17 10:41:11.933409+00:00,28.9,20.6,0.0,0,11.0,31.0,1,open-meteo,4.47,96.87
Temara,Morocco,33.9234,-6.9076,2026-09-22,2026-09-17 10:41:11.933409+00:00,25.3,20.5,0.0,0,11.5,23.8,45,open-meteo,3.82,85.33
Temara,Morocco,33.9234,-6.9076,2026-09-23,2026-09-17 10:41:11.933409+00:00,25.3,20.1,0.0,0,12.2,25.6,45,open-meteo,4.08,85.14
Laâyoune,Morocco,27.15,-13.2,2026-09-17,2026-09-17 10:41:12.029087+00:00,28.0,21.4,0.2,0,31.1,60.5,51,open-meteo,10.2,85.36
Laâyoune,Morocco,27.15,-13.2,2026-09-18,2026-09-17 10:41:12.029087+00:00,27.2,19.9,0.4,6,26.9,52.2,51,open-meteo,9.12,86.12
Laâyoune,Morocco,27.15,-13.2,2026-09-19,2026-09-17 10:41:12.029087+00:00,28.9,18.4,0.0,0,24.2,47.9,3,open-meteo,7.81,88.53
Laâyoune,Morocco,27.15,-13.2,2026-09-20,2026-09-17 10:41:12.029087+00:00,31.2,18.9,0.0,0,20.8,41.8,3,open-meteo,6.78,89.25
Laâyoune,Morocco,27.15,-13.2,2026-09-21,2026-09-17 10:41:12.029087+00:00,34.3,19.4,0.0,2,23.5,46.8,3,open-meteo,7.62,88.67
Laâyoune,Morocco,27.15,-13.2,2026-09-22,2026-09-17 10:41:12.029087+00:00,32.7,19.9,0.0,6,24.5,49.0,3,open-meteo,7.96,88.43
Laâyoune,Morocco,27.15,-13.2,2026-09-23,2026-09-17 10:41:12.029087+00:00,32.4,19.3,0.0,6,21.7,46.4,1,open-meteo,7.35,94.86
El Jadid,Morocco,33.2566,-8.5025,2026-09-17,2026-09-17 10:41:12.111953+00:00,25.0,20.4,0.0,0,13.9,25.6,3,open-meteo,4.3,90.99
El Jadid,Morocco,33.2566,-8.5025,2026-09-18,2026-09-17 10:41:12.111953+00:00,24.7,19.9,0.0,0,18.3,33.1,3,open-meteo,5.6,90.08
El Jadid,Morocco,33.2566,-8.5025,2026-09-19,2026-09-17 10:41:12.111953+00:00,25.7,20.2,0.0,0,16.0,29.2,2,open-meteo,4.92,93.56
El Jadid,Morocco,33.2566,-8.5025,2026-09-20,2026-09-17 10:41:12.111953+00:00,27.2,20.8,0.0,0,12.7,23.8,45,open-meteo,3.97,85.22
El Jadid,Morocco,33.2566,-8.5025,2026-09-21,2026-09-17 10:41:12.111953+00:00,26.4,21.1,0.0,0,12.7,24.5,45,open-meteo,4.04,85.17
El Jadid,Morocco,33.2566,-8.5025,2026-09-22,2026-09-17 10:41:12.111953+00:00,28.1,21.5,0.0,0,11.6,24.1,45,open-meteo,3.86,85.3
El Jadid,Morocco,33.2566,-8.5025,2026-09-23,2026-09-17 10:41:12.111953+00:00,27.0,20.8,0.0,0,15.0,30.2,45,open-meteo,4.9,84.57
Ait Melloul,Morocco,30.3342,-9.4972,2026-09-17,2026-09-17 10:41:12.194277+00:00,27.1,21.2,0.0,0,17.0,34.6,3,open-meteo,5.59,90.09
Ait Melloul,Morocco,30.3342,-9.4972,2026-09-18,2026-09-17 10:41:12.194277+00:00,26.2,19.8,0.0,0,17.2,34.6,1,open-meteo,5.61,96.07
Ait Melloul,Morocco,30.3342,-9.4972,2026-09-19,2026-09-17 10:41:12.194277+00:00,26.1,20.3,0.0,0,19.9,39.6,3,open-meteo,6.45,89.48
Ait Melloul,Morocco,30.3342,-9.4972,2026-09-20,2026-09-17 10:41:12.194277+00:00,26.9,20.7,0.0,0,18.4,37.4,2,open-meteo,6.04,92.77
Ait Melloul,Morocco,30.3342,-9.4972,2026-09-21,2026-09-17 10:41:12.194277+00:00,29.0,19.9,0.0,0,15.8,33.5,2,open-meteo,5.33,93.27
Ait Melloul,Morocco,30.3342,-9.4972,2026-09-22,2026-09-17 10:41:12.194277+00:00,38.5,20.1,0.0,0,17.2,33.1,2,open-meteo,19.46,83.38
Ait Melloul,Morocco,30.3342,-9.4972,2026-09-23,2026-09-17 10:41:12.194277+00:00,37.8,22.5,0.0,0,14.0,28.4,0,open-meteo,15.79,88.95
Béni Mellal,Morocco,32.3394,-6.3608,2026-09-17,2026-09-17 10:41:12.274730+00:00,29.9,18.8,0.0,0,10.6,26.6,3,open-meteo,3.99,91.21
Béni Mellal,Morocco,32.3394,-6.3608,2026-09-18,2026-09-17 10:41:12.274730+00:00,31.7,18.9,0.0,0,9.9,32.4,3,open-meteo,4.48,90.86
Béni Mellal,Morocco,32.3394,-6.3608,2026-09-19,2026-09-17 10:41:12.274730+00:00,35.3,22.5,0.0,0,11.1,24.5,3,open-meteo,5.04,90.47
Béni Mellal,Morocco,32.3394,-6.3608,2026-09-20,2026-09-17 10:41:12.274730+00:00,36.7,25.1,0.0,3,18.1,38.9,3,open-meteo,12.95,84.94
Béni Mellal,Morocco,32.3394,-6.3608,2026-09-21,2026-09-17 10:41:12.274730+00:00,35.7,24.8,0.0,8,18.2,51.5,2,open-meteo,10.23,89.84
Béni Mellal,Morocco,32.3394,-6.3608,2026-09-22,2026-09-17 10:41:12.274730+00:00,36.1,24.4,0.0,2,18.3,34.2,1,open-meteo,10.11,92.92
Béni Mellal,Morocco,32.3394,-6.3608,2026-09-23,2026-09-17 10:41:12.274730+00:00,36.7,24.4,0.0,0,16.6,31.3,1,open-meteo,12.01,91.59
Bouskoura,Morocco,33.4489,-7.6486,2026-09-17,2026-09-17 10:41:12.354826+00:00,26.3,18.6,0.0,0,14.9,37.4,3,open-meteo,5.6,90.08
Bouskoura,Morocco,33.4489,-7.6486,2026-09-18,2026-09-17 10:41:12.354826+00:00,26.9,17.5,0.0,0,14.3,35.6,3,open-meteo,5.35,90.25
Bouskoura,Morocco,33.4489,-7.6486,2026-09-19,2026-09-17 10:41:12.354826+00:00,29.4,18.5,0.0,0,14.1,35.3,45,open-meteo,5.29,84.3
Bouskoura,Morocco,33.4489,-7.6486,2026-09-20,2026-09-17 10:41:12.354826+00:00,31.9,20.6,0.0,0,13.2,34.2,45,open-meteo,5.07,84.45
Bouskoura,Morocco,33.4489,-7.6486,2026-09-21,2026-09-17 10:41:12.354826+00:00,31.8,19.9,0.0,0,15.0,37.8,45,open-meteo,5.66,84.04
Bouskoura,Morocco,33.4489,-7.6486,2026-09-22,2026-09-17 10:41:12.354826+00:00,28.9,20.0,0.0,0,11.4,29.9,45,open-meteo,4.42,84.91
Bouskoura,Morocco,33.4489,-7.6486,2026-09-23,2026-09-17 10:41:12.354826+00:00,27.9,20.1,0.0,3,12.3,32.4,45,open-meteo,4.78,84.65
Tiznit,Morocco,29.7,-9.7269,2026-09-17,2026-09-17 10:41:12.438558+00:00,23.2,19.9,0.0,0,22.4,37.4,3,open-meteo,6.54,89.42
Tiznit,Morocco,29.7,-9.7269,2026-09-18,2026-09-17 10:41:12.438558+00:00,25.4,19.0,0.0,0,20.8,35.3,2,open-meteo,6.13,92.71
Tiznit,Morocco,29.7,-9.7269,2026-09-19,2026-09-17 10:41:12.438558+00:00,26.7,19.6,0.0,0,15.7,26.3,2,open-meteo,4.59,93.79
Tiznit,Morocco,29.7,-9.7269,2026-09-20,2026-09-17 10:41:12.438558+00:00,27.5,20.0,0.0,0,14.4,25.6,2,open-meteo,4.36,93.95
Tiznit,Morocco,29.7,-9.7269,2026-09-21,2026-09-17 10:41:12.438558+00:00,31.4,21.5,0.0,0,13.1,22.3,1,open-meteo,3.87,97.29
Tiznit,Morocco,29.7,-9.7269,2026-09-22,2026-09-17 10:41:12.438558+00:00,29.9,20.0,0.0,0,15.7,25.6,0,open-meteo,4.52,96.84
Tiznit,Morocco,29.7,-9.7269,2026-09-23,2026-09-17 10:41:12.438558+00:00,31.3,19.4,0.0,3,14.8,25.9,0,open-meteo,4.44,96.89
Mohammedia,Morocco,33.6833,-7.3833,2026-09-17,2026-09-17 10:41:12.522186+00:00,24.9,19.1,0.0,0,14.0,34.2,3,open-meteo,5.17,90.38
Mohammedia,Morocco,33.6833,-7.3833,2026-09-18,2026-09-17 10:41:12.522186+00:00,24.3,17.1,0.0,0,12.2,31.3,3,open-meteo,4.66,90.74
Mohammedia,Morocco,33.6833,-7.3833,2026-09-19,2026-09-17 10:41:12.522186+00:00,26.0,17.9,0.0,0,13.3,31.7,45,open-meteo,4.83,84.62
Mohammedia,Morocco,33.6833,-7.3833,2026-09-20,2026-09-17 10:41:12.522186+00:00,27.4,20.6,0.0,0,11.5,28.4,45,open-meteo,4.28,85.0
Mohammedia,Morocco,33.6833,-7.3833,2026-09-21,2026-09-17 10:41:12.522186+00:00,26.7,20.7,0.0,0,12.0,29.2,45,open-meteo,4.42,84.91
Mohammedia,Morocco,33.6833,-7.3833,2026-09-22,2026-09-17 10:41:12.522186+00:00,31.0,20.4,0.0,0,15.2,29.2,45,open-meteo,4.82,84.63
Mohammedia,Morocco,33.6833,-7.3833,2026-09-23,2026-09-17 10:41:12.522186+00:00,29.7,20.2,0.0,0,16.9,32.0,45,open-meteo,5.31,84.28
Kouribga,Morocco,32.88,-6.9,2026-09-17,2026-09-17 10:41:12.607880+00:00,28.2,14.4,0.0,0,18.8,37.4,3,open-meteo,6.09,89.74
Kouribga,Morocco,32.88,-6.9,2026-09-18,2026-09-17 10:41:12.607880+00:00,29.9,15.1,0.0,0,18.4,35.3,3,open-meteo,5.83,89.92
Kouribga,Morocco,32.88,-6.9,2026-09-19,2026-09-17 10:41:12.607880+00:00,33.6,18.1,0.0,0,18.4,35.6,3,open-meteo,5.86,89.9
Kouribga,Morocco,32.88,-6.9,2026-09-20,2026-09-17 10:41:12.607880+00:00,35.1,22.6,0.0,8,18.9,40.0,3,open-meteo,6.76,89.27
Kouribga,Morocco,32.88,-6.9,2026-09-21,2026-09-17 10:41:12.607880+00:00,34.7,21.2,0.3,5,20.2,41.0,2,open-meteo,7.03,92.08
Kouribga,Morocco,32.88,-6.9,2026-09-22,2026-09-17 10:41:12.607880+00:00,33.9,17.9,0.0,0,18.2,39.2,2,open-meteo,6.2,92.66
Kouribga,Morocco,32.88,-6.9,2026-09-23,2026-09-17 10:41:12.607880+00:00,34.6,17.1,0.0,3,20.9,42.5,1,open-meteo,6.86,95.2
Settat,Morocco,33.0023,-7.6198,2026-09-17,2026-09-17 10:41:12.688206+00:00,27.6,16.6,0.0,0,17.6,37.1,3,open-meteo,5.91,89.86
Settat,Morocco,33.0023,-7.6198,2026-09-18,2026-09-17 10:41:12.688206+00:00,29.2,16.5,0.0,0,16.9,36.4,3,open-meteo,5.75,89.97
Settat,Morocco,33.0023,-7.6198,2026-09-19,2026-09-17 10:41:12.688206+00:00,32.6,16.7,0.0,0,16.8,36.0,2,open-meteo,5.7,93.01
Settat,Morocco,33.0023,-7.6198,2026-09-20,2026-09-17 10:41:12.688206+00:00,35.2,21.6,0.0,0,16.4,36.4,2,open-meteo,6.49,92.46
Settat,Morocco,33.0023,-7.6198,2026-09-21,2026-09-17 10:41:12.688206+00:00,36.7,21.0,0.0,0,18.8,41.0,2,open-meteo,13.25,87.72
Settat,Morocco,33.0023,-7.6198,2026-09-22,2026-09-17 10:41:12.688206+00:00,34.9,18.3,0.0,3,16.7,34.6,0,open-meteo,5.55,96.11
Settat,Morocco,33.0023,-7.6198,2026-09-23,2026-09-17 10:41:12.688206+00:00,33.8,18.6,0.0,3,18.1,36.4,45,open-meteo,5.9,83.87
Barrechid,Morocco,33.27,-7.5872,2026-09-17,2026-09-17 10:41:12.770058+00:00,27.8,17.4,0.0,0,17.2,31.3,3,open-meteo,5.28,90.3
Barrechid,Morocco,33.27,-7.5872,2026-09-18,2026-09-17 10:41:12.770058+00:00,29.1,17.0,0.0,0,17.5,31.7,3,open-meteo,5.36,90.25
Barrechid,Morocco,33.27,-7.5872,2026-09-19,2026-09-17 10:41:12.770058+00:00,32.3,16.8,0.0,0,16.2,29.5,45,open-meteo,4.98,84.51
Barrechid,Morocco,33.27,-7.5872,2026-09-20,2026-09-17 10:41:12.770058+00:00,34.9,20.9,0.0,0,16.6,32.8,45,open-meteo,5.36,84.25
Barrechid,Morocco,33.27,-7.5872,2026-09-21,2026-09-17 10:41:12.770058+00:00,35.3,19.4,0.0,0,19.2,36.7,45,open-meteo,7.27,82.91
Barrechid,Morocco,33.27,-7.5872,2026-09-22,2026-09-17 10:41:12.770058+00:00,33.4,19.0,0.0,0,17.8,32.8,45,open-meteo,5.5,84.15
Barrechid,Morocco,33.27,-7.5872,2026-09-23,2026-09-17 10:41:12.770058+00:00,32.3,18.9,0.0,0,19.4,35.6,45,open-meteo,5.99,83.81
Ad Dakhla,Morocco,23.7167,-15.95,2026-09-17,2026-09-17 10:41:12.849602+00:00,22.3,20.6,0.0,0,41.3,52.9,2,open-meteo,10.45,89.69
Ad Dakhla,Morocco,23.7167,-15.95,2026-09-18,2026-09-17 10:41:12.849602+00:00,21.2,20.4,0.0,0,35.6,44.6,0,open-meteo,8.91,93.76
Ad Dakhla,Morocco,23.7167,-15.95,2026-09-19,2026-09-17 10:41:12.849602+00:00,21.1,19.9,0.0,0,30.2,37.4,0,open-meteo,7.52,94.74
Ad Dakhla,Morocco,23.7167,-15.95,2026-09-20,2026-09-17 10:41:12.849602+00:00,21.4,19.4,0.0,0,31.8,40.0,0,open-meteo,7.98,94.41
Ad Dakhla,Morocco,23.7167,-15.95,2026-09-21,2026-09-17 10:41:12.849602+00:00,21.4,20.4,0.0,7,30.8,38.9,0,open-meteo,7.74,94.58
Ad Dakhla,Morocco,23.7167,-15.95,2026-09-22,2026-09-17 10:41:12.849602+00:00,21.6,20.4,0.0,9,30.2,40.3,0,open-meteo,7.81,94.53
Ad Dakhla,Morocco,23.7167,-15.95,2026-09-23,2026-09-17 10:41:12.849602+00:00,21.6,20.4,0.0,6,29.9,37.1,2,open-meteo,7.45,91.78
Nador,Morocco,35.1667,-2.9333,2026-09-17,2026-09-17 10:41:12.928720+00:00,26.5,21.6,0.2,0,14.3,32.0,80,open-meteo,5.25,79.83
Nador,Morocco,35.1667,-2.9333,2026-09-18,2026-09-17 10:41:12.928720+00:00,25.3,22.0,0.7,3,14.6,32.8,80,open-meteo,6.04,79.27
Nador,Morocco,35.1667,-2.9333,2026-09-19,2026-09-17 10:41:12.928720+00:00,25.6,23.0,1.6,3,23.9,52.6,80,open-meteo,10.38,76.23
Nador,Morocco,35.1667,-2.9333,2026-09-20,2026-09-17 10:41:12.928720+00:00,25.9,24.0,4.3,5,24.4,50.4,80,open-meteo,13.82,73.83
Nador,Morocco,35.1667,-2.9333,2026-09-21,2026-09-17 10:41:12.928720+00:00,25.6,23.5,1.2,10,17.2,38.2,3,open-meteo,7.57,88.7
Nador,Morocco,35.1667,-2.9333,2026-09-22,2026-09-17 10:41:12.928720+00:00,27.2,21.7,0.0,3,20.4,35.6,2,open-meteo,6.11,92.72
Nador,Morocco,35.1667,-2.9333,2026-09-23,2026-09-17 10:41:12.928720+00:00,27.1,20.5,0.0,0,16.6,29.9,2,open-meteo,5.07,93.45
Inezgane,Morocco,30.3658,-9.5381,2026-09-17,2026-09-17 10:41:13.092726+00:00,26.8,20.7,0.0,0,13.7,38.5,3,open-meteo,5.56,90.11
Inezgane,Morocco,30.3658,-9.5381,2026-09-18,2026-09-17 10:41:13.092726+00:00,25.0,19.4,0.0,0,13.0,37.1,1,open-meteo,5.33,96.27
Inezgane,Morocco,30.3658,-9.5381,2026-09-19,2026-09-17 10:41:13.092726+00:00,25.0,19.9,0.0,0,14.8,41.0,45,open-meteo,5.95,83.83
Inezgane,Morocco,30.3658,-9.5381,2026-09-20,2026-09-17 10:41:13.092726+00:00,25.4,20.0,0.0,0,14.5,41.4,45,open-meteo,5.95,83.83
Inezgane,Morocco,30.3658,-9.5381,2026-09-21,2026-09-17 10:41:13.092726+00:00,27.5,19.6,0.0,0,11.9,33.1,45,open-meteo,4.8,84.64
Inezgane,Morocco,30.3658,-9.5381,2026-09-22,2026-09-17 10:41:13.092726+00:00,38.6,19.6,0.0,0,17.2,33.1,45,open-meteo,19.86,74.1
Inezgane,Morocco,30.3658,-9.5381,2026-09-23,2026-09-17 10:41:13.092726+00:00,37.8,22.5,0.0,0,14.0,28.4,0,open-meteo,15.79,88.95
Larache,Morocco,35.1833,-6.15,2026-09-17,2026-09-17 10:41:13.180109+00:00,25.3,17.7,0.0,0,12.4,23.8,3,open-meteo,3.93,91.25
Larache,Morocco,35.1833,-6.15,2026-09-18,2026-09-17 10:41:13.180109+00:00,26.7,14.9,0.0,0,17.1,33.1,45,open-meteo,5.45,84.18
Larache,Morocco,35.1833,-6.15,2026-09-19,2026-09-17 10:41:13.180109+00:00,35.1,17.9,0.0,0,19.5,35.3,2,open-meteo,6.37,92.54
Larache,Morocco,35.1833,-6.15,2026-09-20,2026-09-17 10:41:13.180109+00:00,34.6,25.7,0.0,0,14.2,29.2,1,open-meteo,4.7,96.71
Larache,Morocco,35.1833,-6.15,2026-09-21,2026-09-17 10:41:13.180109+00:00,32.9,22.9,0.0,0,14.1,26.3,1,open-meteo,4.39,96.93
Larache,Morocco,35.1833,-6.15,2026-09-22,2026-09-17 10:41:13.180109+00:00,29.5,19.8,0.0,0,15.0,28.4,2,open-meteo,4.71,93.7
Larache,Morocco,35.1833,-6.15,2026-09-23,2026-09-17 10:41:13.180109+00:00,29.6,18.5,0.0,0,13.5,25.2,2,open-meteo,4.21,94.05
Al Khmissat,Morocco,33.81,-6.06,2026-09-17,2026-09-17 10:41:13.258693+00:00,28.4,15.1,0.0,0,14.2,29.9,45,open-meteo,4.76,84.67
Al Khmissat,Morocco,33.81,-6.06,2026-09-18,2026-09-17 10:41:13.258693+00:00,29.4,15.7,0.0,0,16.2,33.8,3,open-meteo,5.41,90.21
Al Khmissat,Morocco,33.81,-6.06,2026-09-19,2026-09-17 10:41:13.258693+00:00,34.1,17.8,0.0,0,13.9,31.0,2,open-meteo,4.84,93.61
Al Khmissat,Morocco,33.81,-6.06,2026-09-20,2026-09-17 10:41:13.258693+00:00,36.3,22.3,0.0,0,15.4,29.9,2,open-meteo,10.11,89.92
Al Khmissat,Morocco,33.81,-6.06,2026-09-21,2026-09-17 10:41:13.258693+00:00,35.7,21.1,0.0,3,16.5,33.5,2,open-meteo,8.21,91.25
Al Khmissat,Morocco,33.81,-6.06,2026-09-22,2026-09-17 10:41:13.258693+00:00,34.4,19.2,0.0,0,15.2,29.9,3,open-meteo,4.89,90.58
Al Khmissat,Morocco,33.81,-6.06,2026-09-23,2026-09-17 10:41:13.258693+00:00,35.3,17.2,0.0,3,20.0,37.8,1,open-meteo,7.48,94.76
Guelmim,Morocco,28.9833,-10.0667,2026-09-17,2026-09-17 10:41:13.342988+00:00,24.5,18.6,0.0,0,29.5,49.0,3,open-meteo,8.59,87.99
Guelmim,Morocco,28.9833,-10.0667,2026-09-18,2026-09-17 10:41:13.342988+00:00,27.0,17.2,0.0,0,24.1,42.5,1,open-meteo,7.26,94.92
Guelmim,Morocco,28.9833,-10.0667,2026-09-19,2026-09-17 10:41:13.342988+00:00,28.2,18.1,0.0,0,20.6,37.1,3,open-meteo,6.29,89.6
Guelmim,Morocco,28.9833,-10.0667,2026-09-20,2026-09-17 10:41:13.342988+00:00,33.7,17.0,0.0,0,22.3,41.0,1,open-meteo,6.89,95.18
Guelmim,Morocco,28.9833,-10.0667,2026-09-21,2026-09-17 10:41:13.342988+00:00,38.3,19.9,0.0,2,16.5,32.8,0,open-meteo,18.54,87.02
Guelmim,Morocco,28.9833,-10.0667,2026-09-22,2026-09-17 10:41:13.342988+00:00,38.2,21.9,0.0,2,16.6,32.8,2,open-meteo,18.16,84.29
Guelmim,Morocco,28.9833,-10.0667,2026-09-23,2026-09-17 10:41:13.342988+00:00,38.5,20.2,0.0,2,13.4,33.1,3,open-meteo,18.99,80.71
Ksar El Kebir,Morocco,35.0,-5.9,2026-09-17,2026-09-17 10:41:13.426718+00:00,28.3,18.8,0.0,0,14.3,27.4,3,open-meteo,4.53,90.83
Ksar El Kebir,Morocco,35.0,-5.9,2026-09-18,2026-09-17 10:41:13.426718+00:00,30.4,16.0,0.0,0,18.3,36.4,45,open-meteo,5.93,83.85
Ksar El Kebir,Morocco,35.0,-5.9,2026-09-19,2026-09-17 10:41:13.426718+00:00,35.6,18.8,0.0,0,7.4,18.0,2,open-meteo,5.13,93.41
Ksar El Kebir,Morocco,35.0,-5.9,2026-09-20,2026-09-17 10:41:13.426718+00:00,37.9,22.3,0.0,0,10.6,25.6,1,open-meteo,15.48,89.16
Ksar El Kebir,Morocco,35.0,-5.9,2026-09-21,2026-09-17 10:41:13.426718+00:00,36.0,22.9,0.0,0,13.5,26.3,2,open-meteo,8.32,91.18
Ksar El Kebir,Morocco,35.0,-5.9,2026-09-22,2026-09-17 10:41:13.426718+00:00,34.0,21.4,0.0,0,16.0,31.7,2,open-meteo,5.17,93.38
Ksar El Kebir,Morocco,35.0,-5.9,2026-09-23,2026-09-17 10:41:13.426718+00:00,35.1,20.3,0.0,0,14.8,29.2,1,open-meteo,5.17,96.38
Khénifra,Morocco,32.93,-5.66,2026-09-17,2026-09-17 10:41:13.512669+00:00,31.8,15.7,0.0,0,16.6,31.7,3,open-meteo,5.25,90.33
Khénifra,Morocco,32.93,-5.66,2026-09-18,2026-09-17 10:41:13.512669+00:00,32.0,15.6,0.0,0,18.5,34.2,3,open-meteo,5.73,89.99
Khénifra,Morocco,32.93,-5.66,2026-09-19,2026-09-17 10:41:13.512669+00:00,34.6,19.3,0.0,3,23.7,50.4,3,open-meteo,8.0,88.4
Khénifra,Morocco,32.93,-5.66,2026-09-20,2026-09-17 10:41:13.512669+00:00,35.4,22.0,0.0,3,21.5,40.3,3,open-meteo,8.32,88.18
Khénifra,Morocco,32.93,-5.66,2026-09-21,2026-09-17 10:41:13.512669+00:00,33.0,20.8,1.2,8,11.9,29.5,80,open-meteo,6.04,79.27
Khénifra,Morocco,32.93,-5.66,2026-09-22,2026-09-17 10:41:13.512669+00:00,33.7,18.7,0.0,3,14.2,25.9,2,open-meteo,4.37,93.94
Khénifra,Morocco,32.93,-5.66,2026-09-23,2026-09-17 10:41:13.512669+00:00,35.0,19.3,0.0,3,16.0,28.4,2,open-meteo,4.84,93.61
Skhirate,Morocco,33.85,-7.03,2026-09-17,2026-09-17 10:41:13.594938+00:00,24.3,18.7,0.0,0,12.9,29.2,3,open-meteo,4.53,90.83
Skhirate,Morocco,33.85,-7.03,2026-09-18,2026-09-17 10:41:13.594938+00:00,24.0,17.0,0.0,0,13.7,31.0,3,open-meteo,4.81,90.63
Skhirate,Morocco,33.85,-7.03,2026-09-19,2026-09-17 10:41:13.594938+00:00,26.1,17.1,0.0,0,12.2,27.4,3,open-meteo,4.26,91.02
Skhirate,Morocco,33.85,-7.03,2026-09-20,2026-09-17 10:41:13.594938+00:00,26.8,19.9,0.0,0,10.5,25.2,2,open-meteo,3.83,94.32
Skhirate,Morocco,33.85,-7.03,2026-09-21,2026-09-17 10:41:13.594938+00:00,26.7,20.5,0.0,0,12.3,27.4,2,open-meteo,4.28,94.0
Skhirate,Morocco,33.85,-7.03,2026-09-22,2026-09-17 10:41:13.594938+00:00,25.4,20.4,0.0,0,11.5,23.8,45,open-meteo,3.82,85.33
Skhirate,Morocco,33.85,-7.03,2026-09-23,2026-09-17 10:41:13.594938+00:00,25.4,20.2,0.0,0,12.2,25.6,45,open-meteo,4.08,85.14
Beni Yakhlef,Morocco,33.6555,-7.3221,2026-09-17,2026-09-17 10:41:13.731975+00:00,26.1,17.8,0.0,0,16.3,31.0,3,open-meteo,5.14,90.4
Beni Yakhlef,Morocco,33.6555,-7.3221,2026-09-18,2026-09-17 10:41:13.731975+00:00,26.2,16.1,0.0,0,15.9,29.5,3,open-meteo,4.94,90.54
Beni Yakhlef,Morocco,33.6555,-7.3221,2026-09-19,2026-09-17 10:41:13.731975+00:00,28.3,16.7,0.0,0,16.8,31.0,45,open-meteo,5.2,84.36
Beni Yakhlef,Morocco,33.6555,-7.3221,2026-09-20,2026-09-17 10:41:13.731975+00:00,31.0,20.0,0.0,0,15.1,28.1,45,open-meteo,4.7,84.71
Beni Yakhlef,Morocco,33.6555,-7.3221,2026-09-21,2026-09-17 10:41:13.731975+00:00,30.3,19.7,0.0,0,17.1,32.0,45,open-meteo,5.34,84.26
Beni Yakhlef,Morocco,33.6555,-7.3221,2026-09-22,2026-09-17 10:41:13.731975+00:00,30.4,19.7,0.0,0,15.2,29.2,45,open-meteo,4.82,84.63
Beni Yakhlef,Morocco,33.6555,-7.3221,2026-09-23,2026-09-17 10:41:13.731975+00:00,29.2,19.7,0.0,0,16.9,32.0,45,open-meteo,5.31,84.28
Sidi Yahya Zaer,Morocco,33.7105,-6.8831,2026-09-17,2026-09-17 10:41:13.813321+00:00,26.2,15.9,0.0,0,16.0,32.8,3,open-meteo,5.28,90.3
Sidi Yahya Zaer,Morocco,33.7105,-6.8831,2026-09-18,2026-09-17 10:41:13.813321+00:00,27.4,15.2,0.0,0,16.2,32.8,45,open-meteo,5.3,84.29
Sidi Yahya Zaer,Morocco,33.7105,-6.8831,2026-09-19,2026-09-17 10:41:13.813321+00:00,30.9,16.6,0.0,0,15.6,32.0,3,open-meteo,5.15,90.39
Sidi Yahya Zaer,Morocco,33.7105,-6.8831,2026-09-20,2026-09-17 10:41:13.813321+00:00,32.9,20.9,0.0,0,16.3,33.1,2,open-meteo,5.35,93.25
Sidi Yahya Zaer,Morocco,33.7105,-6.8831,2026-09-21,2026-09-17 10:41:13.813321+00:00,33.6,20.0,0.0,0,16.4,34.6,1,open-meteo,5.51,96.14
Sidi Yahya Zaer,Morocco,33.7105,-6.8831,2026-09-22,2026-09-17 10:41:13.813321+00:00,31.2,18.6,0.0,0,15.0,30.2,1,open-meteo,4.9,96.57
Sidi Yahya Zaer,Morocco,33.7105,-6.8831,2026-09-23,2026-09-17 10:41:13.813321+00:00,30.5,16.4,0.0,0,16.0,32.8,45,open-meteo,5.28,84.3
Ben Guerir,Morocco,32.23,-7.95,2026-09-17,2026-09-17 10:41:13.894152+00:00,28.6,16.5,0.0,0,17.3,34.6,3,open-meteo,5.62,90.07
Ben Guerir,Morocco,32.23,-7.95,2026-09-18,2026-09-17 10:41:13.894152+00:00,30.3,16.6,0.0,0,14.8,31.0,2,open-meteo,4.95,93.53
Ben Guerir,Morocco,32.23,-7.95,2026-09-19,2026-09-17 10:41:13.894152+00:00,33.6,18.6,0.0,0,17.7,36.7,2,open-meteo,5.88,92.88
Ben Guerir,Morocco,32.23,-7.95,2026-09-20,2026-09-17 10:41:13.894152+00:00,35.8,22.5,0.0,5,16.6,35.6,2,open-meteo,8.83,90.82
Ben Guerir,Morocco,32.23,-7.95,2026-09-21,2026-09-17 10:41:13.894152+00:00,37.2,22.6,0.0,5,20.1,41.0,1,open-meteo,15.41,89.21
Ben Guerir,Morocco,32.23,-7.95,2026-09-22,2026-09-17 10:41:13.894152+00:00,36.2,19.3,0.0,5,18.3,32.0,1,open-meteo,10.29,92.8
Ben Guerir,Morocco,32.23,-7.95,2026-09-23,2026-09-17 10:41:13.894152+00:00,36.0,19.1,0.0,0,19.7,34.6,0,open-meteo,9.92,93.06
Ait Ali,Morocco,30.1739,-9.4881,2026-09-17,2026-09-17 10:41:13.974721+00:00,26.7,20.8,0.0,0,24.9,40.3,3,open-meteo,7.14,89.0
Ait Ali,Morocco,30.1739,-9.4881,2026-09-18,2026-09-17 10:41:13.974721+00:00,26.1,19.6,0.0,0,22.5,36.4,2,open-meteo,6.45,92.48
Ait Ali,Morocco,30.1739,-9.4881,2026-09-19,2026-09-17 10:41:13.974721+00:00,26.4,20.1,0.0,0,20.5,34.2,2,open-meteo,5.98,92.81
Ait Ali,Morocco,30.1739,-9.4881,2026-09-20,2026-09-17 10:41:13.974721+00:00,26.8,20.4,0.0,0,19.5,32.4,2,open-meteo,5.68,93.02
Ait Ali,Morocco,30.1739,-9.4881,2026-09-21,2026-09-17 10:41:13.974721+00:00,29.8,20.3,0.0,0,18.2,30.2,0,open-meteo,5.29,96.3
Ait Ali,Morocco,30.1739,-9.4881,2026-09-22,2026-09-17 10:41:13.974721+00:00,35.5,20.5,0.0,0,18.0,32.8,0,open-meteo,7.53,94.73
Ait Ali,Morocco,30.1739,-9.4881,2026-09-23,2026-09-17 10:41:13.974721+00:00,34.0,21.1,0.0,0,18.9,33.1,0,open-meteo,5.67,96.03
My Drarga,Morocco,30.3805,-9.4763,2026-09-17,2026-09-17 10:41:14.061497+00:00,27.4,20.6,0.0,0,17.9,39.6,3,open-meteo,6.2,89.66
My Drarga,Morocco,30.3805,-9.4763,2026-09-18,2026-09-17 10:41:14.061497+00:00,26.2,19.3,0.0,0,15.6,37.1,1,open-meteo,5.66,96.04
My Drarga,Morocco,30.3805,-9.4763,2026-09-19,2026-09-17 10:41:14.061497+00:00,26.5,19.8,0.0,0,17.5,38.5,45,open-meteo,6.04,83.77
My Drarga,Morocco,30.3805,-9.4763,2026-09-20,2026-09-17 10:41:14.061497+00:00,26.8,20.2,0.0,0,16.6,36.7,45,open-meteo,5.75,83.97
My Drarga,Morocco,30.3805,-9.4763,2026-09-21,2026-09-17 10:41:14.061497+00:00,29.9,20.6,0.0,0,12.0,28.4,45,open-meteo,4.34,84.96
My Drarga,Morocco,30.3805,-9.4763,2026-09-22,2026-09-17 10:41:14.061497+00:00,38.4,20.5,0.0,0,17.2,33.1,45,open-meteo,19.06,74.66
My Drarga,Morocco,30.3805,-9.4763,2026-09-23,2026-09-17 10:41:14.061497+00:00,37.7,22.4,0.0,0,14.0,28.4,0,open-meteo,15.39,89.23
Lqoliaa,Morocco,30.2942,-9.4544,2026-09-17,2026-09-17 10:41:14.152218+00:00,27.6,20.7,0.0,0,17.8,39.6,3,open-meteo,6.19,89.67
Lqoliaa,Morocco,30.2942,-9.4544,2026-09-18,2026-09-17 10:41:14.152218+00:00,26.8,19.5,0.0,0,18.7,40.7,2,open-meteo,6.41,92.51
Lqoliaa,Morocco,30.2942,-9.4544,2026-09-19,2026-09-17 10:41:14.152218+00:00,26.9,19.9,0.0,0,20.5,45.0,2,open-meteo,7.06,92.06
Lqoliaa,Morocco,30.2942,-9.4544,2026-09-20,2026-09-17 10:41:14.152218+00:00,27.5,20.2,0.0,0,18.7,43.6,2,open-meteo,6.7,92.31
Lqoliaa,Morocco,30.2942,-9.4544,2026-09-21,2026-09-17 10:41:14.152218+00:00,30.7,19.5,0.0,0,17.7,38.2,45,open-meteo,6.03,83.78
Lqoliaa,Morocco,30.2942,-9.4544,2026-09-22,2026-09-17 10:41:14.152218+00:00,36.2,19.7,0.0,0,17.2,38.2,45,open-meteo,10.77,80.46
Lqoliaa,Morocco,30.2942,-9.4544,2026-09-23,2026-09-17 10:41:14.152218+00:00,33.1,19.6,0.0,0,17.0,37.4,0,open-meteo,5.87,95.89
El Kelaa des Srarhna,Morocco,32.05,-7.4,2026-09-17,2026-09-17 10:41:14.239001+00:00,29.8,17.4,0.0,0,16.8,28.8,2,open-meteo,4.98,93.51
El Kelaa des Srarhna,Morocco,32.05,-7.4,2026-09-18,2026-09-17 10:41:14.239001+00:00,31.3,17.9,0.0,0,13.6,23.4,3,open-meteo,4.04,91.17
El Kelaa des Srarhna,Morocco,32.05,-7.4,2026-09-19,2026-09-17 10:41:14.239001+00:00,34.9,20.3,0.0,0,16.2,27.7,3,open-meteo,4.79,90.65
El Kelaa des Srarhna,Morocco,32.05,-7.4,2026-09-20,2026-09-17 10:41:14.239001+00:00,37.4,23.3,0.0,15,18.0,30.2,2,open-meteo,14.87,86.59
El Kelaa des Srarhna,Morocco,32.05,-7.4,2026-09-21,2026-09-17 10:41:14.239001+00:00,37.8,23.0,0.0,8,20.1,33.5,2,open-meteo,17.06,85.06
El Kelaa des Srarhna,Morocco,32.05,-7.4,2026-09-22,2026-09-17 10:41:14.239001+00:00,35.9,21.6,0.0,2,13.9,24.1,1,open-meteo,7.75,94.58
El Kelaa des Srarhna,Morocco,32.05,-7.4,2026-09-23,2026-09-17 10:41:14.239001+00:00,36.2,20.2,0.0,0,15.6,27.0,1,open-meteo,9.45,93.38
Moulay Abdallah,Morocco,33.1978,-8.5883,2026-09-17,2026-09-17 10:41:14.324130+00:00,25.7,20.3,0.0,0,16.2,24.8,3,open-meteo,4.51,90.84
Moulay Abdallah,Morocco,33.1978,-8.5883,2026-09-18,2026-09-17 10:41:14.324130+00:00,25.5,19.8,0.0,0,19.9,32.4,2,open-meteo,5.73,92.99
Moulay Abdallah,Morocco,33.1978,-8.5883,2026-09-19,2026-09-17 10:41:14.324130+00:00,27.1,20.1,0.0,0,17.6,28.1,45,open-meteo,5.01,84.49
Moulay Abdallah,Morocco,33.1978,-8.5883,2026-09-20,2026-09-17 10:41:14.324130+00:00,27.5,20.5,0.0,0,13.4,21.6,45,open-meteo,3.84,85.31
Moulay Abdallah,Morocco,33.1978,-8.5883,2026-09-21,2026-09-17 10:41:14.324130+00:00,26.5,20.8,0.0,0,13.5,20.9,45,open-meteo,3.78,85.35
Moulay Abdallah,Morocco,33.1978,-8.5883,2026-09-22,2026-09-17 10:41:14.324130+00:00,27.7,21.0,0.0,0,11.8,23.8,45,open-meteo,3.85,85.3
Moulay Abdallah,Morocco,33.1978,-8.5883,2026-09-23,2026-09-17 10:41:14.324130+00:00,27.5,20.8,0.0,0,15.6,31.0,45,open-meteo,5.05,84.47
Tiflet,Morocco,33.9,-6.33,2026-09-17,2026-09-17 10:41:14.409643+00:00,27.5,15.9,0.0,0,13.7,28.4,3,open-meteo,4.55,90.81
Tiflet,Morocco,33.9,-6.33,2026-09-18,2026-09-17 10:41:14.409643+00:00,29.0,15.7,0.0,0,16.6,34.2,3,open-meteo,5.5,90.15
Tiflet,Morocco,33.9,-6.33,2026-09-19,2026-09-17 10:41:14.409643+00:00,33.9,18.0,0.0,0,15.5,32.0,2,open-meteo,5.14,93.4
Tiflet,Morocco,33.9,-6.33,2026-09-20,2026-09-17 10:41:14.409643+00:00,35.9,22.3,0.0,0,14.0,29.9,2,open-meteo,8.34,91.16
Tiflet,Morocco,33.9,-6.33,2026-09-21,2026-09-17 10:41:14.409643+00:00,35.4,22.0,0.0,5,15.7,32.8,1,open-meteo,6.84,95.21
Tiflet,Morocco,33.9,-6.33,2026-09-22,2026-09-17 10:41:14.409643+00:00,34.2,20.7,0.0,0,15.4,32.0,2,open-meteo,5.12,93.42
Tiflet,Morocco,33.9,-6.33,2026-09-23,2026-09-17 10:41:14.409643+00:00,34.7,20.0,0.0,0,18.0,36.0,1,open-meteo,5.85,95.91
Oulad Teïma,Morocco,30.4,-9.21,2026-09-17,2026-09-17 10:41:14.493462+00:00,29.4,19.8,0.0,0,25.2,47.9,45,open-meteo,7.94,82.44
Oulad Teïma,Morocco,30.4,-9.21,2026-09-18,2026-09-17 10:41:14.493462+00:00,29.2,18.7,0.0,0,22.9,42.5,2,open-meteo,7.11,92.02
Oulad Teïma,Morocco,30.4,-9.21,2026-09-19,2026-09-17 10:41:14.493462+00:00,29.8,19.1,0.0,0,24.2,45.7,45,open-meteo,7.6,82.68
Oulad Teïma,Morocco,30.4,-9.21,2026-09-20,2026-09-17 10:41:14.493462+00:00,30.4,19.5,0.0,0,23.7,44.3,45,open-meteo,7.39,82.83
Oulad Teïma,Morocco,30.4,-9.21,2026-09-21,2026-09-17 10:41:14.493462+00:00,35.7,20.5,0.0,0,23.7,42.8,3,open-meteo,10.04,86.97
Oulad Teïma,Morocco,30.4,-9.21,2026-09-22,2026-09-17 10:41:14.493462+00:00,38.3,19.5,0.0,0,28.3,47.2,3,open-meteo,21.46,78.98
Oulad Teïma,Morocco,30.4,-9.21,2026-09-23,2026-09-17 10:41:14.493462+00:00,37.3,19.6,0.0,3,25.8,44.6,0,open-meteo,16.88,88.18
Berkane,Morocco,34.9167,-2.3167,2026-09-17,2026-09-17 10:41:14.574248+00:00,26.3,17.9,0.0,0,15.4,32.8,3,open-meteo,5.21,90.35
Berkane,Morocco,34.9167,-2.3167,2026-09-18,2026-09-17 10:41:14.574248+00:00,26.0,18.2,0.0,3,19.1,39.6,3,open-meteo,6.35,89.56
Berkane,Morocco,34.9167,-2.3167,2026-09-19,2026-09-17 10:41:14.574248+00:00,26.2,19.8,0.1,5,20.1,44.3,45,open-meteo,7.08,83.04
Berkane,Morocco,34.9167,-2.3167,2026-09-20,2026-09-17 10:41:14.574248+00:00,27.1,21.2,0.0,0,18.3,37.8,45,open-meteo,6.07,83.75
Berkane,Morocco,34.9167,-2.3167,2026-09-21,2026-09-17 10:41:14.574248+00:00,26.4,20.4,0.0,5,18.0,38.5,45,open-meteo,6.1,83.73
Berkane,Morocco,34.9167,-2.3167,2026-09-22,2026-09-17 10:41:14.574248+00:00,27.7,19.9,0.0,3,14.6,27.4,45,open-meteo,4.56,84.81
Berkane,Morocco,34.9167,-2.3167,2026-09-23,2026-09-17 10:41:14.574248+00:00,28.0,19.4,0.0,0,11.9,22.7,45,open-meteo,3.76,85.37
Ain El Aouda,Morocco,33.8111,-6.7922,2026-09-17,2026-09-17 10:41:14.654713+00:00,26.1,16.5,0.0,0,15.5,31.0,3,open-meteo,5.04,90.47
Ain El Aouda,Morocco,33.8111,-6.7922,2026-09-18,2026-09-17 10:41:14.654713+00:00,27.2,15.0,0.0,0,15.6,31.3,45,open-meteo,5.08,84.44
Ain El Aouda,Morocco,33.8111,-6.7922,2026-09-19,2026-09-17 10:41:14.654713+00:00,30.9,15.5,0.0,0,15.1,30.2,45,open-meteo,4.91,84.56
Ain El Aouda,Morocco,33.8111,-6.7922,2026-09-20,2026-09-17 10:41:14.654713+00:00,32.7,19.6,0.0,0,14.3,28.8,2,open-meteo,4.67,93.73
Ain El Aouda,Morocco,33.8111,-6.7922,2026-09-21,2026-09-17 10:41:14.654713+00:00,33.2,19.5,0.0,0,15.8,31.3,1,open-meteo,5.11,96.42
Ain El Aouda,Morocco,33.8111,-6.7922,2026-09-22,2026-09-17 10:41:14.654713+00:00,32.1,19.0,0.0,0,15.0,29.2,45,open-meteo,4.8,84.64
Ain El Aouda,Morocco,33.8111,-6.7922,2026-09-23,2026-09-17 10:41:14.654713+00:00,31.7,17.2,0.0,0,16.5,32.0,45,open-meteo,5.26,84.32
Errachidia,Morocco,31.9319,-4.4244,2026-09-17,2026-09-17 10:41:14.733652+00:00,32.7,20.8,0.0,28,21.3,53.6,3,open-meteo,8.02,88.39
Errachidia,Morocco,31.9319,-4.4244,2026-09-18,2026-09-17 10:41:14.733652+00:00,32.6,20.3,0.0,20,21.9,67.3,3,open-meteo,9.47,87.37
Errachidia,Morocco,31.9319,-4.4244,2026-09-19,2026-09-17 10:41:14.733652+00:00,31.5,22.3,0.5,19,18.7,43.6,61,open-meteo,7.36,81.35
Errachidia,Morocco,31.9319,-4.4244,2026-09-20,2026-09-17 10:41:14.733652+00:00,30.6,20.0,0.0,10,11.0,24.8,3,open-meteo,3.85,91.3
Errachidia,Morocco,31.9319,-4.4244,2026-09-21,2026-09-17 10:41:14.733652+00:00,29.8,21.4,3.3,38,12.9,29.2,80,open-meteo,8.93,77.25
Errachidia,Morocco,31.9319,-4.4244,2026-09-22,2026-09-17 10:41:14.733652+00:00,30.4,19.0,0.0,18,12.3,23.8,3,open-meteo,3.92,91.26
Errachidia,Morocco,31.9319,-4.4244,2026-09-23,2026-09-17 10:41:14.733652+00:00,31.7,20.2,0.0,18,12.1,20.2,2,open-meteo,3.53,94.53
Al Fqih Ben Çalah,Morocco,32.507,-6.6886,2026-09-17,2026-09-17 10:41:14.818350+00:00,33.1,15.9,0.0,0,15.0,31.0,2,open-meteo,4.98,93.51
Al Fqih Ben Çalah,Morocco,32.507,-6.6886,2026-09-18,2026-09-17 10:41:14.818350+00:00,33.9,17.0,0.0,0,10.6,22.0,3,open-meteo,3.53,91.53
Al Fqih Ben Çalah,Morocco,32.507,-6.6886,2026-09-19,2026-09-17 10:41:14.818350+00:00,37.8,19.6,0.0,3,11.3,22.3,3,open-meteo,14.84,83.61
Al Fqih Ben Çalah,Morocco,32.507,-6.6886,2026-09-20,2026-09-17 10:41:14.818350+00:00,38.8,23.8,0.0,3,17.7,35.6,3,open-meteo,20.97,79.32
Al Fqih Ben Çalah,Morocco,32.507,-6.6886,2026-09-21,2026-09-17 10:41:14.818350+00:00,38.2,22.1,0.0,5,12.8,31.0,2,open-meteo,17.5,84.75
Al Fqih Ben Çalah,Morocco,32.507,-6.6886,2026-09-22,2026-09-17 10:41:14.818350+00:00,37.8,20.8,0.0,3,12.7,24.5,2,open-meteo,15.24,86.33
Al Fqih Ben Çalah,Morocco,32.507,-6.6886,2026-09-23,2026-09-17 10:41:14.818350+00:00,38.1,19.2,0.0,0,14.2,24.5,1,open-meteo,16.63,88.36
Ad Darwa,Morocco,33.4167,-7.5333,2026-09-17,2026-09-17 10:41:14.898802+00:00,26.9,18.3,0.0,0,15.5,30.6,3,open-meteo,5.0,90.5
Ad Darwa,Morocco,33.4167,-7.5333,2026-09-18,2026-09-17 10:41:14.898802+00:00,27.4,17.0,0.0,0,15.4,30.2,3,open-meteo,4.95,90.53
Ad Darwa,Morocco,33.4167,-7.5333,2026-09-19,2026-09-17 10:41:14.898802+00:00,29.9,17.8,0.0,0,15.2,30.2,45,open-meteo,4.92,84.56
Ad Darwa,Morocco,33.4167,-7.5333,2026-09-20,2026-09-17 10:41:14.898802+00:00,32.8,20.5,0.0,0,14.4,28.8,45,open-meteo,4.68,84.72
Ad Darwa,Morocco,33.4167,-7.5333,2026-09-21,2026-09-17 10:41:14.898802+00:00,32.6,19.7,0.0,0,15.9,31.7,45,open-meteo,5.16,84.39
Ad Darwa,Morocco,33.4167,-7.5333,2026-09-22,2026-09-17 10:41:14.898802+00:00,33.5,19.5,0.0,0,16.9,33.1,45,open-meteo,5.42,84.21
Ad Darwa,Morocco,33.4167,-7.5333,2026-09-23,2026-09-17 10:41:14.898802+00:00,32.2,19.1,0.0,0,18.7,36.4,45,open-meteo,5.98,83.81
Martil,Morocco,35.61,-5.27,2026-09-17,2026-09-17 10:41:14.985009+00:00,25.5,16.9,0.0,0,11.4,28.4,3,open-meteo,4.26,91.02
Martil,Morocco,35.61,-5.27,2026-09-18,2026-09-17 10:41:14.985009+00:00,24.7,19.9,0.3,3,17.4,39.2,45,open-meteo,6.5,83.45
Martil,Morocco,35.61,-5.27,2026-09-19,2026-09-17 10:41:14.985009+00:00,24.9,22.1,3.0,31,28.4,65.5,80,open-meteo,14.1,73.63
Martil,Morocco,35.61,-5.27,2026-09-20,2026-09-17 10:41:14.985009+00:00,24.8,23.1,5.2,50,23.0,50.4,80,open-meteo,14.85,73.1
Martil,Morocco,35.61,-5.27,2026-09-21,2026-09-17 10:41:14.985009+00:00,24.8,22.4,1.8,16,19.9,44.6,80,open-meteo,9.35,76.95
Martil,Morocco,35.61,-5.27,2026-09-22,2026-09-17 10:41:14.985009+00:00,25.6,22.2,0.0,0,22.7,40.0,2,open-meteo,6.84,92.21
Martil,Morocco,35.61,-5.27,2026-09-23,2026-09-17 10:41:14.985009+00:00,25.4,21.9,0.0,0,16.6,29.2,2,open-meteo,5.0,93.5
Sidi Slimane,Morocco,34.26,-5.93,2026-09-17,2026-09-17 10:41:15.068562+00:00,28.7,18.8,0.0,0,14.3,31.3,3,open-meteo,4.92,90.56
Sidi Slimane,Morocco,34.26,-5.93,2026-09-18,2026-09-17 10:41:15.068562+00:00,31.6,16.9,0.0,0,17.2,36.0,45,open-meteo,5.75,83.97
Sidi Slimane,Morocco,34.26,-5.93,2026-09-19,2026-09-17 10:41:15.068562+00:00,37.1,18.4,0.0,0,14.2,31.7,1,open-meteo,13.35,90.66
Sidi Slimane,Morocco,34.26,-5.93,2026-09-20,2026-09-17 10:41:15.068562+00:00,38.9,23.7,0.0,0,15.0,34.6,2,open-meteo,20.93,82.35
Sidi Slimane,Morocco,34.26,-5.93,2026-09-21,2026-09-17 10:41:15.068562+00:00,38.1,22.0,0.0,3,15.6,37.1,1,open-meteo,18.06,87.36
Sidi Slimane,Morocco,34.26,-5.93,2026-09-22,2026-09-17 10:41:15.068562+00:00,35.6,20.4,0.0,0,14.4,31.0,45,open-meteo,7.3,82.89
Sidi Slimane,Morocco,34.26,-5.93,2026-09-23,2026-09-17 10:41:15.068562+00:00,37.2,18.8,0.0,0,14.2,33.1,45,open-meteo,13.89,78.28
Oued Zem,Morocco,32.8619,-6.5711,2026-09-17,2026-09-17 10:41:15.153271+00:00,30.5,15.4,0.0,0,16.2,33.1,2,open-meteo,5.34,93.26
Oued Zem,Morocco,32.8619,-6.5711,2026-09-18,2026-09-17 10:41:15.153271+00:00,31.4,16.0,0.0,0,17.5,37.1,3,open-meteo,5.9,89.87
Oued Zem,Morocco,32.8619,-6.5711,2026-09-19,2026-09-17 10:41:15.153271+00:00,34.7,19.0,0.0,3,18.6,36.0,3,open-meteo,5.92,89.86
Oued Zem,Morocco,32.8619,-6.5711,2026-09-20,2026-09-17 10:41:15.153271+00:00,36.2,23.5,0.0,3,18.4,38.5,3,open-meteo,10.95,86.33
Oued Zem,Morocco,32.8619,-6.5711,2026-09-21,2026-09-17 10:41:15.153271+00:00,34.5,21.3,0.6,3,17.0,31.3,80,open-meteo,6.06,79.26
Oued Zem,Morocco,32.8619,-6.5711,2026-09-22,2026-09-17 10:41:15.153271+00:00,34.1,19.1,0.0,0,20.1,36.0,2,open-meteo,6.11,92.72
Oued Zem,Morocco,32.8619,-6.5711,2026-09-23,2026-09-17 10:41:15.153271+00:00,34.5,19.1,0.0,0,17.6,36.4,1,open-meteo,5.84,95.91
Sa’ada,Morocco,31.6258,-8.1028,2026-09-17,2026-09-17 10:41:15.237126+00:00,30.3,17.6,0.0,0,13.9,27.0,1,open-meteo,4.44,96.89
Sa’ada,Morocco,31.6258,-8.1028,2026-09-18,2026-09-17 10:41:15.237126+00:00,32.1,17.1,0.0,0,10.5,20.5,2,open-meteo,3.36,94.65
Sa’ada,Morocco,31.6258,-8.1028,2026-09-19,2026-09-17 10:41:15.237126+00:00,35.6,19.2,0.0,5,12.0,22.7,3,open-meteo,6.17,89.68
Sa’ada,Morocco,31.6258,-8.1028,2026-09-20,2026-09-17 10:41:15.237126+00:00,38.0,22.1,0.6,28,15.0,28.8,80,open-meteo,17.55,71.22
Sa’ada,Morocco,31.6258,-8.1028,2026-09-21,2026-09-17 10:41:15.237126+00:00,37.5,22.2,0.0,13,21.9,42.8,3,open-meteo,17.02,82.09
Sa’ada,Morocco,31.6258,-8.1028,2026-09-22,2026-09-17 10:41:15.237126+00:00,36.9,21.6,0.0,3,12.5,28.8,1,open-meteo,12.04,91.57
Sa’ada,Morocco,31.6258,-8.1028,2026-09-23,2026-09-17 10:41:15.237126+00:00,36.8,20.0,0.0,3,12.0,27.4,1,open-meteo,11.44,91.99
Douar Ain Chkef,Morocco,33.9636,-5.0281,2026-09-17,2026-09-17 10:41:15.323319+00:00,28.6,17.5,0.0,0,14.2,27.7,45,open-meteo,4.54,84.82
Douar Ain Chkef,Morocco,33.9636,-5.0281,2026-09-18,2026-09-17 10:41:15.323319+00:00,30.7,17.5,0.0,0,13.3,27.0,3,open-meteo,4.36,90.95
Douar Ain Chkef,Morocco,33.9636,-5.0281,2026-09-19,2026-09-17 10:41:15.323319+00:00,33.2,19.7,0.0,0,19.3,38.2,2,open-meteo,6.23,92.64
Douar Ain Chkef,Morocco,33.9636,-5.0281,2026-09-20,2026-09-17 10:41:15.323319+00:00,35.7,21.3,0.0,0,16.3,31.7,2,open-meteo,8.01,91.39
Douar Ain Chkef,Morocco,33.9636,-5.0281,2026-09-21,2026-09-17 10:41:15.323319+00:00,35.4,22.0,0.0,3,16.7,28.8,3,open-meteo,6.57,89.4
Douar Ain Chkef,Morocco,33.9636,-5.0281,2026-09-22,2026-09-17 10:41:15.323319+00:00,34.7,20.9,0.0,0,11.3,28.8,1,open-meteo,4.29,97.0
Douar Ain Chkef,Morocco,33.9636,-5.0281,2026-09-23,2026-09-17 10:41:15.323319+00:00,35.3,21.3,0.0,0,12.3,30.2,1,open-meteo,5.76,95.97
Gueznaia,Morocco,35.7066,-5.9088,2026-09-17,2026-09-17 10:41:15.411681+00:00,24.1,18.1,0.0,0,14.8,26.3,3,open-meteo,4.48,90.86
Gueznaia,Morocco,35.7066,-5.9088,2026-09-18,2026-09-17 10:41:15.411681+00:00,28.7,16.1,0.0,0,25.0,43.2,45,open-meteo,7.45,82.78
Gueznaia,Morocco,35.7066,-5.9088,2026-09-19,2026-09-17 10:41:15.411681+00:00,28.2,22.7,0.0,0,39.0,70.9,2,open-meteo,11.96,88.63
Gueznaia,Morocco,35.7066,-5.9088,2026-09-20,2026-09-17 10:41:15.411681+00:00,28.7,24.2,0.0,0,39.6,73.1,1,open-meteo,12.26,91.42
Gueznaia,Morocco,35.7066,-5.9088,2026-09-21,2026-09-17 10:41:15.411681+00:00,28.8,23.6,0.0,0,36.7,65.5,2,open-meteo,11.14,89.2
Gueznaia,Morocco,35.7066,-5.9088,2026-09-22,2026-09-17 10:41:15.411681+00:00,29.6,22.8,0.0,0,29.6,55.4,1,open-meteo,9.24,93.53
Gueznaia,Morocco,35.7066,-5.9088,2026-09-23,2026-09-17 10:41:15.411681+00:00,30.8,23.0,0.0,0,26.0,50.0,1,open-meteo,8.25,94.22
Sefrou,Morocco,33.83,-4.83,2026-09-17,2026-09-17 10:41:15.499627+00:00,26.0,16.8,0.0,0,14.8,33.1,3,open-meteo,5.16,90.39
Sefrou,Morocco,33.83,-4.83,2026-09-18,2026-09-17 10:41:15.499627+00:00,27.8,16.6,0.0,0,15.1,34.2,3,open-meteo,5.31,90.28
Sefrou,Morocco,33.83,-4.83,2026-09-19,2026-09-17 10:41:15.499627+00:00,30.6,19.6,0.0,8,17.4,43.6,2,open-meteo,6.53,92.43
Sefrou,Morocco,33.83,-4.83,2026-09-20,2026-09-17 10:41:15.499627+00:00,32.6,23.3,0.0,0,18.1,45.7,2,open-meteo,6.83,92.22
Sefrou,Morocco,33.83,-4.83,2026-09-21,2026-09-17 10:41:15.499627+00:00,32.0,22.2,0.0,5,17.8,38.9,1,open-meteo,6.12,95.72
Sefrou,Morocco,33.83,-4.83,2026-09-22,2026-09-17 10:41:15.499627+00:00,32.4,18.4,0.0,3,16.5,32.0,1,open-meteo,5.26,96.32
Sefrou,Morocco,33.83,-4.83,2026-09-23,2026-09-17 10:41:15.499627+00:00,32.7,18.1,0.0,3,17.3,34.6,1,open-meteo,5.62,96.07
Qal’at Mgouna,Morocco,31.2414,-6.1283,2026-09-17,2026-09-17 10:41:15.585112+00:00,28.5,16.4,0.8,28,22.4,46.1,80,open-meteo,8.48,77.56
Qal’at Mgouna,Morocco,31.2414,-6.1283,2026-09-18,2026-09-17 10:41:15.585112+00:00,29.4,15.9,0.0,18,32.2,52.9,3,open-meteo,9.32,87.48
Qal’at Mgouna,Morocco,31.2414,-6.1283,2026-09-19,2026-09-17 10:41:15.585112+00:00,28.0,19.4,0.1,28,30.4,46.8,3,open-meteo,8.61,87.97
Qal’at Mgouna,Morocco,31.2414,-6.1283,2026-09-20,2026-09-17 10:41:15.585112+00:00,29.6,17.8,1.5,18,35.1,58.7,95,open-meteo,12.26,64.42
Qal’at Mgouna,Morocco,31.2414,-6.1283,2026-09-21,2026-09-17 10:41:15.585112+00:00,27.8,17.3,1.8,40,16.8,29.5,80,open-meteo,7.45,78.28
Qal’at Mgouna,Morocco,31.2414,-6.1283,2026-09-22,2026-09-17 10:41:15.585112+00:00,27.6,16.3,0.0,10,15.9,29.9,3,open-meteo,4.98,90.51
Qal’at Mgouna,Morocco,31.2414,-6.1283,2026-09-23,2026-09-17 10:41:15.585112+00:00,29.3,16.5,0.0,10,14.8,23.8,2,open-meteo,4.23,94.04
Taroudannt,Morocco,30.4711,-8.8778,2026-09-17,2026-09-17 10:41:15.670818+00:00,30.4,18.8,0.0,0,23.4,45.7,45,open-meteo,7.5,82.75
Taroudannt,Morocco,30.4711,-8.8778,2026-09-18,2026-09-17 10:41:15.670818+00:00,30.6,18.1,0.0,0,22.0,42.8,2,open-meteo,7.03,92.08
Taroudannt,Morocco,30.4711,-8.8778,2026-09-19,2026-09-17 10:41:15.670818+00:00,31.6,18.9,0.0,0,21.6,43.6,2,open-meteo,7.06,92.06
Taroudannt,Morocco,30.4711,-8.8778,2026-09-20,2026-09-17 10:41:15.670818+00:00,33.4,19.7,0.0,3,22.5,46.8,2,open-meteo,7.49,91.76
Taroudannt,Morocco,30.4711,-8.8778,2026-09-21,2026-09-17 10:41:15.670818+00:00,39.1,21.9,0.0,0,24.8,52.6,2,open-meteo,24.76,79.67
Taroudannt,Morocco,30.4711,-8.8778,2026-09-22,2026-09-17 10:41:15.670818+00:00,39.8,20.6,0.0,0,31.4,58.0,2,open-meteo,28.92,76.76
Taroudannt,Morocco,30.4711,-8.8778,2026-09-23,2026-09-17 10:41:15.670818+00:00,40.6,18.2,0.0,3,24.3,47.2,0,open-meteo,30.16,78.89
Essaouira,Morocco,31.513,-9.7687,2026-09-17,2026-09-17 10:41:15.752759+00:00,23.6,18.9,0.0,0,29.2,54.0,3,open-meteo,9.05,87.66
Essaouira,Morocco,31.513,-9.7687,2026-09-18,2026-09-17 10:41:15.752759+00:00,23.9,19.1,0.0,0,30.0,54.7,1,open-meteo,9.22,93.55
Essaouira,Morocco,31.513,-9.7687,2026-09-19,2026-09-17 10:41:15.752759+00:00,24.9,18.7,0.0,0,28.8,53.3,2,open-meteo,8.93,90.75
Essaouira,Morocco,31.513,-9.7687,2026-09-20,2026-09-17 10:41:15.752759+00:00,24.3,19.5,0.0,0,13.1,25.9,45,open-meteo,4.23,85.04
Essaouira,Morocco,31.513,-9.7687,2026-09-21,2026-09-17 10:41:15.752759+00:00,25.1,19.2,0.0,0,8.4,18.4,45,open-meteo,2.89,85.98
Essaouira,Morocco,31.513,-9.7687,2026-09-22,2026-09-17 10:41:15.752759+00:00,29.3,18.4,0.0,0,10.5,20.5,45,open-meteo,3.36,85.65
Essaouira,Morocco,31.513,-9.7687,2026-09-23,2026-09-17 10:41:15.752759+00:00,29.5,18.0,0.0,0,14.0,29.2,0,open-meteo,4.67,96.73
Azrou,Morocco,33.4344,-5.2213,2026-09-17,2026-09-17 10:41:15.839245+00:00,26.2,15.1,0.0,0,15.1,34.9,3,open-meteo,5.38,90.23
Azrou,Morocco,33.4344,-5.2213,2026-09-18,2026-09-17 10:41:15.839245+00:00,26.6,13.8,0.0,0,15.3,34.6,3,open-meteo,5.37,90.24
Azrou,Morocco,33.4344,-5.2213,2026-09-19,2026-09-17 10:41:15.839245+00:00,28.5,17.9,0.1,15,17.3,40.0,3,open-meteo,6.3,89.59
Azrou,Morocco,33.4344,-5.2213,2026-09-20,2026-09-17 10:41:15.839245+00:00,29.6,20.0,0.3,18,17.4,47.9,3,open-meteo,7.36,88.85
Azrou,Morocco,33.4344,-5.2213,2026-09-21,2026-09-17 10:41:15.839245+00:00,28.8,18.5,0.0,15,18.0,42.1,1,open-meteo,6.46,95.48
Azrou,Morocco,33.4344,-5.2213,2026-09-22,2026-09-17 10:41:15.839245+00:00,27.9,16.9,0.0,3,19.4,45.7,3,open-meteo,7.0,89.1
Azrou,Morocco,33.4344,-5.2213,2026-09-23,2026-09-17 10:41:15.839245+00:00,29.5,18.4,0.0,3,15.9,41.8,1,open-meteo,6.17,95.68
Guercif,Morocco,34.23,-3.36,2026-09-17,2026-09-17 10:41:15.925470+00:00,30.8,19.9,0.0,0,27.0,54.0,3,open-meteo,8.78,87.85
Guercif,Morocco,34.23,-3.36,2026-09-18,2026-09-17 10:41:15.925470+00:00,30.2,18.9,0.0,3,29.4,54.4,3,open-meteo,9.12,87.62
Guercif,Morocco,34.23,-3.36,2026-09-19,2026-09-17 10:41:15.925470+00:00,29.8,20.7,0.0,8,28.8,55.1,3,open-meteo,9.11,87.62
Guercif,Morocco,34.23,-3.36,2026-09-20,2026-09-17 10:41:15.925470+00:00,32.7,20.9,0.0,5,29.2,60.5,3,open-meteo,9.7,87.21
Guercif,Morocco,34.23,-3.36,2026-09-21,2026-09-17 10:41:15.925470+00:00,31.0,21.5,0.0,3,26.8,54.0,3,open-meteo,8.75,87.88
Guercif,Morocco,34.23,-3.36,2026-09-22,2026-09-17 10:41:15.925470+00:00,32.4,19.9,0.0,0,26.2,43.6,2,open-meteo,7.63,91.66
Guercif,Morocco,34.23,-3.36,2026-09-23,2026-09-17 10:41:15.925470+00:00,32.5,18.9,0.0,0,28.2,50.8,45,open-meteo,8.61,81.97
Warzat,Morocco,30.9167,-6.9167,2026-09-17,2026-09-17 10:41:16.008115+00:00,31.4,18.0,0.6,30,16.1,36.4,80,open-meteo,6.45,78.98
Warzat,Morocco,30.9167,-6.9167,2026-09-18,2026-09-17 10:41:16.008115+00:00,32.2,17.9,0.0,5,16.9,32.4,3,open-meteo,5.35,90.25
Warzat,Morocco,30.9167,-6.9167,2026-09-19,2026-09-17 10:41:16.008115+00:00,32.0,20.5,0.0,5,19.7,36.7,3,open-meteo,6.13,89.71
Warzat,Morocco,30.9167,-6.9167,2026-09-20,2026-09-17 10:41:16.008115+00:00,32.3,20.0,0.0,3,31.6,55.8,3,open-meteo,9.53,87.33
Warzat,Morocco,30.9167,-6.9167,2026-09-21,2026-09-17 10:41:16.008115+00:00,31.9,20.5,0.3,10,23.1,40.0,3,open-meteo,7.29,88.9
Warzat,Morocco,30.9167,-6.9167,2026-09-22,2026-09-17 10:41:16.008115+00:00,31.8,19.1,0.0,0,18.1,30.2,2,open-meteo,5.28,93.3
Warzat,Morocco,30.9167,-6.9167,2026-09-23,2026-09-17 10:41:16.008115+00:00,32.7,17.3,0.0,5,4.9,11.9,2,open-meteo,1.8,95.74
Fnidq,Morocco,35.8414,-5.3587,2026-09-17,2026-09-17 10:41:16.089909+00:00,27.0,17.4,0.0,0,11.2,23.4,3,open-meteo,3.74,91.38
Fnidq,Morocco,35.8414,-5.3587,2026-09-18,2026-09-17 10:41:16.089909+00:00,24.5,19.6,0.4,3,16.2,32.8,45,open-meteo,5.84,83.91
Fnidq,Morocco,35.8414,-5.3587,2026-09-19,2026-09-17 10:41:16.089909+00:00,24.5,21.8,1.3,31,24.0,47.5,3,open-meteo,9.48,87.36
Fnidq,Morocco,35.8414,-5.3587,2026-09-20,2026-09-17 10:41:16.089909+00:00,24.4,22.2,5.0,50,25.5,50.0,80,open-meteo,14.85,73.1
Fnidq,Morocco,35.8414,-5.3587,2026-09-21,2026-09-17 10:41:16.089909+00:00,24.5,22.0,1.2,16,19.8,39.6,3,open-meteo,8.04,88.37
Fnidq,Morocco,35.8414,-5.3587,2026-09-22,2026-09-17 10:41:16.089909+00:00,25.5,21.7,0.0,0,22.7,40.0,2,open-meteo,6.84,92.21
Fnidq,Morocco,35.8414,-5.3587,2026-09-23,2026-09-17 10:41:16.089909+00:00,25.3,21.9,0.0,0,16.6,29.2,2,open-meteo,5.0,93.5
Sidi Taibi,Morocco,32.16,-8.58,2026-09-17,2026-09-17 10:41:16.171141+00:00,27.3,16.7,0.0,0,21.7,34.6,2,open-meteo,6.17,92.68
Sidi Taibi,Morocco,32.16,-8.58,2026-09-18,2026-09-17 10:41:16.171141+00:00,29.7,16.4,0.0,0,19.8,31.7,2,open-meteo,5.64,93.05
Sidi Taibi,Morocco,32.16,-8.58,2026-09-19,2026-09-17 10:41:16.171141+00:00,32.0,16.4,0.0,0,20.0,31.0,2,open-meteo,5.6,93.08
Sidi Taibi,Morocco,32.16,-8.58,2026-09-20,2026-09-17 10:41:16.171141+00:00,34.9,20.7,0.0,0,21.3,35.3,2,open-meteo,6.19,92.67
Sidi Taibi,Morocco,32.16,-8.58,2026-09-21,2026-09-17 10:41:16.171141+00:00,35.8,21.4,0.0,0,22.1,35.3,1,open-meteo,9.49,93.36
Sidi Taibi,Morocco,32.16,-8.58,2026-09-22,2026-09-17 10:41:16.171141+00:00,35.8,19.5,0.0,0,17.3,34.6,1,open-meteo,8.82,93.83
Sidi Taibi,Morocco,32.16,-8.58,2026-09-23,2026-09-17 10:41:16.171141+00:00,35.1,17.5,0.0,0,17.6,36.4,45,open-meteo,6.24,83.63
Tan-Tan,Morocco,28.4333,-11.1,2026-09-17,2026-09-17 10:41:16.251812+00:00,25.7,20.2,0.3,0,31.1,55.4,51,open-meteo,9.83,85.62
Tan-Tan,Morocco,28.4333,-11.1,2026-09-18,2026-09-17 10:41:16.251812+00:00,25.7,19.1,0.0,0,25.7,46.8,3,open-meteo,7.89,88.48
Tan-Tan,Morocco,28.4333,-11.1,2026-09-19,2026-09-17 10:41:16.251812+00:00,26.8,18.9,0.0,0,19.4,37.4,2,open-meteo,6.17,92.68
Tan-Tan,Morocco,28.4333,-11.1,2026-09-20,2026-09-17 10:41:16.251812+00:00,30.3,19.6,0.0,0,18.3,34.9,3,open-meteo,5.78,89.95
Tan-Tan,Morocco,28.4333,-11.1,2026-09-21,2026-09-17 10:41:16.251812+00:00,30.0,17.8,0.0,2,20.7,40.7,3,open-meteo,6.66,89.34
Tan-Tan,Morocco,28.4333,-11.1,2026-09-22,2026-09-17 10:41:16.251812+00:00,29.1,18.7,0.0,2,21.0,41.0,1,open-meteo,6.73,95.29
Tan-Tan,Morocco,28.4333,-11.1,2026-09-23,2026-09-17 10:41:16.251812+00:00,29.3,18.5,0.0,2,15.3,39.2,3,open-meteo,5.83,89.92
Sidi Qacem,Morocco,34.21,-5.7,2026-09-17,2026-09-17 10:41:16.335308+00:00,28.8,18.6,0.0,0,14.1,30.6,3,open-meteo,4.82,90.63
Sidi Qacem,Morocco,34.21,-5.7,2026-09-18,2026-09-17 10:41:16.335308+00:00,31.6,17.4,0.0,0,15.0,32.8,45,open-meteo,5.16,84.39
Sidi Qacem,Morocco,34.21,-5.7,2026-09-19,2026-09-17 10:41:16.335308+00:00,36.4,20.3,0.0,0,15.7,34.2,2,open-meteo,10.98,89.31
Sidi Qacem,Morocco,34.21,-5.7,2026-09-20,2026-09-17 10:41:16.335308+00:00,38.4,25.7,0.0,0,15.5,34.2,2,open-meteo,18.96,83.73
Sidi Qacem,Morocco,34.21,-5.7,2026-09-21,2026-09-17 10:41:16.335308+00:00,37.8,23.2,0.0,3,12.7,25.9,1,open-meteo,15.38,89.23
Sidi Qacem,Morocco,34.21,-5.7,2026-09-22,2026-09-17 10:41:16.335308+00:00,36.0,22.2,0.0,0,14.3,31.3,1,open-meteo,8.92,93.76
Sidi Qacem,Morocco,34.21,-5.7,2026-09-23,2026-09-17 10:41:16.335308+00:00,37.5,21.0,0.0,0,13.8,32.4,0,open-meteo,14.96,89.53
Sidi Bibi,Morocco,30.2333,-9.5333,2026-09-17,2026-09-17 10:41:16.417649+00:00,26.1,20.9,0.0,0,22.4,36.4,3,open-meteo,6.44,89.49
Sidi Bibi,Morocco,30.2333,-9.5333,2026-09-18,2026-09-17 10:41:16.417649+00:00,25.1,19.6,0.0,0,20.6,33.8,2,open-meteo,5.96,92.83
Sidi Bibi,Morocco,30.2333,-9.5333,2026-09-19,2026-09-17 10:41:16.417649+00:00,25.2,20.5,0.0,0,19.4,32.0,3,open-meteo,5.62,90.07
Sidi Bibi,Morocco,30.2333,-9.5333,2026-09-20,2026-09-17 10:41:16.417649+00:00,25.6,20.7,0.0,0,18.1,30.6,3,open-meteo,5.32,90.28
Sidi Bibi,Morocco,30.2333,-9.5333,2026-09-21,2026-09-17 10:41:16.417649+00:00,27.2,20.0,0.0,0,16.2,27.7,1,open-meteo,4.79,96.65
Sidi Bibi,Morocco,30.2333,-9.5333,2026-09-22,2026-09-17 10:41:16.417649+00:00,36.1,19.8,0.0,0,17.2,38.2,1,open-meteo,10.37,92.74
Sidi Bibi,Morocco,30.2333,-9.5333,2026-09-23,2026-09-17 10:41:16.417649+00:00,33.0,19.5,0.0,0,17.0,37.4,0,open-meteo,5.87,95.89
M’diq,Morocco,35.68,-5.32,2026-09-17,2026-09-17 10:41:16.496921+00:00,25.3,16.7,0.0,0,11.4,28.4,3,open-meteo,4.26,91.02
M’diq,Morocco,35.68,-5.32,2026-09-18,2026-09-17 10:41:16.496921+00:00,24.6,19.7,0.3,0,17.4,39.2,45,open-meteo,6.5,83.45
M’diq,Morocco,35.68,-5.32,2026-09-19,2026-09-17 10:41:16.496921+00:00,24.7,21.9,3.0,0,28.4,65.5,80,open-meteo,14.1,73.63
M’diq,Morocco,35.68,-5.32,2026-09-20,2026-09-17 10:41:16.496921+00:00,24.7,23.0,5.2,0,23.0,50.4,80,open-meteo,14.85,73.1
M’diq,Morocco,35.68,-5.32,2026-09-21,2026-09-17 10:41:16.496921+00:00,24.7,22.2,1.8,0,19.9,44.6,80,open-meteo,9.35,76.95
M’diq,Morocco,35.68,-5.32,2026-09-22,2026-09-17 10:41:16.496921+00:00,27.0,22.1,0.0,0,26.7,54.7,2,open-meteo,8.81,90.83
M’diq,Morocco,35.68,-5.32,2026-09-23,2026-09-17 10:41:16.496921+00:00,27.3,22.7,0.0,0,19.0,46.8,2,open-meteo,7.05,92.06
Benslimane,Morocco,33.6122,-7.1211,2026-09-17,2026-09-17 10:41:16.578541+00:00,26.0,16.5,0.0,0,16.6,32.8,3,open-meteo,5.36,90.25
Benslimane,Morocco,33.6122,-7.1211,2026-09-18,2026-09-17 10:41:16.578541+00:00,26.8,15.1,0.0,0,17.3,33.5,45,open-meteo,5.51,84.14
Benslimane,Morocco,33.6122,-7.1211,2026-09-19,2026-09-17 10:41:16.578541+00:00,29.2,15.8,0.0,0,17.1,33.5,3,open-meteo,5.49,90.16
Benslimane,Morocco,33.6122,-7.1211,2026-09-20,2026-09-17 10:41:16.578541+00:00,32.1,19.7,0.0,0,16.4,32.0,2,open-meteo,5.25,93.33
Benslimane,Morocco,33.6122,-7.1211,2026-09-21,2026-09-17 10:41:16.578541+00:00,32.1,19.4,0.0,0,18.2,36.7,45,open-meteo,5.95,83.83
Benslimane,Morocco,33.6122,-7.1211,2026-09-22,2026-09-17 10:41:16.578541+00:00,31.3,18.3,0.0,0,16.6,33.1,45,open-meteo,5.39,84.23
Benslimane,Morocco,33.6122,-7.1211,2026-09-23,2026-09-17 10:41:16.578541+00:00,30.4,18.2,0.0,3,18.1,36.0,45,open-meteo,5.86,83.9
Youssoufia,Morocco,32.25,-8.53,2026-09-17,2026-09-17 10:41:16.663995+00:00,27.8,17.2,0.0,0,18.6,38.9,2,open-meteo,6.22,92.65
Youssoufia,Morocco,32.25,-8.53,2026-09-18,2026-09-17 10:41:16.663995+00:00,30.2,16.7,0.0,0,16.9,34.9,1,open-meteo,5.6,96.08
Youssoufia,Morocco,32.25,-8.53,2026-09-19,2026-09-17 10:41:16.663995+00:00,32.5,16.6,0.0,0,16.4,34.6,2,open-meteo,5.51,93.14
Youssoufia,Morocco,32.25,-8.53,2026-09-20,2026-09-17 10:41:16.663995+00:00,35.4,20.7,0.0,3,17.3,38.5,2,open-meteo,7.61,91.67
Youssoufia,Morocco,32.25,-8.53,2026-09-21,2026-09-17 10:41:16.663995+00:00,36.5,21.4,0.0,0,17.9,39.2,1,open-meteo,12.16,91.49
Youssoufia,Morocco,32.25,-8.53,2026-09-22,2026-09-17 10:41:16.663995+00:00,35.9,19.4,0.0,0,17.9,34.6,0,open-meteo,9.3,93.49
Youssoufia,Morocco,32.25,-8.53,2026-09-23,2026-09-17 10:41:16.663995+00:00,35.2,18.9,0.0,0,18.3,36.7,45,open-meteo,6.76,83.27
Midalt,Morocco,32.68,-4.74,2026-09-17,2026-09-17 10:41:16.760638+00:00,29.2,13.7,0.1,18,21.4,43.2,3,open-meteo,7.13,89.01
Midalt,Morocco,32.68,-4.74,2026-09-18,2026-09-17 10:41:16.760638+00:00,27.8,13.6,0.0,8,23.7,42.5,2,open-meteo,7.21,91.95
Midalt,Morocco,32.68,-4.74,2026-09-19,2026-09-17 10:41:16.760638+00:00,28.6,14.1,0.2,31,28.8,50.8,45,open-meteo,8.95,81.73
Midalt,Morocco,32.68,-4.74,2026-09-20,2026-09-17 10:41:16.760638+00:00,29.6,14.9,0.0,13,16.9,37.1,3,open-meteo,5.82,89.93
Midalt,Morocco,32.68,-4.74,2026-09-21,2026-09-17 10:41:16.760638+00:00,28.2,16.0,1.5,15,9.0,28.4,3,open-meteo,5.97,89.82
Midalt,Morocco,32.68,-4.74,2026-09-22,2026-09-17 10:41:16.760638+00:00,28.8,13.2,0.0,3,19.2,31.0,3,open-meteo,5.5,90.15
Midalt,Morocco,32.68,-4.74,2026-09-23,2026-09-17 10:41:16.760638+00:00,29.8,14.9,0.0,3,16.2,24.5,3,open-meteo,4.47,90.87
Aïn Harrouda,Morocco,33.6372,-7.4483,2026-09-17,2026-09-17 10:41:16.848683+00:00,25.6,18.9,0.0,0,13.8,36.0,3,open-meteo,5.33,90.27
Aïn Harrouda,Morocco,33.6372,-7.4483,2026-09-18,2026-09-17 10:41:16.848683+00:00,25.3,17.1,0.0,0,12.1,33.5,3,open-meteo,4.86,90.6
Aïn Harrouda,Morocco,33.6372,-7.4483,2026-09-19,2026-09-17 10:41:16.848683+00:00,27.0,17.8,0.0,0,12.1,32.8,45,open-meteo,4.79,84.65
Aïn Harrouda,Morocco,33.6372,-7.4483,2026-09-20,2026-09-17 10:41:16.848683+00:00,29.3,20.7,0.0,0,11.2,31.0,45,open-meteo,4.5,84.85
Aïn Harrouda,Morocco,33.6372,-7.4483,2026-09-21,2026-09-17 10:41:16.848683+00:00,28.4,20.4,0.0,0,11.9,31.7,45,open-meteo,4.66,84.74
Aïn Harrouda,Morocco,33.6372,-7.4483,2026-09-22,2026-09-17 10:41:16.848683+00:00,28.8,20.7,0.0,0,11.6,28.1,45,open-meteo,4.26,85.02
Aïn Harrouda,Morocco,33.6372,-7.4483,2026-09-23,2026-09-17 10:41:16.848683+00:00,27.6,20.6,0.0,0,12.7,30.6,45,open-meteo,4.65,84.74
Souq Sebt Oulad Nemma,Morocco,32.3,-6.7,2026-09-17,2026-09-17 10:41:16.944533+00:00,32.7,17.6,0.0,0,14.0,25.2,3,open-meteo,4.27,91.01
Souq Sebt Oulad Nemma,Morocco,32.3,-6.7,2026-09-18,2026-09-17 10:41:16.944533+00:00,34.0,18.3,0.0,0,13.3,22.3,3,open-meteo,3.89,91.28
Souq Sebt Oulad Nemma,Morocco,32.3,-6.7,2026-09-19,2026-09-17 10:41:16.944533+00:00,37.8,20.6,0.0,3,7.6,15.5,3,open-meteo,13.7,84.41
Souq Sebt Oulad Nemma,Morocco,32.3,-6.7,2026-09-20,2026-09-17 10:41:16.944533+00:00,39.3,23.3,0.3,3,14.0,25.2,80,open-meteo,21.87,68.19
Souq Sebt Oulad Nemma,Morocco,32.3,-6.7,2026-09-21,2026-09-17 10:41:16.944533+00:00,38.5,23.5,0.3,5,12.2,24.8,80,open-meteo,18.4,70.62
Souq Sebt Oulad Nemma,Morocco,32.3,-6.7,2026-09-22,2026-09-17 10:41:16.944533+00:00,38.0,22.2,0.0,3,13.1,25.6,2,open-meteo,16.2,85.66
Souq Sebt Oulad Nemma,Morocco,32.3,-6.7,2026-09-23,2026-09-17 10:41:16.944533+00:00,38.5,21.7,0.0,0,10.3,19.4,0,open-meteo,17.23,87.94
Mehdya,Morocco,34.2557,-6.6745,2026-09-17,2026-09-17 10:41:17.031795+00:00,25.6,18.6,0.0,0,11.8,27.4,3,open-meteo,4.21,91.05
Mehdya,Morocco,34.2557,-6.6745,2026-09-18,2026-09-17 10:41:17.031795+00:00,26.0,17.1,0.0,0,15.3,33.8,45,open-meteo,5.29,84.3
Mehdya,Morocco,34.2557,-6.6745,2026-09-19,2026-09-17 10:41:17.031795+00:00,30.8,17.5,0.0,0,14.6,33.1,45,open-meteo,5.14,84.4
Mehdya,Morocco,34.2557,-6.6745,2026-09-20,2026-09-17 10:41:17.031795+00:00,30.7,20.7,0.0,0,11.5,26.6,2,open-meteo,4.1,94.13
Mehdya,Morocco,34.2557,-6.6745,2026-09-21,2026-09-17 10:41:17.031795+00:00,29.6,21.0,0.0,0,12.4,28.8,45,open-meteo,4.43,84.9
Mehdya,Morocco,34.2557,-6.6745,2026-09-22,2026-09-17 10:41:17.031795+00:00,27.6,20.6,0.0,0,11.8,27.4,45,open-meteo,4.21,85.05
Mehdya,Morocco,34.2557,-6.6745,2026-09-23,2026-09-17 10:41:17.031795+00:00,28.3,19.6,0.0,0,12.6,29.5,45,open-meteo,4.52,84.84
Ouezzane,Morocco,34.8,-5.6,2026-09-17,2026-09-17 10:41:17.125251+00:00,28.0,16.4,0.0,0,15.8,31.0,3,open-meteo,5.08,90.44
Ouezzane,Morocco,34.8,-5.6,2026-09-18,2026-09-17 10:41:17.125251+00:00,30.6,15.0,0.0,0,17.2,34.2,3,open-meteo,5.57,90.1
Ouezzane,Morocco,34.8,-5.6,2026-09-19,2026-09-17 10:41:17.125251+00:00,35.6,17.8,0.0,0,17.3,35.3,1,open-meteo,8.09,94.34
Ouezzane,Morocco,34.8,-5.6,2026-09-20,2026-09-17 10:41:17.125251+00:00,37.4,21.9,0.0,0,12.6,25.2,1,open-meteo,13.69,90.42
Ouezzane,Morocco,34.8,-5.6,2026-09-21,2026-09-17 10:41:17.125251+00:00,36.0,20.9,0.0,5,10.4,20.9,1,open-meteo,7.39,94.83
Ouezzane,Morocco,34.8,-5.6,2026-09-22,2026-09-17 10:41:17.125251+00:00,35.3,19.8,0.0,0,12.1,30.6,3,open-meteo,5.77,89.96
Ouezzane,Morocco,34.8,-5.6,2026-09-23,2026-09-17 10:41:17.125251+00:00,36.6,17.9,0.0,0,12.5,27.4,0,open-meteo,10.7,92.51
Semara,Morocco,26.7394,-11.6703,2026-09-17,2026-09-17 10:41:17.218253+00:00,30.8,20.3,0.0,0,29.5,51.1,3,open-meteo,8.8,87.84
Semara,Morocco,26.7394,-11.6703,2026-09-18,2026-09-17 10:41:17.218253+00:00,30.1,18.9,0.0,0,25.0,43.9,3,open-meteo,7.51,88.74
Semara,Morocco,26.7394,-11.6703,2026-09-19,2026-09-17 10:41:17.218253+00:00,31.8,18.4,0.0,0,19.7,33.1,3,open-meteo,5.77,89.96
Semara,Morocco,26.7394,-11.6703,2026-09-20,2026-09-17 10:41:17.218253+00:00,35.1,18.5,0.0,0,12.8,28.1,3,open-meteo,4.81,90.63
Semara,Morocco,26.7394,-11.6703,2026-09-21,2026-09-17 10:41:17.218253+00:00,41.0,21.9,0.0,7,19.9,40.0,1,open-meteo,30.49,78.66
Semara,Morocco,26.7394,-11.6703,2026-09-22,2026-09-17 10:41:17.218253+00:00,41.6,23.2,0.0,9,18.1,50.4,0,open-meteo,33.7,76.41
Semara,Morocco,26.7394,-11.6703,2026-09-23,2026-09-17 10:41:17.218253+00:00,40.4,23.0,0.0,8,22.3,40.7,1,open-meteo,28.46,80.08
Ait Ourir,Morocco,31.5644,-7.6628,2026-09-17,2026-09-17 10:41:17.308062+00:00,28.6,16.3,0.0,0,11.1,22.0,2,open-meteo,3.59,94.49
Ait Ourir,Morocco,31.5644,-7.6628,2026-09-18,2026-09-17 10:41:17.308062+00:00,30.4,16.7,0.0,0,11.5,22.3,2,open-meteo,3.67,94.43
Ait Ourir,Morocco,31.5644,-7.6628,2026-09-19,2026-09-17 10:41:17.308062+00:00,34.3,19.6,0.0,3,10.6,20.9,3,open-meteo,3.42,91.61
Ait Ourir,Morocco,31.5644,-7.6628,2026-09-20,2026-09-17 10:41:17.308062+00:00,36.5,22.8,0.6,25,18.4,37.4,80,open-meteo,12.84,74.51
Ait Ourir,Morocco,31.5644,-7.6628,2026-09-21,2026-09-17 10:41:17.308062+00:00,35.8,22.2,0.9,13,14.8,33.8,80,open-meteo,9.63,76.76
Ait Ourir,Morocco,31.5644,-7.6628,2026-09-22,2026-09-17 10:41:17.308062+00:00,35.3,20.8,0.0,8,13.0,25.6,1,open-meteo,5.38,96.23
Ait Ourir,Morocco,31.5644,-7.6628,2026-09-23,2026-09-17 10:41:17.308062+00:00,35.3,18.7,0.0,3,11.5,22.7,1,open-meteo,4.91,96.56
Oulad Tayeb,Morocco,33.9598,-4.9954,2026-09-17,2026-09-17 10:41:17.389771+00:00,28.6,17.5,0.0,0,14.2,27.7,45,open-meteo,4.54,84.82
Oulad Tayeb,Morocco,33.9598,-4.9954,2026-09-18,2026-09-17 10:41:17.389771+00:00,30.7,17.4,0.0,0,13.3,27.0,3,open-meteo,4.36,90.95
Oulad Tayeb,Morocco,33.9598,-4.9954,2026-09-19,2026-09-17 10:41:17.389771+00:00,33.1,19.6,0.0,0,19.3,38.2,2,open-meteo,6.23,92.64
Oulad Tayeb,Morocco,33.9598,-4.9954,2026-09-20,2026-09-17 10:41:17.389771+00:00,35.7,21.2,0.0,0,16.3,31.7,2,open-meteo,8.01,91.39
Oulad Tayeb,Morocco,33.9598,-4.9954,2026-09-21,2026-09-17 10:41:17.389771+00:00,35.4,21.9,0.0,3,16.7,28.8,3,open-meteo,6.57,89.4
Oulad Tayeb,Morocco,33.9598,-4.9954,2026-09-22,2026-09-17 10:41:17.389771+00:00,34.6,20.8,0.0,0,11.3,28.8,1,open-meteo,4.29,97.0
Oulad Tayeb,Morocco,33.9598,-4.9954,2026-09-23,2026-09-17 10:41:17.389771+00:00,35.3,21.3,0.0,0,12.3,30.2,1,open-meteo,5.76,95.97
Tit Mellil,Morocco,33.5533,-7.4822,2026-09-17,2026-09-17 10:41:17.470628+00:00,25.6,18.6,0.0,0,13.3,36.0,3,open-meteo,5.26,90.32
Tit Mellil,Morocco,33.5533,-7.4822,2026-09-18,2026-09-17 10:41:17.470628+00:00,25.4,16.9,0.0,0,12.6,33.8,3,open-meteo,4.96,90.53
Tit Mellil,Morocco,33.5533,-7.4822,2026-09-19,2026-09-17 10:41:17.470628+00:00,27.3,18.1,0.0,0,12.7,34.2,45,open-meteo,5.01,84.49
Tit Mellil,Morocco,33.5533,-7.4822,2026-09-20,2026-09-17 10:41:17.470628+00:00,29.9,20.4,0.0,0,11.7,31.3,45,open-meteo,4.59,84.79
Tit Mellil,Morocco,33.5533,-7.4822,2026-09-21,2026-09-17 10:41:17.470628+00:00,29.1,20.1,0.0,0,12.4,33.5,45,open-meteo,4.9,84.57
Tit Mellil,Morocco,33.5533,-7.4822,2026-09-22,2026-09-17 10:41:17.470628+00:00,29.0,20.2,0.0,0,11.4,29.9,45,open-meteo,4.42,84.91
Tit Mellil,Morocco,33.5533,-7.4822,2026-09-23,2026-09-17 10:41:17.470628+00:00,28.1,20.2,0.0,3,12.3,32.4,45,open-meteo,4.78,84.65
Sidi Bennour,Morocco,32.655,-8.4292,2026-09-17,2026-09-17 10:41:17.558796+00:00,27.8,17.6,0.0,0,19.5,33.8,3,open-meteo,5.82,89.93
Sidi Bennour,Morocco,32.655,-8.4292,2026-09-18,2026-09-17 10:41:17.558796+00:00,29.8,16.5,0.0,0,20.3,34.9,2,open-meteo,6.03,92.78
Sidi Bennour,Morocco,32.655,-8.4292,2026-09-19,2026-09-17 10:41:17.558796+00:00,32.3,16.6,0.0,0,19.1,33.1,3,open-meteo,5.7,90.01
Sidi Bennour,Morocco,32.655,-8.4292,2026-09-20,2026-09-17 10:41:17.558796+00:00,34.4,19.3,0.0,0,18.4,33.1,2,open-meteo,5.61,93.07
Sidi Bennour,Morocco,32.655,-8.4292,2026-09-21,2026-09-17 10:41:17.558796+00:00,35.6,18.7,0.0,0,18.8,33.8,45,open-meteo,8.13,82.31
Sidi Bennour,Morocco,32.655,-8.4292,2026-09-22,2026-09-17 10:41:17.558796+00:00,34.7,19.2,0.0,0,16.6,33.8,45,open-meteo,5.46,84.18
Sidi Bennour,Morocco,32.655,-8.4292,2026-09-23,2026-09-17 10:41:17.558796+00:00,34.2,19.1,0.0,0,18.7,37.1,45,open-meteo,6.05,83.77
Bouznika,Morocco,33.7894,-7.1597,2026-09-17,2026-09-17 10:41:17.647214+00:00,24.1,19.0,0.0,0,14.3,25.2,3,open-meteo,4.31,90.98
Bouznika,Morocco,33.7894,-7.1597,2026-09-18,2026-09-17 10:41:17.647214+00:00,23.3,17.3,0.0,0,14.0,24.5,3,open-meteo,4.2,91.06
Bouznika,Morocco,33.7894,-7.1597,2026-09-19,2026-09-17 10:41:17.647214+00:00,24.9,18.2,0.0,0,13.0,23.4,45,open-meteo,3.97,85.22
Bouznika,Morocco,33.7894,-7.1597,2026-09-20,2026-09-17 10:41:17.647214+00:00,25.9,20.4,0.0,0,10.9,19.4,45,open-meteo,3.3,85.69
Bouznika,Morocco,33.7894,-7.1597,2026-09-21,2026-09-17 10:41:17.647214+00:00,25.3,20.6,0.0,0,11.7,21.2,45,open-meteo,3.58,85.49
Bouznika,Morocco,33.7894,-7.1597,2026-09-22,2026-09-17 10:41:17.647214+00:00,26.5,20.4,0.0,0,12.5,22.7,45,open-meteo,3.83,85.32
Bouznika,Morocco,33.7894,-7.1597,2026-09-23,2026-09-17 10:41:17.647214+00:00,26.0,19.8,0.0,0,13.8,25.2,45,open-meteo,4.25,85.02
Sidi Mohamed Lahmar,Morocco,34.7167,-6.2667,2026-09-17,2026-09-17 10:41:17.741302+00:00,26.1,17.7,0.0,0,13.7,25.6,3,open-meteo,4.27,91.01
Sidi Mohamed Lahmar,Morocco,34.7167,-6.2667,2026-09-18,2026-09-17 10:41:17.741302+00:00,27.3,15.2,0.0,0,20.7,38.9,45,open-meteo,6.48,83.46
Sidi Mohamed Lahmar,Morocco,34.7167,-6.2667,2026-09-19,2026-09-17 10:41:17.741302+00:00,33.7,17.9,0.0,0,17.7,33.8,45,open-meteo,5.59,84.09
Sidi Mohamed Lahmar,Morocco,34.7167,-6.2667,2026-09-20,2026-09-17 10:41:17.741302+00:00,35.5,22.2,0.0,0,19.1,34.9,1,open-meteo,7.88,94.48
Sidi Mohamed Lahmar,Morocco,34.7167,-6.2667,2026-09-21,2026-09-17 10:41:17.741302+00:00,34.3,20.1,0.0,0,19.5,36.0,45,open-meteo,6.04,83.77
Sidi Mohamed Lahmar,Morocco,34.7167,-6.2667,2026-09-22,2026-09-17 10:41:17.741302+00:00,26.6,20.4,0.0,0,16.4,27.7,45,open-meteo,4.82,84.63
Sidi Mohamed Lahmar,Morocco,34.7167,-6.2667,2026-09-23,2026-09-17 10:41:17.741302+00:00,26.9,18.9,0.0,0,15.9,26.6,45,open-meteo,4.65,84.74
Temsia,Morocco,30.3633,-9.4144,2026-09-17,2026-09-17 10:41:17.832624+00:00,28.0,20.7,0.0,0,20.5,43.6,3,open-meteo,6.92,89.16
Temsia,Morocco,30.3633,-9.4144,2026-09-18,2026-09-17 10:41:17.832624+00:00,27.2,19.5,0.0,0,19.2,41.4,2,open-meteo,6.54,92.42
Temsia,Morocco,30.3633,-9.4144,2026-09-19,2026-09-17 10:41:17.832624+00:00,27.5,19.9,0.0,0,22.1,46.8,2,open-meteo,7.44,91.79
Temsia,Morocco,30.3633,-9.4144,2026-09-20,2026-09-17 10:41:17.832624+00:00,28.0,20.1,0.0,0,19.6,43.2,2,open-meteo,6.77,92.26
Temsia,Morocco,30.3633,-9.4144,2026-09-21,2026-09-17 10:41:17.832624+00:00,31.9,20.2,0.0,0,14.6,33.1,45,open-meteo,5.14,84.4
Temsia,Morocco,30.3633,-9.4144,2026-09-22,2026-09-17 10:41:17.832624+00:00,38.8,20.2,0.0,0,28.3,47.2,45,open-meteo,23.46,71.58
Temsia,Morocco,30.3633,-9.4144,2026-09-23,2026-09-17 10:41:17.832624+00:00,37.8,20.1,0.0,0,25.8,44.6,0,open-meteo,18.88,86.78
Biougra,Morocco,30.2144,-9.3708,2026-09-17,2026-09-17 10:41:17.931651+00:00,27.4,20.7,0.0,0,29.7,49.3,3,open-meteo,8.64,87.95
Biougra,Morocco,30.2144,-9.3708,2026-09-18,2026-09-17 10:41:17.931651+00:00,27.4,19.5,0.0,0,25.6,41.8,1,open-meteo,7.38,94.83
Biougra,Morocco,30.2144,-9.3708,2026-09-19,2026-09-17 10:41:17.931651+00:00,27.7,19.9,0.0,0,21.7,36.0,45,open-meteo,6.31,83.58
Biougra,Morocco,30.2144,-9.3708,2026-09-20,2026-09-17 10:41:17.931651+00:00,28.4,20.3,0.0,0,19.8,34.6,2,open-meteo,5.94,92.84
Biougra,Morocco,30.2144,-9.3708,2026-09-21,2026-09-17 10:41:17.931651+00:00,32.1,20.8,0.0,0,17.8,29.9,3,open-meteo,5.21,90.35
Biougra,Morocco,30.2144,-9.3708,2026-09-22,2026-09-17 10:41:17.931651+00:00,37.8,20.0,0.0,0,23.7,39.6,3,open-meteo,18.12,81.32
Biougra,Morocco,30.2144,-9.3708,2026-09-23,2026-09-17 10:41:17.931651+00:00,35.3,18.7,0.0,3,22.0,38.5,0,open-meteo,7.8,94.54
Ourika Wawrmas,Morocco,31.378,-7.8048,2026-09-17,2026-09-17 10:41:18.018879+00:00,27.5,15.4,0.0,0,12.9,27.0,3,open-meteo,4.31,90.98
Ourika Wawrmas,Morocco,31.378,-7.8048,2026-09-18,2026-09-17 10:41:18.018879+00:00,28.7,15.5,0.0,0,12.7,24.1,2,open-meteo,4.0,94.2
Ourika Wawrmas,Morocco,31.378,-7.8048,2026-09-19,2026-09-17 10:41:18.018879+00:00,32.4,18.9,0.1,8,14.8,28.1,2,open-meteo,4.79,93.65
Ourika Wawrmas,Morocco,31.378,-7.8048,2026-09-20,2026-09-17 10:41:18.018879+00:00,34.2,22.6,0.0,25,14.5,33.1,3,open-meteo,5.12,90.42
Ourika Wawrmas,Morocco,31.378,-7.8048,2026-09-21,2026-09-17 10:41:18.018879+00:00,33.9,23.0,0.9,10,16.6,31.3,2,open-meteo,6.41,92.51
Ourika Wawrmas,Morocco,31.378,-7.8048,2026-09-22,2026-09-17 10:41:18.018879+00:00,33.2,21.0,0.0,8,14.8,29.2,0,open-meteo,4.77,96.66
Ourika Wawrmas,Morocco,31.378,-7.8048,2026-09-23,2026-09-17 10:41:18.018879+00:00,33.0,17.9,0.0,3,13.0,27.0,1,open-meteo,4.33,96.97
Beni Enzar,Morocco,35.2569,-2.9342,2026-09-17,2026-09-17 10:41:18.109275+00:00,26.8,22.1,0.1,3,12.4,32.8,45,open-meteo,4.96,84.53
Beni Enzar,Morocco,35.2569,-2.9342,2026-09-18,2026-09-17 10:41:18.109275+00:00,25.5,22.8,0.6,5,12.4,37.1,45,open-meteo,6.06,83.76
Beni Enzar,Morocco,35.2569,-2.9342,2026-09-19,2026-09-17 10:41:18.109275+00:00,26.2,23.7,1.0,35,22.7,68.4,80,open-meteo,11.01,75.79
Beni Enzar,Morocco,35.2569,-2.9342,2026-09-20,2026-09-17 10:41:18.109275+00:00,26.3,24.7,4.6,75,21.1,68.8,80,open-meteo,15.65,72.54
Beni Enzar,Morocco,35.2569,-2.9342,2026-09-21,2026-09-17 10:41:18.109275+00:00,26.2,24.2,1.5,38,16.2,51.8,80,open-meteo,9.21,77.05
Beni Enzar,Morocco,35.2569,-2.9342,2026-09-22,2026-09-17 10:41:18.109275+00:00,27.0,23.1,0.0,7,12.3,32.0,45,open-meteo,4.74,84.68
Beni Enzar,Morocco,35.2569,-2.9342,2026-09-23,2026-09-17 10:41:18.109275+00:00,27.7,22.5,0.0,0,11.0,32.8,45,open-meteo,4.65,84.74
Al Hoceïma,Morocco,35.2472,-3.9322,2026-09-17,2026-09-17 10:41:18.197113+00:00,25.8,19.5,0.0,25,15.5,27.7,3,open-meteo,4.71,90.7
Al Hoceïma,Morocco,35.2472,-3.9322,2026-09-18,2026-09-17 10:41:18.197113+00:00,26.6,18.7,0.0,0,19.2,36.7,3,open-meteo,6.07,89.75
Al Hoceïma,Morocco,35.2472,-3.9322,2026-09-19,2026-09-17 10:41:18.197113+00:00,28.8,19.9,0.0,0,28.7,52.9,3,open-meteo,8.88,87.78
Al Hoceïma,Morocco,35.2472,-3.9322,2026-09-20,2026-09-17 10:41:18.197113+00:00,28.3,23.3,0.0,5,26.5,47.2,2,open-meteo,8.03,91.38
Al Hoceïma,Morocco,35.2472,-3.9322,2026-09-21,2026-09-17 10:41:18.197113+00:00,27.9,22.4,0.0,0,24.3,44.3,2,open-meteo,7.47,91.77
Al Hoceïma,Morocco,35.2472,-3.9322,2026-09-22,2026-09-17 10:41:18.197113+00:00,27.2,20.1,0.0,0,13.0,24.5,2,open-meteo,4.08,94.14
Al Hoceïma,Morocco,35.2472,-3.9322,2026-09-23,2026-09-17 10:41:18.197113+00:00,27.2,21.7,0.0,0,10.8,19.8,45,open-meteo,3.33,85.67
Douar Laouamra,Morocco,31.8,-8.7167,2026-09-17,2026-09-17 10:41:18.292387+00:00,30.6,19.0,0.0,0,20.0,31.0,2,open-meteo,5.6,93.08
Douar Laouamra,Morocco,31.8,-8.7167,2026-09-18,2026-09-17 10:41:18.292387+00:00,32.6,18.9,0.0,0,23.6,36.4,2,open-meteo,6.59,92.39
Douar Laouamra,Morocco,31.8,-8.7167,2026-09-19,2026-09-17 10:41:18.292387+00:00,35.1,19.9,0.0,0,17.1,27.0,2,open-meteo,5.24,93.33
Douar Laouamra,Morocco,31.8,-8.7167,2026-09-20,2026-09-17 10:41:18.292387+00:00,38.2,23.5,0.0,0,16.7,26.3,2,open-meteo,17.52,84.74
Douar Laouamra,Morocco,31.8,-8.7167,2026-09-21,2026-09-17 10:41:18.292387+00:00,38.7,23.3,0.0,0,20.1,32.0,1,open-meteo,20.51,85.64
Douar Laouamra,Morocco,31.8,-8.7167,2026-09-22,2026-09-17 10:41:18.292387+00:00,37.8,20.0,0.0,3,22.0,37.1,0,open-meteo,17.66,87.64
Douar Laouamra,Morocco,31.8,-8.7167,2026-09-23,2026-09-17 10:41:18.292387+00:00,37.3,19.5,0.0,3,21.3,33.5,0,open-meteo,15.21,89.35
Qasbat Tadla,Morocco,32.6,-6.26,2026-09-17,2026-09-17 10:41:18.388221+00:00,32.6,17.3,0.0,0,11.5,22.7,3,open-meteo,3.71,91.4
Qasbat Tadla,Morocco,32.6,-6.26,2026-09-18,2026-09-17 10:41:18.388221+00:00,33.8,17.6,0.0,0,12.5,24.5,3,open-meteo,4.01,91.19
Qasbat Tadla,Morocco,32.6,-6.26,2026-09-19,2026-09-17 10:41:18.388221+00:00,37.5,20.2,0.0,3,13.6,25.9,3,open-meteo,14.29,84.0
Qasbat Tadla,Morocco,32.6,-6.26,2026-09-20,2026-09-17 10:41:18.388221+00:00,39.0,24.6,0.0,3,18.0,39.6,3,open-meteo,22.21,78.45
Qasbat Tadla,Morocco,32.6,-6.26,2026-09-21,2026-09-17 10:41:18.388221+00:00,37.3,21.6,0.6,8,10.9,22.0,2,open-meteo,13.56,87.51
Qasbat Tadla,Morocco,32.6,-6.26,2026-09-22,2026-09-17 10:41:18.388221+00:00,36.5,20.0,0.0,2,9.9,25.2,2,open-meteo,9.76,90.17
Qasbat Tadla,Morocco,32.6,-6.26,2026-09-23,2026-09-17 10:41:18.388221+00:00,37.7,18.6,0.0,3,8.1,18.4,2,open-meteo,13.65,87.44
Aziylal,Morocco,31.96,-6.56,2026-09-17,2026-09-17 10:41:18.469462+00:00,27.3,14.5,0.0,3,16.0,34.9,3,open-meteo,5.49,90.16
Aziylal,Morocco,31.96,-6.56,2026-09-18,2026-09-17 10:41:18.469462+00:00,26.9,15.8,0.0,3,16.3,36.4,3,open-meteo,5.68,90.02
Aziylal,Morocco,31.96,-6.56,2026-09-19,2026-09-17 10:41:18.469462+00:00,29.5,19.2,0.0,15,18.9,40.0,3,open-meteo,6.36,89.55
Aziylal,Morocco,31.96,-6.56,2026-09-20,2026-09-17 10:41:18.469462+00:00,30.4,20.9,0.6,33,18.4,38.9,80,open-meteo,6.99,78.61
Aziylal,Morocco,31.96,-6.56,2026-09-21,2026-09-17 10:41:18.469462+00:00,29.3,19.6,0.0,25,18.4,41.4,3,open-meteo,6.44,89.49
Aziylal,Morocco,31.96,-6.56,2026-09-22,2026-09-17 10:41:18.469462+00:00,29.0,18.4,0.0,5,18.5,38.2,2,open-meteo,6.13,92.71
Aziylal,Morocco,31.96,-6.56,2026-09-23,2026-09-17 10:41:18.469462+00:00,30.0,17.8,0.0,3,17.5,37.1,0,open-meteo,5.9,95.87
Boujad,Morocco,32.7741,-6.3925,2026-09-17,2026-09-17 10:41:18.556984+00:00,31.7,17.3,0.0,0,16.6,31.3,1,open-meteo,5.21,96.35
Boujad,Morocco,32.7741,-6.3925,2026-09-18,2026-09-17 10:41:18.556984+00:00,32.5,17.4,0.0,0,19.1,36.4,3,open-meteo,6.03,89.78
Boujad,Morocco,32.7741,-6.3925,2026-09-19,2026-09-17 10:41:18.556984+00:00,35.8,20.8,0.0,0,20.2,36.7,3,open-meteo,9.39,87.43
Boujad,Morocco,32.7741,-6.3925,2026-09-20,2026-09-17 10:41:18.556984+00:00,36.9,24.7,0.0,3,18.5,40.7,2,open-meteo,13.98,87.21
Boujad,Morocco,32.7741,-6.3925,2026-09-21,2026-09-17 10:41:18.556984+00:00,35.2,21.4,0.6,8,12.3,26.3,3,open-meteo,5.77,89.96
Boujad,Morocco,32.7741,-6.3925,2026-09-22,2026-09-17 10:41:18.556984+00:00,34.5,20.0,0.0,0,16.3,35.3,2,open-meteo,5.57,93.1
Boujad,Morocco,32.7741,-6.3925,2026-09-23,2026-09-17 10:41:18.556984+00:00,35.4,21.1,0.0,0,14.9,34.6,1,open-meteo,6.92,95.16
Al Aaroui,Morocco,35.0104,-3.0073,2026-09-17,2026-09-17 10:41:18.647397+00:00,27.6,17.8,0.0,0,18.1,31.7,45,open-meteo,5.43,84.2
Al Aaroui,Morocco,35.0104,-3.0073,2026-09-18,2026-09-17 10:41:18.647397+00:00,26.8,19.5,0.0,0,25.0,43.6,45,open-meteo,7.49,82.76
Al Aaroui,Morocco,35.0104,-3.0073,2026-09-19,2026-09-17 10:41:18.647397+00:00,26.5,20.6,0.0,3,28.5,50.8,3,open-meteo,8.64,87.95
Al Aaroui,Morocco,35.0104,-3.0073,2026-09-20,2026-09-17 10:41:18.647397+00:00,26.7,22.2,0.0,0,29.8,52.2,3,open-meteo,8.95,87.73
Al Aaroui,Morocco,35.0104,-3.0073,2026-09-21,2026-09-17 10:41:18.647397+00:00,26.2,20.6,0.0,3,26.0,46.4,45,open-meteo,7.89,82.48
Al Aaroui,Morocco,35.0104,-3.0073,2026-09-22,2026-09-17 10:41:18.647397+00:00,28.7,19.6,0.0,3,19.1,37.1,45,open-meteo,6.1,83.73
Al Aaroui,Morocco,35.0104,-3.0073,2026-09-23,2026-09-17 10:41:18.647397+00:00,29.3,19.0,0.0,0,17.6,35.3,45,open-meteo,5.73,83.99
Mrirt,Morocco,33.1654,-5.5634,2026-09-17,2026-09-17 10:41:18.745632+00:00,30.7,15.2,0.0,0,20.0,41.0,3,open-meteo,6.6,89.38
Mrirt,Morocco,33.1654,-5.5634,2026-09-18,2026-09-17 10:41:18.745632+00:00,30.9,14.1,0.0,0,18.1,40.7,3,open-meteo,6.33,89.57
Mrirt,Morocco,33.1654,-5.5634,2026-09-19,2026-09-17 10:41:18.745632+00:00,32.4,16.8,0.0,15,15.7,33.8,3,open-meteo,5.34,90.26
Mrirt,Morocco,33.1654,-5.5634,2026-09-20,2026-09-17 10:41:18.745632+00:00,32.9,20.0,0.6,5,18.5,52.6,3,open-meteo,8.37,88.14
Mrirt,Morocco,33.1654,-5.5634,2026-09-21,2026-09-17 10:41:18.745632+00:00,32.0,19.6,0.0,13,19.2,43.6,2,open-meteo,6.76,92.27
Mrirt,Morocco,33.1654,-5.5634,2026-09-22,2026-09-17 10:41:18.745632+00:00,31.5,16.8,0.0,0,17.1,36.4,2,open-meteo,5.78,92.95
Mrirt,Morocco,33.1654,-5.5634,2026-09-23,2026-09-17 10:41:18.745632+00:00,32.9,15.8,0.0,3,21.4,40.3,2,open-meteo,6.71,92.3
Chefchaouene,Morocco,35.1714,-5.2697,2026-09-17,2026-09-17 10:41:18.833016+00:00,28.5,14.7,0.0,0,13.7,29.2,3,open-meteo,4.63,90.76
Chefchaouene,Morocco,35.1714,-5.2697,2026-09-18,2026-09-17 10:41:18.833016+00:00,27.7,15.3,0.0,0,16.4,31.7,3,open-meteo,5.22,90.35
Chefchaouene,Morocco,35.1714,-5.2697,2026-09-19,2026-09-17 10:41:18.833016+00:00,28.1,19.1,0.0,0,19.8,40.3,1,open-meteo,6.5,95.45
Chefchaouene,Morocco,35.1714,-5.2697,2026-09-20,2026-09-17 10:41:18.833016+00:00,29.3,20.9,0.0,0,19.3,38.5,2,open-meteo,6.26,92.62
Chefchaouene,Morocco,35.1714,-5.2697,2026-09-21,2026-09-17 10:41:18.833016+00:00,28.7,20.5,0.0,3,18.6,35.6,2,open-meteo,5.89,92.88
Chefchaouene,Morocco,35.1714,-5.2697,2026-09-22,2026-09-17 10:41:18.833016+00:00,31.0,19.9,0.0,0,14.8,28.4,3,open-meteo,4.69,90.72
Chefchaouene,Morocco,35.1714,-5.2697,2026-09-23,2026-09-17 10:41:18.833016+00:00,31.9,20.8,0.0,3,15.0,29.9,1,open-meteo,4.87,96.59
Tineghir,Morocco,31.5147,-5.5328,2026-09-17,2026-09-17 10:41:18.933952+00:00,30.5,19.1,0.0,30,26.6,43.2,3,open-meteo,7.65,88.64
Tineghir,Morocco,31.5147,-5.5328,2026-09-18,2026-09-17 10:41:18.933952+00:00,31.1,18.4,0.0,33,18.9,32.4,3,open-meteo,5.6,90.08
Tineghir,Morocco,31.5147,-5.5328,2026-09-19,2026-09-17 10:41:18.933952+00:00,29.8,20.3,0.3,19,23.2,40.3,61,open-meteo,7.33,81.37
Tineghir,Morocco,31.5147,-5.5328,2026-09-20,2026-09-17 10:41:18.933952+00:00,29.8,18.4,0.6,25,14.2,34.9,3,open-meteo,6.06,89.76
Tineghir,Morocco,31.5147,-5.5328,2026-09-21,2026-09-17 10:41:18.933952+00:00,29.1,18.6,1.8,48,18.3,32.0,80,open-meteo,7.89,77.98
Tineghir,Morocco,31.5147,-5.5328,2026-09-22,2026-09-17 10:41:18.933952+00:00,29.2,17.6,0.3,10,15.7,28.1,3,open-meteo,5.17,90.38
Tineghir,Morocco,31.5147,-5.5328,2026-09-23,2026-09-17 10:41:18.933952+00:00,30.7,18.1,0.0,10,15.8,27.7,2,open-meteo,4.75,93.67
Bouknadel,Morocco,34.1766,-6.6893,2026-09-17,2026-09-17 10:41:19.018915+00:00,24.8,18.8,0.0,0,13.2,23.4,3,open-meteo,3.99,91.21
Bouknadel,Morocco,34.1766,-6.6893,2026-09-18,2026-09-17 10:41:19.018915+00:00,24.9,17.3,0.0,0,17.3,29.5,45,open-meteo,5.11,84.42
Bouknadel,Morocco,34.1766,-6.6893,2026-09-19,2026-09-17 10:41:19.018915+00:00,28.1,17.9,0.0,0,15.6,27.4,45,open-meteo,4.69,84.72
Bouknadel,Morocco,34.1766,-6.6893,2026-09-20,2026-09-17 10:41:19.018915+00:00,28.0,20.8,0.0,0,12.2,21.6,2,open-meteo,3.69,94.42
Bouknadel,Morocco,34.1766,-6.6893,2026-09-21,2026-09-17 10:41:19.018915+00:00,27.8,21.0,0.0,0,13.3,23.4,45,open-meteo,4.0,85.2
Bouknadel,Morocco,34.1766,-6.6893,2026-09-22,2026-09-17 10:41:19.018915+00:00,27.6,20.6,0.0,0,11.8,27.4,45,open-meteo,4.21,85.05
Bouknadel,Morocco,34.1766,-6.6893,2026-09-23,2026-09-17 10:41:19.018915+00:00,28.3,19.5,0.0,0,12.6,29.5,45,open-meteo,4.52,84.84
Douar Bni Malek,Morocco,34.7583,-6.0572,2026-09-17,2026-09-17 10:41:19.108546+00:00,27.8,18.5,0.0,0,13.8,26.3,3,open-meteo,4.36,90.95
Douar Bni Malek,Morocco,34.7583,-6.0572,2026-09-18,2026-09-17 10:41:19.108546+00:00,30.0,15.9,0.0,0,20.1,37.1,3,open-meteo,6.22,89.65
Douar Bni Malek,Morocco,34.7583,-6.0572,2026-09-19,2026-09-17 10:41:19.108546+00:00,35.4,18.3,0.0,0,14.1,27.4,45,open-meteo,6.1,83.73
Douar Bni Malek,Morocco,34.7583,-6.0572,2026-09-20,2026-09-17 10:41:19.108546+00:00,38.5,23.4,0.0,0,13.9,27.7,1,open-meteo,18.51,87.04
Douar Bni Malek,Morocco,34.7583,-6.0572,2026-09-21,2026-09-17 10:41:19.108546+00:00,35.5,22.6,0.0,0,17.8,34.2,1,open-meteo,7.65,94.64
Douar Bni Malek,Morocco,34.7583,-6.0572,2026-09-22,2026-09-17 10:41:19.108546+00:00,33.9,21.3,0.0,0,18.7,37.4,45,open-meteo,6.08,83.74
Douar Bni Malek,Morocco,34.7583,-6.0572,2026-09-23,2026-09-17 10:41:19.108546+00:00,34.4,20.7,0.0,0,16.0,32.8,1,open-meteo,5.28,96.3
Had Abdallah Rhiat,Morocco,31.5183,-7.8494,2026-09-17,2026-09-17 10:41:19.205386+00:00,29.2,17.2,0.0,0,13.1,26.3,3,open-meteo,4.27,91.01
Had Abdallah Rhiat,Morocco,31.5183,-7.8494,2026-09-18,2026-09-17 10:41:19.205386+00:00,30.9,17.3,0.0,0,9.9,20.5,2,open-meteo,3.29,94.7
Had Abdallah Rhiat,Morocco,31.5183,-7.8494,2026-09-19,2026-09-17 10:41:19.205386+00:00,34.4,19.1,0.0,8,10.1,20.5,3,open-meteo,3.31,91.68
Had Abdallah Rhiat,Morocco,31.5183,-7.8494,2026-09-20,2026-09-17 10:41:19.205386+00:00,37.0,22.5,0.3,23,15.2,36.0,3,open-meteo,13.9,84.27
Had Abdallah Rhiat,Morocco,31.5183,-7.8494,2026-09-21,2026-09-17 10:41:19.205386+00:00,36.3,21.8,0.9,13,14.5,39.2,80,open-meteo,12.13,75.01
Had Abdallah Rhiat,Morocco,31.5183,-7.8494,2026-09-22,2026-09-17 10:41:19.205386+00:00,35.9,20.4,0.0,5,12.2,23.0,1,open-meteo,7.42,94.81
Had Abdallah Rhiat,Morocco,31.5183,-7.8494,2026-09-23,2026-09-17 10:41:19.205386+00:00,36.0,19.0,0.0,3,11.2,21.6,1,open-meteo,7.56,94.71
Cabo Bojador,Morocco,26.1269,-14.4992,2026-09-17,2026-09-17 10:41:19.294591+00:00,25.5,20.9,0.1,0,31.5,56.5,51,open-meteo,9.72,85.7
Cabo Bojador,Morocco,26.1269,-14.4992,2026-09-18,2026-09-17 10:41:19.294591+00:00,24.7,20.0,0.0,0,23.5,45.4,3,open-meteo,7.48,88.76
Cabo Bojador,Morocco,26.1269,-14.4992,2026-09-19,2026-09-17 10:41:19.294591+00:00,24.5,19.4,0.0,0,21.4,41.4,3,open-meteo,6.81,89.23
Cabo Bojador,Morocco,26.1269,-14.4992,2026-09-20,2026-09-17 10:41:19.294591+00:00,26.3,19.2,0.0,0,25.6,46.1,1,open-meteo,7.81,94.53
Cabo Bojador,Morocco,26.1269,-14.4992,2026-09-21,2026-09-17 10:41:19.294591+00:00,25.3,19.4,0.0,2,26.6,48.2,2,open-meteo,8.15,91.29
Cabo Bojador,Morocco,26.1269,-14.4992,2026-09-22,2026-09-17 10:41:19.294591+00:00,24.9,19.8,0.0,4,25.9,49.0,2,open-meteo,8.14,91.3
Cabo Bojador,Morocco,26.1269,-14.4992,2026-09-23,2026-09-17 10:41:19.294591+00:00,26.3,19.6,0.0,6,24.8,49.7,1,open-meteo,8.07,94.35
Zagora,Morocco,30.3316,-5.8376,2026-09-17,2026-09-17 10:41:19.654849+00:00,35.0,25.7,0.0,8,14.7,23.8,3,open-meteo,4.22,91.05
Zagora,Morocco,30.3316,-5.8376,2026-09-18,2026-09-17 10:41:19.654849+00:00,35.6,24.9,0.0,3,12.1,19.4,3,open-meteo,5.85,89.91
Zagora,Morocco,30.3316,-5.8376,2026-09-19,2026-09-17 10:41:19.654849+00:00,35.7,26.8,0.0,0,20.7,32.4,3,open-meteo,8.63,87.96
Zagora,Morocco,30.3316,-5.8376,2026-09-20,2026-09-17 10:41:19.654849+00:00,34.7,24.0,0.0,0,20.8,32.4,3,open-meteo,5.84,89.91
Zagora,Morocco,30.3316,-5.8376,2026-09-21,2026-09-17 10:41:19.654849+00:00,34.6,25.0,1.5,13,16.5,31.3,3,open-meteo,7.19,88.97
Zagora,Morocco,30.3316,-5.8376,2026-09-22,2026-09-17 10:41:19.654849+00:00,32.2,23.3,0.9,3,8.9,16.9,3,open-meteo,4.0,91.2
Zagora,Morocco,30.3316,-5.8376,2026-09-23,2026-09-17 10:41:19.654849+00:00,34.7,22.5,0.0,5,8.5,15.1,3,open-meteo,2.57,92.2
Azemmour,Morocco,33.2833,-8.3333,2026-09-17,2026-09-17 10:41:19.741155+00:00,25.7,19.7,0.0,0,14.3,26.6,3,open-meteo,4.45,90.88
Azemmour,Morocco,33.2833,-8.3333,2026-09-18,2026-09-17 10:41:19.741155+00:00,25.8,18.5,0.0,0,18.3,33.5,3,open-meteo,5.64,90.05
Azemmour,Morocco,33.2833,-8.3333,2026-09-19,2026-09-17 10:41:19.741155+00:00,27.1,19.2,0.0,0,16.8,31.0,45,open-meteo,5.2,84.36
Azemmour,Morocco,33.2833,-8.3333,2026-09-20,2026-09-17 10:41:19.741155+00:00,27.5,19.6,0.0,0,13.2,24.5,45,open-meteo,4.1,85.13
Azemmour,Morocco,33.2833,-8.3333,2026-09-21,2026-09-17 10:41:19.741155+00:00,26.9,20.7,0.0,0,13.0,25.9,45,open-meteo,4.22,85.05
Azemmour,Morocco,33.2833,-8.3333,2026-09-22,2026-09-17 10:41:19.741155+00:00,28.2,21.1,0.0,0,11.6,24.1,45,open-meteo,3.86,85.3
Azemmour,Morocco,33.2833,-8.3333,2026-09-23,2026-09-17 10:41:19.741155+00:00,27.0,20.9,0.0,0,15.0,30.2,45,open-meteo,4.9,84.57
Mnasra,Morocco,34.7667,-5.5167,2026-09-17,2026-09-17 10:41:19.835778+00:00,28.3,16.5,0.0,0,14.1,26.6,3,open-meteo,4.42,90.91
Mnasra,Morocco,34.7667,-5.5167,2026-09-18,2026-09-17 10:41:19.835778+00:00,30.8,15.3,0.0,0,15.9,30.6,3,open-meteo,5.05,90.47
Mnasra,Morocco,34.7667,-5.5167,2026-09-19,2026-09-17 10:41:19.835778+00:00,35.3,18.6,0.0,0,12.1,24.1,1,open-meteo,5.12,96.42
Mnasra,Morocco,34.7667,-5.5167,2026-09-20,2026-09-17 10:41:19.835778+00:00,37.0,23.1,0.0,0,14.9,29.5,1,open-meteo,12.81,91.03
Mnasra,Morocco,34.7667,-5.5167,2026-09-21,2026-09-17 10:41:19.835778+00:00,35.8,21.8,0.0,5,8.8,20.5,2,open-meteo,6.35,92.56
Mnasra,Morocco,34.7667,-5.5167,2026-09-22,2026-09-17 10:41:19.835778+00:00,34.7,21.2,0.0,0,13.9,25.9,3,open-meteo,4.33,90.97
Mnasra,Morocco,34.7667,-5.5167,2026-09-23,2026-09-17 10:41:19.835778+00:00,36.2,19.5,0.0,0,13.0,26.3,0,open-meteo,9.06,93.66
El Hajeb,Morocco,33.6928,-5.3711,2026-09-17,2026-09-17 10:41:19.929698+00:00,26.3,15.6,0.0,0,16.5,36.0,3,open-meteo,5.66,90.04
El Hajeb,Morocco,33.6928,-5.3711,2026-09-18,2026-09-17 10:41:19.929698+00:00,27.3,15.3,0.0,0,15.9,34.6,3,open-meteo,5.45,90.18
El Hajeb,Morocco,33.6928,-5.3711,2026-09-19,2026-09-17 10:41:19.929698+00:00,30.8,17.9,0.0,3,17.9,50.8,2,open-meteo,7.32,91.88
El Hajeb,Morocco,33.6928,-5.3711,2026-09-20,2026-09-17 10:41:19.929698+00:00,32.6,23.1,0.3,5,16.4,48.6,2,open-meteo,7.31,91.88
El Hajeb,Morocco,33.6928,-5.3711,2026-09-21,2026-09-17 10:41:19.929698+00:00,31.9,21.2,0.0,5,20.4,42.5,2,open-meteo,6.8,92.24
El Hajeb,Morocco,33.6928,-5.3711,2026-09-22,2026-09-17 10:41:19.929698+00:00,31.9,19.0,0.0,0,19.4,38.2,1,open-meteo,6.25,95.62
El Hajeb,Morocco,33.6928,-5.3711,2026-09-23,2026-09-17 10:41:19.929698+00:00,32.2,19.4,0.0,3,19.7,39.6,1,open-meteo,6.42,95.51
Jerada,Morocco,34.31,-2.16,2026-09-17,2026-09-17 10:41:20.021872+00:00,26.6,16.7,0.0,3,19.9,38.9,3,open-meteo,6.38,89.53
Jerada,Morocco,34.31,-2.16,2026-09-18,2026-09-17 10:41:20.021872+00:00,27.0,15.6,0.0,5,23.7,50.4,3,open-meteo,8.0,88.4
Jerada,Morocco,34.31,-2.16,2026-09-19,2026-09-17 10:41:20.021872+00:00,26.8,16.9,2.0,58,25.6,52.2,80,open-meteo,11.09,75.74
Jerada,Morocco,34.31,-2.16,2026-09-20,2026-09-17 10:41:20.021872+00:00,30.3,18.0,0.6,10,18.3,51.8,3,open-meteo,8.27,88.21
Jerada,Morocco,34.31,-2.16,2026-09-21,2026-09-17 10:41:20.021872+00:00,27.1,17.8,0.3,13,15.0,34.2,3,open-meteo,5.7,90.01
Jerada,Morocco,34.31,-2.16,2026-09-22,2026-09-17 10:41:20.021872+00:00,29.8,16.9,0.0,3,20.2,39.6,2,open-meteo,6.49,92.46
Jerada,Morocco,34.31,-2.16,2026-09-23,2026-09-17 10:41:20.021872+00:00,29.6,16.6,0.0,3,22.9,40.3,2,open-meteo,6.89,92.18
El Aïoun,Morocco,34.5726,-2.5127,2026-09-17,2026-09-17 10:41:20.114553+00:00,28.3,15.5,0.0,0,14.9,25.2,3,open-meteo,4.38,90.93
El Aïoun,Morocco,34.5726,-2.5127,2026-09-18,2026-09-17 10:41:20.114553+00:00,29.1,15.5,0.0,3,19.4,34.6,45,open-meteo,5.89,83.88
El Aïoun,Morocco,34.5726,-2.5127,2026-09-19,2026-09-17 10:41:20.114553+00:00,30.6,19.1,0.1,23,21.6,41.4,80,open-meteo,6.97,78.62
El Aïoun,Morocco,34.5726,-2.5127,2026-09-20,2026-09-17 10:41:20.114553+00:00,32.3,18.5,0.0,5,21.0,38.2,45,open-meteo,6.45,83.48
El Aïoun,Morocco,34.5726,-2.5127,2026-09-21,2026-09-17 10:41:20.114553+00:00,29.8,19.7,0.0,5,20.2,35.6,45,open-meteo,6.09,83.74
El Aïoun,Morocco,34.5726,-2.5127,2026-09-22,2026-09-17 10:41:20.114553+00:00,30.2,17.7,0.0,3,16.6,29.9,45,open-meteo,5.07,84.45
El Aïoun,Morocco,34.5726,-2.5127,2026-09-23,2026-09-17 10:41:20.114553+00:00,31.3,17.3,0.0,0,17.4,30.6,0,open-meteo,5.24,96.33
Tameslouht,Morocco,31.5,-8.1,2026-09-17,2026-09-17 10:41:20.202098+00:00,29.4,18.2,0.0,0,14.8,24.5,3,open-meteo,4.3,90.99
Tameslouht,Morocco,31.5,-8.1,2026-09-18,2026-09-17 10:41:20.202098+00:00,31.2,17.8,0.0,0,11.2,19.8,2,open-meteo,3.38,94.63
Tameslouht,Morocco,31.5,-8.1,2026-09-19,2026-09-17 10:41:20.202098+00:00,34.3,20.0,0.0,3,13.0,21.2,2,open-meteo,3.74,94.38
Tameslouht,Morocco,31.5,-8.1,2026-09-20,2026-09-17 10:41:20.202098+00:00,36.9,22.5,1.2,25,17.1,32.0,80,open-meteo,14.54,73.32
Tameslouht,Morocco,31.5,-8.1,2026-09-21,2026-09-17 10:41:20.202098+00:00,36.8,23.3,0.0,8,28.3,48.2,2,open-meteo,15.56,86.11
Tameslouht,Morocco,31.5,-8.1,2026-09-22,2026-09-17 10:41:20.202098+00:00,36.1,21.9,0.0,0,14.3,28.8,0,open-meteo,9.07,93.65
Tameslouht,Morocco,31.5,-8.1,2026-09-23,2026-09-17 10:41:20.202098+00:00,35.6,21.0,0.0,3,13.8,23.8,1,open-meteo,6.51,95.44
Sidi Yahia El Gharb,Morocco,34.3058,-6.3058,2026-09-17,2026-09-17 10:41:20.293757+00:00,27.1,17.8,0.0,0,14.6,26.6,3,open-meteo,4.49,90.86
Sidi Yahia El Gharb,Morocco,34.3058,-6.3058,2026-09-18,2026-09-17 10:41:20.293757+00:00,29.2,16.3,0.0,0,18.1,32.8,45,open-meteo,5.54,84.12
Sidi Yahia El Gharb,Morocco,34.3058,-6.3058,2026-09-19,2026-09-17 10:41:20.293757+00:00,35.2,17.1,0.0,0,19.0,34.6,45,open-meteo,6.64,83.35
Sidi Yahia El Gharb,Morocco,34.3058,-6.3058,2026-09-20,2026-09-17 10:41:20.293757+00:00,35.7,20.8,0.0,0,20.8,37.1,2,open-meteo,9.11,90.62
Sidi Yahia El Gharb,Morocco,34.3058,-6.3058,2026-09-21,2026-09-17 10:41:20.293757+00:00,34.1,20.7,0.0,0,17.8,33.5,0,open-meteo,5.58,96.09
Sidi Yahia El Gharb,Morocco,34.3058,-6.3058,2026-09-22,2026-09-17 10:41:20.293757+00:00,33.3,20.0,0.0,0,16.8,31.7,45,open-meteo,5.27,84.31
Sidi Yahia El Gharb,Morocco,34.3058,-6.3058,2026-09-23,2026-09-17 10:41:20.293757+00:00,34.3,18.9,0.0,0,18.4,34.6,1,open-meteo,5.76,95.97
Taounate,Morocco,34.5358,-4.64,2026-09-17,2026-09-17 10:41:20.382573+00:00,29.0,15.5,0.0,0,12.3,23.4,3,open-meteo,3.88,91.28
Taounate,Morocco,34.5358,-4.64,2026-09-18,2026-09-17 10:41:20.382573+00:00,31.1,15.0,0.0,0,9.8,18.4,3,open-meteo,3.07,91.85
Taounate,Morocco,34.5358,-4.64,2026-09-19,2026-09-17 10:41:20.382573+00:00,33.1,19.2,0.0,0,25.9,48.6,1,open-meteo,8.1,94.33
Taounate,Morocco,34.5358,-4.64,2026-09-20,2026-09-17 10:41:20.382573+00:00,34.9,21.7,0.3,0,18.2,34.6,2,open-meteo,6.13,92.71
Taounate,Morocco,34.5358,-4.64,2026-09-21,2026-09-17 10:41:20.382573+00:00,33.6,20.6,0.3,5,16.8,32.8,3,open-meteo,5.78,89.95
Taounate,Morocco,34.5358,-4.64,2026-09-22,2026-09-17 10:41:20.382573+00:00,34.2,20.0,0.0,0,9.8,20.2,3,open-meteo,3.25,91.72
Taounate,Morocco,34.5358,-4.64,2026-09-23,2026-09-17 10:41:20.382573+00:00,34.8,20.0,0.0,0,13.1,25.9,1,open-meteo,4.23,97.04
Bahharet Oulad Ayyad,Morocco,34.7703,-6.3047,2026-09-17,2026-09-17 10:41:20.472255+00:00,24.9,18.1,0.0,0,11.7,20.9,3,open-meteo,3.55,91.52
Bahharet Oulad Ayyad,Morocco,34.7703,-6.3047,2026-09-18,2026-09-17 10:41:20.472255+00:00,25.0,16.1,0.0,0,20.8,36.0,45,open-meteo,6.2,83.66
Bahharet Oulad Ayyad,Morocco,34.7703,-6.3047,2026-09-19,2026-09-17 10:41:20.472255+00:00,29.8,18.3,0.0,0,16.8,29.5,45,open-meteo,5.05,84.47
Bahharet Oulad Ayyad,Morocco,34.7703,-6.3047,2026-09-20,2026-09-17 10:41:20.472255+00:00,34.5,22.1,0.0,0,15.5,30.6,1,open-meteo,5.0,96.5
Bahharet Oulad Ayyad,Morocco,34.7703,-6.3047,2026-09-21,2026-09-17 10:41:20.472255+00:00,30.7,20.8,0.0,0,18.0,32.8,1,open-meteo,5.53,96.13
Bahharet Oulad Ayyad,Morocco,34.7703,-6.3047,2026-09-22,2026-09-17 10:41:20.472255+00:00,26.6,20.4,0.0,0,16.4,27.7,45,open-meteo,4.82,84.63
Bahharet Oulad Ayyad,Morocco,34.7703,-6.3047,2026-09-23,2026-09-17 10:41:20.472255+00:00,26.8,18.8,0.0,0,15.9,26.6,45,open-meteo,4.65,84.74
Chichaoua,Morocco,31.5333,-8.7667,2026-09-17,2026-09-17 10:41:20.559816+00:00,29.6,18.3,0.0,0,16.6,27.0,3,open-meteo,4.78,90.65
Chichaoua,Morocco,31.5333,-8.7667,2026-09-18,2026-09-17 10:41:20.559816+00:00,31.2,18.0,0.0,0,15.9,25.9,3,open-meteo,4.58,90.79
Chichaoua,Morocco,31.5333,-8.7667,2026-09-19,2026-09-17 10:41:20.559816+00:00,33.9,18.5,0.0,0,19.1,35.3,2,open-meteo,5.92,92.86
Chichaoua,Morocco,31.5333,-8.7667,2026-09-20,2026-09-17 10:41:20.559816+00:00,34.3,22.5,0.0,3,24.5,40.3,2,open-meteo,7.09,92.04
Chichaoua,Morocco,31.5333,-8.7667,2026-09-21,2026-09-17 10:41:20.559816+00:00,36.4,22.5,0.0,0,24.0,41.0,1,open-meteo,12.7,91.11
Chichaoua,Morocco,31.5333,-8.7667,2026-09-22,2026-09-17 10:41:20.559816+00:00,36.2,19.8,0.0,0,21.4,36.4,0,open-meteo,11.12,92.22
Chichaoua,Morocco,31.5333,-8.7667,2026-09-23,2026-09-17 10:41:20.559816+00:00,35.7,19.7,0.0,0,18.9,30.6,0,open-meteo,8.22,94.25
Al ’Attawia,Morocco,31.83,-7.31,2026-09-17,2026-09-17 10:41:20.650436+00:00,28.6,16.4,0.0,0,15.0,28.4,45,open-meteo,4.71,84.7
Al ’Attawia,Morocco,31.83,-7.31,2026-09-18,2026-09-17 10:41:20.650436+00:00,30.4,16.8,0.0,0,12.7,23.4,3,open-meteo,3.93,91.25
Al ’Attawia,Morocco,31.83,-7.31,2026-09-19,2026-09-17 10:41:20.650436+00:00,33.9,19.4,0.0,3,14.2,28.1,2,open-meteo,4.58,93.79
Al ’Attawia,Morocco,31.83,-7.31,2026-09-20,2026-09-17 10:41:20.650436+00:00,36.2,22.3,0.3,13,17.0,32.4,3,open-meteo,10.57,86.6
Al ’Attawia,Morocco,31.83,-7.31,2026-09-21,2026-09-17 10:41:20.650436+00:00,36.0,21.4,0.0,5,16.9,32.0,2,open-meteo,9.31,90.48
Al ’Attawia,Morocco,31.83,-7.31,2026-09-22,2026-09-17 10:41:20.650436+00:00,35.0,20.1,0.0,5,13.6,24.8,1,open-meteo,4.18,97.07
Al ’Attawia,Morocco,31.83,-7.31,2026-09-23,2026-09-17 10:41:20.650436+00:00,35.3,17.7,0.0,0,15.6,28.8,1,open-meteo,6.03,95.78
Tabount,Morocco,30.9014,-6.9217,2026-09-17,2026-09-17 10:41:20.744075+00:00,31.4,19.3,1.0,30,17.9,31.3,80,open-meteo,6.7,78.81
Tabount,Morocco,30.9014,-6.9217,2026-09-18,2026-09-17 10:41:20.744075+00:00,32.4,18.5,0.0,5,15.9,25.9,3,open-meteo,4.58,90.79
Tabount,Morocco,30.9014,-6.9217,2026-09-19,2026-09-17 10:41:20.744075+00:00,32.1,21.0,0.0,5,16.2,30.2,3,open-meteo,5.04,90.47
Tabount,Morocco,30.9014,-6.9217,2026-09-20,2026-09-17 10:41:20.744075+00:00,32.5,20.2,0.0,3,24.3,38.9,3,open-meteo,6.93,89.15
Tabount,Morocco,30.9014,-6.9217,2026-09-21,2026-09-17 10:41:20.744075+00:00,32.5,20.8,0.3,10,16.2,25.2,3,open-meteo,4.95,90.53
Tabount,Morocco,30.9014,-6.9217,2026-09-22,2026-09-17 10:41:20.744075+00:00,31.7,19.1,0.0,0,18.1,30.2,2,open-meteo,5.28,93.3
Tabount,Morocco,30.9014,-6.9217,2026-09-23,2026-09-17 10:41:20.744075+00:00,32.6,17.2,0.0,5,4.9,11.9,2,open-meteo,1.8,95.74
Bellaa,Morocco,30.0314,-9.5542,2026-09-17,2026-09-17 10:41:20.834014+00:00,26.0,20.7,0.0,0,21.3,37.1,3,open-meteo,6.37,89.54
Bellaa,Morocco,30.0314,-9.5542,2026-09-18,2026-09-17 10:41:20.834014+00:00,25.6,19.5,0.0,0,19.3,34.6,2,open-meteo,5.87,92.89
Bellaa,Morocco,30.0314,-9.5542,2026-09-19,2026-09-17 10:41:20.834014+00:00,26.3,20.1,0.0,0,18.4,33.8,2,open-meteo,5.68,93.02
Bellaa,Morocco,30.0314,-9.5542,2026-09-20,2026-09-17 10:41:20.834014+00:00,26.7,20.4,0.0,0,17.0,32.0,2,open-meteo,5.33,93.27
Bellaa,Morocco,30.0314,-9.5542,2026-09-21,2026-09-17 10:41:20.834014+00:00,29.5,19.8,0.0,0,15.9,28.8,1,open-meteo,4.87,96.59
Bellaa,Morocco,30.0314,-9.5542,2026-09-22,2026-09-17 10:41:20.834014+00:00,35.8,19.8,0.0,0,15.5,24.8,0,open-meteo,7.62,94.67
Bellaa,Morocco,30.0314,-9.5542,2026-09-23,2026-09-17 10:41:20.834014+00:00,34.6,21.7,0.0,3,16.3,27.0,0,open-meteo,4.74,96.68
Zaïo,Morocco,34.9396,-2.7334,2026-09-17,2026-09-17 10:41:20.924983+00:00,27.7,19.3,0.0,0,14.3,31.0,3,open-meteo,4.89,90.58
Zaïo,Morocco,34.9396,-2.7334,2026-09-18,2026-09-17 10:41:20.924983+00:00,27.7,19.4,0.0,0,20.7,42.8,45,open-meteo,6.87,83.19
Zaïo,Morocco,34.9396,-2.7334,2026-09-19,2026-09-17 10:41:20.924983+00:00,27.6,20.5,0.0,0,26.2,61.6,3,open-meteo,9.44,87.39
Zaïo,Morocco,34.9396,-2.7334,2026-09-20,2026-09-17 10:41:20.924983+00:00,29.1,21.5,0.0,0,20.9,51.1,45,open-meteo,7.72,82.6
Zaïo,Morocco,34.9396,-2.7334,2026-09-21,2026-09-17 10:41:20.924983+00:00,28.2,20.4,0.0,0,18.6,47.9,45,open-meteo,7.12,83.02
Zaïo,Morocco,34.9396,-2.7334,2026-09-22,2026-09-17 10:41:20.924983+00:00,28.8,19.7,0.0,0,20.5,36.4,45,open-meteo,6.2,83.66
Zaïo,Morocco,34.9396,-2.7334,2026-09-23,2026-09-17 10:41:20.924983+00:00,28.8,18.9,0.0,0,19.3,34.2,45,open-meteo,5.83,83.92
Zoumi,Morocco,34.8,-5.35,2026-09-17,2026-09-17 10:41:21.017005+00:00,28.1,15.9,0.0,0,14.4,31.0,45,open-meteo,4.9,84.57
Zoumi,Morocco,34.8,-5.35,2026-09-18,2026-09-17 10:41:21.017005+00:00,30.4,16.0,0.0,0,13.3,30.6,3,open-meteo,4.72,90.7
Zoumi,Morocco,34.8,-5.35,2026-09-19,2026-09-17 10:41:21.017005+00:00,34.3,20.1,0.0,0,15.1,50.0,1,open-meteo,6.89,95.18
Zoumi,Morocco,34.8,-5.35,2026-09-20,2026-09-17 10:41:21.017005+00:00,35.7,23.5,0.0,0,17.3,50.0,1,open-meteo,9.96,93.03
Zoumi,Morocco,34.8,-5.35,2026-09-21,2026-09-17 10:41:21.017005+00:00,35.3,22.4,0.0,5,10.8,34.2,2,open-meteo,5.97,92.82
Zoumi,Morocco,34.8,-5.35,2026-09-22,2026-09-17 10:41:21.017005+00:00,34.1,20.8,0.0,0,13.9,29.2,3,open-meteo,4.66,90.74
Zoumi,Morocco,34.8,-5.35,2026-09-23,2026-09-17 10:41:21.017005+00:00,35.6,18.9,0.0,0,13.0,26.3,0,open-meteo,6.66,95.34
Aguelmous,Morocco,33.1324,-5.8366,2026-09-17,2026-09-17 10:41:21.108110+00:00,29.6,15.1,0.0,0,16.9,34.2,3,open-meteo,5.53,90.13
Aguelmous,Morocco,33.1324,-5.8366,2026-09-18,2026-09-17 10:41:21.108110+00:00,30.0,15.5,0.0,0,18.2,40.0,3,open-meteo,6.28,89.6
Aguelmous,Morocco,33.1324,-5.8366,2026-09-19,2026-09-17 10:41:21.108110+00:00,32.1,17.3,0.0,10,16.6,35.6,3,open-meteo,5.64,90.05
Aguelmous,Morocco,33.1324,-5.8366,2026-09-20,2026-09-17 10:41:21.108110+00:00,32.8,20.9,0.6,10,15.8,49.7,80,open-meteo,7.75,78.08
Aguelmous,Morocco,33.1324,-5.8366,2026-09-21,2026-09-17 10:41:21.108110+00:00,31.8,21.0,0.6,10,19.1,39.6,3,open-meteo,7.15,88.99
Aguelmous,Morocco,33.1324,-5.8366,2026-09-22,2026-09-17 10:41:21.108110+00:00,31.3,17.1,0.0,0,17.8,36.7,2,open-meteo,5.9,92.87
Aguelmous,Morocco,33.1324,-5.8366,2026-09-23,2026-09-17 10:41:21.108110+00:00,32.9,17.2,0.0,3,20.6,42.8,2,open-meteo,6.86,92.2
Mograne,Morocco,34.4497,-6.3562,2026-09-17,2026-09-17 10:41:21.198192+00:00,26.0,18.1,0.0,0,15.5,29.2,3,open-meteo,4.86,90.6
Mograne,Morocco,34.4497,-6.3562,2026-09-18,2026-09-17 10:41:21.198192+00:00,27.3,16.2,0.0,0,20.4,38.2,45,open-meteo,6.37,83.54
Mograne,Morocco,34.4497,-6.3562,2026-09-19,2026-09-17 10:41:21.198192+00:00,33.8,18.0,0.0,0,20.4,38.2,45,open-meteo,6.37,83.54
Mograne,Morocco,34.4497,-6.3562,2026-09-20,2026-09-17 10:41:21.198192+00:00,34.6,22.2,0.0,0,19.8,37.1,2,open-meteo,6.19,92.67
Mograne,Morocco,34.4497,-6.3562,2026-09-21,2026-09-17 10:41:21.198192+00:00,33.2,20.5,0.0,0,19.6,37.8,45,open-meteo,6.23,83.64
Mograne,Morocco,34.4497,-6.3562,2026-09-22,2026-09-17 10:41:21.198192+00:00,29.6,20.2,0.0,0,14.5,27.4,45,open-meteo,4.55,84.81
Mograne,Morocco,34.4497,-6.3562,2026-09-23,2026-09-17 10:41:21.198192+00:00,29.9,18.4,0.0,0,15.5,29.5,45,open-meteo,4.89,84.58
Zawyat an Nwaçer,Morocco,33.3611,-7.6114,2026-09-17,2026-09-17 10:41:21.288662+00:00,26.6,18.2,0.0,0,15.6,33.5,3,open-meteo,5.3,90.29
Zawyat an Nwaçer,Morocco,33.3611,-7.6114,2026-09-18,2026-09-17 10:41:21.288662+00:00,27.4,17.4,0.0,0,15.7,33.1,3,open-meteo,5.27,90.31
Zawyat an Nwaçer,Morocco,33.3611,-7.6114,2026-09-19,2026-09-17 10:41:21.288662+00:00,30.3,18.1,0.0,0,14.9,31.7,45,open-meteo,5.03,84.48
Zawyat an Nwaçer,Morocco,33.3611,-7.6114,2026-09-20,2026-09-17 10:41:21.288662+00:00,32.8,20.8,0.0,0,14.4,32.0,45,open-meteo,5.0,84.5
Zawyat an Nwaçer,Morocco,33.3611,-7.6114,2026-09-21,2026-09-17 10:41:21.288662+00:00,32.8,19.6,0.0,0,16.6,36.0,45,open-meteo,5.67,84.03
Zawyat an Nwaçer,Morocco,33.3611,-7.6114,2026-09-22,2026-09-17 10:41:21.288662+00:00,30.9,19.4,0.0,0,15.2,33.8,45,open-meteo,5.28,84.3
Zawyat an Nwaçer,Morocco,33.3611,-7.6114,2026-09-23,2026-09-17 10:41:21.288662+00:00,30.2,19.0,0.0,0,16.9,37.1,45,open-meteo,5.82,83.93
Asilah,Morocco,35.4667,-6.0333,2026-09-17,2026-09-17 10:41:21.386228+00:00,24.0,18.5,0.0,0,14.0,26.6,3,open-meteo,4.41,90.91
Asilah,Morocco,35.4667,-6.0333,2026-09-18,2026-09-17 10:41:21.386228+00:00,27.8,16.5,0.0,0,22.9,41.4,3,open-meteo,7.0,89.1
Asilah,Morocco,35.4667,-6.0333,2026-09-19,2026-09-17 10:41:21.386228+00:00,29.5,22.8,0.0,0,36.4,67.3,2,open-meteo,11.28,89.1
Asilah,Morocco,35.4667,-6.0333,2026-09-20,2026-09-17 10:41:21.386228+00:00,30.6,24.7,0.0,0,31.0,56.9,1,open-meteo,9.57,93.3
Asilah,Morocco,35.4667,-6.0333,2026-09-21,2026-09-17 10:41:21.386228+00:00,30.8,24.1,0.0,0,25.8,46.8,2,open-meteo,7.91,91.46
Asilah,Morocco,35.4667,-6.0333,2026-09-22,2026-09-17 10:41:21.386228+00:00,34.4,23.1,0.0,0,14.9,29.9,2,open-meteo,4.85,93.61
Asilah,Morocco,35.4667,-6.0333,2026-09-23,2026-09-17 10:41:21.386228+00:00,36.2,21.4,0.0,0,14.1,29.9,1,open-meteo,9.55,93.31
Douar Oulad Hssine,Morocco,33.0681,-8.5108,2026-09-17,2026-09-17 10:41:21.492173+00:00,26.3,19.0,0.0,0,17.0,29.9,3,open-meteo,5.12,90.42
Douar Oulad Hssine,Morocco,33.0681,-8.5108,2026-09-18,2026-09-17 10:41:21.492173+00:00,27.1,18.9,0.0,0,19.8,34.9,3,open-meteo,5.96,89.83
Douar Oulad Hssine,Morocco,33.0681,-8.5108,2026-09-19,2026-09-17 10:41:21.492173+00:00,29.2,18.4,0.0,0,17.3,30.2,2,open-meteo,5.18,93.37
Douar Oulad Hssine,Morocco,33.0681,-8.5108,2026-09-20,2026-09-17 10:41:21.492173+00:00,30.8,20.1,0.0,0,15.3,27.0,45,open-meteo,4.61,84.77
Douar Oulad Hssine,Morocco,33.0681,-8.5108,2026-09-21,2026-09-17 10:41:21.492173+00:00,30.7,20.3,0.0,0,15.3,27.0,45,open-meteo,4.61,84.77
Douar Oulad Hssine,Morocco,33.0681,-8.5108,2026-09-22,2026-09-17 10:41:21.492173+00:00,27.5,20.5,0.0,0,11.8,23.8,45,open-meteo,3.85,85.3
Douar Oulad Hssine,Morocco,33.0681,-8.5108,2026-09-23,2026-09-17 10:41:21.492173+00:00,27.2,20.5,0.0,0,15.6,31.0,45,open-meteo,5.05,84.47
Dabouziya,Morocco,33.2172,-8.419,2026-09-17,2026-09-17 10:41:21.576258+00:00,25.9,19.3,0.0,0,16.6,30.2,3,open-meteo,5.1,90.43
Dabouziya,Morocco,33.2172,-8.419,2026-09-18,2026-09-17 10:41:21.576258+00:00,26.0,19.0,0.0,0,19.8,36.0,2,open-meteo,6.08,92.74
Dabouziya,Morocco,33.2172,-8.419,2026-09-19,2026-09-17 10:41:21.576258+00:00,27.5,19.2,0.0,0,17.8,32.0,45,open-meteo,5.43,84.2
Dabouziya,Morocco,33.2172,-8.419,2026-09-20,2026-09-17 10:41:21.576258+00:00,29.8,20.1,0.0,0,14.6,26.6,45,open-meteo,4.49,84.86
Dabouziya,Morocco,33.2172,-8.419,2026-09-21,2026-09-17 10:41:21.576258+00:00,29.3,20.7,0.0,0,14.5,27.4,45,open-meteo,4.55,84.81
Dabouziya,Morocco,33.2172,-8.419,2026-09-22,2026-09-17 10:41:21.576258+00:00,27.9,21.2,0.0,0,11.6,24.1,45,open-meteo,3.86,85.3
Dabouziya,Morocco,33.2172,-8.419,2026-09-23,2026-09-17 10:41:21.576258+00:00,26.7,20.6,0.0,0,15.0,30.2,45,open-meteo,4.9,84.57
Lalla Mimouna,Morocco,34.85,-6.0669,2026-09-17,2026-09-17 10:41:21.666210+00:00,27.1,18.2,0.0,0,12.6,24.8,3,open-meteo,4.06,91.16
Lalla Mimouna,Morocco,34.85,-6.0669,2026-09-18,2026-09-17 10:41:21.666210+00:00,29.5,16.2,0.0,0,19.3,36.7,3,open-meteo,6.08,89.74
Lalla Mimouna,Morocco,34.85,-6.0669,2026-09-19,2026-09-17 10:41:21.666210+00:00,35.0,18.6,0.0,0,11.9,23.8,2,open-meteo,3.87,94.29
Lalla Mimouna,Morocco,34.85,-6.0669,2026-09-20,2026-09-17 10:41:21.666210+00:00,37.2,22.8,0.0,0,13.4,25.6,1,open-meteo,13.04,90.87
Lalla Mimouna,Morocco,34.85,-6.0669,2026-09-21,2026-09-17 10:41:21.666210+00:00,35.3,22.5,0.0,0,16.3,33.1,1,open-meteo,6.55,95.41
Lalla Mimouna,Morocco,34.85,-6.0669,2026-09-22,2026-09-17 10:41:21.666210+00:00,32.6,20.4,0.0,0,18.3,35.6,2,open-meteo,5.85,92.91
Lalla Mimouna,Morocco,34.85,-6.0669,2026-09-23,2026-09-17 10:41:21.666210+00:00,32.5,19.2,0.0,0,16.8,32.0,1,open-meteo,5.3,96.29
Aourir,Morocco,30.5252,-9.6116,2026-09-17,2026-09-17 10:41:21.757472+00:00,29.0,18.4,0.0,0,20.0,38.5,3,open-meteo,6.35,89.56
Aourir,Morocco,30.5252,-9.6116,2026-09-18,2026-09-17 10:41:21.757472+00:00,25.2,17.3,0.0,0,11.0,25.6,1,open-meteo,3.94,97.24
Aourir,Morocco,30.5252,-9.6116,2026-09-19,2026-09-17 10:41:21.757472+00:00,24.7,17.9,0.0,0,10.8,24.1,45,open-meteo,3.76,85.37
Aourir,Morocco,30.5252,-9.6116,2026-09-20,2026-09-17 10:41:21.757472+00:00,25.1,18.9,0.0,0,10.5,20.5,2,open-meteo,3.36,94.65
Aourir,Morocco,30.5252,-9.6116,2026-09-21,2026-09-17 10:41:21.757472+00:00,29.7,19.9,0.0,0,8.7,18.4,2,open-meteo,2.93,94.95
Aourir,Morocco,30.5252,-9.6116,2026-09-22,2026-09-17 10:41:21.757472+00:00,32.3,19.7,0.0,0,13.1,30.2,0,open-meteo,4.66,96.74
Aourir,Morocco,30.5252,-9.6116,2026-09-23,2026-09-17 10:41:21.757472+00:00,33.2,19.3,0.0,0,12.5,27.7,0,open-meteo,4.33,96.97
Arbaoua,Morocco,34.9132,-5.9308,2026-09-17,2026-09-17 10:41:21.846822+00:00,27.7,17.8,0.0,0,13.0,24.5,3,open-meteo,4.08,91.14
Arbaoua,Morocco,34.9132,-5.9308,2026-09-18,2026-09-17 10:41:21.846822+00:00,29.4,14.5,0.0,0,18.9,35.6,45,open-meteo,5.92,83.86
Arbaoua,Morocco,34.9132,-5.9308,2026-09-19,2026-09-17 10:41:21.846822+00:00,34.8,18.8,0.0,0,10.0,18.7,2,open-meteo,3.12,94.82
Arbaoua,Morocco,34.9132,-5.9308,2026-09-20,2026-09-17 10:41:21.846822+00:00,37.4,23.2,0.0,0,12.6,24.5,1,open-meteo,13.62,90.47
Arbaoua,Morocco,34.9132,-5.9308,2026-09-21,2026-09-17 10:41:21.846822+00:00,35.6,22.2,0.0,3,13.1,27.4,1,open-meteo,6.78,95.25
Arbaoua,Morocco,34.9132,-5.9308,2026-09-22,2026-09-17 10:41:21.846822+00:00,34.6,21.3,0.0,0,15.5,31.3,3,open-meteo,5.07,90.45
Arbaoua,Morocco,34.9132,-5.9308,2026-09-23,2026-09-17 10:41:21.846822+00:00,35.9,19.9,0.0,0,13.8,29.5,1,open-meteo,8.27,94.21
Imzouren,Morocco,35.1464,-3.8506,2026-09-17,2026-09-17 10:41:21.932749+00:00,25.8,18.5,0.0,0,16.6,29.5,3,open-meteo,5.03,90.48
Imzouren,Morocco,35.1464,-3.8506,2026-09-18,2026-09-17 10:41:21.932749+00:00,26.9,18.2,0.0,0,18.1,32.8,3,open-meteo,5.54,90.12
Imzouren,Morocco,35.1464,-3.8506,2026-09-19,2026-09-17 10:41:21.932749+00:00,29.9,19.5,0.0,0,27.4,49.7,3,open-meteo,8.39,88.13
Imzouren,Morocco,35.1464,-3.8506,2026-09-20,2026-09-17 10:41:21.932749+00:00,29.4,22.1,0.0,0,21.4,38.9,2,open-meteo,6.57,92.4
Imzouren,Morocco,35.1464,-3.8506,2026-09-21,2026-09-17 10:41:21.932749+00:00,29.1,21.3,0.0,0,19.5,36.7,2,open-meteo,6.11,92.72
Imzouren,Morocco,35.1464,-3.8506,2026-09-22,2026-09-17 10:41:21.932749+00:00,30.0,19.3,0.0,0,13.5,25.2,1,open-meteo,4.21,97.05
Imzouren,Morocco,35.1464,-3.8506,2026-09-23,2026-09-17 10:41:21.932749+00:00,29.5,19.6,0.0,0,11.9,22.7,1,open-meteo,3.76,97.37
Mediouna,Morocco,33.4556,-7.5208,2026-09-17,2026-09-17 10:41:22.036543+00:00,27.1,17.8,0.0,0,15.9,29.2,3,open-meteo,4.91,90.56
Mediouna,Morocco,33.4556,-7.5208,2026-09-18,2026-09-17 10:41:22.036543+00:00,27.7,16.7,0.0,0,16.1,29.2,3,open-meteo,4.93,90.55
Mediouna,Morocco,33.4556,-7.5208,2026-09-19,2026-09-17 10:41:22.036543+00:00,30.1,17.4,0.0,0,16.3,29.9,45,open-meteo,5.03,84.48
Mediouna,Morocco,33.4556,-7.5208,2026-09-20,2026-09-17 10:41:22.036543+00:00,33.2,20.5,0.0,0,15.3,28.1,45,open-meteo,4.72,84.7
Mediouna,Morocco,33.4556,-7.5208,2026-09-21,2026-09-17 10:41:22.036543+00:00,33.0,19.7,0.0,0,17.3,32.0,45,open-meteo,5.36,84.25
Mediouna,Morocco,33.4556,-7.5208,2026-09-22,2026-09-17 10:41:22.036543+00:00,28.6,19.7,0.0,0,11.4,29.9,45,open-meteo,4.42,84.91
Mediouna,Morocco,33.4556,-7.5208,2026-09-23,2026-09-17 10:41:22.036543+00:00,27.7,19.8,0.0,0,12.3,32.4,45,open-meteo,4.78,84.65
Demnat,Morocco,31.7311,-7.0361,2026-09-17,2026-09-17 10:41:22.125947+00:00,26.0,14.5,0.0,0,13.7,27.4,3,open-meteo,4.45,90.88
Demnat,Morocco,31.7311,-7.0361,2026-09-18,2026-09-17 10:41:22.125947+00:00,28.1,14.7,0.0,0,11.4,22.7,3,open-meteo,3.69,91.42
Demnat,Morocco,31.7311,-7.0361,2026-09-19,2026-09-17 10:41:22.125947+00:00,31.5,17.9,0.0,3,13.2,27.0,2,open-meteo,4.35,93.95
Demnat,Morocco,31.7311,-7.0361,2026-09-20,2026-09-17 10:41:22.125947+00:00,33.6,21.6,0.3,20,18.6,36.4,3,open-meteo,6.37,89.54
Demnat,Morocco,31.7311,-7.0361,2026-09-21,2026-09-17 10:41:22.125947+00:00,33.2,20.7,0.0,11,18.4,36.0,2,open-meteo,5.9,92.87
Demnat,Morocco,31.7311,-7.0361,2026-09-22,2026-09-17 10:41:22.125947+00:00,32.2,19.9,0.0,10,15.8,32.4,2,open-meteo,5.22,93.35
Demnat,Morocco,31.7311,-7.0361,2026-09-23,2026-09-17 10:41:22.125947+00:00,32.7,16.5,0.0,0,16.6,33.5,0,open-meteo,5.43,96.2
Ben Ahmed,Morocco,33.0714,-7.2436,2026-09-17,2026-09-17 10:41:22.223726+00:00,26.3,13.6,0.0,0,18.7,35.3,3,open-meteo,5.87,89.89
Ben Ahmed,Morocco,33.0714,-7.2436,2026-09-18,2026-09-17 10:41:22.223726+00:00,28.0,14.3,0.0,0,17.3,32.8,3,open-meteo,5.44,90.19
Ben Ahmed,Morocco,33.0714,-7.2436,2026-09-19,2026-09-17 10:41:22.223726+00:00,31.6,16.3,0.0,0,16.1,30.2,2,open-meteo,5.03,93.48
Ben Ahmed,Morocco,33.0714,-7.2436,2026-09-20,2026-09-17 10:41:22.223726+00:00,34.3,21.0,0.0,3,19.0,37.1,2,open-meteo,6.08,92.74
Ben Ahmed,Morocco,33.0714,-7.2436,2026-09-21,2026-09-17 10:41:22.223726+00:00,35.0,20.7,0.0,3,19.9,40.3,2,open-meteo,6.52,92.44
Ben Ahmed,Morocco,33.0714,-7.2436,2026-09-22,2026-09-17 10:41:22.223726+00:00,33.8,17.7,0.0,0,18.5,36.7,1,open-meteo,5.98,95.81
Ben Ahmed,Morocco,33.0714,-7.2436,2026-09-23,2026-09-17 10:41:22.223726+00:00,32.9,16.6,0.0,3,19.6,38.2,2,open-meteo,6.27,92.61
Aït Faska,Morocco,31.5058,-7.7161,2026-09-17,2026-09-17 10:41:22.424236+00:00,28.5,16.0,0.0,0,11.1,22.3,3,open-meteo,3.62,91.47
Aït Faska,Morocco,31.5058,-7.7161,2026-09-18,2026-09-17 10:41:22.424236+00:00,30.3,16.8,0.0,0,11.6,24.5,2,open-meteo,3.9,94.27
Aït Faska,Morocco,31.5058,-7.7161,2026-09-19,2026-09-17 10:41:22.424236+00:00,34.1,20.2,0.0,6,11.0,23.4,3,open-meteo,3.72,91.4
Aït Faska,Morocco,31.5058,-7.7161,2026-09-20,2026-09-17 10:41:22.424236+00:00,36.1,23.3,0.3,23,13.7,26.3,80,open-meteo,9.14,77.1
Aït Faska,Morocco,31.5058,-7.7161,2026-09-21,2026-09-17 10:41:22.424236+00:00,35.7,22.2,1.2,13,15.4,30.6,80,open-meteo,9.39,76.93
Aït Faska,Morocco,31.5058,-7.7161,2026-09-22,2026-09-17 10:41:22.424236+00:00,35.4,20.5,0.0,8,12.2,24.1,1,open-meteo,5.53,96.13
Aït Faska,Morocco,31.5058,-7.7161,2026-09-23,2026-09-17 10:41:22.424236+00:00,35.4,17.9,0.0,3,10.7,22.0,1,open-meteo,5.14,96.4
Aïn Taoujdat,Morocco,33.9333,-5.2167,2026-09-17,2026-09-17 10:41:22.517517+00:00,27.6,16.7,0.0,0,14.9,29.2,45,open-meteo,4.78,84.65
Aïn Taoujdat,Morocco,33.9333,-5.2167,2026-09-18,2026-09-17 10:41:22.517517+00:00,29.9,16.3,0.0,0,15.9,30.6,3,open-meteo,5.05,90.47
Aïn Taoujdat,Morocco,33.9333,-5.2167,2026-09-19,2026-09-17 10:41:22.517517+00:00,33.5,18.5,0.0,3,16.4,32.0,2,open-meteo,5.25,93.33
Aïn Taoujdat,Morocco,33.9333,-5.2167,2026-09-20,2026-09-17 10:41:22.517517+00:00,35.6,20.8,0.0,0,15.5,30.6,2,open-meteo,7.4,91.82
Aïn Taoujdat,Morocco,33.9333,-5.2167,2026-09-21,2026-09-17 10:41:22.517517+00:00,35.2,21.0,0.0,5,14.0,27.0,2,open-meteo,5.25,93.33
Aïn Taoujdat,Morocco,33.9333,-5.2167,2026-09-22,2026-09-17 10:41:22.517517+00:00,34.8,20.0,0.0,0,15.8,29.5,0,open-meteo,4.92,96.56
Aïn Taoujdat,Morocco,33.9333,-5.2167,2026-09-23,2026-09-17 10:41:22.517517+00:00,35.3,19.6,0.0,0,18.8,34.9,1,open-meteo,7.04,95.07
Ksebia,Morocco,34.2933,-6.1594,2026-09-17,2026-09-17 10:41:22.610875+00:00,27.6,17.5,0.0,0,15.4,29.2,3,open-meteo,4.85,90.61
Ksebia,Morocco,34.2933,-6.1594,2026-09-18,2026-09-17 10:41:22.610875+00:00,30.1,16.3,0.0,0,18.0,33.8,45,open-meteo,5.63,84.06
Ksebia,Morocco,34.2933,-6.1594,2026-09-19,2026-09-17 10:41:22.610875+00:00,35.9,17.2,0.0,0,16.5,32.0,45,open-meteo,8.86,81.8
Ksebia,Morocco,34.2933,-6.1594,2026-09-20,2026-09-17 10:41:22.610875+00:00,38.2,21.9,0.0,0,14.8,31.3,2,open-meteo,17.78,84.55
Ksebia,Morocco,34.2933,-6.1594,2026-09-21,2026-09-17 10:41:22.610875+00:00,36.7,20.8,0.0,0,15.8,32.8,1,open-meteo,12.06,91.56
Ksebia,Morocco,34.2933,-6.1594,2026-09-22,2026-09-17 10:41:22.610875+00:00,33.2,19.9,0.0,0,16.8,31.7,45,open-meteo,5.27,84.31
Ksebia,Morocco,34.2933,-6.1594,2026-09-23,2026-09-17 10:41:22.610875+00:00,34.2,18.8,0.0,0,18.4,34.6,1,open-meteo,5.76,95.97
Dar Bel Hamri,Morocco,34.1889,-5.9697,2026-09-17,2026-09-17 10:41:22.725550+00:00,28.8,18.3,0.0,0,16.1,29.2,3,open-meteo,4.93,90.55
Dar Bel Hamri,Morocco,34.1889,-5.9697,2026-09-18,2026-09-17 10:41:22.725550+00:00,31.4,16.5,0.0,0,18.9,34.9,45,open-meteo,5.85,83.91
Dar Bel Hamri,Morocco,34.1889,-5.9697,2026-09-19,2026-09-17 10:41:22.725550+00:00,36.9,18.7,0.0,0,16.3,29.5,1,open-meteo,12.59,91.19
Dar Bel Hamri,Morocco,34.1889,-5.9697,2026-09-20,2026-09-17 10:41:22.725550+00:00,39.0,22.0,0.0,0,15.9,34.6,2,open-meteo,21.45,81.98
Dar Bel Hamri,Morocco,34.1889,-5.9697,2026-09-21,2026-09-17 10:41:22.725550+00:00,38.0,22.2,0.0,3,17.2,37.1,1,open-meteo,17.86,87.5
Dar Bel Hamri,Morocco,34.1889,-5.9697,2026-09-22,2026-09-17 10:41:22.725550+00:00,35.6,20.4,0.0,0,14.4,31.0,0,open-meteo,7.3,94.89
Dar Bel Hamri,Morocco,34.1889,-5.9697,2026-09-23,2026-09-17 10:41:22.725550+00:00,37.1,18.8,0.0,0,14.2,33.1,45,open-meteo,13.49,78.56
Sidi Smai’il,Morocco,32.8167,-8.5,2026-09-17,2026-09-17 10:41:22.830223+00:00,26.8,18.4,0.0,0,17.4,31.0,3,open-meteo,5.27,90.31
Sidi Smai’il,Morocco,32.8167,-8.5,2026-09-18,2026-09-17 10:41:22.830223+00:00,28.6,18.1,0.0,0,18.9,33.5,3,open-meteo,5.71,90.0
Sidi Smai’il,Morocco,32.8167,-8.5,2026-09-19,2026-09-17 10:41:22.830223+00:00,30.7,17.3,0.0,0,16.5,29.2,3,open-meteo,4.98,90.51
Sidi Smai’il,Morocco,32.8167,-8.5,2026-09-20,2026-09-17 10:41:22.830223+00:00,31.9,19.9,0.0,0,15.7,28.4,45,open-meteo,4.8,84.64
Sidi Smai’il,Morocco,32.8167,-8.5,2026-09-21,2026-09-17 10:41:22.830223+00:00,33.1,19.1,0.0,0,16.9,30.2,45,open-meteo,5.13,84.41
Sidi Smai’il,Morocco,32.8167,-8.5,2026-09-22,2026-09-17 10:41:22.830223+00:00,31.5,19.4,0.0,0,15.3,29.2,45,open-meteo,4.83,84.62
Sidi Smai’il,Morocco,32.8167,-8.5,2026-09-23,2026-09-17 10:41:22.830223+00:00,31.1,19.5,0.0,0,17.8,34.2,45,open-meteo,5.64,84.05
Moulay Bousselham,Morocco,34.8786,-6.2933,2026-09-17,2026-09-17 10:41:22.923228+00:00,24.6,18.1,0.0,0,12.0,20.2,3,open-meteo,3.52,91.54
Moulay Bousselham,Morocco,34.8786,-6.2933,2026-09-18,2026-09-17 10:41:22.923228+00:00,24.6,15.0,0.0,0,20.8,34.6,45,open-meteo,6.06,83.76
Moulay Bousselham,Morocco,34.8786,-6.2933,2026-09-19,2026-09-17 10:41:22.923228+00:00,29.2,18.0,0.0,0,14.8,25.9,45,open-meteo,4.44,84.89
Moulay Bousselham,Morocco,34.8786,-6.2933,2026-09-20,2026-09-17 10:41:22.923228+00:00,33.1,22.1,0.0,0,15.5,28.4,1,open-meteo,4.78,96.65
Moulay Bousselham,Morocco,34.8786,-6.2933,2026-09-21,2026-09-17 10:41:22.923228+00:00,30.3,20.8,0.0,0,16.9,29.9,1,open-meteo,5.1,96.43
Moulay Bousselham,Morocco,34.8786,-6.2933,2026-09-22,2026-09-17 10:41:22.923228+00:00,30.7,19.8,0.0,0,17.7,33.1,45,open-meteo,5.52,84.14
Moulay Bousselham,Morocco,34.8786,-6.2933,2026-09-23,2026-09-17 10:41:22.923228+00:00,30.4,18.7,0.0,0,16.4,29.9,45,open-meteo,5.04,84.47
Mechraa Bel Ksiri,Morocco,34.56,-5.95,2026-09-17,2026-09-17 10:41:23.023565+00:00,28.3,18.3,0.0,0,14.8,27.7,3,open-meteo,4.62,90.77
Mechraa Bel Ksiri,Morocco,34.56,-5.95,2026-09-18,2026-09-17 10:41:23.023565+00:00,31.2,16.0,0.0,0,18.7,35.6,3,open-meteo,5.9,89.87
Mechraa Bel Ksiri,Morocco,34.56,-5.95,2026-09-19,2026-09-17 10:41:23.023565+00:00,36.6,18.0,0.0,0,15.9,28.4,45,open-meteo,11.23,80.14
Mechraa Bel Ksiri,Morocco,34.56,-5.95,2026-09-20,2026-09-17 10:41:23.023565+00:00,38.5,25.2,0.0,0,21.8,40.7,2,open-meteo,20.79,82.45
Mechraa Bel Ksiri,Morocco,34.56,-5.95,2026-09-21,2026-09-17 10:41:23.023565+00:00,37.4,22.6,0.0,0,15.0,30.6,1,open-meteo,14.53,89.83
Mechraa Bel Ksiri,Morocco,34.56,-5.95,2026-09-22,2026-09-17 10:41:23.023565+00:00,35.1,20.4,0.0,0,15.9,30.2,45,open-meteo,5.41,84.21
Mechraa Bel Ksiri,Morocco,34.56,-5.95,2026-09-23,2026-09-17 10:41:23.023565+00:00,36.2,18.6,0.0,0,15.6,31.3,45,open-meteo,9.88,81.08
Souk et Tnine Jorf el Mellah,Morocco,34.4945,-5.5047,2026-09-17,2026-09-17 10:41:23.175774+00:00,29.3,19.4,0.0,0,13.9,25.9,3,open-meteo,4.33,90.97
Souk et Tnine Jorf el Mellah,Morocco,34.4945,-5.5047,2026-09-18,2026-09-17 10:41:23.175774+00:00,32.4,16.5,0.0,0,12.3,22.3,45,open-meteo,3.77,85.36
Souk et Tnine Jorf el Mellah,Morocco,34.4945,-5.5047,2026-09-19,2026-09-17 10:41:23.175774+00:00,37.1,20.1,0.0,0,22.4,44.3,1,open-meteo,15.63,89.06
Souk et Tnine Jorf el Mellah,Morocco,34.4945,-5.5047,2026-09-20,2026-09-17 10:41:23.175774+00:00,38.2,25.2,0.0,0,20.0,38.2,2,open-meteo,19.12,83.62
Souk et Tnine Jorf el Mellah,Morocco,34.4945,-5.5047,2026-09-21,2026-09-17 10:41:23.175774+00:00,37.5,24.5,0.0,3,16.1,30.6,1,open-meteo,15.07,89.45
Souk et Tnine Jorf el Mellah,Morocco,34.4945,-5.5047,2026-09-22,2026-09-17 10:41:23.175774+00:00,36.8,23.1,0.0,0,14.1,24.8,3,open-meteo,11.44,85.99
Souk et Tnine Jorf el Mellah,Morocco,34.4945,-5.5047,2026-09-23,2026-09-17 10:41:23.175774+00:00,38.0,20.0,0.0,0,10.9,19.1,1,open-meteo,15.27,89.31
Zeghanghane,Morocco,35.1575,-3.0017,2026-09-17,2026-09-17 10:41:23.289638+00:00,27.2,19.4,0.0,0,15.3,30.6,3,open-meteo,4.97,90.52
Zeghanghane,Morocco,35.1575,-3.0017,2026-09-18,2026-09-17 10:41:23.289638+00:00,26.4,20.3,0.0,0,20.9,40.3,45,open-meteo,6.64,83.35
Zeghanghane,Morocco,35.1575,-3.0017,2026-09-19,2026-09-17 10:41:23.289638+00:00,26.0,21.8,0.2,8,28.5,56.5,3,open-meteo,9.48,87.36
Zeghanghane,Morocco,35.1575,-3.0017,2026-09-20,2026-09-17 10:41:23.289638+00:00,26.5,23.1,0.3,18,30.0,60.8,2,open-meteo,10.23,89.84
Zeghanghane,Morocco,35.1575,-3.0017,2026-09-21,2026-09-17 10:41:23.289638+00:00,25.9,21.8,0.6,23,23.7,49.3,3,open-meteo,8.69,87.92
Zeghanghane,Morocco,35.1575,-3.0017,2026-09-22,2026-09-17 10:41:23.289638+00:00,27.4,20.9,0.0,3,19.6,36.4,45,open-meteo,6.09,83.74
Zeghanghane,Morocco,35.1575,-3.0017,2026-09-23,2026-09-17 10:41:23.289638+00:00,27.9,20.0,0.0,0,16.8,31.3,2,open-meteo,5.23,93.34
Bni Frassen,Morocco,34.3819,-4.3761,2026-09-17,2026-09-17 10:41:23.382029+00:00,29.7,17.4,0.0,0,13.7,27.0,3,open-meteo,4.41,90.91
Bni Frassen,Morocco,34.3819,-4.3761,2026-09-18,2026-09-17 10:41:23.382029+00:00,32.0,19.9,0.0,0,20.5,46.4,3,open-meteo,7.2,88.96
Bni Frassen,Morocco,34.3819,-4.3761,2026-09-19,2026-09-17 10:41:23.382029+00:00,30.9,21.5,0.0,0,35.3,72.4,2,open-meteo,11.65,88.84
Bni Frassen,Morocco,34.3819,-4.3761,2026-09-20,2026-09-17 10:41:23.382029+00:00,33.4,23.5,0.0,0,27.7,55.1,2,open-meteo,8.97,90.72
Bni Frassen,Morocco,34.3819,-4.3761,2026-09-21,2026-09-17 10:41:23.382029+00:00,32.5,23.1,0.0,0,24.9,51.1,3,open-meteo,8.22,88.25
Bni Frassen,Morocco,34.3819,-4.3761,2026-09-22,2026-09-17 10:41:23.382029+00:00,34.9,23.1,0.0,0,17.5,38.9,3,open-meteo,6.08,89.74
Bni Frassen,Morocco,34.3819,-4.3761,2026-09-23,2026-09-17 10:41:23.382029+00:00,35.3,23.2,0.0,0,16.3,31.3,0,open-meteo,6.37,95.54
Oulad Barhil,Morocco,30.6408,-8.475,2026-09-17,2026-09-17 10:41:23.481973+00:00,29.8,17.6,0.0,0,28.4,49.7,3,open-meteo,8.52,88.04
Oulad Barhil,Morocco,30.6408,-8.475,2026-09-18,2026-09-17 10:41:23.481973+00:00,30.4,17.2,0.0,0,27.1,48.2,3,open-meteo,8.21,88.25
Oulad Barhil,Morocco,30.6408,-8.475,2026-09-19,2026-09-17 10:41:23.481973+00:00,33.2,19.9,0.0,0,26.7,49.0,2,open-meteo,8.24,91.23
Oulad Barhil,Morocco,30.6408,-8.475,2026-09-20,2026-09-17 10:41:23.481973+00:00,37.0,20.6,0.0,3,30.3,58.3,2,open-meteo,17.62,84.67
Oulad Barhil,Morocco,30.6408,-8.475,2026-09-21,2026-09-17 10:41:23.481973+00:00,38.2,21.5,0.0,3,29.8,54.4,2,open-meteo,21.97,81.62
Oulad Barhil,Morocco,30.6408,-8.475,2026-09-22,2026-09-17 10:41:23.481973+00:00,37.7,20.3,0.0,0,24.5,52.2,1,open-meteo,19.08,86.64
Oulad Barhil,Morocco,30.6408,-8.475,2026-09-23,2026-09-17 10:41:23.481973+00:00,38.3,18.8,0.0,0,21.6,41.0,1,open-meteo,20.0,86.0
Bir Jdid,Morocco,33.3737,-8.0002,2026-09-17,2026-09-17 10:41:23.576260+00:00,25.6,18.5,0.0,0,17.3,33.1,3,open-meteo,5.47,90.17
Bir Jdid,Morocco,33.3737,-8.0002,2026-09-18,2026-09-17 10:41:23.576260+00:00,25.7,17.3,0.0,0,17.6,34.2,3,open-meteo,5.62,90.07
Bir Jdid,Morocco,33.3737,-8.0002,2026-09-19,2026-09-17 10:41:23.576260+00:00,27.3,18.5,0.0,0,16.9,33.1,45,open-meteo,5.42,84.21
Bir Jdid,Morocco,33.3737,-8.0002,2026-09-20,2026-09-17 10:41:23.576260+00:00,30.0,20.3,0.0,0,15.2,29.5,45,open-meteo,4.85,84.61
Bir Jdid,Morocco,33.3737,-8.0002,2026-09-21,2026-09-17 10:41:23.576260+00:00,28.8,19.8,0.0,0,15.0,30.2,45,open-meteo,4.9,84.57
Bir Jdid,Morocco,33.3737,-8.0002,2026-09-22,2026-09-17 10:41:23.576260+00:00,29.2,20.3,0.0,0,14.0,28.1,45,open-meteo,4.56,84.81
Bir Jdid,Morocco,33.3737,-8.0002,2026-09-23,2026-09-17 10:41:23.576260+00:00,28.2,20.1,0.0,0,16.7,33.1,45,open-meteo,5.4,84.22
Bou Arfa,Morocco,32.531,-1.9631,2026-09-17,2026-09-17 10:41:23.670975+00:00,31.2,17.0,0.1,8,20.6,31.7,3,open-meteo,5.88,89.88
Bou Arfa,Morocco,32.531,-1.9631,2026-09-18,2026-09-17 10:41:23.670975+00:00,30.1,18.7,0.3,20,15.1,29.5,3,open-meteo,5.24,90.33
Bou Arfa,Morocco,32.531,-1.9631,2026-09-19,2026-09-17 10:41:23.670975+00:00,27.4,19.5,1.1,50,23.7,52.9,80,open-meteo,9.72,76.7
Bou Arfa,Morocco,32.531,-1.9631,2026-09-20,2026-09-17 10:41:23.670975+00:00,28.2,16.7,0.9,24,15.3,23.8,3,open-meteo,5.49,90.16
Bou Arfa,Morocco,32.531,-1.9631,2026-09-21,2026-09-17 10:41:23.670975+00:00,22.6,17.2,10.5,43,16.7,42.1,95,open-meteo,20.3,58.79
Bou Arfa,Morocco,32.531,-1.9631,2026-09-22,2026-09-17 10:41:23.670975+00:00,28.3,16.0,0.0,13,11.8,18.7,3,open-meteo,3.35,91.66
Bou Arfa,Morocco,32.531,-1.9631,2026-09-23,2026-09-17 10:41:23.670975+00:00,29.5,16.7,0.0,13,15.0,24.1,2,open-meteo,4.29,94.0
Oulad Zemam,Morocco,32.35,-6.6333,2026-09-17,2026-09-17 10:41:23.770748+00:00,32.9,16.9,0.0,0,12.6,23.4,2,open-meteo,3.92,94.26
Oulad Zemam,Morocco,32.35,-6.6333,2026-09-18,2026-09-17 10:41:23.770748+00:00,34.2,17.7,0.0,0,12.7,21.6,3,open-meteo,3.75,91.38
Oulad Zemam,Morocco,32.35,-6.6333,2026-09-19,2026-09-17 10:41:23.770748+00:00,38.0,20.0,0.0,0,8.1,16.2,3,open-meteo,14.63,83.76
Oulad Zemam,Morocco,32.35,-6.6333,2026-09-20,2026-09-17 10:41:23.770748+00:00,39.4,22.7,0.3,5,15.1,27.0,3,open-meteo,22.59,78.19
Oulad Zemam,Morocco,32.35,-6.6333,2026-09-21,2026-09-17 10:41:23.770748+00:00,38.6,22.5,0.3,3,12.0,25.6,2,open-meteo,18.86,83.8
Oulad Zemam,Morocco,32.35,-6.6333,2026-09-22,2026-09-17 10:41:23.770748+00:00,38.1,22.2,0.0,0,14.5,25.6,2,open-meteo,16.77,85.26
Oulad Zemam,Morocco,32.35,-6.6333,2026-09-23,2026-09-17 10:41:23.770748+00:00,38.7,22.6,0.0,0,12.0,22.3,1,open-meteo,18.53,87.03
Taza,Morocco,35.0639,-5.2025,2026-09-17,2026-09-17 10:41:23.890235+00:00,26.3,13.7,0.0,0,13.3,26.6,3,open-meteo,4.32,90.98
Taza,Morocco,35.0639,-5.2025,2026-09-18,2026-09-17 10:41:23.890235+00:00,28.0,14.9,0.0,0,14.0,26.3,3,open-meteo,4.38,90.93
Taza,Morocco,35.0639,-5.2025,2026-09-19,2026-09-17 10:41:23.890235+00:00,29.4,19.5,0.0,0,16.1,31.3,1,open-meteo,5.14,96.4
Taza,Morocco,35.0639,-5.2025,2026-09-20,2026-09-17 10:41:23.890235+00:00,30.6,21.2,0.0,0,14.7,26.6,1,open-meteo,4.5,96.85
Taza,Morocco,35.0639,-5.2025,2026-09-21,2026-09-17 10:41:23.890235+00:00,30.8,20.4,0.0,3,13.2,24.5,1,open-meteo,4.1,97.13
Taza,Morocco,35.0639,-5.2025,2026-09-22,2026-09-17 10:41:23.890235+00:00,29.6,19.1,0.0,0,14.1,28.4,3,open-meteo,4.6,90.78
Taza,Morocco,35.0639,-5.2025,2026-09-23,2026-09-17 10:41:23.890235+00:00,30.5,19.3,0.0,0,15.0,29.9,1,open-meteo,4.87,96.59
Selouane,Morocco,35.0708,-2.9392,2026-09-17,2026-09-17 10:41:23.985919+00:00,27.2,18.6,0.0,0,19.7,34.2,3,open-meteo,5.88,89.88
Selouane,Morocco,35.0708,-2.9392,2026-09-18,2026-09-17 10:41:23.985919+00:00,26.5,20.2,0.0,0,23.0,39.6,45,open-meteo,6.83,83.22
Selouane,Morocco,35.0708,-2.9392,2026-09-19,2026-09-17 10:41:23.985919+00:00,26.5,21.3,0.0,8,30.2,53.3,3,open-meteo,9.1,87.63
Selouane,Morocco,35.0708,-2.9392,2026-09-20,2026-09-17 10:41:23.985919+00:00,27.0,22.9,0.0,18,30.6,52.9,3,open-meteo,9.12,87.62
Selouane,Morocco,35.0708,-2.9392,2026-09-21,2026-09-17 10:41:23.985919+00:00,26.5,21.5,0.0,23,25.7,46.4,3,open-meteo,7.85,88.5
Selouane,Morocco,35.0708,-2.9392,2026-09-22,2026-09-17 10:41:23.985919+00:00,27.6,20.2,0.0,3,19.6,36.4,45,open-meteo,6.09,83.74
Selouane,Morocco,35.0708,-2.9392,2026-09-23,2026-09-17 10:41:23.985919+00:00,28.1,20.2,0.0,0,16.8,31.3,2,open-meteo,5.23,93.34
Fritissa,Morocco,33.6962,-3.438,2026-09-17,2026-09-17 10:41:24.088071+00:00,29.7,17.9,0.0,0,29.2,45.7,3,open-meteo,8.22,88.25
Fritissa,Morocco,33.6962,-3.438,2026-09-18,2026-09-17 10:41:24.088071+00:00,28.7,17.2,0.0,5,28.9,46.1,3,open-meteo,8.22,88.25
Fritissa,Morocco,33.6962,-3.438,2026-09-19,2026-09-17 10:41:24.088071+00:00,29.1,18.3,0.0,30,22.0,40.3,3,open-meteo,6.78,89.25
Fritissa,Morocco,33.6962,-3.438,2026-09-20,2026-09-17 10:41:24.088071+00:00,31.1,18.5,0.0,5,26.0,41.8,2,open-meteo,7.43,91.8
Fritissa,Morocco,33.6962,-3.438,2026-09-21,2026-09-17 10:41:24.088071+00:00,29.2,19.8,0.9,10,23.1,36.7,80,open-meteo,7.76,78.07
Fritissa,Morocco,33.6962,-3.438,2026-09-22,2026-09-17 10:41:24.088071+00:00,30.4,18.5,0.0,3,18.2,33.8,2,open-meteo,5.65,93.04
Fritissa,Morocco,33.6962,-3.438,2026-09-23,2026-09-17 10:41:24.088071+00:00,30.9,17.8,0.0,3,21.9,40.0,1,open-meteo,6.74,95.28
Tahannawt,Morocco,31.3514,-7.9508,2026-09-17,2026-09-17 10:41:24.183973+00:00,26.6,14.4,0.0,0,14.5,27.7,3,open-meteo,4.58,90.79
Tahannawt,Morocco,31.3514,-7.9508,2026-09-18,2026-09-17 10:41:24.183973+00:00,28.1,14.7,0.0,0,13.2,25.9,2,open-meteo,4.24,94.03
Tahannawt,Morocco,31.3514,-7.9508,2026-09-19,2026-09-17 10:41:24.183973+00:00,31.6,18.3,0.0,15,12.1,25.6,2,open-meteo,4.07,94.15
Tahannawt,Morocco,31.3514,-7.9508,2026-09-20,2026-09-17 10:41:24.183973+00:00,33.7,21.4,0.3,28,14.0,32.0,3,open-meteo,5.35,90.25
Tahannawt,Morocco,31.3514,-7.9508,2026-09-21,2026-09-17 10:41:24.183973+00:00,33.2,21.2,1.2,13,16.0,43.9,80,open-meteo,7.99,77.91
Tahannawt,Morocco,31.3514,-7.9508,2026-09-22,2026-09-17 10:41:24.183973+00:00,33.1,19.3,0.0,8,15.5,27.7,0,open-meteo,4.71,96.7
Tahannawt,Morocco,31.3514,-7.9508,2026-09-23,2026-09-17 10:41:24.183973+00:00,32.9,16.6,0.0,0,13.9,25.6,2,open-meteo,4.3,93.99
Sidi Allal el Bahraoui,Morocco,33.983,-6.417,2026-09-17,2026-09-17 10:41:24.280429+00:00,27.4,16.6,0.0,0,14.3,27.0,3,open-meteo,4.49,90.86
Sidi Allal el Bahraoui,Morocco,33.983,-6.417,2026-09-18,2026-09-17 10:41:24.280429+00:00,29.1,15.7,0.0,0,16.5,31.7,45,open-meteo,5.23,84.34
Sidi Allal el Bahraoui,Morocco,33.983,-6.417,2026-09-19,2026-09-17 10:41:24.280429+00:00,34.6,17.1,0.0,0,18.8,35.6,2,open-meteo,5.91,92.86
Sidi Allal el Bahraoui,Morocco,33.983,-6.417,2026-09-20,2026-09-17 10:41:24.280429+00:00,35.9,20.9,0.0,0,14.1,27.7,2,open-meteo,8.13,91.31
Sidi Allal el Bahraoui,Morocco,33.983,-6.417,2026-09-21,2026-09-17 10:41:24.280429+00:00,35.2,21.1,0.0,0,15.5,30.6,1,open-meteo,5.8,95.94
Sidi Allal el Bahraoui,Morocco,33.983,-6.417,2026-09-22,2026-09-17 10:41:24.280429+00:00,34.1,20.4,0.0,0,15.3,31.7,0,open-meteo,5.08,96.44
Sidi Allal el Bahraoui,Morocco,33.983,-6.417,2026-09-23,2026-09-17 10:41:24.280429+00:00,34.6,19.6,0.0,0,18.1,36.4,1,open-meteo,5.9,95.87
El Mansouria,Morocco,33.75,-7.3,2026-09-17,2026-09-17 10:41:24.403901+00:00,24.4,19.4,0.0,0,15.2,26.3,3,open-meteo,4.53,90.83
El Mansouria,Morocco,33.75,-7.3,2026-09-18,2026-09-17 10:41:24.403901+00:00,23.7,17.6,0.0,0,14.4,24.8,3,open-meteo,4.28,91.0
El Mansouria,Morocco,33.75,-7.3,2026-09-19,2026-09-17 10:41:24.403901+00:00,25.1,18.4,0.0,0,13.8,24.1,45,open-meteo,4.14,85.1
El Mansouria,Morocco,33.75,-7.3,2026-09-20,2026-09-17 10:41:24.403901+00:00,26.4,20.8,0.0,0,11.5,20.2,45,open-meteo,3.46,85.58
El Mansouria,Morocco,33.75,-7.3,2026-09-21,2026-09-17 10:41:24.403901+00:00,25.6,20.9,0.0,0,12.4,22.0,45,open-meteo,3.75,85.38
El Mansouria,Morocco,33.75,-7.3,2026-09-22,2026-09-17 10:41:24.403901+00:00,27.0,20.7,0.0,0,12.4,23.0,45,open-meteo,3.85,85.3
El Mansouria,Morocco,33.75,-7.3,2026-09-23,2026-09-17 10:41:24.403901+00:00,26.4,20.4,0.0,0,13.6,25.2,45,open-meteo,4.22,85.05
Arfoud,Morocco,31.4361,-4.2328,2026-09-17,2026-09-17 10:41:24.508085+00:00,34.6,21.5,0.1,10,23.7,37.8,3,open-meteo,6.88,89.18
Arfoud,Morocco,31.4361,-4.2328,2026-09-18,2026-09-17 10:41:24.508085+00:00,34.2,21.3,0.0,13,19.8,35.3,3,open-meteo,6.0,89.8
Arfoud,Morocco,31.4361,-4.2328,2026-09-19,2026-09-17 10:41:24.508085+00:00,34.8,23.3,0.2,10,30.6,55.1,80,open-meteo,9.6,76.78
Arfoud,Morocco,31.4361,-4.2328,2026-09-20,2026-09-17 10:41:24.508085+00:00,32.5,21.6,0.4,8,20.3,32.0,80,open-meteo,6.27,79.11
Arfoud,Morocco,31.4361,-4.2328,2026-09-21,2026-09-17 10:41:24.508085+00:00,31.3,22.4,1.8,30,31.7,57.6,61,open-meteo,12.12,78.02
Arfoud,Morocco,31.4361,-4.2328,2026-09-22,2026-09-17 10:41:24.508085+00:00,32.2,19.6,0.0,10,7.0,13.7,3,open-meteo,2.24,92.43
Arfoud,Morocco,31.4361,-4.2328,2026-09-23,2026-09-17 10:41:24.508085+00:00,33.5,21.6,0.0,8,5.6,10.8,2,open-meteo,1.78,95.75
Sabaa Aiyoun,Morocco,33.9031,-5.3786,2026-09-17,2026-09-17 10:41:24.602652+00:00,28.5,15.3,0.0,0,13.5,25.9,45,open-meteo,4.28,85.0
Sabaa Aiyoun,Morocco,33.9031,-5.3786,2026-09-18,2026-09-17 10:41:24.602652+00:00,29.6,16.0,0.0,0,15.0,28.1,3,open-meteo,4.69,90.72
Sabaa Aiyoun,Morocco,33.9031,-5.3786,2026-09-19,2026-09-17 10:41:24.602652+00:00,33.1,18.7,0.0,3,19.1,35.6,2,open-meteo,5.95,92.83
Sabaa Aiyoun,Morocco,33.9031,-5.3786,2026-09-20,2026-09-17 10:41:24.602652+00:00,35.2,20.7,0.0,0,18.8,36.0,2,open-meteo,6.75,92.27
Sabaa Aiyoun,Morocco,33.9031,-5.3786,2026-09-21,2026-09-17 10:41:24.602652+00:00,34.4,20.5,0.0,5,15.9,31.3,1,open-meteo,5.12,96.42
Sabaa Aiyoun,Morocco,33.9031,-5.3786,2026-09-22,2026-09-17 10:41:24.602652+00:00,34.4,19.5,0.0,0,16.6,30.6,1,open-meteo,5.14,96.4
Sabaa Aiyoun,Morocco,33.9031,-5.3786,2026-09-23,2026-09-17 10:41:24.602652+00:00,34.8,20.5,0.0,0,18.7,35.3,1,open-meteo,5.87,95.89
Ej Jem’a Ghemat,Morocco,31.4278,-7.7922,2026-09-17,2026-09-17 10:41:24.705088+00:00,27.8,15.9,0.0,0,11.8,23.8,3,open-meteo,3.85,91.3
Ej Jem’a Ghemat,Morocco,31.4278,-7.7922,2026-09-18,2026-09-17 10:41:24.705088+00:00,29.4,16.0,0.0,0,10.8,21.6,3,open-meteo,3.51,91.54
Ej Jem’a Ghemat,Morocco,31.4278,-7.7922,2026-09-19,2026-09-17 10:41:24.705088+00:00,33.1,18.2,0.0,8,12.3,24.5,3,open-meteo,3.99,91.21
Ej Jem’a Ghemat,Morocco,31.4278,-7.7922,2026-09-20,2026-09-17 10:41:24.705088+00:00,35.2,22.0,0.0,25,13.7,36.0,3,open-meteo,6.11,89.72
Ej Jem’a Ghemat,Morocco,31.4278,-7.7922,2026-09-21,2026-09-17 10:41:24.705088+00:00,34.8,21.2,0.9,10,14.0,40.7,3,open-meteo,7.02,89.09
Ej Jem’a Ghemat,Morocco,31.4278,-7.7922,2026-09-22,2026-09-17 10:41:24.705088+00:00,33.9,21.1,0.0,8,14.8,29.2,0,open-meteo,4.77,96.66
Ej Jem’a Ghemat,Morocco,31.4278,-7.7922,2026-09-23,2026-09-17 10:41:24.705088+00:00,33.7,18.6,0.0,3,13.0,27.0,1,open-meteo,4.33,96.97
Tahla,Morocco,34.05,-4.42,2026-09-17,2026-09-17 10:41:24.805239+00:00,28.5,16.3,0.0,0,13.5,25.9,3,open-meteo,4.28,91.0
Tahla,Morocco,34.05,-4.42,2026-09-18,2026-09-17 10:41:24.805239+00:00,31.2,16.0,0.0,0,13.7,26.3,2,open-meteo,4.34,93.96
Tahla,Morocco,34.05,-4.42,2026-09-19,2026-09-17 10:41:24.805239+00:00,32.4,20.3,0.0,0,25.2,50.4,2,open-meteo,8.19,91.27
Tahla,Morocco,34.05,-4.42,2026-09-20,2026-09-17 10:41:24.805239+00:00,33.9,21.7,0.0,0,20.0,45.7,2,open-meteo,7.07,92.05
Tahla,Morocco,34.05,-4.42,2026-09-21,2026-09-17 10:41:24.805239+00:00,33.5,21.8,0.0,3,19.7,37.1,2,open-meteo,6.17,92.68
Tahla,Morocco,34.05,-4.42,2026-09-22,2026-09-17 10:41:24.805239+00:00,33.6,21.1,0.0,0,11.8,22.0,1,open-meteo,3.68,97.42
Tahla,Morocco,34.05,-4.42,2026-09-23,2026-09-17 10:41:24.805239+00:00,33.9,20.3,0.0,0,17.3,30.6,0,open-meteo,5.22,96.35
Aïn Cheggag,Morocco,33.8635,-5.0599,2026-09-17,2026-09-17 10:41:24.905259+00:00,27.4,16.6,0.0,0,14.5,27.4,45,open-meteo,4.55,84.81
Aïn Cheggag,Morocco,33.8635,-5.0599,2026-09-18,2026-09-17 10:41:24.905259+00:00,29.3,16.8,0.0,0,15.1,28.8,3,open-meteo,4.77,90.66
Aïn Cheggag,Morocco,33.8635,-5.0599,2026-09-19,2026-09-17 10:41:24.905259+00:00,32.2,18.7,0.0,3,19.9,37.1,2,open-meteo,6.2,92.66
Aïn Cheggag,Morocco,33.8635,-5.0599,2026-09-20,2026-09-17 10:41:24.905259+00:00,34.5,20.9,0.0,0,15.9,32.0,2,open-meteo,5.19,93.37
Aïn Cheggag,Morocco,33.8635,-5.0599,2026-09-21,2026-09-17 10:41:24.905259+00:00,34.2,21.0,0.0,5,13.7,27.0,3,open-meteo,4.41,90.91
Aïn Cheggag,Morocco,33.8635,-5.0599,2026-09-22,2026-09-17 10:41:24.905259+00:00,33.0,20.7,0.0,3,18.3,34.9,0,open-meteo,5.78,95.95
Aïn Cheggag,Morocco,33.8635,-5.0599,2026-09-23,2026-09-17 10:41:24.905259+00:00,33.8,22.2,0.0,3,19.2,36.7,1,open-meteo,6.07,95.75
Rich,Morocco,32.2593,-4.4991,2026-09-17,2026-09-17 10:41:25.012044+00:00,30.0,14.0,0.8,75,28.9,64.8,61,open-meteo,11.16,78.69
Rich,Morocco,32.2593,-4.4991,2026-09-18,2026-09-17 10:41:25.012044+00:00,29.8,13.6,0.1,53,28.5,45.0,3,open-meteo,8.2,88.26
Rich,Morocco,32.2593,-4.4991,2026-09-19,2026-09-17 10:41:25.012044+00:00,28.4,16.2,1.1,40,23.8,37.8,80,open-meteo,8.22,77.75
Rich,Morocco,32.2593,-4.4991,2026-09-20,2026-09-17 10:41:25.012044+00:00,28.3,16.5,2.1,38,14.4,24.1,3,open-meteo,7.01,89.09
Rich,Morocco,32.2593,-4.4991,2026-09-21,2026-09-17 10:41:25.012044+00:00,27.2,18.1,0.9,43,18.7,28.8,3,open-meteo,6.42,89.51
Rich,Morocco,32.2593,-4.4991,2026-09-22,2026-09-17 10:41:25.012044+00:00,29.3,15.0,0.0,18,15.9,27.0,45,open-meteo,4.69,84.72
Rich,Morocco,32.2593,-4.4991,2026-09-23,2026-09-17 10:41:25.012044+00:00,29.8,15.8,0.0,18,13.8,23.4,3,open-meteo,4.07,91.15
Missour,Morocco,33.05,-3.9908,2026-09-17,2026-09-17 10:41:25.106084+00:00,31.0,16.8,0.0,25,24.9,39.6,3,open-meteo,7.07,89.05
Missour,Morocco,33.05,-3.9908,2026-09-18,2026-09-17 10:41:25.106084+00:00,31.0,15.6,0.0,15,30.3,49.7,3,open-meteo,8.76,87.87
Missour,Morocco,33.05,-3.9908,2026-09-19,2026-09-17 10:41:25.106084+00:00,30.8,17.6,8.8,48,22.7,42.1,81,open-meteo,18.78,67.35
Missour,Morocco,33.05,-3.9908,2026-09-20,2026-09-17 10:41:25.106084+00:00,31.4,18.8,0.3,5,19.2,35.3,3,open-meteo,6.33,89.57
Missour,Morocco,33.05,-3.9908,2026-09-21,2026-09-17 10:41:25.106084+00:00,28.2,18.8,2.1,28,20.7,37.4,80,open-meteo,9.13,77.11
Missour,Morocco,33.05,-3.9908,2026-09-22,2026-09-17 10:41:25.106084+00:00,31.5,18.1,0.0,5,20.1,30.6,3,open-meteo,5.57,90.1
Missour,Morocco,33.05,-3.9908,2026-09-23,2026-09-17 10:41:25.106084+00:00,32.5,18.5,0.0,0,22.6,34.9,3,open-meteo,6.32,89.58
Safsaf,Morocco,34.5581,-6.0078,2026-09-17,2026-09-17 10:41:25.200344+00:00,28.1,18.1,0.0,0,14.8,28.4,3,open-meteo,4.69,90.72
Safsaf,Morocco,34.5581,-6.0078,2026-09-18,2026-09-17 10:41:25.200344+00:00,30.9,15.8,0.0,0,19.4,37.1,45,open-meteo,6.13,83.71
Safsaf,Morocco,34.5581,-6.0078,2026-09-19,2026-09-17 10:41:25.200344+00:00,36.3,17.9,0.0,0,14.6,28.1,45,open-meteo,9.83,81.12
Safsaf,Morocco,34.5581,-6.0078,2026-09-20,2026-09-17 10:41:25.200344+00:00,38.6,24.5,0.0,0,22.2,41.8,2,open-meteo,21.36,82.05
Safsaf,Morocco,34.5581,-6.0078,2026-09-21,2026-09-17 10:41:25.200344+00:00,37.5,21.8,0.0,0,14.8,32.0,1,open-meteo,15.05,89.47
Safsaf,Morocco,34.5581,-6.0078,2026-09-22,2026-09-17 10:41:25.200344+00:00,35.2,20.4,0.0,0,15.9,30.2,45,open-meteo,5.81,83.93
Safsaf,Morocco,34.5581,-6.0078,2026-09-23,2026-09-17 10:41:25.200344+00:00,36.3,18.6,0.0,0,15.6,31.3,45,open-meteo,10.28,80.8
Douar Olad. Salem,Morocco,32.8739,-8.8589,2026-09-17,2026-09-17 10:41:25.299055+00:00,25.7,18.8,0.0,0,17.1,33.1,2,open-meteo,5.45,93.18
Douar Olad. Salem,Morocco,32.8739,-8.8589,2026-09-18,2026-09-17 10:41:25.299055+00:00,26.0,19.0,0.0,0,21.9,41.8,2,open-meteo,6.92,92.16
Douar Olad. Salem,Morocco,32.8739,-8.8589,2026-09-19,2026-09-17 10:41:25.299055+00:00,27.0,18.5,0.0,0,17.0,32.8,2,open-meteo,5.41,93.21
Douar Olad. Salem,Morocco,32.8739,-8.8589,2026-09-20,2026-09-17 10:41:25.299055+00:00,27.6,20.2,0.0,0,12.7,25.2,45,open-meteo,4.11,85.12
Douar Olad. Salem,Morocco,32.8739,-8.8589,2026-09-21,2026-09-17 10:41:25.299055+00:00,26.5,19.8,0.0,0,13.6,27.0,45,open-meteo,4.4,84.92
Douar Olad. Salem,Morocco,32.8739,-8.8589,2026-09-22,2026-09-17 10:41:25.299055+00:00,27.5,20.3,0.0,0,13.4,25.6,45,open-meteo,4.23,85.04
Douar Olad. Salem,Morocco,32.8739,-8.8589,2026-09-23,2026-09-17 10:41:25.299055+00:00,26.9,20.1,0.0,0,17.5,33.1,45,open-meteo,5.5,84.15
Oulad Hassoune,Morocco,31.6503,-7.8361,2026-09-17,2026-09-17 10:41:25.468126+00:00,30.2,18.2,0.0,0,12.9,25.9,3,open-meteo,4.2,91.06
Oulad Hassoune,Morocco,31.6503,-7.8361,2026-09-18,2026-09-17 10:41:25.468126+00:00,31.9,18.2,0.0,0,9.3,19.1,1,open-meteo,3.07,97.85
Oulad Hassoune,Morocco,31.6503,-7.8361,2026-09-19,2026-09-17 10:41:25.468126+00:00,35.6,19.7,0.0,8,9.8,20.2,3,open-meteo,5.65,90.04
Oulad Hassoune,Morocco,31.6503,-7.8361,2026-09-20,2026-09-17 10:41:25.468126+00:00,38.0,22.9,1.2,23,14.3,33.8,80,open-meteo,18.77,70.36
Oulad Hassoune,Morocco,31.6503,-7.8361,2026-09-21,2026-09-17 10:41:25.468126+00:00,37.2,21.9,0.0,13,13.2,28.4,2,open-meteo,13.29,87.7
Oulad Hassoune,Morocco,31.6503,-7.8361,2026-09-22,2026-09-17 10:41:25.468126+00:00,36.7,21.1,0.0,5,12.2,23.0,1,open-meteo,10.63,92.56
Oulad Hassoune,Morocco,31.6503,-7.8361,2026-09-23,2026-09-17 10:41:25.468126+00:00,36.8,19.8,0.0,3,11.2,21.6,1,open-meteo,10.76,92.47
Hairel Nhai,Morocco,35.6108,-5.9186,2026-09-17,2026-09-17 10:41:25.565803+00:00,24.9,18.4,0.0,0,15.0,28.4,3,open-meteo,4.71,90.7
Hairel Nhai,Morocco,35.6108,-5.9186,2026-09-18,2026-09-17 10:41:25.565803+00:00,29.7,15.9,0.0,0,27.8,52.9,45,open-meteo,8.77,81.86
Hairel Nhai,Morocco,35.6108,-5.9186,2026-09-19,2026-09-17 10:41:25.565803+00:00,29.0,23.0,0.0,0,39.7,80.3,2,open-meteo,12.99,87.91
Hairel Nhai,Morocco,35.6108,-5.9186,2026-09-20,2026-09-17 10:41:25.565803+00:00,29.7,24.6,0.0,0,39.6,79.9,1,open-meteo,12.94,90.94
Hairel Nhai,Morocco,35.6108,-5.9186,2026-09-21,2026-09-17 10:41:25.565803+00:00,29.7,24.2,0.0,0,35.4,69.8,1,open-meteo,11.41,92.01
Hairel Nhai,Morocco,35.6108,-5.9186,2026-09-22,2026-09-17 10:41:25.565803+00:00,29.7,23.0,0.0,0,29.6,55.4,1,open-meteo,9.24,93.53
Hairel Nhai,Morocco,35.6108,-5.9186,2026-09-23,2026-09-17 10:41:25.565803+00:00,30.9,23.1,0.0,0,26.0,50.0,1,open-meteo,8.25,94.22
Sidi Lmokhtar,Morocco,31.57,-9.01,2026-09-17,2026-09-17 10:41:25.661172+00:00,28.6,17.8,0.0,0,21.4,35.6,3,open-meteo,6.24,89.63
Sidi Lmokhtar,Morocco,31.57,-9.01,2026-09-18,2026-09-17 10:41:25.661172+00:00,31.0,17.1,0.0,0,19.4,32.4,2,open-meteo,5.67,93.03
Sidi Lmokhtar,Morocco,31.57,-9.01,2026-09-19,2026-09-17 10:41:25.661172+00:00,33.5,18.2,0.0,0,16.4,28.1,2,open-meteo,4.86,93.6
Sidi Lmokhtar,Morocco,31.57,-9.01,2026-09-20,2026-09-17 10:41:25.661172+00:00,34.3,22.1,0.0,0,18.8,31.3,2,open-meteo,5.48,93.16
Sidi Lmokhtar,Morocco,31.57,-9.01,2026-09-21,2026-09-17 10:41:25.661172+00:00,35.8,22.2,0.0,0,20.0,33.1,1,open-meteo,9.01,93.69
Sidi Lmokhtar,Morocco,31.57,-9.01,2026-09-22,2026-09-17 10:41:25.661172+00:00,35.1,18.3,0.0,3,21.0,36.4,0,open-meteo,6.67,95.33
Sidi Lmokhtar,Morocco,31.57,-9.01,2026-09-23,2026-09-17 10:41:25.661172+00:00,34.0,17.9,0.0,3,18.7,36.0,0,open-meteo,5.94,95.84
Lamzoudia,Morocco,31.5833,-8.4833,2026-09-17,2026-09-17 10:41:25.760126+00:00,29.7,18.6,0.0,0,17.4,27.4,2,open-meteo,4.92,93.56
Lamzoudia,Morocco,31.5833,-8.4833,2026-09-18,2026-09-17 10:41:25.760126+00:00,31.4,18.2,0.0,0,16.4,26.3,2,open-meteo,4.68,93.72
Lamzoudia,Morocco,31.5833,-8.4833,2026-09-19,2026-09-17 10:41:25.760126+00:00,34.2,19.8,0.0,0,16.5,25.6,2,open-meteo,4.62,93.77
Lamzoudia,Morocco,31.5833,-8.4833,2026-09-20,2026-09-17 10:41:25.760126+00:00,36.9,23.2,0.0,10,22.2,36.0,2,open-meteo,13.97,87.22
Lamzoudia,Morocco,31.5833,-8.4833,2026-09-21,2026-09-17 10:41:25.760126+00:00,37.7,23.5,0.0,5,26.1,45.0,2,open-meteo,18.56,84.01
Lamzoudia,Morocco,31.5833,-8.4833,2026-09-22,2026-09-17 10:41:25.760126+00:00,37.3,21.5,0.0,3,24.5,38.2,0,open-meteo,16.08,88.74
Lamzoudia,Morocco,31.5833,-8.4833,2026-09-23,2026-09-17 10:41:25.760126+00:00,36.5,20.8,0.0,3,17.3,29.5,0,open-meteo,11.11,92.22
Douar Toulal,Morocco,33.8951,-5.6021,2026-09-17,2026-09-17 10:41:25.871998+00:00,28.1,15.7,0.0,0,14.3,33.1,45,open-meteo,5.1,84.43
Douar Toulal,Morocco,33.8951,-5.6021,2026-09-18,2026-09-17 10:41:25.871998+00:00,29.5,15.9,0.0,0,14.8,35.6,3,open-meteo,5.41,90.21
Douar Toulal,Morocco,33.8951,-5.6021,2026-09-19,2026-09-17 10:41:25.871998+00:00,34.5,18.9,0.0,3,11.6,27.0,3,open-meteo,4.15,91.09
Douar Toulal,Morocco,33.8951,-5.6021,2026-09-20,2026-09-17 10:41:25.871998+00:00,36.1,22.7,0.0,3,13.4,31.7,2,open-meteo,9.25,90.53
Douar Toulal,Morocco,33.8951,-5.6021,2026-09-21,2026-09-17 10:41:25.871998+00:00,35.6,21.2,0.0,3,14.8,34.2,2,open-meteo,7.67,91.63
Douar Toulal,Morocco,33.8951,-5.6021,2026-09-22,2026-09-17 10:41:25.871998+00:00,34.4,19.6,0.0,0,17.1,32.4,1,open-meteo,5.38,96.23
Douar Toulal,Morocco,33.8951,-5.6021,2026-09-23,2026-09-17 10:41:25.871998+00:00,35.6,20.0,0.0,0,17.9,34.9,1,open-meteo,8.13,94.31
Douar Oulad Aj-jabri,Morocco,32.2567,-6.7839,2026-09-17,2026-09-17 10:41:25.961193+00:00,32.3,17.4,0.0,0,14.6,25.2,3,open-meteo,4.35,90.95
Douar Oulad Aj-jabri,Morocco,32.2567,-6.7839,2026-09-18,2026-09-17 10:41:25.961193+00:00,33.7,18.2,0.0,0,12.9,22.7,3,open-meteo,3.88,91.28
Douar Oulad Aj-jabri,Morocco,32.2567,-6.7839,2026-09-19,2026-09-17 10:41:25.961193+00:00,37.6,20.0,0.0,3,10.6,19.4,2,open-meteo,13.67,87.43
Douar Oulad Aj-jabri,Morocco,32.2567,-6.7839,2026-09-20,2026-09-17 10:41:25.961193+00:00,39.2,23.3,0.3,3,16.3,28.1,3,open-meteo,22.05,78.56
Douar Oulad Aj-jabri,Morocco,32.2567,-6.7839,2026-09-21,2026-09-17 10:41:25.961193+00:00,38.6,23.7,0.0,5,14.1,29.9,3,open-meteo,19.15,80.59
Douar Oulad Aj-jabri,Morocco,32.2567,-6.7839,2026-09-22,2026-09-17 10:41:25.961193+00:00,38.0,22.2,0.0,3,11.0,25.9,2,open-meteo,15.97,85.82
Douar Oulad Aj-jabri,Morocco,32.2567,-6.7839,2026-09-23,2026-09-17 10:41:25.961193+00:00,38.5,21.8,0.0,0,10.3,19.4,0,open-meteo,17.23,87.94
Echemmaia Est,Morocco,32.0706,-8.6533,2026-09-17,2026-09-17 10:41:26.064454+00:00,28.0,17.3,0.0,0,20.9,36.4,2,open-meteo,6.25,92.62
Echemmaia Est,Morocco,32.0706,-8.6533,2026-09-18,2026-09-17 10:41:26.064454+00:00,30.4,16.8,0.0,0,19.5,33.5,2,open-meteo,5.79,92.95
Echemmaia Est,Morocco,32.0706,-8.6533,2026-09-19,2026-09-17 10:41:26.064454+00:00,32.6,17.5,0.0,0,19.1,34.2,2,open-meteo,5.81,92.93
Echemmaia Est,Morocco,32.0706,-8.6533,2026-09-20,2026-09-17 10:41:26.064454+00:00,35.6,21.8,0.0,0,21.1,38.5,2,open-meteo,8.89,90.78
Echemmaia Est,Morocco,32.0706,-8.6533,2026-09-21,2026-09-17 10:41:26.064454+00:00,36.3,21.5,0.0,0,21.1,38.2,2,open-meteo,11.66,88.84
Echemmaia Est,Morocco,32.0706,-8.6533,2026-09-22,2026-09-17 10:41:26.064454+00:00,36.0,19.2,0.0,3,17.3,34.6,1,open-meteo,9.62,93.27
Echemmaia Est,Morocco,32.0706,-8.6533,2026-09-23,2026-09-17 10:41:26.064454+00:00,35.2,17.7,0.0,3,17.6,36.4,45,open-meteo,6.64,83.35
Ouaoula,Morocco,31.8075,-6.7821,2026-09-17,2026-09-17 10:41:26.166732+00:00,28.6,14.8,0.0,0,17.0,33.1,3,open-meteo,5.44,90.19
Ouaoula,Morocco,31.8075,-6.7821,2026-09-18,2026-09-17 10:41:26.166732+00:00,29.7,15.7,0.0,3,14.8,29.2,3,open-meteo,4.77,90.66
Ouaoula,Morocco,31.8075,-6.7821,2026-09-19,2026-09-17 10:41:26.166732+00:00,32.7,19.1,0.0,10,18.2,34.9,3,open-meteo,5.76,89.97
Ouaoula,Morocco,31.8075,-6.7821,2026-09-20,2026-09-17 10:41:26.166732+00:00,34.5,21.5,0.6,20,18.1,37.1,3,open-meteo,6.77,89.26
Ouaoula,Morocco,31.8075,-6.7821,2026-09-21,2026-09-17 10:41:26.166732+00:00,33.5,20.9,0.3,15,17.8,33.5,2,open-meteo,5.98,92.81
Ouaoula,Morocco,31.8075,-6.7821,2026-09-22,2026-09-17 10:41:26.166732+00:00,33.1,20.8,0.0,8,18.7,38.9,2,open-meteo,6.23,92.64
Ouaoula,Morocco,31.8075,-6.7821,2026-09-23,2026-09-17 10:41:26.166732+00:00,33.6,20.5,0.0,0,19.0,37.8,1,open-meteo,6.16,95.69
Khenichet-sur Ouerrha,Morocco,34.4383,-5.6844,2026-09-17,2026-09-17 10:41:26.255147+00:00,29.2,19.6,0.0,0,14.3,26.3,3,open-meteo,4.42,90.91
Khenichet-sur Ouerrha,Morocco,34.4383,-5.6844,2026-09-18,2026-09-17 10:41:26.255147+00:00,32.4,16.6,0.0,0,13.8,25.2,45,open-meteo,4.25,85.02
Khenichet-sur Ouerrha,Morocco,34.4383,-5.6844,2026-09-19,2026-09-17 10:41:26.255147+00:00,37.3,19.0,0.0,0,21.7,41.0,2,open-meteo,16.01,85.79
Khenichet-sur Ouerrha,Morocco,34.4383,-5.6844,2026-09-20,2026-09-17 10:41:26.255147+00:00,38.7,25.4,0.0,0,23.1,43.2,2,open-meteo,22.01,81.59
Khenichet-sur Ouerrha,Morocco,34.4383,-5.6844,2026-09-21,2026-09-17 10:41:26.255147+00:00,37.9,24.5,0.0,0,17.2,32.4,0,open-meteo,16.99,88.11
Khenichet-sur Ouerrha,Morocco,34.4383,-5.6844,2026-09-22,2026-09-17 10:41:26.255147+00:00,36.8,22.0,0.0,0,14.0,30.6,2,open-meteo,12.01,88.59
Khenichet-sur Ouerrha,Morocco,34.4383,-5.6844,2026-09-23,2026-09-17 10:41:26.255147+00:00,38.2,20.5,0.0,0,14.0,27.7,0,open-meteo,17.32,87.88
Sidi Abdelkader,Morocco,33.0494,-8.6886,2026-09-17,2026-09-17 10:41:26.356196+00:00,25.3,19.4,0.0,0,15.7,29.9,2,open-meteo,4.95,93.53
Sidi Abdelkader,Morocco,33.0494,-8.6886,2026-09-18,2026-09-17 10:41:26.356196+00:00,25.5,19.3,0.0,0,19.5,36.7,2,open-meteo,6.11,92.72
Sidi Abdelkader,Morocco,33.0494,-8.6886,2026-09-19,2026-09-17 10:41:26.356196+00:00,26.9,19.0,0.0,0,16.0,29.9,2,open-meteo,4.99,93.51
Sidi Abdelkader,Morocco,33.0494,-8.6886,2026-09-20,2026-09-17 10:41:26.356196+00:00,27.5,20.3,0.0,0,13.0,24.8,45,open-meteo,4.11,85.12
Sidi Abdelkader,Morocco,33.0494,-8.6886,2026-09-21,2026-09-17 10:41:26.356196+00:00,26.4,20.3,0.0,0,13.5,25.2,45,open-meteo,4.21,85.05
Sidi Abdelkader,Morocco,33.0494,-8.6886,2026-09-22,2026-09-17 10:41:26.356196+00:00,29.0,20.3,0.0,0,14.0,27.4,45,open-meteo,4.49,84.86
Sidi Abdelkader,Morocco,33.0494,-8.6886,2026-09-23,2026-09-17 10:41:26.356196+00:00,28.8,20.1,0.0,0,16.7,33.5,45,open-meteo,5.44,84.19
Oulad Yaïch,Morocco,32.4167,-6.3333,2026-09-17,2026-09-17 10:41:26.450351+00:00,32.1,17.8,0.0,0,13.3,23.8,2,open-meteo,4.04,94.17
Oulad Yaïch,Morocco,32.4167,-6.3333,2026-09-18,2026-09-17 10:41:26.450351+00:00,33.7,18.6,0.0,0,9.5,17.3,3,open-meteo,2.92,91.96
Oulad Yaïch,Morocco,32.4167,-6.3333,2026-09-19,2026-09-17 10:41:26.450351+00:00,37.3,21.2,0.0,0,7.6,14.0,3,open-meteo,11.55,85.91
Oulad Yaïch,Morocco,32.4167,-6.3333,2026-09-20,2026-09-17 10:41:26.450351+00:00,38.7,24.8,0.0,3,14.4,29.2,3,open-meteo,19.52,80.34
Oulad Yaïch,Morocco,32.4167,-6.3333,2026-09-21,2026-09-17 10:41:26.450351+00:00,37.6,23.6,0.3,3,13.4,29.2,3,open-meteo,15.4,83.22
Oulad Yaïch,Morocco,32.4167,-6.3333,2026-09-22,2026-09-17 10:41:26.450351+00:00,36.2,24.0,0.0,2,18.3,34.2,2,open-meteo,10.51,89.64
Oulad Yaïch,Morocco,32.4167,-6.3333,2026-09-23,2026-09-17 10:41:26.450351+00:00,36.8,24.4,0.0,3,16.6,31.3,1,open-meteo,12.4,91.32
Had Oulad Issa,Morocco,32.9307,-8.682,2026-09-17,2026-09-17 10:41:26.537670+00:00,25.6,18.4,0.0,0,17.1,32.4,2,open-meteo,5.38,93.23
Had Oulad Issa,Morocco,32.9307,-8.682,2026-09-18,2026-09-17 10:41:26.537670+00:00,26.5,18.5,0.0,0,20.0,37.8,2,open-meteo,6.28,92.6
Had Oulad Issa,Morocco,32.9307,-8.682,2026-09-19,2026-09-17 10:41:26.537670+00:00,27.7,18.1,0.0,0,16.2,31.0,2,open-meteo,5.12,93.42
Had Oulad Issa,Morocco,32.9307,-8.682,2026-09-20,2026-09-17 10:41:26.537670+00:00,29.0,19.8,0.0,0,13.8,26.6,45,open-meteo,4.38,84.93
Had Oulad Issa,Morocco,32.9307,-8.682,2026-09-21,2026-09-17 10:41:26.537670+00:00,28.0,19.7,0.0,0,14.9,28.1,45,open-meteo,4.67,84.73
Had Oulad Issa,Morocco,32.9307,-8.682,2026-09-22,2026-09-17 10:41:26.537670+00:00,30.4,19.8,0.0,0,15.1,28.4,45,open-meteo,4.73,84.69
Had Oulad Issa,Morocco,32.9307,-8.682,2026-09-23,2026-09-17 10:41:26.537670+00:00,29.9,19.7,0.0,0,17.2,34.2,45,open-meteo,5.57,84.1
Oulad Said,Morocco,32.632,-8.8456,2026-09-17,2026-09-17 10:41:26.626348+00:00,26.1,17.9,0.0,0,18.1,33.5,2,open-meteo,5.61,93.07
Oulad Said,Morocco,32.632,-8.8456,2026-09-18,2026-09-17 10:41:26.626348+00:00,27.8,18.1,0.0,0,20.2,37.4,2,open-meteo,6.27,92.61
Oulad Said,Morocco,32.632,-8.8456,2026-09-19,2026-09-17 10:41:26.626348+00:00,28.9,17.3,0.0,0,16.7,31.0,3,open-meteo,5.19,90.37
Oulad Said,Morocco,32.632,-8.8456,2026-09-20,2026-09-17 10:41:26.626348+00:00,30.4,19.5,0.0,0,14.5,26.6,45,open-meteo,4.47,84.87
Oulad Said,Morocco,32.632,-8.8456,2026-09-21,2026-09-17 10:41:26.626348+00:00,31.5,19.1,0.0,0,16.1,29.5,45,open-meteo,4.96,84.53
Oulad Said,Morocco,32.632,-8.8456,2026-09-22,2026-09-17 10:41:26.626348+00:00,31.0,19.2,0.0,0,15.0,29.2,45,open-meteo,4.8,84.64
Oulad Said,Morocco,32.632,-8.8456,2026-09-23,2026-09-17 10:41:26.626348+00:00,30.5,19.1,0.0,0,18.5,35.6,45,open-meteo,5.87,83.89
Zawyat ech Cheïkh,Morocco,32.6541,-5.9214,2026-09-17,2026-09-17 10:41:26.714463+00:00,30.7,15.0,0.0,0,12.3,23.0,3,open-meteo,3.84,91.31
Zawyat ech Cheïkh,Morocco,32.6541,-5.9214,2026-09-18,2026-09-17 10:41:26.714463+00:00,32.0,16.2,0.0,0,10.7,19.4,3,open-meteo,3.28,91.7
Zawyat ech Cheïkh,Morocco,32.6541,-5.9214,2026-09-19,2026-09-17 10:41:26.714463+00:00,35.4,19.0,0.0,0,13.4,24.8,3,open-meteo,5.75,89.97
Zawyat ech Cheïkh,Morocco,32.6541,-5.9214,2026-09-20,2026-09-17 10:41:26.714463+00:00,36.8,21.6,0.0,5,14.3,36.0,2,open-meteo,12.59,88.19
Zawyat ech Cheïkh,Morocco,32.6541,-5.9214,2026-09-21,2026-09-17 10:41:26.714463+00:00,35.0,19.5,0.6,3,12.0,27.4,3,open-meteo,5.04,90.47
Zawyat ech Cheïkh,Morocco,32.6541,-5.9214,2026-09-22,2026-09-17 10:41:26.714463+00:00,34.6,19.5,0.0,0,9.7,19.1,3,open-meteo,3.12,91.82
Zawyat ech Cheïkh,Morocco,32.6541,-5.9214,2026-09-23,2026-09-17 10:41:26.714463+00:00,35.9,20.2,0.0,0,11.6,21.2,2,open-meteo,7.17,91.98
Imi-n-Tanout,Morocco,31.177,-8.8504,2026-09-17,2026-09-17 10:41:26.805904+00:00,25.5,16.1,0.0,0,18.9,32.0,45,open-meteo,5.56,84.11
Imi-n-Tanout,Morocco,31.177,-8.8504,2026-09-18,2026-09-17 10:41:26.805904+00:00,27.2,15.6,0.0,0,15.5,28.1,3,open-meteo,4.75,90.67
Imi-n-Tanout,Morocco,31.177,-8.8504,2026-09-19,2026-09-17 10:41:26.805904+00:00,30.4,19.9,0.0,0,16.0,28.4,2,open-meteo,4.84,93.61
Imi-n-Tanout,Morocco,31.177,-8.8504,2026-09-20,2026-09-17 10:41:26.805904+00:00,32.1,22.1,0.6,28,14.1,30.2,3,open-meteo,5.58,90.09
Imi-n-Tanout,Morocco,31.177,-8.8504,2026-09-21,2026-09-17 10:41:26.805904+00:00,33.5,23.0,0.6,13,15.5,30.2,2,open-meteo,5.76,92.97
Imi-n-Tanout,Morocco,31.177,-8.8504,2026-09-22,2026-09-17 10:41:26.805904+00:00,33.2,21.7,0.0,0,18.4,36.4,1,open-meteo,5.94,95.84
Imi-n-Tanout,Morocco,31.177,-8.8504,2026-09-23,2026-09-17 10:41:26.805904+00:00,32.3,20.8,0.0,0,16.0,28.8,1,open-meteo,4.88,96.58
Bourdoud,Morocco,34.5922,-4.5492,2026-09-17,2026-09-17 10:41:26.898403+00:00,30.2,17.0,0.0,0,13.0,25.2,3,open-meteo,4.15,91.09
Bourdoud,Morocco,34.5922,-4.5492,2026-09-18,2026-09-17 10:41:26.898403+00:00,32.4,17.6,0.0,0,13.7,27.0,3,open-meteo,4.41,90.91
Bourdoud,Morocco,34.5922,-4.5492,2026-09-19,2026-09-17 10:41:26.898403+00:00,34.1,22.2,0.0,0,26.0,50.8,1,open-meteo,8.33,94.17
Bourdoud,Morocco,34.5922,-4.5492,2026-09-20,2026-09-17 10:41:26.898403+00:00,36.1,23.8,0.0,3,19.4,38.2,2,open-meteo,10.65,89.54
Bourdoud,Morocco,34.5922,-4.5492,2026-09-21,2026-09-17 10:41:26.898403+00:00,34.8,23.2,0.3,8,20.2,36.0,3,open-meteo,6.53,89.43
Bourdoud,Morocco,34.5922,-4.5492,2026-09-22,2026-09-17 10:41:26.898403+00:00,34.3,22.3,0.0,0,9.0,19.1,3,open-meteo,3.04,91.87
Bourdoud,Morocco,34.5922,-4.5492,2026-09-23,2026-09-17 10:41:26.898403+00:00,35.3,22.8,0.0,0,13.6,29.2,2,open-meteo,5.82,92.93
Ain Aicha,Morocco,34.4,-4.6619,2026-09-17,2026-09-17 10:41:26.987698+00:00,29.4,17.0,0.0,0,14.1,27.4,3,open-meteo,4.5,90.85
Ain Aicha,Morocco,34.4,-4.6619,2026-09-18,2026-09-17 10:41:26.987698+00:00,31.8,17.0,0.0,0,20.2,37.4,3,open-meteo,6.27,89.61
Ain Aicha,Morocco,34.4,-4.6619,2026-09-19,2026-09-17 10:41:26.987698+00:00,32.5,21.8,0.0,0,32.2,64.8,2,open-meteo,10.51,89.64
Ain Aicha,Morocco,34.4,-4.6619,2026-09-20,2026-09-17 10:41:26.987698+00:00,34.5,23.6,0.0,0,27.4,55.1,2,open-meteo,8.94,90.74
Ain Aicha,Morocco,34.4,-4.6619,2026-09-21,2026-09-17 10:41:26.987698+00:00,33.9,23.3,0.0,5,23.8,48.6,2,open-meteo,7.83,91.52
Ain Aicha,Morocco,34.4,-4.6619,2026-09-22,2026-09-17 10:41:26.987698+00:00,34.6,22.6,0.0,0,17.3,36.0,3,open-meteo,5.76,89.97
Ain Aicha,Morocco,34.4,-4.6619,2026-09-23,2026-09-17 10:41:26.987698+00:00,35.1,20.9,0.0,0,16.4,32.8,0,open-meteo,5.73,95.99
Sebt Gzoula,Morocco,32.1219,-9.0889,2026-09-17,2026-09-17 10:41:27.074027+00:00,27.4,18.2,0.0,0,18.5,34.9,2,open-meteo,5.8,92.94
Sebt Gzoula,Morocco,32.1219,-9.0889,2026-09-18,2026-09-17 10:41:27.074027+00:00,29.9,17.8,0.0,0,18.4,35.3,1,open-meteo,5.83,95.92
Sebt Gzoula,Morocco,32.1219,-9.0889,2026-09-19,2026-09-17 10:41:27.074027+00:00,31.5,18.1,0.0,0,16.1,31.0,2,open-meteo,5.11,93.42
Sebt Gzoula,Morocco,32.1219,-9.0889,2026-09-20,2026-09-17 10:41:27.074027+00:00,31.4,20.3,0.0,0,15.5,31.0,2,open-meteo,5.04,93.47
Sebt Gzoula,Morocco,32.1219,-9.0889,2026-09-21,2026-09-17 10:41:27.074027+00:00,31.7,20.1,0.0,0,15.0,28.8,1,open-meteo,4.76,96.67
Sebt Gzoula,Morocco,32.1219,-9.0889,2026-09-22,2026-09-17 10:41:27.074027+00:00,30.6,18.1,0.0,0,14.0,26.6,45,open-meteo,4.41,84.91
Sebt Gzoula,Morocco,32.1219,-9.0889,2026-09-23,2026-09-17 10:41:27.074027+00:00,31.0,18.9,0.0,0,16.2,30.6,45,open-meteo,5.09,84.44
Douar Ouled Ayad,Morocco,32.4167,-7.1,2026-09-17,2026-09-17 10:41:27.166469+00:00,32.3,16.1,0.0,0,15.3,28.4,2,open-meteo,4.75,93.67
Douar Ouled Ayad,Morocco,32.4167,-7.1,2026-09-18,2026-09-17 10:41:27.166469+00:00,33.5,17.4,0.0,0,14.5,25.9,3,open-meteo,4.4,90.92
Douar Ouled Ayad,Morocco,32.4167,-7.1,2026-09-19,2026-09-17 10:41:27.166469+00:00,37.8,20.1,0.0,0,14.4,25.2,2,open-meteo,15.52,86.14
Douar Ouled Ayad,Morocco,32.4167,-7.1,2026-09-20,2026-09-17 10:41:27.166469+00:00,38.6,23.8,0.0,5,14.9,34.6,3,open-meteo,19.72,80.2
Douar Ouled Ayad,Morocco,32.4167,-7.1,2026-09-21,2026-09-17 10:41:27.166469+00:00,38.8,22.5,0.3,5,18.0,35.6,2,open-meteo,21.41,82.01
Douar Ouled Ayad,Morocco,32.4167,-7.1,2026-09-22,2026-09-17 10:41:27.166469+00:00,37.8,20.2,0.0,3,14.9,24.8,1,open-meteo,15.54,89.12
Douar Ouled Ayad,Morocco,32.4167,-7.1,2026-09-23,2026-09-17 10:41:27.166469+00:00,38.0,19.7,0.0,0,12.3,24.5,0,open-meteo,15.99,88.81
Tamorot,Morocco,34.9363,-4.7794,2026-09-17,2026-09-17 10:41:27.275890+00:00,25.8,12.5,0.0,0,17.1,33.5,3,open-meteo,5.49,90.16
Tamorot,Morocco,34.9363,-4.7794,2026-09-18,2026-09-17 10:41:27.275890+00:00,26.1,12.9,0.0,0,15.6,29.2,3,open-meteo,4.87,90.59
Tamorot,Morocco,34.9363,-4.7794,2026-09-19,2026-09-17 10:41:27.275890+00:00,26.1,16.6,0.0,0,23.5,49.0,1,open-meteo,7.84,94.51
Tamorot,Morocco,34.9363,-4.7794,2026-09-20,2026-09-17 10:41:27.275890+00:00,27.1,18.0,0.0,0,15.9,31.7,1,open-meteo,5.16,96.39
Tamorot,Morocco,34.9363,-4.7794,2026-09-21,2026-09-17 10:41:27.275890+00:00,27.0,18.0,0.0,3,14.5,28.4,2,open-meteo,4.65,93.74
Tamorot,Morocco,34.9363,-4.7794,2026-09-22,2026-09-17 10:41:27.275890+00:00,29.5,17.8,0.0,0,11.7,23.8,3,open-meteo,3.84,91.31
Tamorot,Morocco,34.9363,-4.7794,2026-09-23,2026-09-17 10:41:27.275890+00:00,29.5,18.7,0.0,3,12.8,25.2,2,open-meteo,4.12,94.12
Douar ’Ayn Dfali,Morocco,33.9536,-4.4527,2026-09-17,2026-09-17 10:41:27.362475+00:00,27.2,16.4,0.0,0,16.0,34.2,3,open-meteo,5.42,90.21
Douar ’Ayn Dfali,Morocco,33.9536,-4.4527,2026-09-18,2026-09-17 10:41:27.362475+00:00,29.5,16.6,0.0,0,17.7,37.8,3,open-meteo,5.99,89.81
Douar ’Ayn Dfali,Morocco,33.9536,-4.4527,2026-09-19,2026-09-17 10:41:27.362475+00:00,33.7,20.3,0.1,0,17.9,41.8,3,open-meteo,6.55,89.41
Douar ’Ayn Dfali,Morocco,33.9536,-4.4527,2026-09-20,2026-09-17 10:41:27.362475+00:00,33.8,22.5,0.0,0,19.5,42.5,2,open-meteo,6.69,92.32
Douar ’Ayn Dfali,Morocco,33.9536,-4.4527,2026-09-21,2026-09-17 10:41:27.362475+00:00,33.1,22.5,0.0,3,17.3,35.6,1,open-meteo,5.72,96.0
Douar ’Ayn Dfali,Morocco,33.9536,-4.4527,2026-09-22,2026-09-17 10:41:27.362475+00:00,32.6,19.5,0.0,0,12.4,25.2,1,open-meteo,4.07,97.15
Douar ’Ayn Dfali,Morocco,33.9536,-4.4527,2026-09-23,2026-09-17 10:41:27.362475+00:00,33.1,17.3,0.0,0,13.4,26.6,0,open-meteo,4.33,96.97
Ain Dfali,Morocco,34.5984,-5.5473,2026-09-17,2026-09-17 10:41:27.446347+00:00,29.3,19.2,0.0,0,13.3,25.9,3,open-meteo,4.25,91.02
Ain Dfali,Morocco,34.5984,-5.5473,2026-09-18,2026-09-17 10:41:27.446347+00:00,32.3,16.1,0.0,0,14.3,27.4,45,open-meteo,4.53,84.83
Ain Dfali,Morocco,34.5984,-5.5473,2026-09-19,2026-09-17 10:41:27.446347+00:00,36.9,19.2,0.0,0,19.1,36.0,1,open-meteo,13.59,90.49
Ain Dfali,Morocco,34.5984,-5.5473,2026-09-20,2026-09-17 10:41:27.446347+00:00,38.1,25.0,0.0,0,17.9,35.3,2,open-meteo,18.17,84.28
Ain Dfali,Morocco,34.5984,-5.5473,2026-09-21,2026-09-17 10:41:27.446347+00:00,37.1,23.3,0.0,0,12.5,24.5,1,open-meteo,12.41,91.31
Ain Dfali,Morocco,34.5984,-5.5473,2026-09-22,2026-09-17 10:41:27.446347+00:00,36.1,21.4,0.0,0,13.4,27.4,3,open-meteo,8.82,87.83
Ain Dfali,Morocco,34.5984,-5.5473,2026-09-23,2026-09-17 10:41:27.446347+00:00,37.6,19.8,0.0,0,13.0,25.9,0,open-meteo,14.62,89.77
Foum el Anser,Morocco,32.3717,-6.2614,2026-09-17,2026-09-17 10:41:27.528571+00:00,29.2,19.4,0.0,0,10.6,24.1,2,open-meteo,3.74,94.38
Foum el Anser,Morocco,32.3717,-6.2614,2026-09-18,2026-09-17 10:41:27.528571+00:00,31.1,19.4,0.0,0,11.7,25.9,3,open-meteo,4.05,91.16
Foum el Anser,Morocco,32.3717,-6.2614,2026-09-19,2026-09-17 10:41:27.528571+00:00,34.3,23.4,0.0,0,13.0,24.1,3,open-meteo,4.04,91.17
Foum el Anser,Morocco,32.3717,-6.2614,2026-09-20,2026-09-17 10:41:27.528571+00:00,35.5,26.5,0.0,3,21.7,41.8,3,open-meteo,8.89,87.78
Foum el Anser,Morocco,32.3717,-6.2614,2026-09-21,2026-09-17 10:41:27.528571+00:00,34.6,24.7,0.3,8,22.8,41.0,3,open-meteo,7.35,88.86
Foum el Anser,Morocco,32.3717,-6.2614,2026-09-22,2026-09-17 10:41:27.528571+00:00,35.2,23.9,0.0,2,18.3,34.2,2,open-meteo,6.51,92.44
Foum el Anser,Morocco,32.3717,-6.2614,2026-09-23,2026-09-17 10:41:27.528571+00:00,35.8,23.5,0.0,0,16.6,31.3,1,open-meteo,8.4,94.12
Souk Tlet El Gharb,Morocco,34.6211,-6.1336,2026-09-17,2026-09-17 10:41:27.675031+00:00,27.4,18.2,0.0,0,14.1,27.0,3,open-meteo,4.46,90.88
Souk Tlet El Gharb,Morocco,34.6211,-6.1336,2026-09-18,2026-09-17 10:41:27.675031+00:00,29.7,15.6,0.0,0,20.7,38.2,45,open-meteo,6.41,83.51
Souk Tlet El Gharb,Morocco,34.6211,-6.1336,2026-09-19,2026-09-17 10:41:27.675031+00:00,35.5,18.1,0.0,0,16.5,31.7,45,open-meteo,7.23,82.94
Souk Tlet El Gharb,Morocco,34.6211,-6.1336,2026-09-20,2026-09-17 10:41:27.675031+00:00,38.5,23.3,0.0,0,19.6,37.1,2,open-meteo,20.16,82.89
Souk Tlet El Gharb,Morocco,34.6211,-6.1336,2026-09-21,2026-09-17 10:41:27.675031+00:00,35.7,20.9,0.0,0,18.9,35.6,1,open-meteo,8.72,93.9
Souk Tlet El Gharb,Morocco,34.6211,-6.1336,2026-09-22,2026-09-17 10:41:27.675031+00:00,33.2,20.3,0.0,0,20.1,37.1,45,open-meteo,6.22,83.65
Souk Tlet El Gharb,Morocco,34.6211,-6.1336,2026-09-23,2026-09-17 10:41:27.675031+00:00,33.4,18.0,0.0,0,18.4,34.9,45,open-meteo,5.79,83.95
Setti Fatma,Morocco,31.2256,-7.6758,2026-09-17,2026-09-17 10:41:27.757728+00:00,25.1,17.0,2.1,3,11.6,24.5,3,open-meteo,6.7,89.31
Setti Fatma,Morocco,31.2256,-7.6758,2026-09-18,2026-09-17 10:41:27.757728+00:00,24.6,17.4,0.6,5,11.1,22.0,80,open-meteo,4.39,80.43
Setti Fatma,Morocco,31.2256,-7.6758,2026-09-19,2026-09-17 10:41:27.757728+00:00,27.0,19.2,0.7,40,12.0,31.3,80,open-meteo,5.56,79.61
Setti Fatma,Morocco,31.2256,-7.6758,2026-09-20,2026-09-17 10:41:27.757728+00:00,27.7,19.4,0.6,38,15.1,27.0,3,open-meteo,5.39,90.23
Setti Fatma,Morocco,31.2256,-7.6758,2026-09-21,2026-09-17 10:41:27.757728+00:00,26.9,17.6,3.3,23,14.0,38.2,80,open-meteo,9.97,76.52
Setti Fatma,Morocco,31.2256,-7.6758,2026-09-22,2026-09-17 10:41:27.757728+00:00,29.0,18.3,0.0,18,18.5,37.1,0,open-meteo,6.02,95.79
Setti Fatma,Morocco,31.2256,-7.6758,2026-09-23,2026-09-17 10:41:27.757728+00:00,29.1,19.9,0.0,18,15.7,32.8,1,open-meteo,5.24,96.33
Skoura,Morocco,31.0672,-6.5397,2026-09-17,2026-09-17 10:41:27.840522+00:00,31.1,17.4,0.4,35,25.4,42.8,80,open-meteo,7.99,77.91
Skoura,Morocco,31.0672,-6.5397,2026-09-18,2026-09-17 10:41:27.840522+00:00,31.5,17.8,0.0,8,18.9,33.8,3,open-meteo,5.74,89.98
Skoura,Morocco,31.0672,-6.5397,2026-09-19,2026-09-17 10:41:27.840522+00:00,31.1,21.7,0.0,13,25.8,41.0,3,open-meteo,7.33,88.87
Skoura,Morocco,31.0672,-6.5397,2026-09-20,2026-09-17 10:41:27.840522+00:00,31.4,20.2,0.0,13,40.0,67.3,3,open-meteo,11.73,85.79
Skoura,Morocco,31.0672,-6.5397,2026-09-21,2026-09-17 10:41:27.840522+00:00,29.9,20.5,1.2,18,23.1,40.3,80,open-meteo,8.52,77.54
Skoura,Morocco,31.0672,-6.5397,2026-09-22,2026-09-17 10:41:27.840522+00:00,30.1,18.4,0.0,8,9.5,23.0,3,open-meteo,3.49,91.56
Skoura,Morocco,31.0672,-6.5397,2026-09-23,2026-09-17 10:41:27.840522+00:00,31.8,17.0,0.0,8,12.9,22.3,2,open-meteo,3.84,94.31
Oulad Salmane,Morocco,34.3443,-6.4944,2026-09-17,2026-09-17 10:41:27.924107+00:00,25.3,18.2,0.0,0,13.7,26.3,3,open-meteo,4.34,90.96
Oulad Salmane,Morocco,34.3443,-6.4944,2026-09-18,2026-09-17 10:41:27.924107+00:00,25.8,16.5,0.0,0,18.7,36.0,45,open-meteo,5.94,83.84
Oulad Salmane,Morocco,34.3443,-6.4944,2026-09-19,2026-09-17 10:41:27.924107+00:00,31.0,17.6,0.0,0,19.3,37.4,45,open-meteo,6.15,83.69
Oulad Salmane,Morocco,34.3443,-6.4944,2026-09-20,2026-09-17 10:41:27.924107+00:00,33.5,20.8,0.0,0,16.0,31.0,2,open-meteo,5.1,93.43
Oulad Salmane,Morocco,34.3443,-6.4944,2026-09-21,2026-09-17 10:41:27.924107+00:00,30.3,20.6,0.0,0,17.0,32.8,45,open-meteo,5.41,84.21
Oulad Salmane,Morocco,34.3443,-6.4944,2026-09-22,2026-09-17 10:41:27.924107+00:00,29.2,20.2,0.0,0,14.6,27.0,45,open-meteo,4.52,84.84
Oulad Salmane,Morocco,34.3443,-6.4944,2026-09-23,2026-09-17 10:41:27.924107+00:00,29.7,18.8,0.0,0,15.8,29.5,45,open-meteo,4.92,84.56
Zegzel,Morocco,34.8407,-2.3543,2026-09-17,2026-09-17 10:41:28.008105+00:00,25.7,18.3,0.0,0,16.1,28.8,3,open-meteo,4.89,90.58
Zegzel,Morocco,34.8407,-2.3543,2026-09-18,2026-09-17 10:41:28.008105+00:00,25.7,17.6,0.0,3,20.6,37.8,45,open-meteo,6.35,83.56
Zegzel,Morocco,34.8407,-2.3543,2026-09-19,2026-09-17 10:41:28.008105+00:00,26.3,18.8,0.0,5,18.6,38.2,45,open-meteo,6.15,83.69
Zegzel,Morocco,34.8407,-2.3543,2026-09-20,2026-09-17 10:41:28.008105+00:00,27.2,20.2,0.0,0,15.8,28.4,45,open-meteo,4.81,84.63
Zegzel,Morocco,34.8407,-2.3543,2026-09-21,2026-09-17 10:41:28.008105+00:00,26.1,19.5,0.0,5,15.1,30.6,45,open-meteo,4.95,84.53
Zegzel,Morocco,34.8407,-2.3543,2026-09-22,2026-09-17 10:41:28.008105+00:00,26.1,18.6,0.0,3,14.6,27.4,45,open-meteo,4.56,84.81
Zegzel,Morocco,34.8407,-2.3543,2026-09-23,2026-09-17 10:41:28.008105+00:00,26.4,17.9,0.0,3,11.9,22.7,45,open-meteo,3.76,85.37
Ayt Mohamed,Morocco,31.8803,-6.4711,2026-09-17,2026-09-17 10:41:28.092130+00:00,25.4,13.2,0.2,58,17.1,36.0,3,open-meteo,6.0,89.8
Ayt Mohamed,Morocco,31.8803,-6.4711,2026-09-18,2026-09-17 10:41:28.092130+00:00,25.0,15.2,0.0,40,19.3,35.3,3,open-meteo,5.94,89.84
Ayt Mohamed,Morocco,31.8803,-6.4711,2026-09-19,2026-09-17 10:41:28.092130+00:00,26.9,16.6,0.2,48,17.8,32.8,3,open-meteo,5.77,89.96
Ayt Mohamed,Morocco,31.8803,-6.4711,2026-09-20,2026-09-17 10:41:28.092130+00:00,27.6,18.0,0.3,63,16.3,37.1,3,open-meteo,6.15,89.69
Ayt Mohamed,Morocco,31.8803,-6.4711,2026-09-21,2026-09-17 10:41:28.092130+00:00,26.4,17.3,0.0,48,16.9,33.1,2,open-meteo,5.42,93.21
Ayt Mohamed,Morocco,31.8803,-6.4711,2026-09-22,2026-09-17 10:41:28.092130+00:00,26.6,15.7,0.0,8,19.5,45.4,2,open-meteo,6.98,92.11
Ayt Mohamed,Morocco,31.8803,-6.4711,2026-09-23,2026-09-17 10:41:28.092130+00:00,27.7,15.0,0.0,3,18.8,44.3,1,open-meteo,6.78,95.25
Douar Imoukkane,Morocco,35.0601,-4.839,2026-09-17,2026-09-17 10:41:28.185625+00:00,28.2,15.5,0.0,0,12.8,25.2,45,open-meteo,4.12,85.12
Douar Imoukkane,Morocco,35.0601,-4.839,2026-09-18,2026-09-17 10:41:28.185625+00:00,25.6,15.3,0.0,0,13.5,25.9,45,open-meteo,4.28,85.0
Douar Imoukkane,Morocco,35.0601,-4.839,2026-09-19,2026-09-17 10:41:28.185625+00:00,26.0,17.2,0.0,3,16.6,31.7,45,open-meteo,5.25,84.33
Douar Imoukkane,Morocco,35.0601,-4.839,2026-09-20,2026-09-17 10:41:28.185625+00:00,26.1,19.3,0.0,3,14.5,27.4,45,open-meteo,4.55,84.81
Douar Imoukkane,Morocco,35.0601,-4.839,2026-09-21,2026-09-17 10:41:28.185625+00:00,25.9,19.1,0.0,3,13.7,26.3,45,open-meteo,4.34,84.96
Douar Imoukkane,Morocco,35.0601,-4.839,2026-09-22,2026-09-17 10:41:28.185625+00:00,24.3,18.0,0.0,0,12.0,24.5,45,open-meteo,3.95,85.23
Douar Imoukkane,Morocco,35.0601,-4.839,2026-09-23,2026-09-17 10:41:28.185625+00:00,24.7,17.6,0.0,3,11.3,29.2,2,open-meteo,4.33,93.97
El Ghiate,Morocco,32.0331,-9.1625,2026-09-17,2026-09-17 10:41:28.272663+00:00,25.6,18.1,0.0,0,20.3,38.5,2,open-meteo,6.39,92.53
El Ghiate,Morocco,32.0331,-9.1625,2026-09-18,2026-09-17 10:41:28.272663+00:00,27.9,17.6,0.0,0,21.3,39.6,1,open-meteo,6.62,95.37
El Ghiate,Morocco,32.0331,-9.1625,2026-09-19,2026-09-17 10:41:28.272663+00:00,29.7,17.8,0.0,0,18.2,34.9,2,open-meteo,5.76,92.97
El Ghiate,Morocco,32.0331,-9.1625,2026-09-20,2026-09-17 10:41:28.272663+00:00,28.4,19.5,0.0,0,14.7,31.0,2,open-meteo,4.94,93.54
El Ghiate,Morocco,32.0331,-9.1625,2026-09-21,2026-09-17 10:41:28.272663+00:00,28.8,19.2,0.0,0,13.9,28.4,45,open-meteo,4.58,84.79
El Ghiate,Morocco,32.0331,-9.1625,2026-09-22,2026-09-17 10:41:28.272663+00:00,32.5,18.7,0.0,0,16.9,33.5,45,open-meteo,5.46,84.18
El Ghiate,Morocco,32.0331,-9.1625,2026-09-23,2026-09-17 10:41:28.272663+00:00,32.0,17.1,0.0,0,18.3,37.1,0,open-meteo,6.0,95.8
Douar Azla,Morocco,35.5564,-5.2453,2026-09-17,2026-09-17 10:41:28.363742+00:00,25.1,16.9,0.0,0,13.6,23.8,3,open-meteo,4.08,91.14
Douar Azla,Morocco,35.5564,-5.2453,2026-09-18,2026-09-17 10:41:28.363742+00:00,25.1,19.9,0.0,0,20.3,34.2,3,open-meteo,5.96,89.83
Douar Azla,Morocco,35.5564,-5.2453,2026-09-19,2026-09-17 10:41:28.363742+00:00,25.2,22.5,0.8,0,34.8,58.3,3,open-meteo,11.25,86.12
Douar Azla,Morocco,35.5564,-5.2453,2026-09-20,2026-09-17 10:41:28.363742+00:00,25.4,23.5,1.3,0,28.8,47.5,80,open-meteo,10.08,76.44
Douar Azla,Morocco,35.5564,-5.2453,2026-09-21,2026-09-17 10:41:28.363742+00:00,25.3,22.8,0.9,0,24.5,41.4,80,open-meteo,8.4,77.62
Douar Azla,Morocco,35.5564,-5.2453,2026-09-22,2026-09-17 10:41:28.363742+00:00,29.0,22.3,0.0,0,16.2,42.8,2,open-meteo,6.31,92.58
Douar Azla,Morocco,35.5564,-5.2453,2026-09-23,2026-09-17 10:41:28.363742+00:00,29.5,22.7,0.0,0,15.4,45.4,2,open-meteo,6.46,92.48
Ait Bouziyane,Morocco,33.8167,-5.2749,2026-09-17,2026-09-17 10:41:28.452110+00:00,27.5,15.5,0.0,0,15.3,28.4,3,open-meteo,4.75,90.67
Ait Bouziyane,Morocco,33.8167,-5.2749,2026-09-18,2026-09-17 10:41:28.452110+00:00,28.2,16.2,0.0,0,16.3,30.2,3,open-meteo,5.06,90.46
Ait Bouziyane,Morocco,33.8167,-5.2749,2026-09-19,2026-09-17 10:41:28.452110+00:00,31.9,18.2,0.0,3,19.5,36.0,2,open-meteo,6.04,92.77
Ait Bouziyane,Morocco,33.8167,-5.2749,2026-09-20,2026-09-17 10:41:28.452110+00:00,33.9,21.0,0.0,0,18.2,34.9,2,open-meteo,5.76,92.97
Ait Bouziyane,Morocco,33.8167,-5.2749,2026-09-21,2026-09-17 10:41:28.452110+00:00,33.4,21.2,0.0,5,15.9,29.9,2,open-meteo,4.98,93.51
Ait Bouziyane,Morocco,33.8167,-5.2749,2026-09-22,2026-09-17 10:41:28.452110+00:00,33.0,18.6,0.0,0,15.8,29.5,0,open-meteo,4.92,96.56
Ait Bouziyane,Morocco,33.8167,-5.2749,2026-09-23,2026-09-17 10:41:28.452110+00:00,33.5,17.8,0.0,3,18.8,34.9,1,open-meteo,5.84,95.91
Had Beni Chiker,Morocco,35.2735,-3.0151,2026-09-17,2026-09-17 10:41:28.539058+00:00,25.7,20.4,0.0,3,14.7,28.8,3,open-meteo,4.72,90.7
Had Beni Chiker,Morocco,35.2735,-3.0151,2026-09-18,2026-09-17 10:41:28.539058+00:00,24.8,21.0,0.0,5,19.3,38.5,45,open-meteo,6.26,83.62
Had Beni Chiker,Morocco,35.2735,-3.0151,2026-09-19,2026-09-17 10:41:28.539058+00:00,25.5,22.1,0.0,35,30.1,61.6,3,open-meteo,9.92,87.06
Had Beni Chiker,Morocco,35.2735,-3.0151,2026-09-20,2026-09-17 10:41:28.539058+00:00,25.8,23.5,0.9,75,29.2,58.7,3,open-meteo,10.72,86.5
Had Beni Chiker,Morocco,35.2735,-3.0151,2026-09-21,2026-09-17 10:41:28.539058+00:00,25.4,22.3,0.6,38,23.6,47.2,3,open-meteo,8.47,88.07
Had Beni Chiker,Morocco,35.2735,-3.0151,2026-09-22,2026-09-17 10:41:28.539058+00:00,26.1,21.9,0.0,7,12.3,32.0,45,open-meteo,4.74,84.68
Had Beni Chiker,Morocco,35.2735,-3.0151,2026-09-23,2026-09-17 10:41:28.539058+00:00,26.9,21.7,0.0,0,11.0,32.8,45,open-meteo,4.65,84.74
Sidi Ifni,Morocco,29.3798,-10.173,2026-09-17,2026-09-17 10:41:28.662940+00:00,22.2,19.2,0.7,10,21.7,42.1,51,open-meteo,7.86,87.0
Sidi Ifni,Morocco,29.3798,-10.173,2026-09-18,2026-09-17 10:41:28.662940+00:00,22.0,17.5,0.0,0,13.7,31.0,1,open-meteo,4.81,96.63
Sidi Ifni,Morocco,29.3798,-10.173,2026-09-19,2026-09-17 10:41:28.662940+00:00,22.5,19.4,0.0,0,16.1,33.5,3,open-meteo,5.36,90.25
Sidi Ifni,Morocco,29.3798,-10.173,2026-09-20,2026-09-17 10:41:28.662940+00:00,22.8,18.7,0.0,0,11.9,26.6,3,open-meteo,4.15,91.09
Sidi Ifni,Morocco,29.3798,-10.173,2026-09-21,2026-09-17 10:41:28.662940+00:00,24.2,18.8,0.0,0,8.3,22.3,2,open-meteo,3.27,94.71
Sidi Ifni,Morocco,29.3798,-10.173,2026-09-22,2026-09-17 10:41:28.662940+00:00,23.8,19.3,0.0,0,11.5,27.7,3,open-meteo,4.21,91.05
Sidi Ifni,Morocco,29.3798,-10.173,2026-09-23,2026-09-17 10:41:28.662940+00:00,23.3,18.8,0.0,2,9.5,25.9,3,open-meteo,3.78,91.35
Haddada,Morocco,34.222,-6.511,2026-09-17,2026-09-17 10:41:28.749768+00:00,26.7,18.2,0.0,0,13.9,28.1,3,open-meteo,4.55,90.81
Haddada,Morocco,34.222,-6.511,2026-09-18,2026-09-17 10:41:28.749768+00:00,27.8,16.1,0.0,0,16.6,32.4,45,open-meteo,5.32,84.28
Haddada,Morocco,34.222,-6.511,2026-09-19,2026-09-17 10:41:28.749768+00:00,33.9,16.7,0.0,0,17.7,35.3,45,open-meteo,5.74,83.98
Haddada,Morocco,34.222,-6.511,2026-09-20,2026-09-17 10:41:28.749768+00:00,34.3,20.0,0.0,0,15.0,29.9,2,open-meteo,4.87,93.59
Haddada,Morocco,34.222,-6.511,2026-09-21,2026-09-17 10:41:28.749768+00:00,32.9,20.7,0.0,0,15.3,30.6,45,open-meteo,4.97,84.52
Haddada,Morocco,34.222,-6.511,2026-09-22,2026-09-17 10:41:28.749768+00:00,27.5,20.4,0.0,0,11.8,27.4,45,open-meteo,4.21,85.05
Haddada,Morocco,34.222,-6.511,2026-09-23,2026-09-17 10:41:28.749768+00:00,28.2,19.5,0.0,0,12.6,29.5,45,open-meteo,4.52,84.84
Asni,Morocco,31.1676,-7.9126,2026-09-17,2026-09-17 10:41:28.834836+00:00,22.5,13.1,0.9,90,12.0,29.5,3,open-meteo,5.65,90.04
Asni,Morocco,31.1676,-7.9126,2026-09-18,2026-09-17 10:41:28.834836+00:00,22.2,14.2,0.4,98,12.2,27.4,2,open-meteo,4.8,93.64
Asni,Morocco,31.1676,-7.9126,2026-09-19,2026-09-17 10:41:28.834836+00:00,24.2,15.2,0.7,90,16.1,33.1,80,open-meteo,6.26,79.12
Asni,Morocco,31.1676,-7.9126,2026-09-20,2026-09-17 10:41:28.834836+00:00,25.0,16.0,0.6,63,21.7,41.8,3,open-meteo,7.69,88.62
Asni,Morocco,31.1676,-7.9126,2026-09-21,2026-09-17 10:41:28.834836+00:00,23.4,15.2,4.2,65,20.6,39.2,80,open-meteo,12.1,75.03
Asni,Morocco,31.1676,-7.9126,2026-09-22,2026-09-17 10:41:28.834836+00:00,23.3,15.1,0.3,29,18.7,38.9,3,open-meteo,6.63,89.36
Asni,Morocco,31.1676,-7.9126,2026-09-23,2026-09-17 10:41:28.834836+00:00,23.3,16.3,0.9,30,10.9,31.3,80,open-meteo,5.69,79.52
Tnine Lgharbia,Morocco,32.5719,-8.8569,2026-09-17,2026-09-17 10:41:28.920604+00:00,26.3,17.8,0.0,0,18.5,34.2,3,open-meteo,5.73,89.99
Tnine Lgharbia,Morocco,32.5719,-8.8569,2026-09-18,2026-09-17 10:41:28.920604+00:00,28.2,17.9,0.0,0,20.2,37.4,2,open-meteo,6.27,92.61
Tnine Lgharbia,Morocco,32.5719,-8.8569,2026-09-19,2026-09-17 10:41:28.920604+00:00,29.5,17.1,0.0,0,16.7,31.3,3,open-meteo,5.22,90.35
Tnine Lgharbia,Morocco,32.5719,-8.8569,2026-09-20,2026-09-17 10:41:28.920604+00:00,31.1,19.4,0.0,0,14.3,27.7,45,open-meteo,4.56,84.81
Tnine Lgharbia,Morocco,32.5719,-8.8569,2026-09-21,2026-09-17 10:41:28.920604+00:00,32.3,19.0,0.0,0,16.1,29.9,45,open-meteo,5.0,84.5
Tnine Lgharbia,Morocco,32.5719,-8.8569,2026-09-22,2026-09-17 10:41:28.920604+00:00,30.9,19.0,0.0,0,15.0,29.2,45,open-meteo,4.8,84.64
Tnine Lgharbia,Morocco,32.5719,-8.8569,2026-09-23,2026-09-17 10:41:28.920604+00:00,30.4,19.0,0.0,0,18.5,35.6,45,open-meteo,5.87,83.89
Arbi’a Tighadwiyn,Morocco,31.4279,-7.5253,2026-09-17,2026-09-17 10:41:29.007195+00:00,26.7,16.7,0.0,0,12.2,28.8,3,open-meteo,4.41,90.91
Arbi’a Tighadwiyn,Morocco,31.4279,-7.5253,2026-09-18,2026-09-17 10:41:29.007195+00:00,27.8,16.2,0.0,3,12.4,27.4,3,open-meteo,4.29,91.0
Arbi’a Tighadwiyn,Morocco,31.4279,-7.5253,2026-09-19,2026-09-17 10:41:29.007195+00:00,31.2,19.1,0.1,32,15.0,33.1,3,open-meteo,5.32,90.28
Arbi’a Tighadwiyn,Morocco,31.4279,-7.5253,2026-09-20,2026-09-17 10:41:29.007195+00:00,32.7,22.5,0.6,35,12.6,33.8,80,open-meteo,5.75,79.47
Arbi’a Tighadwiyn,Morocco,31.4279,-7.5253,2026-09-21,2026-09-17 10:41:29.007195+00:00,32.6,21.9,0.6,25,18.8,38.9,3,open-meteo,7.04,89.07
Arbi’a Tighadwiyn,Morocco,31.4279,-7.5253,2026-09-22,2026-09-17 10:41:29.007195+00:00,31.3,22.1,0.0,15,19.3,40.3,1,open-meteo,6.44,95.49
Arbi’a Tighadwiyn,Morocco,31.4279,-7.5253,2026-09-23,2026-09-17 10:41:29.007195+00:00,32.0,21.6,0.0,20,15.7,32.8,1,open-meteo,5.24,96.33
Sidi Allal Tazi,Morocco,34.5197,-6.3236,2026-09-17,2026-09-17 10:41:29.095001+00:00,26.1,17.8,0.0,0,14.7,28.1,3,open-meteo,4.65,90.74
Sidi Allal Tazi,Morocco,34.5197,-6.3236,2026-09-18,2026-09-17 10:41:29.095001+00:00,27.7,15.8,0.0,0,20.0,38.2,45,open-meteo,6.32,83.58
Sidi Allal Tazi,Morocco,34.5197,-6.3236,2026-09-19,2026-09-17 10:41:29.095001+00:00,33.8,17.7,0.0,0,18.4,34.6,45,open-meteo,5.76,83.97
Sidi Allal Tazi,Morocco,34.5197,-6.3236,2026-09-20,2026-09-17 10:41:29.095001+00:00,35.2,22.4,0.0,0,19.8,37.1,2,open-meteo,6.99,92.11
Sidi Allal Tazi,Morocco,34.5197,-6.3236,2026-09-21,2026-09-17 10:41:29.095001+00:00,33.9,20.4,0.0,0,19.0,35.6,45,open-meteo,5.94,83.84
Sidi Allal Tazi,Morocco,34.5197,-6.3236,2026-09-22,2026-09-17 10:41:29.095001+00:00,29.6,20.2,0.0,0,14.5,27.4,45,open-meteo,4.55,84.81
Sidi Allal Tazi,Morocco,34.5197,-6.3236,2026-09-23,2026-09-17 10:41:29.095001+00:00,29.9,18.4,0.0,0,15.5,29.5,45,open-meteo,4.89,84.58
Tlet Ighoud,Morocco,31.8586,-8.8842,2026-09-17,2026-09-17 10:41:29.183711+00:00,29.3,18.0,0.0,0,20.2,34.2,1,open-meteo,5.95,95.83
Tlet Ighoud,Morocco,31.8586,-8.8842,2026-09-18,2026-09-17 10:41:29.183711+00:00,31.7,18.0,0.0,0,23.5,41.4,0,open-meteo,7.08,95.04
Tlet Ighoud,Morocco,31.8586,-8.8842,2026-09-19,2026-09-17 10:41:29.183711+00:00,34.3,19.4,0.0,0,15.8,27.7,2,open-meteo,4.75,93.67
Tlet Ighoud,Morocco,31.8586,-8.8842,2026-09-20,2026-09-17 10:41:29.183711+00:00,35.3,23.3,0.0,0,19.6,34.2,2,open-meteo,7.07,92.05
Tlet Ighoud,Morocco,31.8586,-8.8842,2026-09-21,2026-09-17 10:41:29.183711+00:00,36.7,23.5,0.0,0,18.8,34.6,1,open-meteo,12.61,91.17
Tlet Ighoud,Morocco,31.8586,-8.8842,2026-09-22,2026-09-17 10:41:29.183711+00:00,36.3,20.6,0.0,0,19.6,34.9,0,open-meteo,11.14,92.2
Tlet Ighoud,Morocco,31.8586,-8.8842,2026-09-23,2026-09-17 10:41:29.183711+00:00,36.0,19.5,0.0,0,19.0,35.3,0,open-meteo,9.9,93.07
Imouzzer Kandar,Morocco,33.73,-5.01,2026-09-17,2026-09-17 10:41:29.517241+00:00,23.1,15.1,0.0,0,15.2,31.7,3,open-meteo,5.07,90.45
Imouzzer Kandar,Morocco,33.73,-5.01,2026-09-18,2026-09-17 10:41:29.517241+00:00,24.1,14.6,0.0,0,15.2,32.4,3,open-meteo,5.14,90.4
Imouzzer Kandar,Morocco,33.73,-5.01,2026-09-19,2026-09-17 10:41:29.517241+00:00,27.6,17.1,0.2,28,19.1,64.8,80,open-meteo,9.13,77.11
Imouzzer Kandar,Morocco,33.73,-5.01,2026-09-20,2026-09-17 10:41:29.517241+00:00,29.3,21.0,0.0,10,20.1,58.7,2,open-meteo,8.38,91.13
Imouzzer Kandar,Morocco,33.73,-5.01,2026-09-21,2026-09-17 10:41:29.517241+00:00,28.5,19.0,0.0,5,20.5,42.8,2,open-meteo,6.84,92.21
Imouzzer Kandar,Morocco,33.73,-5.01,2026-09-22,2026-09-17 10:41:29.517241+00:00,27.6,17.2,0.0,3,21.8,42.1,1,open-meteo,6.94,95.14
Imouzzer Kandar,Morocco,33.73,-5.01,2026-09-23,2026-09-17 10:41:29.517241+00:00,28.2,18.4,0.0,3,19.8,38.9,1,open-meteo,6.37,95.54
Station des Essais M.V.A.,Morocco,34.9134,-2.5117,2026-09-17,2026-09-17 10:41:29.598192+00:00,27.8,17.7,0.0,0,18.1,31.3,3,open-meteo,5.39,90.23
Station des Essais M.V.A.,Morocco,34.9134,-2.5117,2026-09-18,2026-09-17 10:41:29.598192+00:00,27.7,19.1,0.0,0,23.7,40.7,45,open-meteo,7.03,83.08
Station des Essais M.V.A.,Morocco,34.9134,-2.5117,2026-09-19,2026-09-17 10:41:29.598192+00:00,27.2,20.5,0.1,3,27.5,49.0,3,open-meteo,8.47,88.07
Station des Essais M.V.A.,Morocco,34.9134,-2.5117,2026-09-20,2026-09-17 10:41:29.598192+00:00,28.5,21.9,0.0,3,26.0,46.8,45,open-meteo,7.93,82.45
Station des Essais M.V.A.,Morocco,34.9134,-2.5117,2026-09-21,2026-09-17 10:41:29.598192+00:00,27.5,21.3,0.0,5,24.2,42.1,45,open-meteo,7.23,82.94
Station des Essais M.V.A.,Morocco,34.9134,-2.5117,2026-09-22,2026-09-17 10:41:29.598192+00:00,28.4,20.5,0.0,3,17.7,33.1,45,open-meteo,5.52,84.14
Station des Essais M.V.A.,Morocco,34.9134,-2.5117,2026-09-23,2026-09-17 10:41:29.598192+00:00,28.5,19.4,0.0,0,14.8,28.1,45,open-meteo,4.66,84.74
Oualidia,Morocco,32.7314,-9.0339,2026-09-17,2026-09-17 10:41:29.680105+00:00,24.3,19.1,0.0,0,14.7,26.6,2,open-meteo,4.5,93.85
Oualidia,Morocco,32.7314,-9.0339,2026-09-18,2026-09-17 10:41:29.680105+00:00,24.4,19.3,0.0,0,21.1,36.0,2,open-meteo,6.24,92.63
Oualidia,Morocco,32.7314,-9.0339,2026-09-19,2026-09-17 10:41:29.680105+00:00,25.2,18.6,0.0,0,15.5,27.4,2,open-meteo,4.68,93.72
Oualidia,Morocco,32.7314,-9.0339,2026-09-20,2026-09-17 10:41:29.680105+00:00,25.2,20.1,0.0,0,10.6,19.1,45,open-meteo,3.24,85.73
Oualidia,Morocco,32.7314,-9.0339,2026-09-21,2026-09-17 10:41:29.680105+00:00,25.0,19.5,0.0,0,10.7,20.2,45,open-meteo,3.36,85.65
Oualidia,Morocco,32.7314,-9.0339,2026-09-22,2026-09-17 10:41:29.680105+00:00,26.8,20.0,0.0,0,12.6,23.4,45,open-meteo,3.92,85.26
Oualidia,Morocco,32.7314,-9.0339,2026-09-23,2026-09-17 10:41:29.680105+00:00,26.8,20.2,0.0,0,17.0,31.7,45,open-meteo,5.29,84.3
Boumia,Morocco,32.7167,-5.1,2026-09-17,2026-09-17 10:41:29.798976+00:00,27.4,11.8,0.0,3,27.2,48.6,3,open-meteo,8.26,88.22
Boumia,Morocco,32.7167,-5.1,2026-09-18,2026-09-17 10:41:29.798976+00:00,27.1,12.7,0.0,0,25.8,45.7,3,open-meteo,7.8,88.54
Boumia,Morocco,32.7167,-5.1,2026-09-19,2026-09-17 10:41:29.798976+00:00,27.0,14.1,0.2,45,24.8,42.5,3,open-meteo,7.62,88.67
Boumia,Morocco,32.7167,-5.1,2026-09-20,2026-09-17 10:41:29.798976+00:00,28.2,13.8,0.0,13,15.6,32.0,45,open-meteo,5.15,84.39
Boumia,Morocco,32.7167,-5.1,2026-09-21,2026-09-17 10:41:29.798976+00:00,28.1,15.6,0.9,13,24.3,50.4,80,open-meteo,9.28,77.0
Boumia,Morocco,32.7167,-5.1,2026-09-22,2026-09-17 10:41:29.798976+00:00,27.6,13.2,0.0,2,15.2,27.4,45,open-meteo,4.64,84.75
Boumia,Morocco,32.7167,-5.1,2026-09-23,2026-09-17 10:41:29.798976+00:00,29.4,15.5,0.0,3,8.1,14.0,3,open-meteo,2.41,92.31
Oulad Embarek,Morocco,32.2988,-6.4845,2026-09-17,2026-09-17 10:41:29.880566+00:00,32.2,17.5,0.0,0,11.8,20.5,45,open-meteo,3.53,85.53
Oulad Embarek,Morocco,32.2988,-6.4845,2026-09-18,2026-09-17 10:41:29.880566+00:00,34.0,17.9,0.0,0,10.3,17.6,3,open-meteo,3.05,91.86
Oulad Embarek,Morocco,32.2988,-6.4845,2026-09-19,2026-09-17 10:41:29.880566+00:00,37.6,20.8,0.0,0,5.6,12.6,3,open-meteo,12.36,85.35
Oulad Embarek,Morocco,32.2988,-6.4845,2026-09-20,2026-09-17 10:41:29.880566+00:00,39.2,23.3,0.0,3,14.2,25.9,3,open-meteo,21.17,79.18
Oulad Embarek,Morocco,32.2988,-6.4845,2026-09-21,2026-09-17 10:41:29.880566+00:00,38.3,23.7,0.0,5,14.4,39.2,2,open-meteo,18.92,83.76
Oulad Embarek,Morocco,32.2988,-6.4845,2026-09-22,2026-09-17 10:41:29.880566+00:00,36.8,23.9,0.0,2,16.6,30.2,2,open-meteo,12.29,88.4
Oulad Embarek,Morocco,32.2988,-6.4845,2026-09-23,2026-09-17 10:41:29.880566+00:00,37.4,24.7,0.0,0,16.0,29.9,1,open-meteo,14.59,89.79
Caidat Sidi Boubker El Haj,Morocco,34.9147,-6.0733,2026-09-17,2026-09-17 10:41:29.963138+00:00,26.5,17.2,0.0,0,12.1,24.1,3,open-meteo,3.92,91.26
Caidat Sidi Boubker El Haj,Morocco,34.9147,-6.0733,2026-09-18,2026-09-17 10:41:29.963138+00:00,28.5,15.4,0.0,0,19.5,38.9,3,open-meteo,6.33,89.57
Caidat Sidi Boubker El Haj,Morocco,34.9147,-6.0733,2026-09-19,2026-09-17 10:41:29.963138+00:00,34.2,18.8,0.0,0,13.2,27.4,2,open-meteo,4.39,93.93
Caidat Sidi Boubker El Haj,Morocco,34.9147,-6.0733,2026-09-20,2026-09-17 10:41:29.963138+00:00,36.2,22.0,0.0,0,14.7,28.4,1,open-meteo,9.48,93.36
Caidat Sidi Boubker El Haj,Morocco,34.9147,-6.0733,2026-09-21,2026-09-17 10:41:29.963138+00:00,34.5,22.6,0.0,0,15.9,32.8,1,open-meteo,5.27,96.31
Caidat Sidi Boubker El Haj,Morocco,34.9147,-6.0733,2026-09-22,2026-09-17 10:41:29.963138+00:00,31.9,19.9,0.0,0,18.3,35.6,2,open-meteo,5.85,92.91
Caidat Sidi Boubker El Haj,Morocco,34.9147,-6.0733,2026-09-23,2026-09-17 10:41:29.963138+00:00,31.8,18.5,0.0,0,16.8,32.0,1,open-meteo,5.3,96.29
Awlouz,Morocco,30.7,-8.15,2026-09-17,2026-09-17 10:41:30.043352+00:00,30.6,19.2,0.0,5,18.4,34.2,3,open-meteo,5.72,90.0
Awlouz,Morocco,30.7,-8.15,2026-09-18,2026-09-17 10:41:30.043352+00:00,32.8,18.1,0.0,3,19.7,34.9,2,open-meteo,5.95,92.83
Awlouz,Morocco,30.7,-8.15,2026-09-19,2026-09-17 10:41:30.043352+00:00,36.1,20.4,0.0,3,14.8,37.1,3,open-meteo,9.96,87.03
Awlouz,Morocco,30.7,-8.15,2026-09-20,2026-09-17 10:41:30.043352+00:00,37.1,22.8,0.0,0,14.6,29.5,2,open-meteo,13.18,87.77
Awlouz,Morocco,30.7,-8.15,2026-09-21,2026-09-17 10:41:30.043352+00:00,36.3,23.1,0.0,0,25.3,51.5,3,open-meteo,13.51,84.54
Awlouz,Morocco,30.7,-8.15,2026-09-22,2026-09-17 10:41:30.043352+00:00,36.0,21.9,0.0,0,24.5,50.8,1,open-meteo,12.14,91.5
Awlouz,Morocco,30.7,-8.15,2026-09-23,2026-09-17 10:41:30.043352+00:00,35.8,21.6,0.0,0,21.0,38.9,2,open-meteo,9.71,90.2
Amizmiz,Morocco,31.21,-8.25,2026-09-17,2026-09-17 10:41:30.122582+00:00,25.3,15.7,0.0,0,12.6,24.1,3,open-meteo,3.99,91.21
Amizmiz,Morocco,31.21,-8.25,2026-09-18,2026-09-17 10:41:30.122582+00:00,27.6,15.1,0.0,0,12.7,23.0,2,open-meteo,3.89,94.28
Amizmiz,Morocco,31.21,-8.25,2026-09-19,2026-09-17 10:41:30.122582+00:00,30.5,18.7,0.0,5,16.0,29.5,2,open-meteo,4.95,93.53
Amizmiz,Morocco,31.21,-8.25,2026-09-20,2026-09-17 10:41:30.122582+00:00,32.1,20.4,0.3,28,17.3,35.6,3,open-meteo,6.12,89.72
Amizmiz,Morocco,31.21,-8.25,2026-09-21,2026-09-17 10:41:30.122582+00:00,32.5,21.4,0.0,13,22.3,37.8,2,open-meteo,6.57,92.4
Amizmiz,Morocco,31.21,-8.25,2026-09-22,2026-09-17 10:41:30.122582+00:00,31.2,21.2,0.0,3,18.4,33.8,0,open-meteo,5.68,96.02
Amizmiz,Morocco,31.21,-8.25,2026-09-23,2026-09-17 10:41:30.122582+00:00,31.2,20.4,0.0,0,15.5,27.7,2,open-meteo,4.71,93.7
Chouafaa,Morocco,34.9468,-6.1667,2026-09-17,2026-09-17 10:41:30.203016+00:00,25.5,17.2,0.0,0,12.7,24.8,3,open-meteo,4.07,91.15
Chouafaa,Morocco,34.9468,-6.1667,2026-09-18,2026-09-17 10:41:30.203016+00:00,26.2,15.2,0.0,0,20.2,39.2,3,open-meteo,6.45,89.48
Chouafaa,Morocco,34.9468,-6.1667,2026-09-19,2026-09-17 10:41:30.203016+00:00,31.6,17.8,0.0,0,14.8,29.2,2,open-meteo,4.77,93.66
Chouafaa,Morocco,34.9468,-6.1667,2026-09-20,2026-09-17 10:41:30.203016+00:00,35.0,22.2,0.0,0,16.0,31.0,1,open-meteo,5.1,96.43
Chouafaa,Morocco,34.9468,-6.1667,2026-09-21,2026-09-17 10:41:30.203016+00:00,32.5,21.6,0.0,0,17.0,33.8,1,open-meteo,5.5,96.15
Chouafaa,Morocco,34.9468,-6.1667,2026-09-22,2026-09-17 10:41:30.203016+00:00,31.9,19.7,0.0,0,16.7,32.0,45,open-meteo,5.29,84.3
Chouafaa,Morocco,34.9468,-6.1667,2026-09-23,2026-09-17 10:41:30.203016+00:00,32.0,17.9,0.0,0,14.8,28.8,1,open-meteo,4.73,96.69
Tighedouine,Morocco,31.4236,-7.5208,2026-09-17,2026-09-17 10:41:30.284989+00:00,26.2,16.2,0.0,0,12.2,28.8,3,open-meteo,4.41,90.91
Tighedouine,Morocco,31.4236,-7.5208,2026-09-18,2026-09-17 10:41:30.284989+00:00,27.3,15.7,0.0,3,12.4,27.4,3,open-meteo,4.29,91.0
Tighedouine,Morocco,31.4236,-7.5208,2026-09-19,2026-09-17 10:41:30.284989+00:00,30.7,18.5,0.1,32,15.0,33.1,3,open-meteo,5.32,90.28
Tighedouine,Morocco,31.4236,-7.5208,2026-09-20,2026-09-17 10:41:30.284989+00:00,32.2,22.0,0.6,35,12.6,33.8,80,open-meteo,5.75,79.47
Tighedouine,Morocco,31.4236,-7.5208,2026-09-21,2026-09-17 10:41:30.284989+00:00,32.1,21.4,0.6,25,18.8,38.9,3,open-meteo,7.04,89.07
Tighedouine,Morocco,31.4236,-7.5208,2026-09-22,2026-09-17 10:41:30.284989+00:00,30.7,21.5,0.0,15,19.3,40.3,1,open-meteo,6.44,95.49
Tighedouine,Morocco,31.4236,-7.5208,2026-09-23,2026-09-17 10:41:30.284989+00:00,31.4,21.1,0.0,20,15.7,32.8,1,open-meteo,5.24,96.33
Ait Ben Daoudi,Morocco,31.6345,-7.644,2026-09-17,2026-09-17 10:41:30.367427+00:00,29.3,17.3,0.0,0,10.4,20.9,3,open-meteo,3.39,91.63
Ait Ben Daoudi,Morocco,31.6345,-7.644,2026-09-18,2026-09-17 10:41:30.367427+00:00,31.2,17.8,0.0,0,10.0,19.8,2,open-meteo,3.23,94.74
Ait Ben Daoudi,Morocco,31.6345,-7.644,2026-09-19,2026-09-17 10:41:30.367427+00:00,35.0,19.7,0.0,3,10.3,21.2,3,open-meteo,3.41,91.61
Ait Ben Daoudi,Morocco,31.6345,-7.644,2026-09-20,2026-09-17 10:41:30.367427+00:00,37.2,23.2,1.2,25,13.8,29.2,80,open-meteo,15.05,72.97
Ait Ben Daoudi,Morocco,31.6345,-7.644,2026-09-21,2026-09-17 10:41:30.367427+00:00,36.2,22.1,0.0,13,14.6,28.4,2,open-meteo,9.47,90.37
Ait Ben Daoudi,Morocco,31.6345,-7.644,2026-09-22,2026-09-17 10:41:30.367427+00:00,35.9,21.4,0.0,8,13.0,25.6,1,open-meteo,7.78,94.55
Ait Ben Daoudi,Morocco,31.6345,-7.644,2026-09-23,2026-09-17 10:41:30.367427+00:00,35.9,19.4,0.0,3,11.5,22.7,1,open-meteo,7.31,94.88
Alnif,Morocco,31.1183,-5.1135,2026-09-17,2026-09-17 10:41:30.447726+00:00,32.4,22.9,0.7,15,14.8,30.6,80,open-meteo,5.84,79.41
Alnif,Morocco,31.1183,-5.1135,2026-09-18,2026-09-17 10:41:30.447726+00:00,33.4,21.5,0.1,13,17.3,32.0,3,open-meteo,5.5,90.15
Alnif,Morocco,31.1183,-5.1135,2026-09-19,2026-09-17 10:41:30.447726+00:00,33.3,22.9,0.0,13,29.3,48.6,3,open-meteo,8.52,88.04
Alnif,Morocco,31.1183,-5.1135,2026-09-20,2026-09-17 10:41:30.447726+00:00,32.3,21.8,0.0,5,15.3,30.2,3,open-meteo,4.93,90.55
Alnif,Morocco,31.1183,-5.1135,2026-09-21,2026-09-17 10:41:30.447726+00:00,31.5,22.2,1.8,40,23.4,49.0,80,open-meteo,10.23,76.34
Alnif,Morocco,31.1183,-5.1135,2026-09-22,2026-09-17 10:41:30.447726+00:00,32.2,20.4,0.0,8,11.6,20.9,3,open-meteo,3.54,91.52
Alnif,Morocco,31.1183,-5.1135,2026-09-23,2026-09-17 10:41:30.447726+00:00,33.2,22.2,0.0,8,11.5,18.7,2,open-meteo,3.31,94.68
Karia Ba Mohamed,Morocco,34.3667,-5.2,2026-09-17,2026-09-17 10:41:30.530238+00:00,29.4,18.8,0.0,0,14.1,27.0,3,open-meteo,4.46,90.88
Karia Ba Mohamed,Morocco,34.3667,-5.2,2026-09-18,2026-09-17 10:41:30.530238+00:00,32.4,17.5,0.0,0,9.0,18.0,3,open-meteo,2.92,91.96
Karia Ba Mohamed,Morocco,34.3667,-5.2,2026-09-19,2026-09-17 10:41:30.530238+00:00,35.8,22.2,0.0,0,22.0,41.4,1,open-meteo,10.09,92.94
Karia Ba Mohamed,Morocco,34.3667,-5.2,2026-09-20,2026-09-17 10:41:30.530238+00:00,37.7,24.6,0.0,0,19.2,36.0,2,open-meteo,16.8,85.24
Karia Ba Mohamed,Morocco,34.3667,-5.2,2026-09-21,2026-09-17 10:41:30.530238+00:00,37.1,24.7,0.0,3,15.7,29.5,1,open-meteo,13.31,90.68
Karia Ba Mohamed,Morocco,34.3667,-5.2,2026-09-22,2026-09-17 10:41:30.530238+00:00,36.7,24.0,0.0,0,12.3,24.5,3,open-meteo,10.79,86.45
Karia Ba Mohamed,Morocco,34.3667,-5.2,2026-09-23,2026-09-17 10:41:30.530238+00:00,37.9,22.2,0.0,0,7.9,16.9,0,open-meteo,14.28,90.0
Saka,Morocco,34.6167,-3.4167,2026-09-17,2026-09-17 10:41:30.620810+00:00,27.2,17.1,0.0,3,24.4,40.0,3,open-meteo,7.05,89.06
Saka,Morocco,34.6167,-3.4167,2026-09-18,2026-09-17 10:41:30.620810+00:00,26.0,15.8,0.0,0,23.6,37.8,3,open-meteo,6.73,89.29
Saka,Morocco,34.6167,-3.4167,2026-09-19,2026-09-17 10:41:30.620810+00:00,26.4,17.7,0.0,3,23.7,39.6,3,open-meteo,6.92,89.16
Saka,Morocco,34.6167,-3.4167,2026-09-20,2026-09-17 10:41:30.620810+00:00,26.9,19.4,0.0,3,29.2,48.6,3,open-meteo,8.51,88.04
Saka,Morocco,34.6167,-3.4167,2026-09-21,2026-09-17 10:41:30.620810+00:00,25.9,18.8,0.0,3,24.1,40.7,3,open-meteo,7.08,89.04
Saka,Morocco,34.6167,-3.4167,2026-09-22,2026-09-17 10:41:30.620810+00:00,28.5,17.1,0.0,3,18.1,31.0,3,open-meteo,5.36,90.25
Saka,Morocco,34.6167,-3.4167,2026-09-23,2026-09-17 10:41:30.620810+00:00,28.9,18.7,0.0,3,26.3,47.5,0,open-meteo,8.04,94.37
Sidi Abdel Aziz,Morocco,33.0102,-8.6482,2026-09-17,2026-09-17 10:41:30.701350+00:00,25.9,18.6,0.0,0,17.2,31.7,3,open-meteo,5.32,90.28
Sidi Abdel Aziz,Morocco,33.0102,-8.6482,2026-09-18,2026-09-17 10:41:30.701350+00:00,26.7,18.7,0.0,0,18.8,34.9,2,open-meteo,5.84,92.91
Sidi Abdel Aziz,Morocco,33.0102,-8.6482,2026-09-19,2026-09-17 10:41:30.701350+00:00,28.3,18.3,0.0,0,15.6,29.2,2,open-meteo,4.87,93.59
Sidi Abdel Aziz,Morocco,33.0102,-8.6482,2026-09-20,2026-09-17 10:41:30.701350+00:00,29.2,19.9,0.0,0,14.6,27.0,45,open-meteo,4.52,84.84
Sidi Abdel Aziz,Morocco,33.0102,-8.6482,2026-09-21,2026-09-17 10:41:30.701350+00:00,28.3,20.1,0.0,0,15.1,27.4,45,open-meteo,4.63,84.76
Sidi Abdel Aziz,Morocco,33.0102,-8.6482,2026-09-22,2026-09-17 10:41:30.701350+00:00,28.5,19.9,0.0,0,14.0,27.4,45,open-meteo,4.49,84.86
Sidi Abdel Aziz,Morocco,33.0102,-8.6482,2026-09-23,2026-09-17 10:41:30.701350+00:00,28.4,19.7,0.0,0,16.7,33.5,45,open-meteo,5.44,84.19
Outat Oulad Al Haj,Morocco,33.3335,-3.7077,2026-09-17,2026-09-17 10:41:30.786939+00:00,30.2,17.1,0.1,23,33.7,56.2,3,open-meteo,9.97,87.02
Outat Oulad Al Haj,Morocco,33.3335,-3.7077,2026-09-18,2026-09-17 10:41:30.786939+00:00,30.5,16.8,0.0,8,39.3,61.6,3,open-meteo,11.07,86.25
Outat Oulad Al Haj,Morocco,33.3335,-3.7077,2026-09-19,2026-09-17 10:41:30.786939+00:00,31.1,18.1,1.3,53,28.9,47.2,95,open-meteo,10.07,65.95
Outat Oulad Al Haj,Morocco,33.3335,-3.7077,2026-09-20,2026-09-17 10:41:30.786939+00:00,32.5,18.7,0.0,20,32.0,50.0,2,open-meteo,9.0,90.7
Outat Oulad Al Haj,Morocco,33.3335,-3.7077,2026-09-21,2026-09-17 10:41:30.786939+00:00,28.9,19.4,1.8,33,20.9,33.8,80,open-meteo,8.39,77.63
Outat Oulad Al Haj,Morocco,33.3335,-3.7077,2026-09-22,2026-09-17 10:41:30.786939+00:00,30.8,19.0,0.0,8,19.3,34.2,2,open-meteo,5.83,92.92
Outat Oulad Al Haj,Morocco,33.3335,-3.7077,2026-09-23,2026-09-17 10:41:30.786939+00:00,32.3,20.2,0.0,3,21.0,34.6,3,open-meteo,6.09,89.74
Sidi Rahal,Morocco,33.4774,-7.9364,2026-09-17,2026-09-17 10:41:30.867995+00:00,25.7,19.4,0.0,0,16.3,31.7,3,open-meteo,5.21,90.35
Sidi Rahal,Morocco,33.4774,-7.9364,2026-09-18,2026-09-17 10:41:30.867995+00:00,25.5,18.0,0.0,0,16.3,31.0,3,open-meteo,5.14,90.4
Sidi Rahal,Morocco,33.4774,-7.9364,2026-09-19,2026-09-17 10:41:30.867995+00:00,26.8,19.6,0.0,0,15.9,31.3,45,open-meteo,5.12,84.42
Sidi Rahal,Morocco,33.4774,-7.9364,2026-09-20,2026-09-17 10:41:30.867995+00:00,29.2,20.7,0.0,0,14.0,27.4,45,open-meteo,4.49,84.86
Sidi Rahal,Morocco,33.4774,-7.9364,2026-09-21,2026-09-17 10:41:30.867995+00:00,27.8,20.5,0.0,0,13.5,28.4,45,open-meteo,4.53,84.83
Sidi Rahal,Morocco,33.4774,-7.9364,2026-09-22,2026-09-17 10:41:30.867995+00:00,29.8,21.0,0.0,0,14.0,28.1,45,open-meteo,4.56,84.81
Sidi Rahal,Morocco,33.4774,-7.9364,2026-09-23,2026-09-17 10:41:30.867995+00:00,28.8,20.7,0.0,0,16.7,33.1,45,open-meteo,5.4,84.22
Tamallalt,Morocco,31.8288,-7.5262,2026-09-17,2026-09-17 10:41:30.947185+00:00,29.3,16.7,0.0,0,13.8,24.1,2,open-meteo,4.14,94.1
Tamallalt,Morocco,31.8288,-7.5262,2026-09-18,2026-09-17 10:41:30.947185+00:00,31.2,17.4,0.0,0,12.5,22.7,2,open-meteo,3.83,94.32
Tamallalt,Morocco,31.8288,-7.5262,2026-09-19,2026-09-17 10:41:30.947185+00:00,34.7,19.9,0.0,3,14.9,27.4,3,open-meteo,4.6,90.78
Tamallalt,Morocco,31.8288,-7.5262,2026-09-20,2026-09-17 10:41:30.947185+00:00,37.0,22.8,0.3,10,21.6,37.8,3,open-meteo,14.88,83.58
Tamallalt,Morocco,31.8288,-7.5262,2026-09-21,2026-09-17 10:41:30.947185+00:00,37.1,22.0,0.0,3,18.3,32.4,3,open-meteo,13.93,84.25
Tamallalt,Morocco,31.8288,-7.5262,2026-09-22,2026-09-17 10:41:30.947185+00:00,36.2,22.6,0.0,3,18.0,32.4,2,open-meteo,10.29,89.8
Tamallalt,Morocco,31.8288,-7.5262,2026-09-23,2026-09-17 10:41:30.947185+00:00,35.9,22.5,0.0,0,15.5,32.4,0,open-meteo,8.78,93.85
El Gara,Morocco,33.2819,-7.2319,2026-09-17,2026-09-17 10:41:31.028447+00:00,27.6,15.7,0.0,0,16.7,32.0,3,open-meteo,5.29,90.3
El Gara,Morocco,33.2819,-7.2319,2026-09-18,2026-09-17 10:41:31.028447+00:00,28.8,15.0,0.0,0,16.5,31.7,3,open-meteo,5.23,90.34
El Gara,Morocco,33.2819,-7.2319,2026-09-19,2026-09-17 10:41:31.028447+00:00,31.7,15.6,0.0,0,16.2,31.3,3,open-meteo,5.16,90.39
El Gara,Morocco,33.2819,-7.2319,2026-09-20,2026-09-17 10:41:31.028447+00:00,34.7,20.7,0.0,0,17.6,34.2,2,open-meteo,5.62,93.07
El Gara,Morocco,33.2819,-7.2319,2026-09-21,2026-09-17 10:41:31.028447+00:00,35.6,19.4,0.0,3,18.9,37.8,1,open-meteo,8.54,94.02
El Gara,Morocco,33.2819,-7.2319,2026-09-22,2026-09-17 10:41:31.028447+00:00,34.5,17.6,0.0,0,18.4,35.3,1,open-meteo,5.83,95.92
El Gara,Morocco,33.2819,-7.2319,2026-09-23,2026-09-17 10:41:31.028447+00:00,33.4,17.8,0.0,3,19.4,37.1,2,open-meteo,6.13,92.71
Douar Lamrabih,Morocco,34.4759,-5.4445,2026-09-17,2026-09-17 10:41:31.107458+00:00,29.6,19.5,0.0,0,13.8,26.6,3,open-meteo,4.38,90.93
Douar Lamrabih,Morocco,34.4759,-5.4445,2026-09-18,2026-09-17 10:41:31.107458+00:00,32.7,16.7,0.0,0,11.5,22.0,45,open-meteo,3.64,85.45
Douar Lamrabih,Morocco,34.4759,-5.4445,2026-09-19,2026-09-17 10:41:31.107458+00:00,37.3,20.5,0.0,0,22.0,44.6,1,open-meteo,16.41,88.51
Douar Lamrabih,Morocco,34.4759,-5.4445,2026-09-20,2026-09-17 10:41:31.107458+00:00,38.4,25.8,0.0,0,20.0,38.9,2,open-meteo,19.99,83.01
Douar Lamrabih,Morocco,34.4759,-5.4445,2026-09-21,2026-09-17 10:41:31.107458+00:00,37.8,24.9,0.0,3,16.4,31.3,1,open-meteo,16.38,88.53
Douar Lamrabih,Morocco,34.4759,-5.4445,2026-09-22,2026-09-17 10:41:31.107458+00:00,36.9,23.3,0.0,0,14.1,24.8,3,open-meteo,11.84,85.71
Douar Lamrabih,Morocco,34.4759,-5.4445,2026-09-23,2026-09-17 10:41:31.107458+00:00,38.1,20.1,0.0,0,10.9,19.1,1,open-meteo,15.67,89.03
Sidi Jaber,Morocco,32.3534,-6.4336,2026-09-17,2026-09-17 10:41:31.185975+00:00,32.4,17.1,0.0,0,12.0,22.0,45,open-meteo,3.7,85.41
Sidi Jaber,Morocco,32.3534,-6.4336,2026-09-18,2026-09-17 10:41:31.185975+00:00,34.0,18.2,0.0,0,11.5,19.1,3,open-meteo,3.35,91.66
Sidi Jaber,Morocco,32.3534,-6.4336,2026-09-19,2026-09-17 10:41:31.185975+00:00,37.7,20.4,0.0,0,5.6,12.6,3,open-meteo,12.76,85.07
Sidi Jaber,Morocco,32.3534,-6.4336,2026-09-20,2026-09-17 10:41:31.185975+00:00,39.3,22.4,0.0,5,13.8,27.0,3,open-meteo,21.62,78.87
Sidi Jaber,Morocco,32.3534,-6.4336,2026-09-21,2026-09-17 10:41:31.185975+00:00,38.4,23.0,0.3,3,13.3,39.2,2,open-meteo,19.58,83.29
Sidi Jaber,Morocco,32.3534,-6.4336,2026-09-22,2026-09-17 10:41:31.185975+00:00,37.8,22.0,0.0,2,12.5,20.5,2,open-meteo,14.81,86.63
Sidi Jaber,Morocco,32.3534,-6.4336,2026-09-23,2026-09-17 10:41:31.185975+00:00,38.4,22.3,0.0,0,12.0,22.3,1,open-meteo,17.33,87.87
Sidi Chiker,Morocco,31.7453,-8.7069,2026-09-17,2026-09-17 10:41:31.267453+00:00,30.6,18.9,0.0,0,17.4,28.4,2,open-meteo,5.01,93.49
Sidi Chiker,Morocco,31.7453,-8.7069,2026-09-18,2026-09-17 10:41:31.267453+00:00,32.5,18.9,0.0,0,21.3,34.2,1,open-meteo,6.08,95.74
Sidi Chiker,Morocco,31.7453,-8.7069,2026-09-19,2026-09-17 10:41:31.267453+00:00,35.0,19.7,0.0,0,13.7,23.8,2,open-meteo,4.09,94.14
Sidi Chiker,Morocco,31.7453,-8.7069,2026-09-20,2026-09-17 10:41:31.267453+00:00,36.8,23.2,0.0,0,22.7,37.8,2,open-meteo,13.82,87.33
Sidi Chiker,Morocco,31.7453,-8.7069,2026-09-21,2026-09-17 10:41:31.267453+00:00,38.4,23.3,0.0,0,20.6,35.3,1,open-meteo,19.7,86.21
Sidi Chiker,Morocco,31.7453,-8.7069,2026-09-22,2026-09-17 10:41:31.267453+00:00,37.7,20.0,0.0,3,22.0,37.1,0,open-meteo,17.26,87.92
Sidi Chiker,Morocco,31.7453,-8.7069,2026-09-23,2026-09-17 10:41:31.267453+00:00,37.3,19.5,0.0,3,21.3,33.5,0,open-meteo,15.21,89.35
Tidili Masfiywat,Morocco,31.45,-7.6,2026-09-17,2026-09-17 10:41:31.349191+00:00,26.3,15.8,0.0,0,12.0,23.8,3,open-meteo,3.88,91.28
Tidili Masfiywat,Morocco,31.45,-7.6,2026-09-18,2026-09-17 10:41:31.349191+00:00,27.9,16.0,0.0,0,12.0,23.8,3,open-meteo,3.88,91.28
Tidili Masfiywat,Morocco,31.45,-7.6,2026-09-19,2026-09-17 10:41:31.349191+00:00,31.0,19.8,0.1,13,13.4,27.0,3,open-meteo,4.51,90.84
Tidili Masfiywat,Morocco,31.45,-7.6,2026-09-20,2026-09-17 10:41:31.349191+00:00,32.4,22.8,0.3,23,12.7,29.2,3,open-meteo,4.91,90.56
Tidili Masfiywat,Morocco,31.45,-7.6,2026-09-21,2026-09-17 10:41:31.349191+00:00,32.3,22.0,0.6,14,17.8,36.4,3,open-meteo,6.67,89.33
Tidili Masfiywat,Morocco,31.45,-7.6,2026-09-22,2026-09-17 10:41:31.349191+00:00,32.2,20.4,0.0,15,15.8,29.5,1,open-meteo,4.92,96.56
Tidili Masfiywat,Morocco,31.45,-7.6,2026-09-23,2026-09-17 10:41:31.349191+00:00,32.4,18.2,0.0,20,12.5,24.1,0,open-meteo,3.97,97.22
Afourar,Morocco,32.2083,-6.5403,2026-09-17,2026-09-17 10:41:31.429284+00:00,31.6,18.9,0.0,0,12.0,22.3,3,open-meteo,3.73,91.39
Afourar,Morocco,32.2083,-6.5403,2026-09-18,2026-09-17 10:41:31.429284+00:00,33.3,19.0,0.0,0,12.0,22.3,3,open-meteo,3.73,91.39
Afourar,Morocco,32.2083,-6.5403,2026-09-19,2026-09-17 10:41:31.429284+00:00,37.0,21.8,0.0,0,10.0,19.4,2,open-meteo,11.19,89.17
Afourar,Morocco,32.2083,-6.5403,2026-09-20,2026-09-17 10:41:31.429284+00:00,38.4,26.4,0.6,3,16.9,30.2,80,open-meteo,19.53,69.83
Afourar,Morocco,32.2083,-6.5403,2026-09-21,2026-09-17 10:41:31.429284+00:00,37.4,25.2,0.3,5,15.5,33.1,2,open-meteo,15.25,86.32
Afourar,Morocco,32.2083,-6.5403,2026-09-22,2026-09-17 10:41:31.429284+00:00,36.4,25.0,0.0,2,16.6,30.2,2,open-meteo,10.69,89.52
Afourar,Morocco,32.2083,-6.5403,2026-09-23,2026-09-17 10:41:31.429284+00:00,37.0,24.3,0.0,0,16.0,29.9,1,open-meteo,12.99,90.91
Oulad Fraj,Morocco,33.0196,-8.1809,2026-09-17,2026-09-17 10:41:31.514475+00:00,27.2,18.7,0.0,0,16.9,30.2,3,open-meteo,5.13,90.41
Oulad Fraj,Morocco,33.0196,-8.1809,2026-09-18,2026-09-17 10:41:31.514475+00:00,28.5,17.8,0.0,0,19.2,33.5,3,open-meteo,5.75,89.97
Oulad Fraj,Morocco,33.0196,-8.1809,2026-09-19,2026-09-17 10:41:31.514475+00:00,31.3,17.9,0.0,0,17.3,30.2,3,open-meteo,5.18,90.37
Oulad Fraj,Morocco,33.0196,-8.1809,2026-09-20,2026-09-17 10:41:31.514475+00:00,33.4,20.5,0.0,0,16.1,28.8,45,open-meteo,4.89,84.58
Oulad Fraj,Morocco,33.0196,-8.1809,2026-09-21,2026-09-17 10:41:31.514475+00:00,33.7,19.5,0.0,0,17.4,31.3,45,open-meteo,5.3,84.29
Oulad Fraj,Morocco,33.0196,-8.1809,2026-09-22,2026-09-17 10:41:31.514475+00:00,32.8,19.7,0.0,0,16.9,30.6,45,open-meteo,5.17,84.38
Oulad Fraj,Morocco,33.0196,-8.1809,2026-09-23,2026-09-17 10:41:31.514475+00:00,31.9,19.1,0.0,0,19.1,35.3,45,open-meteo,5.92,83.86
Tarhzirt,Morocco,32.4173,-6.15,2026-09-17,2026-09-17 10:41:31.593805+00:00,26.9,16.2,0.0,0,13.1,26.3,2,open-meteo,4.27,94.01
Tarhzirt,Morocco,32.4173,-6.15,2026-09-18,2026-09-17 10:41:31.593805+00:00,28.6,16.2,0.0,0,16.0,31.7,3,open-meteo,5.17,90.38
Tarhzirt,Morocco,32.4173,-6.15,2026-09-19,2026-09-17 10:41:31.593805+00:00,31.5,20.2,0.0,3,18.0,34.9,3,open-meteo,5.74,89.98
Tarhzirt,Morocco,32.4173,-6.15,2026-09-20,2026-09-17 10:41:31.593805+00:00,32.8,23.5,0.0,23,22.6,41.4,3,open-meteo,6.97,89.12
Tarhzirt,Morocco,32.4173,-6.15,2026-09-21,2026-09-17 10:41:31.593805+00:00,31.4,21.8,0.0,10,21.5,46.1,3,open-meteo,7.3,88.89
Tarhzirt,Morocco,32.4173,-6.15,2026-09-22,2026-09-17 10:41:31.593805+00:00,29.6,19.9,0.0,3,18.0,38.2,2,open-meteo,6.07,92.75
Tarhzirt,Morocco,32.4173,-6.15,2026-09-23,2026-09-17 10:41:31.593805+00:00,30.5,19.8,0.0,3,15.8,33.5,2,open-meteo,5.33,93.27
Bni Bouayach,Morocco,35.1056,-3.8503,2026-09-17,2026-09-17 10:41:31.674740+00:00,25.5,18.2,0.0,0,16.6,29.5,3,open-meteo,5.03,90.48
Bni Bouayach,Morocco,35.1056,-3.8503,2026-09-18,2026-09-17 10:41:31.674740+00:00,26.6,17.9,0.0,0,18.1,32.8,3,open-meteo,5.54,90.12
Bni Bouayach,Morocco,35.1056,-3.8503,2026-09-19,2026-09-17 10:41:31.674740+00:00,29.6,19.2,0.0,0,27.4,49.7,3,open-meteo,8.39,88.13
Bni Bouayach,Morocco,35.1056,-3.8503,2026-09-20,2026-09-17 10:41:31.674740+00:00,29.1,21.8,0.0,0,21.4,38.9,2,open-meteo,6.57,92.4
Bni Bouayach,Morocco,35.1056,-3.8503,2026-09-21,2026-09-17 10:41:31.674740+00:00,28.8,21.0,0.0,0,19.5,36.7,2,open-meteo,6.11,92.72
Bni Bouayach,Morocco,35.1056,-3.8503,2026-09-22,2026-09-17 10:41:31.674740+00:00,29.7,19.0,0.0,0,13.5,25.2,1,open-meteo,4.21,97.05
Bni Bouayach,Morocco,35.1056,-3.8503,2026-09-23,2026-09-17 10:41:31.674740+00:00,29.2,19.3,0.0,0,11.9,22.7,1,open-meteo,3.76,97.37
El Ksiba,Morocco,32.5681,-6.0308,2026-09-17,2026-09-17 10:41:31.755277+00:00,28.4,17.6,0.0,0,13.0,28.1,3,open-meteo,4.44,90.89
El Ksiba,Morocco,32.5681,-6.0308,2026-09-18,2026-09-17 10:41:31.755277+00:00,29.7,17.4,0.0,0,13.7,31.0,3,open-meteo,4.81,90.63
El Ksiba,Morocco,32.5681,-6.0308,2026-09-19,2026-09-17 10:41:31.755277+00:00,32.4,20.4,0.0,0,15.5,34.2,3,open-meteo,5.36,90.25
El Ksiba,Morocco,32.5681,-6.0308,2026-09-20,2026-09-17 10:41:31.755277+00:00,33.8,23.1,0.0,5,20.2,43.2,3,open-meteo,6.85,89.2
El Ksiba,Morocco,32.5681,-6.0308,2026-09-21,2026-09-17 10:41:31.755277+00:00,32.6,21.6,0.0,3,18.8,45.4,3,open-meteo,6.89,89.18
El Ksiba,Morocco,32.5681,-6.0308,2026-09-22,2026-09-17 10:41:31.755277+00:00,32.4,18.6,0.0,2,10.3,23.0,3,open-meteo,3.59,91.49
El Ksiba,Morocco,32.5681,-6.0308,2026-09-23,2026-09-17 10:41:31.755277+00:00,33.7,18.0,0.0,3,11.6,21.2,2,open-meteo,3.57,94.5
Had Zraqtane,Morocco,31.45,-7.4,2026-09-17,2026-09-17 10:41:31.838649+00:00,27.5,13.5,0.1,20,12.9,27.0,3,open-meteo,4.45,90.88
Had Zraqtane,Morocco,31.45,-7.4,2026-09-18,2026-09-17 10:41:31.838649+00:00,26.7,15.6,0.2,13,13.6,27.4,3,open-meteo,4.71,90.7
Had Zraqtane,Morocco,31.45,-7.4,2026-09-19,2026-09-17 10:41:31.838649+00:00,29.4,17.8,0.2,65,26.3,54.0,3,open-meteo,8.95,87.73
Had Zraqtane,Morocco,31.45,-7.4,2026-09-20,2026-09-17 10:41:31.838649+00:00,30.1,19.5,0.3,43,21.5,37.1,3,open-meteo,6.8,89.24
Had Zraqtane,Morocco,31.45,-7.4,2026-09-21,2026-09-17 10:41:31.838649+00:00,29.4,18.7,0.3,33,18.7,34.2,3,open-meteo,6.16,89.69
Had Zraqtane,Morocco,31.45,-7.4,2026-09-22,2026-09-17 10:41:31.838649+00:00,28.0,17.5,0.0,15,23.0,51.5,1,open-meteo,8.03,94.38
Had Zraqtane,Morocco,31.45,-7.4,2026-09-23,2026-09-17 10:41:31.838649+00:00,29.3,18.5,0.0,20,17.7,43.9,2,open-meteo,6.6,92.38
Tamri,Morocco,30.695,-9.825,2026-09-17,2026-09-17 10:41:31.942970+00:00,25.8,20.5,0.0,0,33.7,63.4,3,open-meteo,10.55,86.61
Tamri,Morocco,30.695,-9.825,2026-09-18,2026-09-17 10:41:31.942970+00:00,26.9,19.8,0.0,0,16.3,32.8,1,open-meteo,5.32,96.28
Tamri,Morocco,30.695,-9.825,2026-09-19,2026-09-17 10:41:31.942970+00:00,27.3,20.7,0.0,0,11.2,20.9,45,open-meteo,3.49,85.56
Tamri,Morocco,30.695,-9.825,2026-09-20,2026-09-17 10:41:31.942970+00:00,27.1,21.3,0.0,0,9.7,19.8,2,open-meteo,3.19,94.77
Tamri,Morocco,30.695,-9.825,2026-09-21,2026-09-17 10:41:31.942970+00:00,29.6,22.3,0.0,0,12.1,20.9,2,open-meteo,3.6,94.48
Tamri,Morocco,30.695,-9.825,2026-09-22,2026-09-17 10:41:31.942970+00:00,34.8,21.2,0.0,0,10.6,19.4,0,open-meteo,3.26,97.72
Tamri,Morocco,30.695,-9.825,2026-09-23,2026-09-17 10:41:31.942970+00:00,35.0,20.2,0.0,0,10.5,19.8,0,open-meteo,3.29,97.7
Jnane Bouih,Morocco,32.0308,-8.7894,2026-09-17,2026-09-17 10:41:32.030978+00:00,27.7,17.3,0.0,0,22.8,38.5,2,open-meteo,6.7,92.31
Jnane Bouih,Morocco,32.0308,-8.7894,2026-09-18,2026-09-17 10:41:32.030978+00:00,30.3,17.0,0.0,0,20.5,37.8,1,open-meteo,6.34,95.56
Jnane Bouih,Morocco,32.0308,-8.7894,2026-09-19,2026-09-17 10:41:32.030978+00:00,32.5,18.2,0.0,0,18.4,32.0,2,open-meteo,5.5,93.15
Jnane Bouih,Morocco,32.0308,-8.7894,2026-09-20,2026-09-17 10:41:32.030978+00:00,34.7,22.0,0.0,0,22.2,37.8,2,open-meteo,6.55,92.41
Jnane Bouih,Morocco,32.0308,-8.7894,2026-09-21,2026-09-17 10:41:32.030978+00:00,35.7,22.2,0.0,0,22.2,38.9,1,open-meteo,9.47,93.37
Jnane Bouih,Morocco,32.0308,-8.7894,2026-09-22,2026-09-17 10:41:32.030978+00:00,36.6,19.8,0.0,3,21.1,34.9,0,open-meteo,12.53,91.23
Jnane Bouih,Morocco,32.0308,-8.7894,2026-09-23,2026-09-17 10:41:32.030978+00:00,35.7,18.5,0.0,3,21.8,35.6,0,open-meteo,9.09,93.64
Imi n’Oulaoun,Morocco,31.4224,-6.5641,2026-09-17,2026-09-17 10:41:32.115746+00:00,17.1,9.7,1.3,93,19.2,42.1,80,open-meteo,8.34,77.66
Imi n’Oulaoun,Morocco,31.4224,-6.5641,2026-09-18,2026-09-17 10:41:32.115746+00:00,16.5,9.4,0.3,88,16.0,31.7,3,open-meteo,5.57,90.1
Imi n’Oulaoun,Morocco,31.4224,-6.5641,2026-09-19,2026-09-17 10:41:32.115746+00:00,17.5,10.1,0.8,78,21.4,42.5,80,open-meteo,7.99,77.91
Imi n’Oulaoun,Morocco,31.4224,-6.5641,2026-09-20,2026-09-17 10:41:32.115746+00:00,18.9,9.6,0.6,78,14.8,30.6,3,open-meteo,5.71,90.0
Imi n’Oulaoun,Morocco,31.4224,-6.5641,2026-09-21,2026-09-17 10:41:32.115746+00:00,17.2,10.3,0.6,85,29.8,58.7,80,open-meteo,10.4,76.22
Imi n’Oulaoun,Morocco,31.4224,-6.5641,2026-09-22,2026-09-17 10:41:32.115746+00:00,17.2,10.0,1.2,18,28.6,61.2,3,open-meteo,11.3,86.09
Imi n’Oulaoun,Morocco,31.4224,-6.5641,2026-09-23,2026-09-17 10:41:32.115746+00:00,18.4,10.7,0.0,18,19.1,42.5,3,open-meteo,6.64,89.35
Nzalat Laadam,Morocco,32.0806,-7.93,2026-09-17,2026-09-17 10:41:32.200834+00:00,29.4,17.2,0.0,0,16.9,29.2,2,open-meteo,5.03,93.48
Nzalat Laadam,Morocco,32.0806,-7.93,2026-09-18,2026-09-17 10:41:32.200834+00:00,31.3,17.1,0.0,0,16.6,27.7,2,open-meteo,4.85,93.61
Nzalat Laadam,Morocco,32.0806,-7.93,2026-09-19,2026-09-17 10:41:32.200834+00:00,34.8,19.5,0.0,0,17.6,30.2,3,open-meteo,5.22,90.35
Nzalat Laadam,Morocco,32.0806,-7.93,2026-09-20,2026-09-17 10:41:32.200834+00:00,37.2,22.9,0.0,10,17.6,35.6,2,open-meteo,14.56,86.81
Nzalat Laadam,Morocco,32.0806,-7.93,2026-09-21,2026-09-17 10:41:32.200834+00:00,38.2,22.2,0.0,5,23.8,40.0,1,open-meteo,19.78,86.15
Nzalat Laadam,Morocco,32.0806,-7.93,2026-09-22,2026-09-17 10:41:32.200834+00:00,37.3,20.9,0.0,5,19.4,31.7,1,open-meteo,14.79,89.65
Nzalat Laadam,Morocco,32.0806,-7.93,2026-09-23,2026-09-17 10:41:32.200834+00:00,36.9,20.2,0.0,0,18.4,30.6,0,open-meteo,12.96,90.93
Oulmes,Morocco,33.4167,-6.0167,2026-09-17,2026-09-17 10:41:32.287974+00:00,26.3,11.7,0.0,0,18.2,38.2,1,open-meteo,6.1,95.73
Oulmes,Morocco,33.4167,-6.0167,2026-09-18,2026-09-17 10:41:32.287974+00:00,26.7,13.5,0.0,0,17.3,40.0,3,open-meteo,6.16,89.69
Oulmes,Morocco,33.4167,-6.0167,2026-09-19,2026-09-17 10:41:32.287974+00:00,30.0,15.5,0.0,5,15.8,33.5,2,open-meteo,5.33,93.27
Oulmes,Morocco,33.4167,-6.0167,2026-09-20,2026-09-17 10:41:32.287974+00:00,31.3,19.7,0.0,10,16.5,38.2,3,open-meteo,5.88,89.88
Oulmes,Morocco,33.4167,-6.0167,2026-09-21,2026-09-17 10:41:32.287974+00:00,30.7,19.2,0.0,5,21.0,44.3,2,open-meteo,7.05,92.06
Oulmes,Morocco,33.4167,-6.0167,2026-09-22,2026-09-17 10:41:32.287974+00:00,31.4,15.6,0.0,3,19.7,39.6,3,open-meteo,6.42,89.51
Oulmes,Morocco,33.4167,-6.0167,2026-09-23,2026-09-17 10:41:32.287974+00:00,32.2,14.5,0.0,3,21.0,44.3,1,open-meteo,7.05,95.06
Tata,Morocco,29.7428,-7.9725,2026-09-17,2026-09-17 10:41:32.378115+00:00,36.3,27.7,0.4,5,20.0,31.0,80,open-meteo,11.33,75.57
Tata,Morocco,29.7428,-7.9725,2026-09-18,2026-09-17 10:41:32.378115+00:00,36.5,26.0,0.0,3,17.7,26.6,2,open-meteo,10.87,89.39
Tata,Morocco,29.7428,-7.9725,2026-09-19,2026-09-17 10:41:32.378115+00:00,36.1,26.2,0.0,3,25.3,38.9,2,open-meteo,11.45,88.98
Tata,Morocco,29.7428,-7.9725,2026-09-20,2026-09-17 10:41:32.378115+00:00,34.9,24.9,0.0,0,23.2,36.4,1,open-meteo,6.54,95.42
Tata,Morocco,29.7428,-7.9725,2026-09-21,2026-09-17 10:41:32.378115+00:00,37.4,26.0,0.0,3,27.0,42.8,1,open-meteo,17.25,87.92
Tata,Morocco,29.7428,-7.9725,2026-09-22,2026-09-17 10:41:32.378115+00:00,36.4,24.7,0.0,3,15.2,24.1,1,open-meteo,9.91,93.06
Tata,Morocco,29.7428,-7.9725,2026-09-23,2026-09-17 10:41:32.378115+00:00,36.0,25.4,0.0,3,16.9,27.4,2,open-meteo,8.85,90.81
Ait Bousarane,Morocco,31.7318,-7.0876,2026-09-17,2026-09-17 10:41:32.460584+00:00,25.8,14.3,0.0,0,13.7,27.4,3,open-meteo,4.45,90.88
Ait Bousarane,Morocco,31.7318,-7.0876,2026-09-18,2026-09-17 10:41:32.460584+00:00,27.9,14.5,0.0,0,11.4,22.7,3,open-meteo,3.69,91.42
Ait Bousarane,Morocco,31.7318,-7.0876,2026-09-19,2026-09-17 10:41:32.460584+00:00,31.3,17.7,0.0,3,13.2,27.0,2,open-meteo,4.35,93.95
Ait Bousarane,Morocco,31.7318,-7.0876,2026-09-20,2026-09-17 10:41:32.460584+00:00,33.4,21.4,0.3,10,18.6,36.4,3,open-meteo,6.37,89.54
Ait Bousarane,Morocco,31.7318,-7.0876,2026-09-21,2026-09-17 10:41:32.460584+00:00,33.0,20.5,0.0,8,18.4,36.0,2,open-meteo,5.9,92.87
Ait Bousarane,Morocco,31.7318,-7.0876,2026-09-22,2026-09-17 10:41:32.460584+00:00,31.7,20.4,0.0,8,16.8,35.3,2,open-meteo,5.63,93.06
Ait Bousarane,Morocco,31.7318,-7.0876,2026-09-23,2026-09-17 10:41:32.460584+00:00,32.1,17.8,0.0,0,15.8,33.8,1,open-meteo,5.36,96.25
Al Brouj,Morocco,32.5131,-7.1957,2026-09-17,2026-09-17 10:41:32.545960+00:00,31.3,15.8,0.0,0,16.9,31.0,2,open-meteo,5.21,93.35
Al Brouj,Morocco,32.5131,-7.1957,2026-09-18,2026-09-17 10:41:32.545960+00:00,32.7,16.6,0.0,0,16.7,29.2,3,open-meteo,5.01,90.49
Al Brouj,Morocco,32.5131,-7.1957,2026-09-19,2026-09-17 10:41:32.545960+00:00,36.9,19.8,0.0,0,15.1,27.4,2,open-meteo,12.23,88.44
Al Brouj,Morocco,32.5131,-7.1957,2026-09-20,2026-09-17 10:41:32.545960+00:00,38.0,23.7,0.0,0,17.3,39.2,2,open-meteo,18.08,84.34
Al Brouj,Morocco,32.5131,-7.1957,2026-09-21,2026-09-17 10:41:32.545960+00:00,38.2,22.2,0.3,3,19.6,35.3,2,open-meteo,19.18,83.57
Al Brouj,Morocco,32.5131,-7.1957,2026-09-22,2026-09-17 10:41:32.545960+00:00,37.1,20.0,0.0,3,18.7,31.0,1,open-meteo,13.84,90.31
Al Brouj,Morocco,32.5131,-7.1957,2026-09-23,2026-09-17 10:41:32.545960+00:00,37.2,19.0,0.0,0,19.6,32.8,0,open-meteo,14.53,89.83
Jdour,Morocco,32.1269,-8.7633,2026-09-17,2026-09-17 10:41:32.637692+00:00,26.6,16.2,0.0,0,19.5,38.2,2,open-meteo,6.26,92.62
Jdour,Morocco,32.1269,-8.7633,2026-09-18,2026-09-17 10:41:32.637692+00:00,29.2,16.0,0.0,0,17.6,34.6,1,open-meteo,5.66,96.04
Jdour,Morocco,32.1269,-8.7633,2026-09-19,2026-09-17 10:41:32.637692+00:00,31.2,16.7,0.0,0,16.6,33.1,2,open-meteo,5.39,93.23
Jdour,Morocco,32.1269,-8.7633,2026-09-20,2026-09-17 10:41:32.637692+00:00,33.5,20.0,0.0,0,20.1,40.7,2,open-meteo,6.58,92.39
Jdour,Morocco,32.1269,-8.7633,2026-09-21,2026-09-17 10:41:32.637692+00:00,34.3,20.5,0.0,3,19.1,39.6,1,open-meteo,6.35,95.56
Jdour,Morocco,32.1269,-8.7633,2026-09-22,2026-09-17 10:41:32.637692+00:00,34.6,19.0,0.0,0,15.3,33.5,45,open-meteo,5.26,84.32
Jdour,Morocco,32.1269,-8.7633,2026-09-23,2026-09-17 10:41:32.637692+00:00,34.0,16.8,0.0,0,16.5,36.0,45,open-meteo,5.66,84.04
Douar Ait Sidi Daoud,Morocco,31.6347,-7.6444,2026-09-17,2026-09-17 10:41:32.719518+00:00,29.3,17.3,0.0,0,10.4,20.9,3,open-meteo,3.39,91.63
Douar Ait Sidi Daoud,Morocco,31.6347,-7.6444,2026-09-18,2026-09-17 10:41:32.719518+00:00,31.2,17.8,0.0,0,10.0,19.8,2,open-meteo,3.23,94.74
Douar Ait Sidi Daoud,Morocco,31.6347,-7.6444,2026-09-19,2026-09-17 10:41:32.719518+00:00,35.0,19.7,0.0,3,10.3,21.2,3,open-meteo,3.41,91.61
Douar Ait Sidi Daoud,Morocco,31.6347,-7.6444,2026-09-20,2026-09-17 10:41:32.719518+00:00,37.2,23.2,1.2,25,13.8,29.2,80,open-meteo,15.05,72.97
Douar Ait Sidi Daoud,Morocco,31.6347,-7.6444,2026-09-21,2026-09-17 10:41:32.719518+00:00,36.2,22.1,0.0,13,14.6,28.4,2,open-meteo,9.47,90.37
Douar Ait Sidi Daoud,Morocco,31.6347,-7.6444,2026-09-22,2026-09-17 10:41:32.719518+00:00,35.9,21.4,0.0,8,13.0,25.6,1,open-meteo,7.78,94.55
Douar Ait Sidi Daoud,Morocco,31.6347,-7.6444,2026-09-23,2026-09-17 10:41:32.719518+00:00,35.9,19.4,0.0,3,11.5,22.7,1,open-meteo,7.31,94.88
Tamgrout,Morocco,30.2612,-5.682,2026-09-17,2026-09-17 10:41:32.804910+00:00,36.0,25.7,0.0,10,14.0,23.4,3,open-meteo,8.09,88.34
Tamgrout,Morocco,30.2612,-5.682,2026-09-18,2026-09-17 10:41:32.804910+00:00,36.0,24.9,0.0,5,20.2,31.3,3,open-meteo,9.65,87.24
Tamgrout,Morocco,30.2612,-5.682,2026-09-19,2026-09-17 10:41:32.804910+00:00,36.2,26.5,0.0,0,20.9,32.4,2,open-meteo,10.65,89.54
Tamgrout,Morocco,30.2612,-5.682,2026-09-20,2026-09-17 10:41:32.804910+00:00,35.1,24.2,0.0,0,19.3,29.2,3,open-meteo,5.73,89.99
Tamgrout,Morocco,30.2612,-5.682,2026-09-21,2026-09-17 10:41:32.804910+00:00,34.8,25.0,1.2,5,14.2,33.5,3,open-meteo,6.73,89.29
Tamgrout,Morocco,30.2612,-5.682,2026-09-22,2026-09-17 10:41:32.804910+00:00,33.1,23.4,0.6,3,7.9,19.1,3,open-meteo,3.7,91.41
Tamgrout,Morocco,30.2612,-5.682,2026-09-23,2026-09-17 10:41:32.804910+00:00,35.0,22.0,0.0,5,6.2,13.0,2,open-meteo,2.08,95.54
Laaouama,Morocco,35.7167,-5.8,2026-09-17,2026-09-17 10:41:32.891953+00:00,26.6,17.4,0.0,0,13.1,24.8,3,open-meteo,4.12,91.12
Laaouama,Morocco,35.7167,-5.8,2026-09-18,2026-09-17 10:41:32.891953+00:00,28.8,16.9,0.0,0,24.8,45.0,3,open-meteo,7.6,88.68
Laaouama,Morocco,35.7167,-5.8,2026-09-19,2026-09-17 10:41:32.891953+00:00,28.4,22.6,0.0,0,39.2,74.9,2,open-meteo,12.39,88.33
Laaouama,Morocco,35.7167,-5.8,2026-09-20,2026-09-17 10:41:32.891953+00:00,28.8,24.1,0.0,0,40.4,76.7,2,open-meteo,12.72,88.1
Laaouama,Morocco,35.7167,-5.8,2026-09-21,2026-09-17 10:41:32.891953+00:00,28.9,23.5,0.0,0,36.0,66.6,2,open-meteo,11.16,89.19
Laaouama,Morocco,35.7167,-5.8,2026-09-22,2026-09-17 10:41:32.891953+00:00,26.5,22.0,0.0,0,32.8,60.8,1,open-meteo,10.18,92.87
Laaouama,Morocco,35.7167,-5.8,2026-09-23,2026-09-17 10:41:32.891953+00:00,27.4,22.2,0.0,0,29.3,54.7,1,open-meteo,9.13,93.61
’Ali Ben Sliman,Morocco,31.9543,-7.1738,2026-09-17,2026-09-17 10:41:32.996249+00:00,29.4,16.5,0.0,0,16.0,29.2,3,open-meteo,4.92,90.56
’Ali Ben Sliman,Morocco,31.9543,-7.1738,2026-09-18,2026-09-17 10:41:32.996249+00:00,31.3,16.8,0.0,0,13.4,25.2,3,open-meteo,4.2,91.06
’Ali Ben Sliman,Morocco,31.9543,-7.1738,2026-09-19,2026-09-17 10:41:32.996249+00:00,34.9,19.0,0.0,5,14.5,28.1,2,open-meteo,4.62,93.77
’Ali Ben Sliman,Morocco,31.9543,-7.1738,2026-09-20,2026-09-17 10:41:32.996249+00:00,37.3,21.5,0.5,13,16.9,34.2,80,open-meteo,15.4,72.72
’Ali Ben Sliman,Morocco,31.9543,-7.1738,2026-09-21,2026-09-17 10:41:32.996249+00:00,37.2,20.8,0.1,5,17.8,34.6,2,open-meteo,14.62,86.77
’Ali Ben Sliman,Morocco,31.9543,-7.1738,2026-09-22,2026-09-17 10:41:32.996249+00:00,36.0,21.7,0.0,5,13.7,25.6,1,open-meteo,8.27,94.21
’Ali Ben Sliman,Morocco,31.9543,-7.1738,2026-09-23,2026-09-17 10:41:32.996249+00:00,36.4,20.0,0.0,0,16.5,30.2,1,open-meteo,10.68,92.52
Douar Lamjaara,Morocco,34.6147,-5.2886,2026-09-17,2026-09-17 10:41:33.079093+00:00,29.4,17.7,0.0,0,13.7,27.4,3,open-meteo,4.45,90.88
Douar Lamjaara,Morocco,34.6147,-5.2886,2026-09-18,2026-09-17 10:41:33.079093+00:00,32.0,16.9,0.0,0,12.2,24.1,3,open-meteo,3.94,91.24
Douar Lamjaara,Morocco,34.6147,-5.2886,2026-09-19,2026-09-17 10:41:33.079093+00:00,36.1,22.6,0.0,0,24.1,46.8,1,open-meteo,12.09,91.54
Douar Lamjaara,Morocco,34.6147,-5.2886,2026-09-20,2026-09-17 10:41:33.079093+00:00,37.5,25.4,0.0,0,17.0,33.5,2,open-meteo,15.47,86.17
Douar Lamjaara,Morocco,34.6147,-5.2886,2026-09-21,2026-09-17 10:41:33.079093+00:00,36.5,25.0,0.0,5,13.7,27.4,1,open-meteo,10.45,92.69
Douar Lamjaara,Morocco,34.6147,-5.2886,2026-09-22,2026-09-17 10:41:33.079093+00:00,36.2,22.9,0.0,0,8.9,19.8,3,open-meteo,7.89,88.48
Douar Lamjaara,Morocco,34.6147,-5.2886,2026-09-23,2026-09-17 10:41:33.079093+00:00,37.6,21.5,0.0,0,8.2,21.6,1,open-meteo,13.59,90.49
Agourai,Morocco,33.6333,-5.5833,2026-09-17,2026-09-17 10:41:33.158931+00:00,26.3,15.8,0.0,0,18.7,38.2,3,open-meteo,6.16,89.69
Agourai,Morocco,33.6333,-5.5833,2026-09-18,2026-09-17 10:41:33.158931+00:00,27.4,15.7,0.0,0,17.6,35.3,3,open-meteo,5.73,89.99
Agourai,Morocco,33.6333,-5.5833,2026-09-19,2026-09-17 10:41:33.158931+00:00,31.1,18.0,0.0,5,17.0,37.4,2,open-meteo,5.87,92.89
Agourai,Morocco,33.6333,-5.5833,2026-09-20,2026-09-17 10:41:33.158931+00:00,32.9,24.5,0.6,3,21.3,44.3,80,open-meteo,7.89,77.98
Agourai,Morocco,33.6333,-5.5833,2026-09-21,2026-09-17 10:41:33.158931+00:00,32.6,21.9,0.0,0,21.7,43.9,2,open-meteo,7.1,92.03
Agourai,Morocco,33.6333,-5.5833,2026-09-22,2026-09-17 10:41:33.158931+00:00,31.7,18.6,0.0,0,19.3,38.2,3,open-meteo,6.23,89.64
Agourai,Morocco,33.6333,-5.5833,2026-09-23,2026-09-17 10:41:33.158931+00:00,33.1,18.5,0.0,3,20.5,42.5,1,open-meteo,6.81,95.23
Mahbés,Morocco,27.4728,-8.9875,2026-09-17,2026-09-17 10:41:33.242307+00:00,33.6,19.5,0.0,0,29.3,43.2,0,open-meteo,7.98,94.41
Mahbés,Morocco,27.4728,-8.9875,2026-09-18,2026-09-17 10:41:33.242307+00:00,33.9,15.8,0.0,0,31.1,45.4,0,open-meteo,8.43,94.1
Mahbés,Morocco,27.4728,-8.9875,2026-09-19,2026-09-17 10:41:33.242307+00:00,34.3,18.7,0.0,0,18.6,27.7,0,open-meteo,5.1,96.43
Mahbés,Morocco,27.4728,-8.9875,2026-09-20,2026-09-17 10:41:33.242307+00:00,36.2,20.0,0.0,0,12.8,18.7,0,open-meteo,8.27,94.21
Mahbés,Morocco,27.4728,-8.9875,2026-09-21,2026-09-17 10:41:33.242307+00:00,37.5,23.8,0.0,4,17.0,26.3,0,open-meteo,14.76,89.67
Mahbés,Morocco,27.4728,-8.9875,2026-09-22,2026-09-17 10:41:33.242307+00:00,37.6,25.0,0.0,2,22.4,36.0,1,open-meteo,16.8,88.24
Mahbés,Morocco,27.4728,-8.9875,2026-09-23,2026-09-17 10:41:33.242307+00:00,38.2,25.9,0.0,2,15.9,27.7,2,open-meteo,17.56,84.71
Douar Ait Ouallal,Morocco,33.95,-5.3,2026-09-17,2026-09-17 10:41:33.323230+00:00,28.5,16.4,0.0,0,13.8,25.9,45,open-meteo,4.32,84.98
Douar Ait Ouallal,Morocco,33.95,-5.3,2026-09-18,2026-09-17 10:41:33.323230+00:00,30.0,16.7,0.0,0,15.0,29.9,3,open-meteo,4.87,90.59
Douar Ait Ouallal,Morocco,33.95,-5.3,2026-09-19,2026-09-17 10:41:33.323230+00:00,33.8,18.6,0.0,0,15.9,30.6,2,open-meteo,5.05,93.47
Douar Ait Ouallal,Morocco,33.95,-5.3,2026-09-20,2026-09-17 10:41:33.323230+00:00,35.7,20.9,0.0,0,15.3,31.7,2,open-meteo,7.88,91.48
Douar Ait Ouallal,Morocco,33.95,-5.3,2026-09-21,2026-09-17 10:41:33.323230+00:00,35.3,21.4,0.0,3,13.0,26.3,2,open-meteo,5.45,93.18
Douar Ait Ouallal,Morocco,33.95,-5.3,2026-09-22,2026-09-17 10:41:33.323230+00:00,34.9,20.2,0.0,0,13.0,25.6,0,open-meteo,4.18,97.07
Douar Ait Ouallal,Morocco,33.95,-5.3,2026-09-23,2026-09-17 10:41:33.323230+00:00,35.7,19.3,0.0,0,17.2,32.8,1,open-meteo,8.23,94.24
Laatatra,Morocco,32.6314,-8.4147,2026-09-17,2026-09-17 10:41:33.405955+00:00,27.8,17.6,0.0,0,19.5,33.8,3,open-meteo,5.82,89.93
Laatatra,Morocco,32.6314,-8.4147,2026-09-18,2026-09-17 10:41:33.405955+00:00,29.8,16.5,0.0,0,20.3,34.9,2,open-meteo,6.03,92.78
Laatatra,Morocco,32.6314,-8.4147,2026-09-19,2026-09-17 10:41:33.405955+00:00,32.3,16.6,0.0,0,19.1,33.1,3,open-meteo,5.7,90.01
Laatatra,Morocco,32.6314,-8.4147,2026-09-20,2026-09-17 10:41:33.405955+00:00,34.4,19.3,0.0,0,18.4,33.1,2,open-meteo,5.61,93.07
Laatatra,Morocco,32.6314,-8.4147,2026-09-21,2026-09-17 10:41:33.405955+00:00,35.6,18.7,0.0,0,18.8,33.8,45,open-meteo,8.13,82.31
Laatatra,Morocco,32.6314,-8.4147,2026-09-22,2026-09-17 10:41:33.405955+00:00,34.7,19.1,0.0,0,16.6,33.8,45,open-meteo,5.46,84.18
Laatatra,Morocco,32.6314,-8.4147,2026-09-23,2026-09-17 10:41:33.405955+00:00,34.2,19.1,0.0,0,18.7,37.1,45,open-meteo,6.05,83.77
Sidi Yakoub,Morocco,31.6667,-7.0667,2026-09-17,2026-09-17 10:41:33.489314+00:00,24.5,13.8,0.0,0,11.7,24.8,3,open-meteo,3.94,91.24
Sidi Yakoub,Morocco,31.6667,-7.0667,2026-09-18,2026-09-17 10:41:33.489314+00:00,25.8,14.3,0.0,3,11.7,24.5,3,open-meteo,3.91,91.26
Sidi Yakoub,Morocco,31.6667,-7.0667,2026-09-19,2026-09-17 10:41:33.489314+00:00,28.5,17.8,0.0,28,14.1,27.4,3,open-meteo,4.5,90.85
Sidi Yakoub,Morocco,31.6667,-7.0667,2026-09-20,2026-09-17 10:41:33.489314+00:00,30.4,20.8,0.0,40,18.4,36.4,3,open-meteo,5.94,89.84
Sidi Yakoub,Morocco,31.6667,-7.0667,2026-09-21,2026-09-17 10:41:33.489314+00:00,29.8,20.1,0.0,23,20.7,40.7,2,open-meteo,6.66,92.34
Sidi Yakoub,Morocco,31.6667,-7.0667,2026-09-22,2026-09-17 10:41:33.489314+00:00,29.0,19.7,0.0,13,20.6,45.4,2,open-meteo,7.11,92.02
Sidi Yakoub,Morocco,31.6667,-7.0667,2026-09-23,2026-09-17 10:41:33.489314+00:00,29.7,19.5,0.0,0,17.4,41.0,1,open-meteo,6.28,95.6
Moul El Bergui,Morocco,32.5113,-8.9849,2026-09-17,2026-09-17 10:41:33.572722+00:00,26.2,18.6,0.0,0,18.4,34.2,2,open-meteo,5.72,93.0
Moul El Bergui,Morocco,32.5113,-8.9849,2026-09-18,2026-09-17 10:41:33.572722+00:00,28.1,18.1,0.0,0,20.5,37.8,2,open-meteo,6.34,92.56
Moul El Bergui,Morocco,32.5113,-8.9849,2026-09-19,2026-09-17 10:41:33.572722+00:00,29.1,17.5,0.0,0,16.8,31.7,3,open-meteo,5.27,90.31
Moul El Bergui,Morocco,32.5113,-8.9849,2026-09-20,2026-09-17 10:41:33.572722+00:00,30.7,19.7,0.0,0,14.1,26.6,45,open-meteo,4.42,84.91
Moul El Bergui,Morocco,32.5113,-8.9849,2026-09-21,2026-09-17 10:41:33.572722+00:00,31.8,19.6,0.0,0,14.9,28.1,45,open-meteo,4.67,84.73
Moul El Bergui,Morocco,32.5113,-8.9849,2026-09-22,2026-09-17 10:41:33.572722+00:00,31.1,19.1,0.0,0,13.9,27.0,45,open-meteo,4.44,84.89
Moul El Bergui,Morocco,32.5113,-8.9849,2026-09-23,2026-09-17 10:41:33.572722+00:00,30.6,19.5,0.0,0,17.9,33.8,45,open-meteo,5.62,84.07
Malloussa,Morocco,35.7369,-5.6319,2026-09-17,2026-09-17 10:41:33.654242+00:00,27.2,15.3,0.0,0,12.1,37.8,3,open-meteo,5.29,90.3
Malloussa,Morocco,35.7369,-5.6319,2026-09-18,2026-09-17 10:41:33.654242+00:00,27.0,19.7,0.0,0,28.7,64.1,3,open-meteo,10.0,87.0
Malloussa,Morocco,35.7369,-5.6319,2026-09-19,2026-09-17 10:41:33.654242+00:00,26.6,22.1,0.0,0,42.3,95.0,2,open-meteo,14.79,86.65
Malloussa,Morocco,35.7369,-5.6319,2026-09-20,2026-09-17 10:41:33.654242+00:00,27.0,23.2,0.0,0,42.4,96.1,2,open-meteo,14.91,86.56
Malloussa,Morocco,35.7369,-5.6319,2026-09-21,2026-09-17 10:41:33.654242+00:00,27.1,22.8,0.0,0,39.8,89.6,2,open-meteo,13.94,87.24
Malloussa,Morocco,35.7369,-5.6319,2026-09-22,2026-09-17 10:41:33.654242+00:00,26.4,21.6,0.0,0,32.8,72.7,2,open-meteo,11.37,89.04
Malloussa,Morocco,35.7369,-5.6319,2026-09-23,2026-09-17 10:41:33.654242+00:00,26.8,21.8,0.0,0,24.5,52.6,2,open-meteo,8.32,91.18
Sidi al Ghandour,Morocco,33.8536,-6.0597,2026-09-17,2026-09-17 10:41:33.800426+00:00,27.5,14.6,0.0,0,15.2,29.9,45,open-meteo,4.89,84.58
Sidi al Ghandour,Morocco,33.8536,-6.0597,2026-09-18,2026-09-17 10:41:33.800426+00:00,28.8,15.5,0.0,0,17.3,33.8,3,open-meteo,5.54,90.12
Sidi al Ghandour,Morocco,33.8536,-6.0597,2026-09-19,2026-09-17 10:41:33.800426+00:00,33.8,18.1,0.0,0,14.4,29.5,2,open-meteo,4.75,93.67
Sidi al Ghandour,Morocco,33.8536,-6.0597,2026-09-20,2026-09-17 10:41:33.800426+00:00,35.9,22.1,0.0,0,15.4,30.6,2,open-meteo,8.58,90.99
Sidi al Ghandour,Morocco,33.8536,-6.0597,2026-09-21,2026-09-17 10:41:33.800426+00:00,35.2,22.1,0.0,3,17.2,33.5,1,open-meteo,6.3,95.59
Sidi al Ghandour,Morocco,33.8536,-6.0597,2026-09-22,2026-09-17 10:41:33.800426+00:00,34.0,18.6,0.0,0,15.2,29.2,3,open-meteo,4.82,90.63
Sidi al Ghandour,Morocco,33.8536,-6.0597,2026-09-23,2026-09-17 10:41:33.800426+00:00,35.4,16.3,0.0,3,19.4,37.1,1,open-meteo,7.73,94.59
Aït Majdane,Morocco,31.8514,-6.9658,2026-09-17,2026-09-17 10:41:33.882424+00:00,27.3,14.5,0.0,0,16.1,32.4,3,open-meteo,5.25,90.33
Aït Majdane,Morocco,31.8514,-6.9658,2026-09-18,2026-09-17 10:41:33.882424+00:00,29.4,15.2,0.0,0,13.9,28.1,3,open-meteo,4.55,90.81
Aït Majdane,Morocco,31.8514,-6.9658,2026-09-19,2026-09-17 10:41:33.882424+00:00,32.9,18.9,0.0,3,14.6,31.7,2,open-meteo,4.99,93.51
Aït Majdane,Morocco,31.8514,-6.9658,2026-09-20,2026-09-17 10:41:33.882424+00:00,34.6,22.7,0.0,3,18.7,37.4,2,open-meteo,6.08,92.74
Aït Majdane,Morocco,31.8514,-6.9658,2026-09-21,2026-09-17 10:41:33.882424+00:00,34.1,21.8,0.0,10,17.1,33.5,2,open-meteo,5.49,93.16
Aït Majdane,Morocco,31.8514,-6.9658,2026-09-22,2026-09-17 10:41:33.882424+00:00,33.8,21.1,0.0,10,14.2,30.2,2,open-meteo,4.79,93.65
Aït Majdane,Morocco,31.8514,-6.9658,2026-09-23,2026-09-17 10:41:33.882424+00:00,34.2,18.2,0.0,0,16.3,33.5,1,open-meteo,5.39,96.23
Ribat Al Khayr,Morocco,33.82,-4.41,2026-09-17,2026-09-17 10:41:33.964966+00:00,26.0,15.2,0.0,0,19.7,40.7,3,open-meteo,6.53,89.43
Ribat Al Khayr,Morocco,33.82,-4.41,2026-09-18,2026-09-17 10:41:33.964966+00:00,27.4,13.6,0.0,0,19.1,39.2,3,open-meteo,6.31,89.58
Ribat Al Khayr,Morocco,33.82,-4.41,2026-09-19,2026-09-17 10:41:33.964966+00:00,31.3,16.5,0.1,15,18.1,50.0,3,open-meteo,7.4,88.82
Ribat Al Khayr,Morocco,33.82,-4.41,2026-09-20,2026-09-17 10:41:33.964966+00:00,32.5,18.3,0.0,0,20.1,42.5,3,open-meteo,6.76,89.27
Ribat Al Khayr,Morocco,33.82,-4.41,2026-09-21,2026-09-17 10:41:33.964966+00:00,31.0,18.3,0.0,5,19.0,34.9,2,open-meteo,5.87,92.89
Ribat Al Khayr,Morocco,33.82,-4.41,2026-09-22,2026-09-17 10:41:33.964966+00:00,30.5,17.6,0.0,0,15.9,33.5,0,open-meteo,5.34,96.26
Ribat Al Khayr,Morocco,33.82,-4.41,2026-09-23,2026-09-17 10:41:33.964966+00:00,31.3,17.1,0.0,0,16.8,36.0,0,open-meteo,5.7,96.01
Aït Bouchta,Morocco,35.0009,-3.8728,2026-09-17,2026-09-17 10:41:34.060287+00:00,22.5,14.3,0.0,0,13.0,24.8,3,open-meteo,4.11,91.12
Aït Bouchta,Morocco,35.0009,-3.8728,2026-09-18,2026-09-17 10:41:34.060287+00:00,24.4,14.5,0.0,10,14.5,27.7,3,open-meteo,4.58,90.79
Aït Bouchta,Morocco,35.0009,-3.8728,2026-09-19,2026-09-17 10:41:34.060287+00:00,26.4,16.3,0.0,0,16.6,33.5,3,open-meteo,5.43,90.2
Aït Bouchta,Morocco,35.0009,-3.8728,2026-09-20,2026-09-17 10:41:34.060287+00:00,27.2,18.4,0.0,3,12.9,24.8,3,open-meteo,4.09,91.14
Aït Bouchta,Morocco,35.0009,-3.8728,2026-09-21,2026-09-17 10:41:34.060287+00:00,26.6,18.4,0.0,5,13.1,26.3,2,open-meteo,4.27,94.01
Aït Bouchta,Morocco,35.0009,-3.8728,2026-09-22,2026-09-17 10:41:34.060287+00:00,25.6,14.9,0.0,0,12.2,22.3,2,open-meteo,3.75,94.38
Aït Bouchta,Morocco,35.0009,-3.8728,2026-09-23,2026-09-17 10:41:34.060287+00:00,25.1,16.1,0.0,0,10.5,20.5,1,open-meteo,3.36,97.65
Sahel,Morocco,34.9667,-4.55,2026-09-17,2026-09-17 10:41:34.142025+00:00,25.5,15.9,0.0,0,12.3,29.2,3,open-meteo,4.46,90.88
Sahel,Morocco,34.9667,-4.55,2026-09-18,2026-09-17 10:41:34.142025+00:00,23.9,13.9,0.0,3,13.8,28.1,3,open-meteo,4.54,90.82
Sahel,Morocco,34.9667,-4.55,2026-09-19,2026-09-17 10:41:34.142025+00:00,25.9,14.8,0.0,0,14.0,27.7,45,open-meteo,4.52,84.84
Sahel,Morocco,34.9667,-4.55,2026-09-20,2026-09-17 10:41:34.142025+00:00,26.4,17.3,0.0,0,12.0,24.5,2,open-meteo,3.95,94.23
Sahel,Morocco,34.9667,-4.55,2026-09-21,2026-09-17 10:41:34.142025+00:00,25.7,17.7,0.0,3,11.3,23.4,2,open-meteo,3.75,94.38
Sahel,Morocco,34.9667,-4.55,2026-09-22,2026-09-17 10:41:34.142025+00:00,23.5,15.7,0.0,0,14.1,29.5,2,open-meteo,4.71,93.7
Sahel,Morocco,34.9667,-4.55,2026-09-23,2026-09-17 10:41:34.142025+00:00,24.0,18.8,0.0,0,13.4,26.6,2,open-meteo,4.33,93.97
Ikniwn,Morocco,31.1717,-5.6489,2026-09-17,2026-09-17 10:41:34.220203+00:00,23.9,15.8,0.7,58,24.1,43.6,80,open-meteo,8.31,77.68
Ikniwn,Morocco,31.1717,-5.6489,2026-09-18,2026-09-17 10:41:34.220203+00:00,24.8,15.4,0.1,45,15.4,27.0,3,open-meteo,4.76,90.67
Ikniwn,Morocco,31.1717,-5.6489,2026-09-19,2026-09-17 10:41:34.220203+00:00,23.9,15.6,0.0,24,21.4,42.5,3,open-meteo,6.93,89.15
Ikniwn,Morocco,31.1717,-5.6489,2026-09-20,2026-09-17 10:41:34.220203+00:00,23.8,13.7,0.3,48,12.8,27.7,80,open-meteo,4.77,80.16
Ikniwn,Morocco,31.1717,-5.6489,2026-09-21,2026-09-17 10:41:34.220203+00:00,23.4,15.7,3.0,70,6.5,36.7,95,open-meteo,8.48,67.06
Ikniwn,Morocco,31.1717,-5.6489,2026-09-22,2026-09-17 10:41:34.220203+00:00,22.6,15.0,9.3,20,8.4,29.5,95,open-meteo,16.4,61.52
Ikniwn,Morocco,31.1717,-5.6489,2026-09-23,2026-09-17 10:41:34.220203+00:00,23.9,16.4,0.3,22,11.7,23.8,3,open-meteo,4.24,91.03
Aït Tamlil,Morocco,31.4953,-6.8654,2026-09-17,2026-09-17 10:41:34.300552+00:00,23.0,13.4,1.8,85,21.1,47.5,80,open-meteo,9.79,76.65
Aït Tamlil,Morocco,31.4953,-6.8654,2026-09-18,2026-09-17 10:41:34.300552+00:00,22.0,13.1,0.8,75,19.2,42.5,3,open-meteo,7.72,88.6
Aït Tamlil,Morocco,31.4953,-6.8654,2026-09-19,2026-09-17 10:41:34.300552+00:00,22.7,14.5,0.1,30,23.3,48.6,3,open-meteo,7.91,88.46
Aït Tamlil,Morocco,31.4953,-6.8654,2026-09-20,2026-09-17 10:41:34.300552+00:00,23.7,15.2,0.9,33,18.7,42.5,61,open-meteo,7.79,81.05
Aït Tamlil,Morocco,31.4953,-6.8654,2026-09-21,2026-09-17 10:41:34.300552+00:00,22.7,13.4,0.6,65,23.4,48.6,3,open-meteo,8.59,87.99
Aït Tamlil,Morocco,31.4953,-6.8654,2026-09-22,2026-09-17 10:41:34.300552+00:00,22.0,11.3,0.6,20,24.3,51.5,3,open-meteo,8.99,87.71
Aït Tamlil,Morocco,31.4953,-6.8654,2026-09-23,2026-09-17 10:41:34.300552+00:00,23.1,10.7,0.0,22,16.7,39.2,2,open-meteo,6.01,92.79
Bou Izakarn,Morocco,29.1754,-9.7064,2026-09-17,2026-09-17 10:41:34.381273+00:00,28.1,18.6,0.0,0,38.5,63.4,2,open-meteo,11.15,89.19
Bou Izakarn,Morocco,29.1754,-9.7064,2026-09-18,2026-09-17 10:41:34.381273+00:00,30.4,16.6,0.0,0,27.1,47.2,1,open-meteo,8.11,94.32
Bou Izakarn,Morocco,29.1754,-9.7064,2026-09-19,2026-09-17 10:41:34.381273+00:00,31.8,15.9,0.0,4,18.5,34.2,3,open-meteo,5.73,89.99
Bou Izakarn,Morocco,29.1754,-9.7064,2026-09-20,2026-09-17 10:41:34.381273+00:00,35.1,19.7,0.0,0,21.8,39.2,1,open-meteo,7.05,95.06
Bou Izakarn,Morocco,29.1754,-9.7064,2026-09-21,2026-09-17 10:41:34.381273+00:00,37.1,24.5,0.0,0,14.1,30.6,1,open-meteo,13.22,90.75
Bou Izakarn,Morocco,29.1754,-9.7064,2026-09-22,2026-09-17 10:41:34.381273+00:00,35.9,24.2,0.0,2,20.3,39.6,2,open-meteo,10.1,89.93
Bou Izakarn,Morocco,29.1754,-9.7064,2026-09-23,2026-09-17 10:41:34.381273+00:00,36.5,24.5,0.0,6,18.0,32.8,3,open-meteo,11.53,85.93
Lamrasla,Morocco,32.0247,-8.9153,2026-09-17,2026-09-17 10:41:34.461963+00:00,25.7,15.6,0.0,0,19.0,40.0,2,open-meteo,6.38,92.53
Lamrasla,Morocco,32.0247,-8.9153,2026-09-18,2026-09-17 10:41:34.461963+00:00,28.5,15.5,0.0,0,16.8,34.9,2,open-meteo,5.59,93.09
Lamrasla,Morocco,32.0247,-8.9153,2026-09-19,2026-09-17 10:41:34.461963+00:00,30.6,16.8,0.0,0,14.1,30.6,2,open-meteo,4.82,93.63
Lamrasla,Morocco,32.0247,-8.9153,2026-09-20,2026-09-17 10:41:34.461963+00:00,33.0,20.6,0.0,0,17.3,37.1,2,open-meteo,5.87,92.89
Lamrasla,Morocco,32.0247,-8.9153,2026-09-21,2026-09-17 10:41:34.461963+00:00,33.6,20.5,0.0,0,16.8,36.7,1,open-meteo,5.77,95.96
Lamrasla,Morocco,32.0247,-8.9153,2026-09-22,2026-09-17 10:41:34.461963+00:00,34.5,20.0,0.0,0,16.8,34.2,0,open-meteo,5.52,96.14
Lamrasla,Morocco,32.0247,-8.9153,2026-09-23,2026-09-17 10:41:34.461963+00:00,34.0,19.2,0.0,0,18.1,36.7,0,open-meteo,5.93,95.85
Sidi Redouane,Morocco,34.6833,-5.45,2026-09-17,2026-09-17 10:41:34.542414+00:00,29.1,17.6,0.0,0,13.2,25.9,3,open-meteo,4.24,91.03
Sidi Redouane,Morocco,34.6833,-5.45,2026-09-18,2026-09-17 10:41:34.542414+00:00,31.7,16.3,0.0,0,13.8,26.3,3,open-meteo,4.36,90.95
Sidi Redouane,Morocco,34.6833,-5.45,2026-09-19,2026-09-17 10:41:34.542414+00:00,35.9,20.8,0.0,0,19.0,36.7,1,open-meteo,9.64,93.25
Sidi Redouane,Morocco,34.6833,-5.45,2026-09-20,2026-09-17 10:41:34.542414+00:00,37.5,25.4,0.0,0,16.7,32.4,1,open-meteo,15.33,89.27
Sidi Redouane,Morocco,34.6833,-5.45,2026-09-21,2026-09-17 10:41:34.542414+00:00,36.4,23.9,0.0,0,10.6,23.8,1,open-meteo,9.3,93.49
Sidi Redouane,Morocco,34.6833,-5.45,2026-09-22,2026-09-17 10:41:34.542414+00:00,35.7,21.3,0.0,0,13.4,27.4,3,open-meteo,7.22,88.95
Sidi Redouane,Morocco,34.6833,-5.45,2026-09-23,2026-09-17 10:41:34.542414+00:00,37.2,19.4,0.0,0,13.0,25.9,0,open-meteo,13.02,90.89
Zaouïa Aït Ishak,Morocco,32.76,-5.7233,2026-09-17,2026-09-17 10:41:34.622201+00:00,29.8,16.2,0.0,0,17.1,32.0,3,open-meteo,5.34,90.26
Zaouïa Aït Ishak,Morocco,32.76,-5.7233,2026-09-18,2026-09-17 10:41:34.622201+00:00,30.9,16.0,0.0,0,16.0,30.2,3,open-meteo,5.02,90.49
Zaouïa Aït Ishak,Morocco,32.76,-5.7233,2026-09-19,2026-09-17 10:41:34.622201+00:00,33.9,20.0,0.0,3,17.2,31.0,3,open-meteo,5.25,90.33
Zaouïa Aït Ishak,Morocco,32.76,-5.7233,2026-09-20,2026-09-17 10:41:34.622201+00:00,35.4,22.8,0.0,10,15.9,30.6,2,open-meteo,6.65,92.34
Zaouïa Aït Ishak,Morocco,32.76,-5.7233,2026-09-21,2026-09-17 10:41:34.622201+00:00,33.0,20.5,0.9,5,14.4,33.1,3,open-meteo,6.31,89.58
Zaouïa Aït Ishak,Morocco,32.76,-5.7233,2026-09-22,2026-09-17 10:41:34.622201+00:00,32.6,20.1,0.0,0,15.1,30.2,3,open-meteo,4.91,90.56
Zaouïa Aït Ishak,Morocco,32.76,-5.7233,2026-09-23,2026-09-17 10:41:34.622201+00:00,33.9,22.8,0.0,3,16.8,33.1,1,open-meteo,5.41,96.21
Douar Oulad Mbarek,Morocco,34.2957,-4.2885,2026-09-17,2026-09-17 10:41:34.716992+00:00,27.6,15.6,0.0,0,15.3,33.5,45,open-meteo,5.26,84.32
Douar Oulad Mbarek,Morocco,34.2957,-4.2885,2026-09-18,2026-09-17 10:41:34.716992+00:00,29.5,18.2,0.0,0,23.8,66.6,3,open-meteo,9.63,87.26
Douar Oulad Mbarek,Morocco,34.2957,-4.2885,2026-09-19,2026-09-17 10:41:34.716992+00:00,28.3,19.2,0.0,0,38.4,95.8,2,open-meteo,14.38,86.93
Douar Oulad Mbarek,Morocco,34.2957,-4.2885,2026-09-20,2026-09-17 10:41:34.716992+00:00,30.8,21.0,0.0,0,29.5,76.7,2,open-meteo,11.36,89.05
Douar Oulad Mbarek,Morocco,34.2957,-4.2885,2026-09-21,2026-09-17 10:41:34.716992+00:00,30.1,20.9,0.0,5,27.7,70.6,2,open-meteo,10.52,89.64
Douar Oulad Mbarek,Morocco,34.2957,-4.2885,2026-09-22,2026-09-17 10:41:34.716992+00:00,30.8,19.4,0.0,0,19.9,60.5,2,open-meteo,8.54,91.02
Douar Oulad Mbarek,Morocco,34.2957,-4.2885,2026-09-23,2026-09-17 10:41:34.716992+00:00,31.6,18.4,0.0,0,17.6,31.7,0,open-meteo,5.37,96.24
Arbaa Laaounate,Morocco,32.7446,-8.1942,2026-09-17,2026-09-17 10:41:34.801232+00:00,27.8,17.9,0.0,0,19.1,34.9,3,open-meteo,5.88,89.88
Arbaa Laaounate,Morocco,32.7446,-8.1942,2026-09-18,2026-09-17 10:41:34.801232+00:00,29.7,17.2,0.0,0,20.2,35.6,3,open-meteo,6.09,89.74
Arbaa Laaounate,Morocco,32.7446,-8.1942,2026-09-19,2026-09-17 10:41:34.801232+00:00,32.4,17.2,0.0,0,18.9,34.6,45,open-meteo,5.82,83.93
Arbaa Laaounate,Morocco,32.7446,-8.1942,2026-09-20,2026-09-17 10:41:34.801232+00:00,34.9,19.9,0.0,0,17.7,33.8,2,open-meteo,5.59,93.09
Arbaa Laaounate,Morocco,32.7446,-8.1942,2026-09-21,2026-09-17 10:41:34.801232+00:00,35.5,19.3,0.0,0,20.1,37.1,45,open-meteo,8.22,82.25
Arbaa Laaounate,Morocco,32.7446,-8.1942,2026-09-22,2026-09-17 10:41:34.801232+00:00,34.2,19.4,0.0,0,17.0,33.8,45,open-meteo,5.5,84.15
Arbaa Laaounate,Morocco,32.7446,-8.1942,2026-09-23,2026-09-17 10:41:34.801232+00:00,33.8,19.3,0.0,0,18.8,36.7,45,open-meteo,6.02,83.79
Dar Chaifat,Morocco,32.55,-7.5,2026-09-17,2026-09-17 10:41:34.883096+00:00,29.8,16.2,0.0,0,20.8,37.4,2,open-meteo,6.34,92.56
Dar Chaifat,Morocco,32.55,-7.5,2026-09-18,2026-09-17 10:41:34.883096+00:00,31.7,16.8,0.0,0,18.1,32.4,3,open-meteo,5.5,90.15
Dar Chaifat,Morocco,32.55,-7.5,2026-09-19,2026-09-17 10:41:34.883096+00:00,35.2,19.2,0.0,0,21.3,37.8,2,open-meteo,7.24,91.93
Dar Chaifat,Morocco,32.55,-7.5,2026-09-20,2026-09-17 10:41:34.883096+00:00,37.2,22.6,0.0,0,19.8,39.6,2,open-meteo,15.24,86.33
Dar Chaifat,Morocco,32.55,-7.5,2026-09-21,2026-09-17 10:41:34.883096+00:00,38.1,21.7,0.0,3,24.1,46.1,2,open-meteo,20.02,82.99
Dar Chaifat,Morocco,32.55,-7.5,2026-09-22,2026-09-17 10:41:34.883096+00:00,36.8,19.7,0.0,0,19.9,31.3,1,open-meteo,12.82,91.03
Dar Chaifat,Morocco,32.55,-7.5,2026-09-23,2026-09-17 10:41:34.883096+00:00,36.8,19.6,0.0,0,23.1,36.7,0,open-meteo,13.76,90.37
Ait Yazza,Morocco,30.5063,-8.7931,2026-09-17,2026-09-17 10:41:34.974045+00:00,30.2,18.6,0.0,0,26.8,47.5,45,open-meteo,8.1,82.33
Ait Yazza,Morocco,30.5063,-8.7931,2026-09-18,2026-09-17 10:41:34.974045+00:00,30.4,17.9,0.0,0,24.9,43.6,2,open-meteo,7.47,91.77
Ait Yazza,Morocco,30.5063,-8.7931,2026-09-19,2026-09-17 10:41:34.974045+00:00,31.4,18.8,0.0,0,25.5,45.7,2,open-meteo,7.76,91.57
Ait Yazza,Morocco,30.5063,-8.7931,2026-09-20,2026-09-17 10:41:34.974045+00:00,33.8,19.7,0.0,3,27.6,50.4,1,open-meteo,8.49,94.06
Ait Yazza,Morocco,30.5063,-8.7931,2026-09-21,2026-09-17 10:41:34.974045+00:00,39.1,22.0,0.0,0,28.3,53.6,1,open-meteo,25.3,82.29
Ait Yazza,Morocco,30.5063,-8.7931,2026-09-22,2026-09-17 10:41:34.974045+00:00,39.7,21.6,0.0,0,26.7,50.8,1,open-meteo,27.22,80.95
Ait Yazza,Morocco,30.5063,-8.7931,2026-09-23,2026-09-17 10:41:34.974045+00:00,40.0,21.3,0.0,0,22.2,42.1,1,open-meteo,26.99,81.11
Milla’ab,Morocco,31.4737,-4.7424,2026-09-17,2026-09-17 10:41:35.055942+00:00,33.2,20.9,0.2,43,25.4,42.8,3,open-meteo,7.72,88.6
Milla’ab,Morocco,31.4737,-4.7424,2026-09-18,2026-09-17 10:41:35.055942+00:00,32.9,20.4,0.1,20,21.4,51.1,3,open-meteo,7.92,88.46
Milla’ab,Morocco,31.4737,-4.7424,2026-09-19,2026-09-17 10:41:35.055942+00:00,32.7,21.3,1.8,20,34.9,59.4,95,open-meteo,12.7,64.11
Milla’ab,Morocco,31.4737,-4.7424,2026-09-20,2026-09-17 10:41:35.055942+00:00,31.3,20.2,0.3,10,10.3,26.6,3,open-meteo,4.35,90.95
Milla’ab,Morocco,31.4737,-4.7424,2026-09-21,2026-09-17 10:41:35.055942+00:00,31.9,21.0,3.0,35,11.3,19.4,3,open-meteo,7.35,88.86
Milla’ab,Morocco,31.4737,-4.7424,2026-09-22,2026-09-17 10:41:35.055942+00:00,31.4,18.7,0.0,8,19.3,29.5,2,open-meteo,5.36,93.25
Milla’ab,Morocco,31.4737,-4.7424,2026-09-23,2026-09-17 10:41:35.055942+00:00,32.3,19.9,0.0,8,7.9,13.3,2,open-meteo,2.32,95.38
Chouafa,Morocco,34.8988,-6.2177,2026-09-17,2026-09-17 10:41:35.138080+00:00,25.9,17.7,0.0,0,13.4,24.5,3,open-meteo,4.12,91.12
Chouafa,Morocco,34.8988,-6.2177,2026-09-18,2026-09-17 10:41:35.138080+00:00,26.9,14.9,0.0,0,21.3,38.9,45,open-meteo,6.55,83.41
Chouafa,Morocco,34.8988,-6.2177,2026-09-19,2026-09-17 10:41:35.138080+00:00,32.6,17.6,0.0,0,15.8,29.9,45,open-meteo,4.96,84.53
Chouafa,Morocco,34.8988,-6.2177,2026-09-20,2026-09-17 10:41:35.138080+00:00,35.5,22.3,0.0,0,17.0,32.0,1,open-meteo,7.33,94.87
Chouafa,Morocco,34.8988,-6.2177,2026-09-21,2026-09-17 10:41:35.138080+00:00,34.0,21.7,0.0,0,18.7,34.6,1,open-meteo,5.8,95.94
Chouafa,Morocco,34.8988,-6.2177,2026-09-22,2026-09-17 10:41:35.138080+00:00,30.8,19.8,0.0,0,17.7,33.1,45,open-meteo,5.52,84.14
Chouafa,Morocco,34.8988,-6.2177,2026-09-23,2026-09-17 10:41:35.138080+00:00,30.4,18.8,0.0,0,16.4,29.9,45,open-meteo,5.04,84.47
Sidi Zouine,Morocco,31.6706,-8.3456,2026-09-17,2026-09-17 10:41:35.216554+00:00,30.5,18.8,0.0,0,16.9,26.3,1,open-meteo,4.74,96.68
Sidi Zouine,Morocco,31.6706,-8.3456,2026-09-18,2026-09-17 10:41:35.216554+00:00,32.2,19.2,0.0,0,18.1,28.4,2,open-meteo,5.1,93.43
Sidi Zouine,Morocco,31.6706,-8.3456,2026-09-19,2026-09-17 10:41:35.216554+00:00,35.4,20.2,0.0,5,14.8,23.8,2,open-meteo,5.83,92.92
Sidi Zouine,Morocco,31.6706,-8.3456,2026-09-20,2026-09-17 10:41:35.216554+00:00,37.8,23.6,0.3,15,22.9,34.9,80,open-meteo,17.95,70.94
Sidi Zouine,Morocco,31.6706,-8.3456,2026-09-21,2026-09-17 10:41:35.216554+00:00,38.5,23.8,0.0,5,25.4,47.5,2,open-meteo,21.93,81.65
Sidi Zouine,Morocco,31.6706,-8.3456,2026-09-22,2026-09-17 10:41:35.216554+00:00,37.5,22.3,0.0,0,17.2,27.7,0,open-meteo,14.92,89.56
Sidi Zouine,Morocco,31.6706,-8.3456,2026-09-23,2026-09-17 10:41:35.216554+00:00,37.1,21.4,0.0,3,14.8,31.0,0,open-meteo,13.35,90.66
Ksar Sghir,Morocco,35.8419,-5.5586,2026-09-17,2026-09-17 10:41:35.296966+00:00,25.7,15.7,0.0,0,10.8,23.4,45,open-meteo,3.69,85.42
Ksar Sghir,Morocco,35.8419,-5.5586,2026-09-18,2026-09-17 10:41:35.296966+00:00,26.5,20.8,0.0,3,28.7,55.4,3,open-meteo,9.13,87.61
Ksar Sghir,Morocco,35.8419,-5.5586,2026-09-19,2026-09-17 10:41:35.296966+00:00,26.1,22.5,0.0,3,44.8,90.0,2,open-meteo,14.6,86.78
Ksar Sghir,Morocco,35.8419,-5.5586,2026-09-20,2026-09-17 10:41:35.296966+00:00,26.7,23.5,0.0,5,45.8,92.2,2,open-meteo,14.95,86.53
Ksar Sghir,Morocco,35.8419,-5.5586,2026-09-21,2026-09-17 10:41:35.296966+00:00,26.6,22.7,0.0,0,40.1,80.3,2,open-meteo,13.04,87.87
Ksar Sghir,Morocco,35.8419,-5.5586,2026-09-22,2026-09-17 10:41:35.296966+00:00,25.7,22.2,0.0,0,27.4,56.9,2,open-meteo,9.12,90.62
Ksar Sghir,Morocco,35.8419,-5.5586,2026-09-23,2026-09-17 10:41:35.296966+00:00,26.1,22.3,0.0,0,19.8,47.2,2,open-meteo,7.2,91.96
Ait Yaazem,Morocco,33.7446,-5.6087,2026-09-17,2026-09-17 10:41:35.378319+00:00,27.1,14.5,0.0,0,16.9,33.1,45,open-meteo,5.42,84.21
Ait Yaazem,Morocco,33.7446,-5.6087,2026-09-18,2026-09-17 10:41:35.378319+00:00,28.4,14.8,0.0,0,16.4,32.4,3,open-meteo,5.29,90.3
Ait Yaazem,Morocco,33.7446,-5.6087,2026-09-19,2026-09-17 10:41:35.378319+00:00,32.8,17.6,0.0,3,14.2,28.1,2,open-meteo,4.58,93.79
Ait Yaazem,Morocco,33.7446,-5.6087,2026-09-20,2026-09-17 10:41:35.378319+00:00,34.5,23.1,0.0,0,14.5,30.2,2,open-meteo,4.83,93.62
Ait Yaazem,Morocco,33.7446,-5.6087,2026-09-21,2026-09-17 10:41:35.378319+00:00,34.1,20.0,0.0,0,18.8,36.7,2,open-meteo,6.02,92.79
Ait Yaazem,Morocco,33.7446,-5.6087,2026-09-22,2026-09-17 10:41:35.378319+00:00,33.5,18.9,0.0,0,19.1,36.0,3,open-meteo,5.99,89.81
Ait Yaazem,Morocco,33.7446,-5.6087,2026-09-23,2026-09-17 10:41:35.378319+00:00,34.4,19.5,0.0,3,19.6,38.9,1,open-meteo,6.34,95.56
Bou Fekrane,Morocco,33.7571,-5.4853,2026-09-17,2026-09-17 10:41:35.466575+00:00,27.6,15.3,0.0,0,16.1,29.9,2,open-meteo,5.0,93.5
Bou Fekrane,Morocco,33.7571,-5.4853,2026-09-18,2026-09-17 10:41:35.466575+00:00,28.9,15.0,0.0,0,15.0,28.1,3,open-meteo,4.69,90.72
Bou Fekrane,Morocco,33.7571,-5.4853,2026-09-19,2026-09-17 10:41:35.466575+00:00,32.4,17.4,0.0,3,17.4,32.4,2,open-meteo,5.42,93.21
Bou Fekrane,Morocco,33.7571,-5.4853,2026-09-20,2026-09-17 10:41:35.466575+00:00,34.4,22.0,0.3,5,16.9,32.0,3,open-meteo,5.71,90.0
Bou Fekrane,Morocco,33.7571,-5.4853,2026-09-21,2026-09-17 10:41:35.466575+00:00,34.1,20.2,0.0,3,16.3,31.7,2,open-meteo,5.21,93.35
Bou Fekrane,Morocco,33.7571,-5.4853,2026-09-22,2026-09-17 10:41:35.466575+00:00,33.8,19.6,0.0,0,19.6,40.0,2,open-meteo,6.45,92.48
Bou Fekrane,Morocco,33.7571,-5.4853,2026-09-23,2026-09-17 10:41:35.466575+00:00,34.4,20.1,0.0,3,19.9,41.0,1,open-meteo,6.59,95.39
Tamazouzt,Morocco,31.3833,-8.3833,2026-09-17,2026-09-17 10:41:35.551148+00:00,28.0,18.0,0.0,0,14.7,24.1,3,open-meteo,4.25,91.02
Tamazouzt,Morocco,31.3833,-8.3833,2026-09-18,2026-09-17 10:41:35.551148+00:00,29.9,16.9,0.0,0,13.0,21.6,1,open-meteo,3.79,97.35
Tamazouzt,Morocco,31.3833,-8.3833,2026-09-19,2026-09-17 10:41:35.551148+00:00,32.5,19.6,0.0,3,14.0,22.3,2,open-meteo,3.98,94.21
Tamazouzt,Morocco,31.3833,-8.3833,2026-09-20,2026-09-17 10:41:35.551148+00:00,34.8,22.6,0.6,20,19.4,29.2,3,open-meteo,6.15,89.69
Tamazouzt,Morocco,31.3833,-8.3833,2026-09-21,2026-09-17 10:41:35.551148+00:00,36.0,23.6,0.0,13,24.2,42.5,2,open-meteo,11.28,89.1
Tamazouzt,Morocco,31.3833,-8.3833,2026-09-22,2026-09-17 10:41:35.551148+00:00,34.7,22.2,0.0,5,19.2,29.9,0,open-meteo,5.39,96.23
Tamazouzt,Morocco,31.3833,-8.3833,2026-09-23,2026-09-17 10:41:35.551148+00:00,34.4,20.2,0.0,3,14.5,24.5,2,open-meteo,4.26,94.02
Zirara,Morocco,34.2279,-5.7473,2026-09-17,2026-09-17 10:41:35.637851+00:00,28.9,18.6,0.0,0,14.8,29.2,3,open-meteo,4.77,90.66
Zirara,Morocco,34.2279,-5.7473,2026-09-18,2026-09-17 10:41:35.637851+00:00,31.8,17.1,0.0,0,16.7,33.5,3,open-meteo,5.44,90.19
Zirara,Morocco,34.2279,-5.7473,2026-09-19,2026-09-17 10:41:35.637851+00:00,37.0,19.1,0.0,0,18.0,34.6,2,open-meteo,13.71,87.4
Zirara,Morocco,34.2279,-5.7473,2026-09-20,2026-09-17 10:41:35.637851+00:00,38.7,25.7,0.0,0,18.8,37.1,2,open-meteo,20.86,82.4
Zirara,Morocco,34.2279,-5.7473,2026-09-21,2026-09-17 10:41:35.637851+00:00,38.0,22.3,0.0,3,18.2,32.8,1,open-meteo,17.55,87.72
Zirara,Morocco,34.2279,-5.7473,2026-09-22,2026-09-17 10:41:35.637851+00:00,36.5,22.3,0.0,0,14.3,31.3,1,open-meteo,10.92,92.36
Zirara,Morocco,34.2279,-5.7473,2026-09-23,2026-09-17 10:41:35.637851+00:00,38.0,21.5,0.0,0,13.8,32.4,0,open-meteo,16.96,88.13
Al Qbab,Morocco,32.6697,-5.4647,2026-09-17,2026-09-17 10:41:35.730161+00:00,22.8,11.4,0.0,3,24.7,50.8,3,open-meteo,8.17,88.28
Al Qbab,Morocco,32.6697,-5.4647,2026-09-18,2026-09-17 10:41:35.730161+00:00,23.1,12.8,0.0,0,24.7,50.0,3,open-meteo,8.09,88.34
Al Qbab,Morocco,32.6697,-5.4647,2026-09-19,2026-09-17 10:41:35.730161+00:00,24.3,13.1,0.5,40,23.8,46.4,61,open-meteo,8.28,80.7
Al Qbab,Morocco,32.6697,-5.4647,2026-09-20,2026-09-17 10:41:35.730161+00:00,26.6,14.4,0.0,13,18.3,46.1,3,open-meteo,6.9,89.17
Al Qbab,Morocco,32.6697,-5.4647,2026-09-21,2026-09-17 10:41:35.730161+00:00,24.5,15.3,0.9,15,20.8,51.8,80,open-meteo,8.98,77.21
Al Qbab,Morocco,32.6697,-5.4647,2026-09-22,2026-09-17 10:41:35.730161+00:00,23.7,12.0,0.0,3,17.1,34.9,3,open-meteo,5.63,90.06
Al Qbab,Morocco,32.6697,-5.4647,2026-09-23,2026-09-17 10:41:35.730161+00:00,25.3,12.6,0.0,3,13.8,31.3,2,open-meteo,4.86,93.6
Khat Azakane,Morocco,32.2226,-9.1343,2026-09-17,2026-09-17 10:41:35.812055+00:00,27.1,19.1,0.0,0,18.3,35.3,2,open-meteo,5.82,92.93
Khat Azakane,Morocco,32.2226,-9.1343,2026-09-18,2026-09-17 10:41:35.812055+00:00,29.5,18.4,0.0,0,18.8,35.6,2,open-meteo,5.91,92.86
Khat Azakane,Morocco,32.2226,-9.1343,2026-09-19,2026-09-17 10:41:35.812055+00:00,30.8,18.0,0.0,0,16.4,31.7,3,open-meteo,5.22,90.35
Khat Azakane,Morocco,32.2226,-9.1343,2026-09-20,2026-09-17 10:41:35.812055+00:00,29.7,20.4,0.0,0,15.5,32.0,2,open-meteo,5.14,93.4
Khat Azakane,Morocco,32.2226,-9.1343,2026-09-21,2026-09-17 10:41:35.812055+00:00,29.6,20.0,0.0,0,15.6,30.2,45,open-meteo,4.97,84.52
Khat Azakane,Morocco,32.2226,-9.1343,2026-09-22,2026-09-17 10:41:35.812055+00:00,29.4,19.0,0.0,0,13.7,25.9,45,open-meteo,4.3,84.99
Khat Azakane,Morocco,32.2226,-9.1343,2026-09-23,2026-09-17 10:41:35.812055+00:00,30.1,19.9,0.0,0,16.3,31.3,45,open-meteo,5.17,84.38
Ketama,Morocco,34.9158,-4.5686,2026-09-17,2026-09-17 10:41:35.893509+00:00,23.4,13.0,0.0,0,15.4,47.2,45,open-meteo,6.65,83.34
Ketama,Morocco,34.9158,-4.5686,2026-09-18,2026-09-17 10:41:35.893509+00:00,21.8,11.4,0.0,0,15.0,30.2,3,open-meteo,4.9,90.57
Ketama,Morocco,34.9158,-4.5686,2026-09-19,2026-09-17 10:41:35.893509+00:00,22.0,12.6,0.0,3,15.0,31.0,2,open-meteo,4.98,93.51
Ketama,Morocco,34.9158,-4.5686,2026-09-20,2026-09-17 10:41:35.893509+00:00,23.2,13.7,0.0,0,14.3,28.1,2,open-meteo,4.6,93.78
Ketama,Morocco,34.9158,-4.5686,2026-09-21,2026-09-17 10:41:35.893509+00:00,22.7,14.2,0.0,3,15.0,28.4,2,open-meteo,4.71,93.7
Ketama,Morocco,34.9158,-4.5686,2026-09-22,2026-09-17 10:41:35.893509+00:00,25.8,13.9,0.0,0,10.7,22.3,2,open-meteo,3.57,94.5
Ketama,Morocco,34.9158,-4.5686,2026-09-23,2026-09-17 10:41:35.893509+00:00,26.8,15.2,0.0,0,10.4,21.6,3,open-meteo,3.46,91.58
Douar Bni Ansar,Morocco,35.1586,-4.9128,2026-09-17,2026-09-17 10:41:35.974574+00:00,24.0,13.2,0.0,0,12.9,33.1,3,open-meteo,4.92,90.56
Douar Bni Ansar,Morocco,35.1586,-4.9128,2026-09-18,2026-09-17 10:41:35.974574+00:00,23.3,13.2,0.0,0,12.9,28.8,45,open-meteo,4.49,84.86
Douar Bni Ansar,Morocco,35.1586,-4.9128,2026-09-19,2026-09-17 10:41:35.974574+00:00,22.8,14.5,0.0,0,14.7,33.5,45,open-meteo,5.19,84.37
Douar Bni Ansar,Morocco,35.1586,-4.9128,2026-09-20,2026-09-17 10:41:35.974574+00:00,23.4,16.8,0.0,0,13.7,31.0,45,open-meteo,4.81,84.63
Douar Bni Ansar,Morocco,35.1586,-4.9128,2026-09-21,2026-09-17 10:41:35.974574+00:00,23.5,16.4,0.0,0,13.4,29.5,45,open-meteo,4.62,84.77
Douar Bni Ansar,Morocco,35.1586,-4.9128,2026-09-22,2026-09-17 10:41:35.974574+00:00,25.3,15.3,0.0,0,11.5,24.8,45,open-meteo,3.92,85.26
Douar Bni Ansar,Morocco,35.1586,-4.9128,2026-09-23,2026-09-17 10:41:35.974574+00:00,25.5,16.5,0.0,3,12.5,26.3,2,open-meteo,4.19,94.07
Sidi Ettiji,Morocco,32.1717,-8.8686,2026-09-17,2026-09-17 10:41:36.108944+00:00,27.2,17.1,0.0,0,18.8,36.0,2,open-meteo,5.95,92.83
Sidi Ettiji,Morocco,32.1717,-8.8686,2026-09-18,2026-09-17 10:41:36.108944+00:00,29.8,16.6,0.0,0,17.6,33.8,1,open-meteo,5.58,96.09
Sidi Ettiji,Morocco,32.1717,-8.8686,2026-09-19,2026-09-17 10:41:36.108944+00:00,31.6,17.0,0.0,0,15.3,29.9,2,open-meteo,4.9,93.57
Sidi Ettiji,Morocco,32.1717,-8.8686,2026-09-20,2026-09-17 10:41:36.108944+00:00,32.7,19.9,0.0,0,17.7,36.0,2,open-meteo,5.81,92.93
Sidi Ettiji,Morocco,32.1717,-8.8686,2026-09-21,2026-09-17 10:41:36.108944+00:00,33.5,20.3,0.0,3,17.3,34.2,1,open-meteo,5.58,96.09
Sidi Ettiji,Morocco,32.1717,-8.8686,2026-09-22,2026-09-17 10:41:36.108944+00:00,35.0,18.9,0.0,0,15.4,34.6,45,open-meteo,5.39,84.23
Sidi Ettiji,Morocco,32.1717,-8.8686,2026-09-23,2026-09-17 10:41:36.108944+00:00,34.8,17.6,0.0,0,16.2,36.4,45,open-meteo,5.67,84.03
Anazzou,Morocco,30.6333,-8.05,2026-09-17,2026-09-17 10:41:36.199035+00:00,29.1,17.1,0.0,13,19.4,36.0,3,open-meteo,6.02,89.79
Anazzou,Morocco,30.6333,-8.05,2026-09-18,2026-09-17 10:41:36.199035+00:00,31.4,16.5,0.0,10,18.2,36.4,2,open-meteo,5.92,92.86
Anazzou,Morocco,30.6333,-8.05,2026-09-19,2026-09-17 10:41:36.199035+00:00,34.2,18.2,0.0,5,19.6,36.0,3,open-meteo,6.05,89.77
Anazzou,Morocco,30.6333,-8.05,2026-09-20,2026-09-17 10:41:36.199035+00:00,34.5,20.5,0.0,5,15.8,33.1,2,open-meteo,5.29,93.3
Anazzou,Morocco,30.6333,-8.05,2026-09-21,2026-09-17 10:41:36.199035+00:00,34.1,20.7,0.0,5,24.5,49.7,3,open-meteo,8.03,88.38
Anazzou,Morocco,30.6333,-8.05,2026-09-22,2026-09-17 10:41:36.199035+00:00,33.2,19.2,0.0,3,23.4,44.3,1,open-meteo,7.36,94.85
Anazzou,Morocco,30.6333,-8.05,2026-09-23,2026-09-17 10:41:36.199035+00:00,33.2,18.1,0.0,3,16.6,28.4,2,open-meteo,4.92,93.56
Bni Rzine,Morocco,35.0108,-4.7262,2026-09-17,2026-09-17 10:41:36.282309+00:00,26.1,13.3,0.0,0,11.4,45.7,45,open-meteo,6.0,83.8
Bni Rzine,Morocco,35.0108,-4.7262,2026-09-18,2026-09-17 10:41:36.282309+00:00,23.5,13.2,0.0,0,13.6,28.1,45,open-meteo,4.51,84.84
Bni Rzine,Morocco,35.0108,-4.7262,2026-09-19,2026-09-17 10:41:36.282309+00:00,24.1,14.7,0.0,0,16.7,36.7,3,open-meteo,5.76,89.97
Bni Rzine,Morocco,35.0108,-4.7262,2026-09-20,2026-09-17 10:41:36.282309+00:00,24.4,16.4,0.0,0,14.7,33.1,45,open-meteo,5.15,84.39
Bni Rzine,Morocco,35.0108,-4.7262,2026-09-21,2026-09-17 10:41:36.282309+00:00,24.0,16.5,0.0,0,13.3,27.4,45,open-meteo,4.4,84.92
Bni Rzine,Morocco,35.0108,-4.7262,2026-09-22,2026-09-17 10:41:36.282309+00:00,24.0,14.9,0.0,0,14.2,31.0,45,open-meteo,4.88,84.58
Bni Rzine,Morocco,35.0108,-4.7262,2026-09-23,2026-09-17 10:41:36.282309+00:00,24.8,14.6,0.0,3,14.3,31.7,45,open-meteo,4.96,84.53
Sidi Lamine,Morocco,32.9,-6.05,2026-09-17,2026-09-17 10:41:36.368076+00:00,31.0,15.7,0.0,0,16.3,31.7,1,open-meteo,5.21,96.35
Sidi Lamine,Morocco,32.9,-6.05,2026-09-18,2026-09-17 10:41:36.368076+00:00,31.8,16.5,0.0,0,15.6,29.9,3,open-meteo,4.94,90.54
Sidi Lamine,Morocco,32.9,-6.05,2026-09-19,2026-09-17 10:41:36.368076+00:00,35.2,19.4,0.0,3,18.0,35.6,3,open-meteo,6.61,89.37
Sidi Lamine,Morocco,32.9,-6.05,2026-09-20,2026-09-17 10:41:36.368076+00:00,36.0,23.7,0.0,3,18.0,34.9,2,open-meteo,9.74,90.18
Sidi Lamine,Morocco,32.9,-6.05,2026-09-21,2026-09-17 10:41:36.368076+00:00,34.3,20.6,0.6,5,18.8,35.6,80,open-meteo,6.71,78.8
Sidi Lamine,Morocco,32.9,-6.05,2026-09-22,2026-09-17 10:41:36.368076+00:00,34.4,18.6,0.0,0,15.9,29.2,2,open-meteo,4.91,93.56
Sidi Lamine,Morocco,32.9,-6.05,2026-09-23,2026-09-17 10:41:36.368076+00:00,35.3,19.2,0.0,3,18.7,34.6,1,open-meteo,7.0,95.1
Oulad Amrane,Morocco,32.2833,-9.2333,2026-09-17,2026-09-17 10:41:36.447419+00:00,24.7,19.2,0.0,0,20.2,37.1,3,open-meteo,6.24,89.63
Oulad Amrane,Morocco,32.2833,-9.2333,2026-09-18,2026-09-17 10:41:36.447419+00:00,25.8,18.7,0.0,0,22.0,39.2,2,open-meteo,6.67,92.33
Oulad Amrane,Morocco,32.2833,-9.2333,2026-09-19,2026-09-17 10:41:36.447419+00:00,27.2,18.7,0.0,0,19.2,34.9,2,open-meteo,5.89,92.88
Oulad Amrane,Morocco,32.2833,-9.2333,2026-09-20,2026-09-17 10:41:36.447419+00:00,25.1,19.7,0.0,0,10.4,20.5,45,open-meteo,3.35,85.66
Oulad Amrane,Morocco,32.2833,-9.2333,2026-09-21,2026-09-17 10:41:36.447419+00:00,25.1,19.4,0.0,0,11.0,21.6,45,open-meteo,3.54,85.52
Oulad Amrane,Morocco,32.2833,-9.2333,2026-09-22,2026-09-17 10:41:36.447419+00:00,29.5,18.8,0.0,0,13.7,25.9,45,open-meteo,4.3,84.99
Oulad Amrane,Morocco,32.2833,-9.2333,2026-09-23,2026-09-17 10:41:36.447419+00:00,30.2,20.1,0.0,0,16.3,31.3,45,open-meteo,5.17,84.38
Tagalft,Morocco,32.2381,-6.1194,2026-09-17,2026-09-17 10:41:36.532408+00:00,28.8,13.3,0.0,0,12.0,24.5,3,open-meteo,3.95,91.23
Tagalft,Morocco,32.2381,-6.1194,2026-09-18,2026-09-17 10:41:36.532408+00:00,28.6,15.0,0.0,0,10.7,20.5,3,open-meteo,3.39,91.63
Tagalft,Morocco,32.2381,-6.1194,2026-09-19,2026-09-17 10:41:36.532408+00:00,29.6,16.9,0.0,0,15.0,33.5,3,open-meteo,5.23,90.34
Tagalft,Morocco,32.2381,-6.1194,2026-09-20,2026-09-17 10:41:36.532408+00:00,30.3,18.4,0.0,13,14.6,33.5,2,open-meteo,5.18,93.37
Tagalft,Morocco,32.2381,-6.1194,2026-09-21,2026-09-17 10:41:36.532408+00:00,29.6,18.7,0.0,10,13.5,33.8,2,open-meteo,5.07,93.45
Tagalft,Morocco,32.2381,-6.1194,2026-09-22,2026-09-17 10:41:36.532408+00:00,31.3,18.6,0.0,2,19.3,39.6,2,open-meteo,6.37,92.54
Tagalft,Morocco,32.2381,-6.1194,2026-09-23,2026-09-17 10:41:36.532408+00:00,31.9,21.2,0.0,3,17.4,35.6,1,open-meteo,5.74,95.98
Ghouazi,Morocco,34.4725,-5.2131,2026-09-17,2026-09-17 10:41:36.614527+00:00,29.4,19.0,0.0,0,14.5,29.5,3,open-meteo,4.76,90.67
Ghouazi,Morocco,34.4725,-5.2131,2026-09-18,2026-09-17 10:41:36.614527+00:00,32.4,17.4,0.0,0,10.5,20.9,3,open-meteo,3.4,91.62
Ghouazi,Morocco,34.4725,-5.2131,2026-09-19,2026-09-17 10:41:36.614527+00:00,36.5,21.9,0.0,0,18.8,37.1,1,open-meteo,12.06,91.56
Ghouazi,Morocco,34.4725,-5.2131,2026-09-20,2026-09-17 10:41:36.614527+00:00,37.7,24.7,0.0,0,17.3,36.0,2,open-meteo,16.56,85.41
Ghouazi,Morocco,34.4725,-5.2131,2026-09-21,2026-09-17 10:41:36.614527+00:00,37.0,24.5,0.0,3,14.9,30.2,1,open-meteo,12.88,90.98
Ghouazi,Morocco,34.4725,-5.2131,2026-09-22,2026-09-17 10:41:36.614527+00:00,36.3,23.3,0.0,0,10.9,22.7,3,open-meteo,8.83,87.82
Ghouazi,Morocco,34.4725,-5.2131,2026-09-23,2026-09-17 10:41:36.614527+00:00,37.5,20.9,0.0,0,7.6,15.5,0,open-meteo,12.5,91.25
Tabant,Morocco,31.6581,-6.42,2026-09-17,2026-09-17 10:41:36.697804+00:00,25.2,14.5,1.5,73,17.9,38.5,80,open-meteo,8.09,77.84
Tabant,Morocco,31.6581,-6.42,2026-09-18,2026-09-17 10:41:36.697804+00:00,24.8,13.9,1.1,35,14.8,37.4,80,open-meteo,7.06,78.56
Tabant,Morocco,31.6581,-6.42,2026-09-19,2026-09-17 10:41:36.697804+00:00,24.9,15.4,0.5,68,16.6,34.6,80,open-meteo,6.2,79.16
Tabant,Morocco,31.6581,-6.42,2026-09-20,2026-09-17 10:41:36.697804+00:00,26.7,16.5,0.3,68,20.8,42.1,3,open-meteo,7.21,88.95
Tabant,Morocco,31.6581,-6.42,2026-09-21,2026-09-17 10:41:36.697804+00:00,25.7,15.6,0.3,55,16.6,37.1,3,open-meteo,6.19,89.67
Tabant,Morocco,31.6581,-6.42,2026-09-22,2026-09-17 10:41:36.697804+00:00,24.8,14.2,0.6,5,19.7,43.6,2,open-meteo,7.62,91.67
Tabant,Morocco,31.6581,-6.42,2026-09-23,2026-09-17 10:41:36.697804+00:00,26.4,13.5,0.0,5,20.4,48.6,2,open-meteo,7.41,91.81
Oued Jdida,Morocco,33.9333,-5.3667,2026-09-17,2026-09-17 10:41:36.780479+00:00,29.1,16.3,0.0,0,13.0,24.8,3,open-meteo,4.11,91.12
Oued Jdida,Morocco,33.9333,-5.3667,2026-09-18,2026-09-17 10:41:36.780479+00:00,30.2,17.0,0.0,0,13.7,26.6,2,open-meteo,4.37,93.94
Oued Jdida,Morocco,33.9333,-5.3667,2026-09-19,2026-09-17 10:41:36.780479+00:00,33.8,19.2,0.0,3,15.9,31.0,2,open-meteo,5.09,93.44
Oued Jdida,Morocco,33.9333,-5.3667,2026-09-20,2026-09-17 10:41:36.780479+00:00,35.8,21.1,0.0,0,16.3,31.3,2,open-meteo,8.37,91.14
Oued Jdida,Morocco,33.9333,-5.3667,2026-09-21,2026-09-17 10:41:36.780479+00:00,35.3,21.7,0.0,5,12.9,25.6,2,open-meteo,5.37,93.24
Oued Jdida,Morocco,33.9333,-5.3667,2026-09-22,2026-09-17 10:41:36.780479+00:00,35.2,20.5,0.0,0,16.6,30.6,1,open-meteo,5.94,95.84
Oued Jdida,Morocco,33.9333,-5.3667,2026-09-23,2026-09-17 10:41:36.780479+00:00,35.6,21.3,0.0,0,18.7,35.3,1,open-meteo,8.27,94.21
Bouarouss,Morocco,34.3918,-4.8302,2026-09-17,2026-09-17 10:41:36.859359+00:00,29.0,16.9,0.0,0,14.6,30.6,3,open-meteo,4.89,90.58
Bouarouss,Morocco,34.3918,-4.8302,2026-09-18,2026-09-17 10:41:36.859359+00:00,31.6,17.5,0.0,0,16.9,36.0,3,open-meteo,5.71,90.0
Bouarouss,Morocco,34.3918,-4.8302,2026-09-19,2026-09-17 10:41:36.859359+00:00,33.0,21.9,0.0,0,29.2,61.2,2,open-meteo,9.77,90.16
Bouarouss,Morocco,34.3918,-4.8302,2026-09-20,2026-09-17 10:41:36.859359+00:00,34.9,23.6,0.0,0,25.2,52.9,2,open-meteo,8.44,91.09
Bouarouss,Morocco,34.3918,-4.8302,2026-09-21,2026-09-17 10:41:36.859359+00:00,34.6,23.5,0.0,3,21.3,45.7,1,open-meteo,7.23,94.94
Bouarouss,Morocco,34.3918,-4.8302,2026-09-22,2026-09-17 10:41:36.859359+00:00,34.9,23.0,0.0,0,15.9,37.4,3,open-meteo,5.73,89.99
Bouarouss,Morocco,34.3918,-4.8302,2026-09-23,2026-09-17 10:41:36.859359+00:00,35.9,21.3,0.0,0,14.8,28.8,0,open-meteo,8.33,94.17
Aç-çahrij,Morocco,31.7914,-7.1475,2026-09-17,2026-09-17 10:41:36.940582+00:00,28.7,16.2,0.0,0,14.0,28.4,3,open-meteo,4.59,90.79
Aç-çahrij,Morocco,31.7914,-7.1475,2026-09-18,2026-09-17 10:41:36.940582+00:00,30.5,16.2,0.0,0,11.9,22.7,3,open-meteo,3.76,91.37
Aç-çahrij,Morocco,31.7914,-7.1475,2026-09-19,2026-09-17 10:41:36.940582+00:00,34.0,18.9,0.0,3,13.7,25.9,2,open-meteo,4.3,93.99
Aç-çahrij,Morocco,31.7914,-7.1475,2026-09-20,2026-09-17 10:41:36.940582+00:00,36.5,21.6,0.2,10,17.2,33.8,2,open-meteo,11.8,88.74
Aç-çahrij,Morocco,31.7914,-7.1475,2026-09-21,2026-09-17 10:41:36.940582+00:00,36.1,20.8,0.1,8,17.1,32.0,2,open-meteo,9.87,90.09
Aç-çahrij,Morocco,31.7914,-7.1475,2026-09-22,2026-09-17 10:41:36.940582+00:00,34.1,22.4,0.0,8,16.8,35.3,2,open-meteo,5.63,93.06
Aç-çahrij,Morocco,31.7914,-7.1475,2026-09-23,2026-09-17 10:41:36.940582+00:00,34.5,20.2,0.0,0,15.8,33.8,1,open-meteo,5.36,96.25
Ahfir,Morocco,34.9514,-2.1025,2026-09-17,2026-09-17 10:41:37.020789+00:00,25.7,18.1,0.0,0,14.5,28.1,3,open-meteo,4.62,90.77
Ahfir,Morocco,34.9514,-2.1025,2026-09-18,2026-09-17 10:41:37.020789+00:00,25.7,17.7,0.0,0,16.5,32.8,3,open-meteo,5.34,90.26
Ahfir,Morocco,34.9514,-2.1025,2026-09-19,2026-09-17 10:41:37.020789+00:00,26.4,19.1,0.3,10,15.7,44.3,45,open-meteo,6.79,83.25
Ahfir,Morocco,34.9514,-2.1025,2026-09-20,2026-09-17 10:41:37.020789+00:00,27.0,20.2,0.0,0,14.8,29.5,45,open-meteo,4.8,84.64
Ahfir,Morocco,34.9514,-2.1025,2026-09-21,2026-09-17 10:41:37.020789+00:00,26.4,19.9,0.0,8,15.9,31.3,45,open-meteo,5.12,84.42
Ahfir,Morocco,34.9514,-2.1025,2026-09-22,2026-09-17 10:41:37.020789+00:00,28.4,19.5,0.0,0,13.0,27.0,2,open-meteo,4.33,93.97
Ahfir,Morocco,34.9514,-2.1025,2026-09-23,2026-09-17 10:41:37.020789+00:00,28.7,18.8,0.0,0,12.3,32.4,45,open-meteo,4.78,84.65
Beni Zouli,Morocco,30.4839,-5.8619,2026-09-17,2026-09-17 10:41:37.100055+00:00,33.6,25.6,0.1,28,11.5,20.5,3,open-meteo,3.62,91.47
Beni Zouli,Morocco,30.4839,-5.8619,2026-09-18,2026-09-17 10:41:37.100055+00:00,34.8,24.3,0.0,8,12.3,20.5,3,open-meteo,3.59,91.49
Beni Zouli,Morocco,30.4839,-5.8619,2026-09-19,2026-09-17 10:41:37.100055+00:00,34.8,26.4,0.0,0,27.7,41.4,3,open-meteo,7.6,88.68
Beni Zouli,Morocco,30.4839,-5.8619,2026-09-20,2026-09-17 10:41:37.100055+00:00,34.2,23.8,0.0,0,22.4,32.4,3,open-meteo,6.04,89.77
Beni Zouli,Morocco,30.4839,-5.8619,2026-09-21,2026-09-17 10:41:37.100055+00:00,33.2,24.6,1.5,18,11.0,26.6,80,open-meteo,6.04,79.27
Beni Zouli,Morocco,30.4839,-5.8619,2026-09-22,2026-09-17 10:41:37.100055+00:00,33.0,22.9,0.9,3,10.1,20.2,3,open-meteo,4.48,90.86
Beni Zouli,Morocco,30.4839,-5.8619,2026-09-23,2026-09-17 10:41:37.100055+00:00,33.9,23.2,0.0,5,12.6,19.8,3,open-meteo,3.55,91.52
Timezgana,Morocco,34.5833,-4.7333,2026-09-17,2026-09-17 10:41:37.180820+00:00,29.5,16.4,0.0,0,14.1,28.8,45,open-meteo,4.64,84.75
Timezgana,Morocco,34.5833,-4.7333,2026-09-18,2026-09-17 10:41:37.180820+00:00,32.0,15.8,0.0,0,8.0,20.2,2,open-meteo,3.02,94.89
Timezgana,Morocco,34.5833,-4.7333,2026-09-19,2026-09-17 10:41:37.180820+00:00,34.1,19.1,0.0,0,26.0,52.2,1,open-meteo,8.47,94.07
Timezgana,Morocco,34.5833,-4.7333,2026-09-20,2026-09-17 10:41:37.180820+00:00,35.8,21.6,0.0,0,17.2,35.6,2,open-meteo,8.91,90.76
Timezgana,Morocco,34.5833,-4.7333,2026-09-21,2026-09-17 10:41:37.180820+00:00,34.6,20.8,0.3,5,16.0,32.8,3,open-meteo,5.68,90.02
Timezgana,Morocco,34.5833,-4.7333,2026-09-22,2026-09-17 10:41:37.180820+00:00,34.9,19.3,0.0,0,10.1,19.8,3,open-meteo,3.24,91.73
Timezgana,Morocco,34.5833,-4.7333,2026-09-23,2026-09-17 10:41:37.180820+00:00,35.5,18.9,0.0,0,8.2,19.1,1,open-meteo,4.94,96.54
Douar El Arbaa Bou Quorra,Morocco,34.7485,-5.1971,2026-09-17,2026-09-17 10:41:37.264599+00:00,29.1,16.0,0.0,0,12.9,24.1,3,open-meteo,4.02,91.19
Douar El Arbaa Bou Quorra,Morocco,34.7485,-5.1971,2026-09-18,2026-09-17 10:41:37.264599+00:00,32.5,13.8,0.0,0,13.5,26.3,3,open-meteo,4.32,90.98
Douar El Arbaa Bou Quorra,Morocco,34.7485,-5.1971,2026-09-19,2026-09-17 10:41:37.264599+00:00,33.6,19.0,0.0,0,23.9,49.0,1,open-meteo,7.89,94.48
Douar El Arbaa Bou Quorra,Morocco,34.7485,-5.1971,2026-09-20,2026-09-17 10:41:37.264599+00:00,35.5,21.8,0.0,0,15.1,29.2,1,open-meteo,6.81,95.23
Douar El Arbaa Bou Quorra,Morocco,34.7485,-5.1971,2026-09-21,2026-09-17 10:41:37.264599+00:00,35.5,21.2,0.0,5,10.9,29.2,2,open-meteo,6.28,92.6
Douar El Arbaa Bou Quorra,Morocco,34.7485,-5.1971,2026-09-22,2026-09-17 10:41:37.264599+00:00,34.5,20.6,0.0,0,8.9,19.8,3,open-meteo,3.09,91.84
Douar El Arbaa Bou Quorra,Morocco,34.7485,-5.1971,2026-09-23,2026-09-17 10:41:37.264599+00:00,35.9,19.8,0.0,0,8.2,21.6,1,open-meteo,6.78,95.25
Knemis Dades,Morocco,31.309,-6.028,2026-09-17,2026-09-17 10:41:37.345957+00:00,28.1,16.4,0.8,45,32.6,53.6,80,open-meteo,10.5,76.15
Knemis Dades,Morocco,31.309,-6.028,2026-09-18,2026-09-17 10:41:37.345957+00:00,28.9,15.6,0.0,33,30.9,51.5,3,open-meteo,9.01,87.69
Knemis Dades,Morocco,31.309,-6.028,2026-09-19,2026-09-17 10:41:37.345957+00:00,28.0,19.0,0.1,30,32.6,50.4,3,open-meteo,9.25,87.53
Knemis Dades,Morocco,31.309,-6.028,2026-09-20,2026-09-17 10:41:37.345957+00:00,28.6,17.1,1.5,48,32.8,55.8,80,open-meteo,11.68,75.32
Knemis Dades,Morocco,31.309,-6.028,2026-09-21,2026-09-17 10:41:37.345957+00:00,27.4,16.8,2.4,63,17.9,27.4,80,open-meteo,8.18,77.77
Knemis Dades,Morocco,31.309,-6.028,2026-09-22,2026-09-17 10:41:37.345957+00:00,27.0,16.5,0.3,10,17.0,29.9,3,open-meteo,5.52,90.14
Knemis Dades,Morocco,31.309,-6.028,2026-09-23,2026-09-17 10:41:37.345957+00:00,29.2,17.1,0.0,10,9.4,19.8,2,open-meteo,3.16,94.79
Aghbal,Morocco,34.9394,-2.1272,2026-09-17,2026-09-17 10:41:37.431838+00:00,25.8,18.2,0.0,0,14.5,28.1,3,open-meteo,4.62,90.77
Aghbal,Morocco,34.9394,-2.1272,2026-09-18,2026-09-17 10:41:37.431838+00:00,25.8,17.8,0.0,0,16.5,32.8,3,open-meteo,5.34,90.26
Aghbal,Morocco,34.9394,-2.1272,2026-09-19,2026-09-17 10:41:37.431838+00:00,26.5,19.2,0.3,10,15.7,44.3,45,open-meteo,6.79,83.25
Aghbal,Morocco,34.9394,-2.1272,2026-09-20,2026-09-17 10:41:37.431838+00:00,27.1,20.3,0.0,0,14.8,29.5,45,open-meteo,4.8,84.64
Aghbal,Morocco,34.9394,-2.1272,2026-09-21,2026-09-17 10:41:37.431838+00:00,26.5,20.0,0.0,8,15.9,31.3,45,open-meteo,5.12,84.42
Aghbal,Morocco,34.9394,-2.1272,2026-09-22,2026-09-17 10:41:37.431838+00:00,28.5,19.6,0.0,0,13.0,27.0,2,open-meteo,4.33,93.97
Aghbal,Morocco,34.9394,-2.1272,2026-09-23,2026-09-17 10:41:37.431838+00:00,28.8,18.9,0.0,0,12.3,32.4,45,open-meteo,4.78,84.65
Ouaouzgane,Morocco,35.0199,-4.5181,2026-09-17,2026-09-17 10:41:37.515582+00:00,20.9,13.2,0.0,0,12.4,31.3,45,open-meteo,4.68,84.72
Ouaouzgane,Morocco,35.0199,-4.5181,2026-09-18,2026-09-17 10:41:37.515582+00:00,20.2,12.0,0.0,3,13.0,26.6,45,open-meteo,4.29,85.0
Ouaouzgane,Morocco,35.0199,-4.5181,2026-09-19,2026-09-17 10:41:37.515582+00:00,21.9,12.6,0.0,0,14.3,28.4,45,open-meteo,4.63,84.76
Ouaouzgane,Morocco,35.0199,-4.5181,2026-09-20,2026-09-17 10:41:37.515582+00:00,22.7,14.4,0.0,0,11.7,23.8,45,open-meteo,3.84,85.31
Ouaouzgane,Morocco,35.0199,-4.5181,2026-09-21,2026-09-17 10:41:37.515582+00:00,22.2,15.2,0.0,3,10.9,26.3,3,open-meteo,3.99,91.21
Ouaouzgane,Morocco,35.0199,-4.5181,2026-09-22,2026-09-17 10:41:37.515582+00:00,20.5,13.5,0.0,0,14.1,29.5,2,open-meteo,4.71,93.7
Ouaouzgane,Morocco,35.0199,-4.5181,2026-09-23,2026-09-17 10:41:37.515582+00:00,20.9,15.7,0.0,0,13.4,26.6,2,open-meteo,4.33,93.97
Sidi Azzouz,Morocco,34.5411,-5.7516,2026-09-17,2026-09-17 10:41:37.678800+00:00,29.0,19.5,0.0,0,13.8,25.9,3,open-meteo,4.32,90.98
Sidi Azzouz,Morocco,34.5411,-5.7516,2026-09-18,2026-09-17 10:41:37.678800+00:00,32.1,16.6,0.0,0,15.2,28.1,45,open-meteo,4.71,84.7
Sidi Azzouz,Morocco,34.5411,-5.7516,2026-09-19,2026-09-17 10:41:37.678800+00:00,37.0,19.3,0.0,0,15.1,28.8,2,open-meteo,12.77,88.06
Sidi Azzouz,Morocco,34.5411,-5.7516,2026-09-20,2026-09-17 10:41:37.678800+00:00,38.5,25.7,0.0,0,19.7,37.4,2,open-meteo,20.2,82.86
Sidi Azzouz,Morocco,34.5411,-5.7516,2026-09-21,2026-09-17 10:41:37.678800+00:00,37.5,23.9,0.0,0,13.2,25.2,1,open-meteo,14.17,90.08
Sidi Azzouz,Morocco,34.5411,-5.7516,2026-09-22,2026-09-17 10:41:37.678800+00:00,36.2,21.4,0.0,0,12.7,31.3,2,open-meteo,9.52,90.34
Sidi Azzouz,Morocco,34.5411,-5.7516,2026-09-23,2026-09-17 10:41:37.678800+00:00,37.6,20.1,0.0,0,13.0,29.5,0,open-meteo,14.98,89.51
Gourrama,Morocco,32.3375,-4.0761,2026-09-17,2026-09-17 10:41:37.757772+00:00,30.2,16.3,0.9,60,39.3,65.5,61,open-meteo,12.66,77.64
Gourrama,Morocco,32.3375,-4.0761,2026-09-18,2026-09-17 10:41:37.757772+00:00,29.8,14.8,0.1,33,18.3,46.8,3,open-meteo,7.1,89.03
Gourrama,Morocco,32.3375,-4.0761,2026-09-19,2026-09-17 10:41:37.757772+00:00,28.8,17.3,0.9,43,18.9,31.0,80,open-meteo,6.66,78.84
Gourrama,Morocco,32.3375,-4.0761,2026-09-20,2026-09-17 10:41:37.757772+00:00,27.6,16.5,4.8,35,13.6,24.8,3,open-meteo,10.58,86.59
Gourrama,Morocco,32.3375,-4.0761,2026-09-21,2026-09-17 10:41:37.757772+00:00,27.3,18.5,1.2,45,21.3,35.3,80,open-meteo,7.79,78.05
Gourrama,Morocco,32.3375,-4.0761,2026-09-22,2026-09-17 10:41:37.757772+00:00,28.9,15.7,0.0,15,14.3,28.1,3,open-meteo,4.6,90.78
Gourrama,Morocco,32.3375,-4.0761,2026-09-23,2026-09-17 10:41:37.757772+00:00,29.4,17.6,0.0,13,14.1,27.7,3,open-meteo,4.53,90.83
Ras el Oued,Morocco,34.15,-4.0,2026-09-17,2026-09-17 10:41:37.845696+00:00,26.2,15.4,0.0,0,16.9,32.8,3,open-meteo,5.39,90.23
Ras el Oued,Morocco,34.15,-4.0,2026-09-18,2026-09-17 10:41:37.845696+00:00,25.8,15.2,0.0,0,20.9,38.9,3,open-meteo,6.5,89.45
Ras el Oued,Morocco,34.15,-4.0,2026-09-19,2026-09-17 10:41:37.845696+00:00,25.0,16.3,0.0,10,25.6,48.6,3,open-meteo,8.06,88.36
Ras el Oued,Morocco,34.15,-4.0,2026-09-20,2026-09-17 10:41:37.845696+00:00,27.6,17.6,0.0,3,16.6,37.8,3,open-meteo,5.86,89.9
Ras el Oued,Morocco,34.15,-4.0,2026-09-21,2026-09-17 10:41:37.845696+00:00,26.5,17.8,0.0,3,17.3,39.2,3,open-meteo,6.08,89.74
Ras el Oued,Morocco,34.15,-4.0,2026-09-22,2026-09-17 10:41:37.845696+00:00,28.9,17.0,0.0,0,15.0,32.8,3,open-meteo,5.16,90.39
Ras el Oued,Morocco,34.15,-4.0,2026-09-23,2026-09-17 10:41:37.845696+00:00,29.4,17.3,0.0,0,19.5,43.2,1,open-meteo,6.76,95.27
Jbabra,Morocco,34.4314,-4.9642,2026-09-17,2026-09-17 10:41:37.929574+00:00,30.3,18.1,0.0,0,14.4,27.7,3,open-meteo,4.57,90.8
Jbabra,Morocco,34.4314,-4.9642,2026-09-18,2026-09-17 10:41:37.929574+00:00,32.8,17.2,0.0,0,11.9,21.6,3,open-meteo,3.65,91.44
Jbabra,Morocco,34.4314,-4.9642,2026-09-19,2026-09-17 10:41:37.929574+00:00,35.4,23.1,0.0,0,27.3,51.8,1,open-meteo,10.19,92.87
Jbabra,Morocco,34.4314,-4.9642,2026-09-20,2026-09-17 10:41:37.929574+00:00,37.1,25.0,0.0,0,22.1,42.1,2,open-meteo,15.37,86.24
Jbabra,Morocco,34.4314,-4.9642,2026-09-21,2026-09-17 10:41:37.929574+00:00,36.7,24.9,0.0,3,19.4,36.0,1,open-meteo,12.83,91.02
Jbabra,Morocco,34.4314,-4.9642,2026-09-22,2026-09-17 10:41:37.929574+00:00,36.2,24.3,0.0,0,14.2,31.7,3,open-meteo,9.75,87.17
Jbabra,Morocco,34.4314,-4.9642,2026-09-23,2026-09-17 10:41:37.929574+00:00,37.4,21.7,0.0,0,11.8,20.2,0,open-meteo,13.09,90.84
Aghbalou Aqourar,Morocco,33.9342,-4.7381,2026-09-17,2026-09-17 10:41:38.258000+00:00,27.3,16.3,0.0,0,15.3,32.0,45,open-meteo,5.11,84.42
Aghbalou Aqourar,Morocco,33.9342,-4.7381,2026-09-18,2026-09-17 10:41:38.258000+00:00,29.9,15.4,0.0,0,15.2,32.4,2,open-meteo,5.14,93.4
Aghbalou Aqourar,Morocco,33.9342,-4.7381,2026-09-19,2026-09-17 10:41:38.258000+00:00,31.9,17.8,0.0,6,21.7,45.0,2,open-meteo,7.21,91.95
Aghbalou Aqourar,Morocco,33.9342,-4.7381,2026-09-20,2026-09-17 10:41:38.258000+00:00,34.2,20.5,0.0,0,16.5,36.4,2,open-meteo,5.7,93.01
Aghbalou Aqourar,Morocco,33.9342,-4.7381,2026-09-21,2026-09-17 10:41:38.258000+00:00,33.8,19.9,0.0,5,14.3,32.0,2,open-meteo,4.99,93.51
Aghbalou Aqourar,Morocco,33.9342,-4.7381,2026-09-22,2026-09-17 10:41:38.258000+00:00,33.4,19.8,0.0,0,19.0,36.0,1,open-meteo,5.97,95.82
Aghbalou Aqourar,Morocco,33.9342,-4.7381,2026-09-23,2026-09-17 10:41:38.258000+00:00,33.7,21.4,0.0,0,19.1,36.0,1,open-meteo,5.99,95.81
Tirhassaline,Morocco,32.7822,-5.6517,2026-09-17,2026-09-17 10:41:38.340982+00:00,30.6,16.2,0.0,0,16.6,31.3,3,open-meteo,5.21,90.35
Tirhassaline,Morocco,32.7822,-5.6517,2026-09-18,2026-09-17 10:41:38.340982+00:00,31.4,14.9,0.0,0,15.1,29.5,3,open-meteo,4.84,90.61
Tirhassaline,Morocco,32.7822,-5.6517,2026-09-19,2026-09-17 10:41:38.340982+00:00,34.3,20.8,0.0,3,24.3,44.3,3,open-meteo,7.47,88.77
Tirhassaline,Morocco,32.7822,-5.6517,2026-09-20,2026-09-17 10:41:38.340982+00:00,36.1,23.3,0.0,3,18.6,38.5,3,open-meteo,10.58,86.59
Tirhassaline,Morocco,32.7822,-5.6517,2026-09-21,2026-09-17 10:41:38.340982+00:00,33.2,21.2,1.2,8,21.5,50.4,80,open-meteo,9.33,76.97
Tirhassaline,Morocco,32.7822,-5.6517,2026-09-22,2026-09-17 10:41:38.340982+00:00,33.2,18.5,0.0,3,14.2,25.9,2,open-meteo,4.37,93.94
Tirhassaline,Morocco,32.7822,-5.6517,2026-09-23,2026-09-17 10:41:38.340982+00:00,34.5,18.8,0.0,3,16.0,28.4,2,open-meteo,4.84,93.61
Oulad Alioua,Morocco,30.3761,-9.3203,2026-09-17,2026-09-17 10:41:38.421474+00:00,28.7,20.0,0.0,0,27.2,49.0,3,open-meteo,8.3,88.19
Oulad Alioua,Morocco,30.3761,-9.3203,2026-09-18,2026-09-17 10:41:38.421474+00:00,28.1,18.9,0.0,0,25.7,46.1,2,open-meteo,7.82,91.53
Oulad Alioua,Morocco,30.3761,-9.3203,2026-09-19,2026-09-17 10:41:38.421474+00:00,28.6,19.2,0.0,0,29.4,50.0,45,open-meteo,8.67,81.93
Oulad Alioua,Morocco,30.3761,-9.3203,2026-09-20,2026-09-17 10:41:38.421474+00:00,29.6,19.6,0.0,0,27.2,47.5,45,open-meteo,8.15,82.29
Oulad Alioua,Morocco,30.3761,-9.3203,2026-09-21,2026-09-17 10:41:38.421474+00:00,33.8,20.2,0.0,0,25.2,43.2,3,open-meteo,7.47,88.77
Oulad Alioua,Morocco,30.3761,-9.3203,2026-09-22,2026-09-17 10:41:38.421474+00:00,38.6,19.5,0.0,0,28.3,47.2,3,open-meteo,22.66,78.14
Oulad Alioua,Morocco,30.3761,-9.3203,2026-09-23,2026-09-17 10:41:38.421474+00:00,37.6,19.9,0.0,3,25.8,44.6,0,open-meteo,18.09,87.34
Mellila,Morocco,33.3833,-7.1333,2026-09-17,2026-09-17 10:41:38.504988+00:00,28.1,16.0,0.0,0,17.1,32.8,3,open-meteo,5.42,90.21
Mellila,Morocco,33.3833,-7.1333,2026-09-18,2026-09-17 10:41:38.504988+00:00,29.6,14.3,0.0,0,16.7,32.4,45,open-meteo,5.33,84.27
Mellila,Morocco,33.3833,-7.1333,2026-09-19,2026-09-17 10:41:38.504988+00:00,32.4,15.2,0.0,0,15.9,31.3,45,open-meteo,5.12,84.42
Mellila,Morocco,33.3833,-7.1333,2026-09-20,2026-09-17 10:41:38.504988+00:00,35.1,20.3,0.0,0,17.7,35.6,2,open-meteo,6.17,92.68
Mellila,Morocco,33.3833,-7.1333,2026-09-21,2026-09-17 10:41:38.504988+00:00,36.2,19.0,0.0,0,18.4,38.5,45,open-meteo,10.95,80.33
Mellila,Morocco,33.3833,-7.1333,2026-09-22,2026-09-17 10:41:38.504988+00:00,33.7,17.6,0.0,0,18.3,34.6,45,open-meteo,5.75,83.97
Mellila,Morocco,33.3833,-7.1333,2026-09-23,2026-09-17 10:41:38.504988+00:00,32.6,16.9,0.0,3,19.2,36.7,45,open-meteo,6.07,83.75
Iheddadene,Morocco,31.2,-9.65,2026-09-17,2026-09-17 10:41:38.585797+00:00,25.5,18.9,0.0,0,30.7,63.7,3,open-meteo,10.21,86.85
Iheddadene,Morocco,31.2,-9.65,2026-09-18,2026-09-17 10:41:38.585797+00:00,28.4,16.8,0.0,0,25.6,59.4,0,open-meteo,9.14,93.6
Iheddadene,Morocco,31.2,-9.65,2026-09-19,2026-09-17 10:41:38.585797+00:00,29.1,17.6,0.0,0,18.0,37.8,2,open-meteo,6.03,92.78
Iheddadene,Morocco,31.2,-9.65,2026-09-20,2026-09-17 10:41:38.585797+00:00,28.2,19.9,0.0,0,9.6,21.6,2,open-meteo,3.36,94.65
Iheddadene,Morocco,31.2,-9.65,2026-09-21,2026-09-17 10:41:38.585797+00:00,30.8,20.5,0.0,0,8.8,21.6,3,open-meteo,3.26,91.72
Iheddadene,Morocco,31.2,-9.65,2026-09-22,2026-09-17 10:41:38.585797+00:00,32.0,17.9,0.0,0,10.6,29.2,3,open-meteo,4.25,91.02
Iheddadene,Morocco,31.2,-9.65,2026-09-23,2026-09-17 10:41:38.585797+00:00,31.6,16.1,0.0,0,11.2,32.0,0,open-meteo,4.6,96.78
Driouch,Morocco,34.8665,-3.4223,2026-09-17,2026-09-17 10:41:38.664602+00:00,26.5,14.8,0.0,0,22.0,41.0,3,open-meteo,6.85,89.2
Driouch,Morocco,34.8665,-3.4223,2026-09-18,2026-09-17 10:41:38.664602+00:00,26.7,15.7,0.0,0,25.0,45.0,45,open-meteo,7.63,82.66
Driouch,Morocco,34.8665,-3.4223,2026-09-19,2026-09-17 10:41:38.664602+00:00,25.5,19.1,0.0,3,24.8,45.0,45,open-meteo,7.6,82.68
Driouch,Morocco,34.8665,-3.4223,2026-09-20,2026-09-17 10:41:38.664602+00:00,26.6,20.6,0.0,3,24.0,45.4,3,open-meteo,7.54,88.72
Driouch,Morocco,34.8665,-3.4223,2026-09-21,2026-09-17 10:41:38.664602+00:00,25.7,19.2,0.0,5,22.7,39.6,45,open-meteo,6.8,83.24
Driouch,Morocco,34.8665,-3.4223,2026-09-22,2026-09-17 10:41:38.664602+00:00,27.5,16.4,0.0,3,18.1,30.6,45,open-meteo,5.32,84.28
Driouch,Morocco,34.8665,-3.4223,2026-09-23,2026-09-17 10:41:38.664602+00:00,27.8,16.2,0.0,0,20.8,35.3,45,open-meteo,6.13,83.71
Tarhzout n’Aït Yazza,Morocco,31.4567,-5.4192,2026-09-17,2026-09-17 10:41:38.744369+00:00,31.5,19.3,0.2,40,23.7,49.7,3,open-meteo,8.2,88.26
Tarhzout n’Aït Yazza,Morocco,31.4567,-5.4192,2026-09-18,2026-09-17 10:41:38.744369+00:00,31.6,19.3,0.0,38,18.5,31.0,3,open-meteo,5.41,90.21
Tarhzout n’Aït Yazza,Morocco,31.4567,-5.4192,2026-09-19,2026-09-17 10:41:38.744369+00:00,30.7,20.4,0.1,28,31.3,51.1,61,open-meteo,9.16,80.09
Tarhzout n’Aït Yazza,Morocco,31.4567,-5.4192,2026-09-20,2026-09-17 10:41:38.744369+00:00,30.7,19.1,0.8,18,15.0,36.7,80,open-meteo,6.61,78.87
Tarhzout n’Aït Yazza,Morocco,31.4567,-5.4192,2026-09-21,2026-09-17 10:41:38.744369+00:00,30.4,19.6,1.5,43,28.7,49.3,80,open-meteo,10.52,76.14
Tarhzout n’Aït Yazza,Morocco,31.4567,-5.4192,2026-09-22,2026-09-17 10:41:38.744369+00:00,29.6,18.6,0.3,10,15.3,31.0,3,open-meteo,5.41,90.21
Tarhzout n’Aït Yazza,Morocco,31.4567,-5.4192,2026-09-23,2026-09-17 10:41:38.744369+00:00,31.5,19.3,0.0,10,13.6,24.5,2,open-meteo,4.15,94.09
Assa,Morocco,28.6086,-9.4269,2026-09-17,2026-09-17 10:41:38.825998+00:00,31.9,19.9,0.0,0,33.1,51.5,1,open-meteo,9.29,93.5
Assa,Morocco,28.6086,-9.4269,2026-09-18,2026-09-17 10:41:38.825998+00:00,34.6,18.2,0.0,0,20.3,36.0,0,open-meteo,6.14,95.7
Assa,Morocco,28.6086,-9.4269,2026-09-19,2026-09-17 10:41:38.825998+00:00,35.6,19.8,0.0,0,11.3,22.3,1,open-meteo,6.04,95.77
Assa,Morocco,28.6086,-9.4269,2026-09-20,2026-09-17 10:41:38.825998+00:00,37.1,22.2,0.0,0,12.9,27.0,1,open-meteo,12.71,91.1
Assa,Morocco,28.6086,-9.4269,2026-09-21,2026-09-17 10:41:38.825998+00:00,39.5,25.3,0.0,0,17.3,42.8,1,open-meteo,24.44,82.89
Assa,Morocco,28.6086,-9.4269,2026-09-22,2026-09-17 10:41:38.825998+00:00,38.5,26.8,0.0,2,18.6,37.1,3,open-meteo,20.03,79.98
Assa,Morocco,28.6086,-9.4269,2026-09-23,2026-09-17 10:41:38.825998+00:00,39.0,27.3,0.0,2,9.1,26.3,3,open-meteo,19.77,80.16
Skhour Rehamna,Morocco,32.4833,-7.9167,2026-09-17,2026-09-17 10:41:38.905684+00:00,27.5,16.3,0.0,0,19.8,37.1,3,open-meteo,6.19,89.67
Skhour Rehamna,Morocco,32.4833,-7.9167,2026-09-18,2026-09-17 10:41:38.905684+00:00,29.4,16.1,0.0,0,19.4,35.3,3,open-meteo,5.96,89.83
Skhour Rehamna,Morocco,32.4833,-7.9167,2026-09-19,2026-09-17 10:41:38.905684+00:00,32.4,17.0,0.0,0,20.7,37.8,2,open-meteo,6.37,92.54
Skhour Rehamna,Morocco,32.4833,-7.9167,2026-09-20,2026-09-17 10:41:38.905684+00:00,35.4,21.5,0.0,3,19.2,37.1,2,open-meteo,7.71,91.6
Skhour Rehamna,Morocco,32.4833,-7.9167,2026-09-21,2026-09-17 10:41:38.905684+00:00,36.7,21.8,0.0,3,20.3,40.3,2,open-meteo,13.37,87.64
Skhour Rehamna,Morocco,32.4833,-7.9167,2026-09-22,2026-09-17 10:41:38.905684+00:00,35.3,18.9,0.0,3,20.9,36.4,1,open-meteo,7.45,94.78
Skhour Rehamna,Morocco,32.4833,-7.9167,2026-09-23,2026-09-17 10:41:38.905684+00:00,34.5,18.6,0.0,0,22.5,39.2,45,open-meteo,6.73,83.29
Sabbah,Morocco,33.8036,-7.0372,2026-09-17,2026-09-17 10:41:38.987168+00:00,24.8,17.6,0.0,0,14.8,28.4,3,open-meteo,4.69,90.72
Sabbah,Morocco,33.8036,-7.0372,2026-09-18,2026-09-17 10:41:38.987168+00:00,24.4,15.9,0.0,0,14.6,27.7,3,open-meteo,4.59,90.79
Sabbah,Morocco,33.8036,-7.0372,2026-09-19,2026-09-17 10:41:38.987168+00:00,26.7,16.2,0.0,0,13.1,25.2,45,open-meteo,4.16,85.09
Sabbah,Morocco,33.8036,-7.0372,2026-09-20,2026-09-17 10:41:38.987168+00:00,28.3,19.4,0.0,0,12.0,23.0,2,open-meteo,3.8,94.34
Sabbah,Morocco,33.8036,-7.0372,2026-09-21,2026-09-17 10:41:38.987168+00:00,27.3,19.3,0.0,0,13.0,25.2,45,open-meteo,4.15,85.09
Sabbah,Morocco,33.8036,-7.0372,2026-09-22,2026-09-17 10:41:38.987168+00:00,29.1,19.0,0.0,0,13.9,27.7,45,open-meteo,4.51,84.84
Sabbah,Morocco,33.8036,-7.0372,2026-09-23,2026-09-17 10:41:38.987168+00:00,28.3,18.4,0.0,0,15.1,30.2,45,open-meteo,4.91,84.56
’Ayn Bni Mathar,Morocco,34.0889,-2.0247,2026-09-17,2026-09-17 10:41:39.070520+00:00,29.3,16.2,0.0,10,23.3,37.8,3,open-meteo,6.69,89.32
’Ayn Bni Mathar,Morocco,34.0889,-2.0247,2026-09-18,2026-09-17 10:41:39.070520+00:00,29.5,15.0,0.1,8,26.8,41.8,3,open-meteo,7.66,88.64
’Ayn Bni Mathar,Morocco,34.0889,-2.0247,2026-09-19,2026-09-17 10:41:39.070520+00:00,27.4,17.9,1.6,50,32.7,58.3,80,open-meteo,12.05,75.06
’Ayn Bni Mathar,Morocco,34.0889,-2.0247,2026-09-20,2026-09-17 10:41:39.070520+00:00,30.9,16.8,0.0,10,18.2,40.3,3,open-meteo,6.3,89.59
’Ayn Bni Mathar,Morocco,34.0889,-2.0247,2026-09-21,2026-09-17 10:41:39.070520+00:00,28.1,17.3,0.3,13,14.9,23.4,80,open-meteo,4.6,80.28
’Ayn Bni Mathar,Morocco,34.0889,-2.0247,2026-09-22,2026-09-17 10:41:39.070520+00:00,30.1,16.4,0.0,0,26.3,40.3,45,open-meteo,7.32,82.88
’Ayn Bni Mathar,Morocco,34.0889,-2.0247,2026-09-23,2026-09-17 10:41:39.070520+00:00,30.5,17.1,0.0,0,25.3,40.0,2,open-meteo,7.16,91.99
Midar,Morocco,34.9402,-3.5331,2026-09-17,2026-09-17 10:41:39.156582+00:00,26.8,16.8,0.0,0,17.9,34.2,3,open-meteo,5.66,90.04
Midar,Morocco,34.9402,-3.5331,2026-09-18,2026-09-17 10:41:39.156582+00:00,27.0,16.5,0.0,0,21.6,36.0,45,open-meteo,6.3,83.59
Midar,Morocco,34.9402,-3.5331,2026-09-19,2026-09-17 10:41:39.156582+00:00,25.5,18.6,0.1,3,21.5,37.8,45,open-meteo,6.6,83.38
Midar,Morocco,34.9402,-3.5331,2026-09-20,2026-09-17 10:41:39.156582+00:00,26.8,20.2,1.1,10,20.8,37.1,45,open-meteo,7.78,82.55
Midar,Morocco,34.9402,-3.5331,2026-09-21,2026-09-17 10:41:39.156582+00:00,25.8,19.1,0.0,13,19.7,32.8,45,open-meteo,5.74,83.98
Midar,Morocco,34.9402,-3.5331,2026-09-22,2026-09-17 10:41:39.156582+00:00,27.8,17.4,0.0,0,14.5,30.2,2,open-meteo,4.83,93.62
Midar,Morocco,34.9402,-3.5331,2026-09-23,2026-09-17 10:41:39.156582+00:00,28.6,17.7,0.0,0,11.9,26.6,0,open-meteo,4.15,97.09
Aïn Jemaa,Morocco,34.0333,-5.8,2026-09-17,2026-09-17 10:41:39.240667+00:00,27.3,17.1,0.0,0,15.8,33.8,3,open-meteo,5.36,90.25
Aïn Jemaa,Morocco,34.0333,-5.8,2026-09-18,2026-09-17 10:41:39.240667+00:00,29.6,16.8,0.0,0,16.1,35.3,3,open-meteo,5.54,90.12
Aïn Jemaa,Morocco,34.0333,-5.8,2026-09-19,2026-09-17 10:41:39.240667+00:00,34.5,19.5,0.0,0,13.5,28.4,2,open-meteo,4.53,93.83
Aïn Jemaa,Morocco,34.0333,-5.8,2026-09-20,2026-09-17 10:41:39.240667+00:00,36.6,24.0,0.0,0,11.6,24.1,2,open-meteo,10.26,89.82
Aïn Jemaa,Morocco,34.0333,-5.8,2026-09-21,2026-09-17 10:41:39.240667+00:00,35.9,22.6,0.0,3,17.3,37.1,1,open-meteo,9.47,93.37
Aïn Jemaa,Morocco,34.0333,-5.8,2026-09-22,2026-09-17 10:41:39.240667+00:00,34.7,20.7,0.0,0,14.6,30.6,1,open-meteo,4.89,96.58
Aïn Jemaa,Morocco,34.0333,-5.8,2026-09-23,2026-09-17 10:41:39.240667+00:00,36.1,19.5,0.0,0,16.8,35.3,1,open-meteo,10.03,92.98
Tazert,Morocco,31.6597,-7.4092,2026-09-17,2026-09-17 10:41:39.324972+00:00,28.0,16.2,0.0,0,10.8,22.3,3,open-meteo,3.58,91.49
Tazert,Morocco,31.6597,-7.4092,2026-09-18,2026-09-17 10:41:39.324972+00:00,29.8,16.5,0.0,0,12.2,24.5,3,open-meteo,3.98,91.21
Tazert,Morocco,31.6597,-7.4092,2026-09-19,2026-09-17 10:41:39.324972+00:00,33.2,19.4,0.0,13,13.7,28.1,2,open-meteo,4.52,93.84
Tazert,Morocco,31.6597,-7.4092,2026-09-20,2026-09-17 10:41:39.324972+00:00,36.2,22.5,0.9,23,10.2,29.2,3,open-meteo,10.2,86.86
Tazert,Morocco,31.6597,-7.4092,2026-09-21,2026-09-17 10:41:39.324972+00:00,35.2,21.4,0.3,20,16.2,33.8,2,open-meteo,6.61,92.37
Tazert,Morocco,31.6597,-7.4092,2026-09-22,2026-09-17 10:41:39.324972+00:00,34.2,22.4,0.0,10,18.4,38.2,1,open-meteo,6.12,95.72
Tazert,Morocco,31.6597,-7.4092,2026-09-23,2026-09-17 10:41:39.324972+00:00,34.4,22.3,0.0,0,16.9,36.0,1,open-meteo,5.71,96.0
Souk Et-Tleta des Oulad Hamdane,Morocco,33.1044,-8.2502,2026-09-17,2026-09-17 10:41:39.425274+00:00,26.1,18.2,0.0,0,16.8,31.7,3,open-meteo,5.27,90.31
Souk Et-Tleta des Oulad Hamdane,Morocco,33.1044,-8.2502,2026-09-18,2026-09-17 10:41:39.425274+00:00,27.1,18.3,0.0,0,19.5,36.0,3,open-meteo,6.04,89.77
Souk Et-Tleta des Oulad Hamdane,Morocco,33.1044,-8.2502,2026-09-19,2026-09-17 10:41:39.425274+00:00,29.5,17.9,0.0,0,17.7,32.8,2,open-meteo,5.49,93.16
Souk Et-Tleta des Oulad Hamdane,Morocco,33.1044,-8.2502,2026-09-20,2026-09-17 10:41:39.425274+00:00,31.5,20.2,0.0,0,15.3,29.2,45,open-meteo,4.83,84.62
Souk Et-Tleta des Oulad Hamdane,Morocco,33.1044,-8.2502,2026-09-21,2026-09-17 10:41:39.425274+00:00,31.7,19.5,0.0,0,16.6,31.7,45,open-meteo,5.25,84.33
Souk Et-Tleta des Oulad Hamdane,Morocco,33.1044,-8.2502,2026-09-22,2026-09-17 10:41:39.425274+00:00,29.5,19.9,0.0,0,14.2,26.6,45,open-meteo,4.44,84.89
Souk Et-Tleta des Oulad Hamdane,Morocco,33.1044,-8.2502,2026-09-23,2026-09-17 10:41:39.425274+00:00,28.4,19.4,0.0,0,17.2,32.8,45,open-meteo,5.43,84.2
Galaz,Morocco,34.55,-4.8,2026-09-17,2026-09-17 10:41:39.516932+00:00,30.9,17.7,0.0,0,14.3,29.5,45,open-meteo,4.74,84.68
Galaz,Morocco,34.55,-4.8,2026-09-18,2026-09-17 10:41:39.516932+00:00,33.6,17.0,0.0,0,9.7,20.2,2,open-meteo,3.23,94.74
Galaz,Morocco,34.55,-4.8,2026-09-19,2026-09-17 10:41:39.516932+00:00,35.8,20.0,0.0,0,27.7,55.1,1,open-meteo,12.17,91.48
Galaz,Morocco,34.55,-4.8,2026-09-20,2026-09-17 10:41:39.516932+00:00,37.3,22.3,0.0,0,18.7,38.2,2,open-meteo,15.36,86.25
Galaz,Morocco,34.55,-4.8,2026-09-21,2026-09-17 10:41:39.516932+00:00,36.4,22.1,0.0,3,16.6,35.6,3,open-meteo,11.23,86.14
Galaz,Morocco,34.55,-4.8,2026-09-22,2026-09-17 10:41:39.516932+00:00,36.7,21.3,0.0,0,11.2,24.1,3,open-meteo,10.61,86.57
Galaz,Morocco,34.55,-4.8,2026-09-23,2026-09-17 10:41:39.516932+00:00,37.4,20.6,0.0,0,6.9,16.6,1,open-meteo,12.12,91.52
Sebt Aït Saghiouchen,Morocco,34.0122,-4.5536,2026-09-17,2026-09-17 10:41:39.608085+00:00,29.6,17.8,0.0,0,14.0,26.6,45,open-meteo,4.41,84.91
Sebt Aït Saghiouchen,Morocco,34.0122,-4.5536,2026-09-18,2026-09-17 10:41:39.608085+00:00,32.4,16.3,0.0,0,14.1,27.4,2,open-meteo,4.5,93.85
Sebt Aït Saghiouchen,Morocco,34.0122,-4.5536,2026-09-19,2026-09-17 10:41:39.608085+00:00,34.3,19.4,0.0,0,24.9,47.5,2,open-meteo,7.86,91.5
Sebt Aït Saghiouchen,Morocco,34.0122,-4.5536,2026-09-20,2026-09-17 10:41:39.608085+00:00,35.7,21.0,0.0,0,18.2,41.4,2,open-meteo,9.22,90.55
Sebt Aït Saghiouchen,Morocco,34.0122,-4.5536,2026-09-21,2026-09-17 10:41:39.608085+00:00,35.4,21.1,0.0,3,15.4,31.3,2,open-meteo,6.65,92.34
Sebt Aït Saghiouchen,Morocco,34.0122,-4.5536,2026-09-22,2026-09-17 10:41:39.608085+00:00,35.2,21.2,0.0,0,12.4,24.1,1,open-meteo,4.76,96.67
Sebt Aït Saghiouchen,Morocco,34.0122,-4.5536,2026-09-23,2026-09-17 10:41:39.608085+00:00,35.7,19.9,0.0,0,13.4,26.6,0,open-meteo,7.14,95.0
Tagounite,Morocco,29.9833,-5.5667,2026-09-17,2026-09-17 10:41:39.692904+00:00,36.6,27.5,0.1,10,23.4,43.2,3,open-meteo,13.78,84.35
Tagounite,Morocco,29.9833,-5.5667,2026-09-18,2026-09-17 10:41:39.692904+00:00,36.2,24.8,0.0,3,18.3,29.2,3,open-meteo,10.01,86.99
Tagounite,Morocco,29.9833,-5.5667,2026-09-19,2026-09-17 10:41:39.692904+00:00,36.7,27.1,0.0,3,23.8,36.7,2,open-meteo,13.45,87.58
Tagounite,Morocco,29.9833,-5.5667,2026-09-20,2026-09-17 10:41:39.692904+00:00,35.2,24.7,0.0,0,23.7,37.1,1,open-meteo,7.47,94.77
Tagounite,Morocco,29.9833,-5.5667,2026-09-21,2026-09-17 10:41:39.692904+00:00,35.6,25.8,0.9,5,22.6,43.9,3,open-meteo,10.82,86.43
Tagounite,Morocco,29.9833,-5.5667,2026-09-22,2026-09-17 10:41:39.692904+00:00,34.1,24.8,0.6,5,11.6,19.8,80,open-meteo,4.23,80.54
Tagounite,Morocco,29.9833,-5.5667,2026-09-23,2026-09-17 10:41:39.692904+00:00,35.2,23.0,0.0,5,7.1,14.8,2,open-meteo,3.17,94.78
Aïn Mediouna,Morocco,34.5,-4.55,2026-09-17,2026-09-17 10:41:39.775270+00:00,29.8,17.7,0.0,0,12.6,24.5,3,open-meteo,4.03,91.18
Aïn Mediouna,Morocco,34.5,-4.55,2026-09-18,2026-09-17 10:41:39.775270+00:00,32.0,18.1,0.0,0,12.2,24.1,3,open-meteo,3.94,91.24
Aïn Mediouna,Morocco,34.5,-4.55,2026-09-19,2026-09-17 10:41:39.775270+00:00,33.5,22.6,0.0,0,26.6,51.8,1,open-meteo,8.51,94.04
Aïn Mediouna,Morocco,34.5,-4.55,2026-09-20,2026-09-17 10:41:39.775270+00:00,35.1,24.3,0.0,3,21.6,40.7,2,open-meteo,7.17,91.98
Aïn Mediouna,Morocco,34.5,-4.55,2026-09-21,2026-09-17 10:41:39.775270+00:00,33.8,23.7,0.0,8,20.7,39.2,3,open-meteo,6.51,89.44
Aïn Mediouna,Morocco,34.5,-4.55,2026-09-22,2026-09-17 10:41:39.775270+00:00,34.7,22.7,0.0,0,9.0,19.1,3,open-meteo,3.04,91.87
Aïn Mediouna,Morocco,34.5,-4.55,2026-09-23,2026-09-17 10:41:39.775270+00:00,35.7,23.2,0.0,0,13.6,29.2,2,open-meteo,7.42,91.81
Mqam at Tolba,Morocco,34.0173,-6.25,2026-09-17,2026-09-17 10:41:39.857646+00:00,28.0,16.7,0.0,0,14.3,28.4,3,open-meteo,4.63,90.76
Mqam at Tolba,Morocco,34.0173,-6.25,2026-09-18,2026-09-17 10:41:39.857646+00:00,29.6,16.2,0.0,0,17.9,35.3,3,open-meteo,5.77,89.96
Mqam at Tolba,Morocco,34.0173,-6.25,2026-09-19,2026-09-17 10:41:39.857646+00:00,34.9,18.0,0.0,0,17.3,34.2,2,open-meteo,5.58,93.09
Mqam at Tolba,Morocco,34.0173,-6.25,2026-09-20,2026-09-17 10:41:39.857646+00:00,37.0,22.2,0.0,0,14.2,29.9,2,open-meteo,12.77,88.06
Mqam at Tolba,Morocco,34.0173,-6.25,2026-09-21,2026-09-17 10:41:39.857646+00:00,36.1,22.3,0.0,3,15.4,32.4,1,open-meteo,9.57,93.3
Mqam at Tolba,Morocco,34.0173,-6.25,2026-09-22,2026-09-17 10:41:39.857646+00:00,34.0,21.0,0.0,0,15.1,30.2,0,open-meteo,4.91,96.56
Mqam at Tolba,Morocco,34.0173,-6.25,2026-09-23,2026-09-17 10:41:39.857646+00:00,34.7,19.7,0.0,0,18.8,36.7,1,open-meteo,6.02,95.79
Ben Taieb,Morocco,35.0428,-3.4572,2026-09-17,2026-09-17 10:41:39.950247+00:00,25.9,17.4,0.0,0,14.8,29.5,3,open-meteo,4.8,90.64
Ben Taieb,Morocco,35.0428,-3.4572,2026-09-18,2026-09-17 10:41:39.950247+00:00,27.0,18.0,0.0,0,18.4,35.6,3,open-meteo,5.86,89.9
Ben Taieb,Morocco,35.0428,-3.4572,2026-09-19,2026-09-17 10:41:39.950247+00:00,26.1,19.8,0.0,3,22.0,43.2,3,open-meteo,7.07,89.05
Ben Taieb,Morocco,35.0428,-3.4572,2026-09-20,2026-09-17 10:41:39.950247+00:00,26.9,21.2,0.5,10,20.6,39.2,3,open-meteo,7.16,88.99
Ben Taieb,Morocco,35.0428,-3.4572,2026-09-21,2026-09-17 10:41:39.950247+00:00,25.9,19.3,0.0,13,19.9,38.2,45,open-meteo,6.31,83.58
Ben Taieb,Morocco,35.0428,-3.4572,2026-09-22,2026-09-17 10:41:39.950247+00:00,27.7,17.8,0.0,0,14.5,30.2,45,open-meteo,4.83,84.62
Ben Taieb,Morocco,35.0428,-3.4572,2026-09-23,2026-09-17 10:41:39.950247+00:00,28.4,17.6,0.0,0,11.9,26.6,0,open-meteo,4.15,97.09
Zemrane,Morocco,31.7131,-7.5172,2026-09-17,2026-09-17 10:41:40.034973+00:00,29.1,17.0,0.0,0,11.2,21.6,2,open-meteo,3.56,94.51
Zemrane,Morocco,31.7131,-7.5172,2026-09-18,2026-09-17 10:41:40.034973+00:00,30.8,17.3,0.0,0,11.2,22.7,2,open-meteo,3.67,94.43
Zemrane,Morocco,31.7131,-7.5172,2026-09-19,2026-09-17 10:41:40.034973+00:00,34.3,19.8,0.0,3,12.7,24.5,3,open-meteo,4.04,91.17
Zemrane,Morocco,31.7131,-7.5172,2026-09-20,2026-09-17 10:41:40.034973+00:00,37.0,23.0,0.9,23,13.4,26.6,80,open-meteo,13.54,74.02
Zemrane,Morocco,31.7131,-7.5172,2026-09-21,2026-09-17 10:41:40.034973+00:00,36.3,21.9,0.3,9,15.1,28.4,2,open-meteo,10.33,89.77
Zemrane,Morocco,31.7131,-7.5172,2026-09-22,2026-09-17 10:41:40.034973+00:00,36.3,21.0,0.0,8,13.3,25.2,1,open-meteo,9.38,93.43
Zemrane,Morocco,31.7131,-7.5172,2026-09-23,2026-09-17 10:41:40.034973+00:00,36.2,19.5,0.0,0,13.2,25.6,1,open-meteo,9.01,93.69
Ratba,Morocco,34.7833,-4.9333,2026-09-17,2026-09-17 10:41:40.117376+00:00,28.4,13.6,0.0,0,11.7,23.4,3,open-meteo,3.8,91.34
Ratba,Morocco,34.7833,-4.9333,2026-09-18,2026-09-17 10:41:40.117376+00:00,31.1,13.5,0.0,0,16.0,34.2,3,open-meteo,5.42,90.21
Ratba,Morocco,34.7833,-4.9333,2026-09-19,2026-09-17 10:41:40.117376+00:00,32.2,18.9,0.0,3,26.4,49.7,1,open-meteo,8.27,94.21
Ratba,Morocco,34.7833,-4.9333,2026-09-20,2026-09-17 10:41:40.117376+00:00,33.3,21.3,0.0,3,20.7,38.2,1,open-meteo,6.41,95.51
Ratba,Morocco,34.7833,-4.9333,2026-09-21,2026-09-17 10:41:40.117376+00:00,32.6,20.6,0.0,8,17.7,34.6,2,open-meteo,5.67,93.03
Ratba,Morocco,34.7833,-4.9333,2026-09-22,2026-09-17 10:41:40.117376+00:00,33.3,19.7,0.0,0,10.5,22.0,3,open-meteo,3.51,91.54
Ratba,Morocco,34.7833,-4.9333,2026-09-23,2026-09-17 10:41:40.117376+00:00,34.5,20.3,0.0,0,8.1,21.2,2,open-meteo,3.13,94.81
Ain Kansara,Morocco,34.15,-4.8314,2026-09-17,2026-09-17 10:41:40.205540+00:00,29.8,17.8,0.0,0,16.0,32.0,3,open-meteo,5.2,90.36
Ain Kansara,Morocco,34.15,-4.8314,2026-09-18,2026-09-17 10:41:40.205540+00:00,32.7,17.3,0.0,0,11.6,31.0,2,open-meteo,4.55,93.81
Ain Kansara,Morocco,34.15,-4.8314,2026-09-19,2026-09-17 10:41:40.205540+00:00,33.5,21.2,0.0,0,25.3,58.0,2,open-meteo,8.96,90.73
Ain Kansara,Morocco,34.15,-4.8314,2026-09-20,2026-09-17 10:41:40.205540+00:00,36.6,23.3,0.0,0,20.7,45.0,2,open-meteo,13.49,87.56
Ain Kansara,Morocco,34.15,-4.8314,2026-09-21,2026-09-17 10:41:40.205540+00:00,36.4,22.8,0.0,3,18.9,42.8,2,open-meteo,12.24,88.43
Ain Kansara,Morocco,34.15,-4.8314,2026-09-22,2026-09-17 10:41:40.205540+00:00,35.7,21.9,0.0,0,10.7,28.8,3,open-meteo,7.02,89.09
Ain Kansara,Morocco,34.15,-4.8314,2026-09-23,2026-09-17 10:41:40.205540+00:00,36.7,19.1,0.0,0,12.9,23.0,0,open-meteo,10.71,92.5
Sidi Yahia,Morocco,30.4969,-8.8211,2026-09-17,2026-09-17 10:41:40.288009+00:00,30.3,18.7,0.0,0,26.8,47.5,45,open-meteo,8.1,82.33
Sidi Yahia,Morocco,30.4969,-8.8211,2026-09-18,2026-09-17 10:41:40.288009+00:00,30.5,18.0,0.0,0,24.9,43.6,2,open-meteo,7.47,91.77
Sidi Yahia,Morocco,30.4969,-8.8211,2026-09-19,2026-09-17 10:41:40.288009+00:00,31.4,18.9,0.0,0,25.5,45.7,2,open-meteo,7.76,91.57
Sidi Yahia,Morocco,30.4969,-8.8211,2026-09-20,2026-09-17 10:41:40.288009+00:00,33.9,19.7,0.0,3,27.6,50.4,1,open-meteo,8.49,94.06
Sidi Yahia,Morocco,30.4969,-8.8211,2026-09-21,2026-09-17 10:41:40.288009+00:00,39.1,22.0,0.0,0,28.3,53.6,1,open-meteo,25.3,82.29
Sidi Yahia,Morocco,30.4969,-8.8211,2026-09-22,2026-09-17 10:41:40.288009+00:00,39.6,20.5,0.0,0,31.4,58.0,1,open-meteo,28.13,80.31
Sidi Yahia,Morocco,30.4969,-8.8211,2026-09-23,2026-09-17 10:41:40.288009+00:00,40.4,18.0,0.0,0,24.3,47.2,0,open-meteo,29.36,79.45
Ezzhiliga,Morocco,33.3,-6.5333,2026-09-17,2026-09-17 10:41:40.372100+00:00,26.9,13.7,0.0,0,16.6,33.8,45,open-meteo,5.46,84.18
Ezzhiliga,Morocco,33.3,-6.5333,2026-09-18,2026-09-17 10:41:40.372100+00:00,28.3,14.1,0.0,0,16.7,33.5,3,open-meteo,5.44,90.19
Ezzhiliga,Morocco,33.3,-6.5333,2026-09-19,2026-09-17 10:41:40.372100+00:00,32.0,16.8,0.0,0,16.3,32.8,2,open-meteo,5.32,93.28
Ezzhiliga,Morocco,33.3,-6.5333,2026-09-20,2026-09-17 10:41:40.372100+00:00,34.5,22.6,0.0,0,15.5,34.9,2,open-meteo,5.43,93.2
Ezzhiliga,Morocco,33.3,-6.5333,2026-09-21,2026-09-17 10:41:40.372100+00:00,34.2,20.6,0.0,3,19.2,40.7,2,open-meteo,6.47,92.47
Ezzhiliga,Morocco,33.3,-6.5333,2026-09-22,2026-09-17 10:41:40.372100+00:00,34.1,18.5,0.0,0,17.8,36.7,1,open-meteo,5.9,95.87
Ezzhiliga,Morocco,33.3,-6.5333,2026-09-23,2026-09-17 10:41:40.372100+00:00,34.4,17.5,0.0,0,20.4,39.6,2,open-meteo,6.51,92.44
Ajdir,Morocco,34.7443,-3.9735,2026-09-17,2026-09-17 10:41:40.456554+00:00,27.2,13.6,0.0,0,18.3,35.6,45,open-meteo,5.85,83.91
Ajdir,Morocco,34.7443,-3.9735,2026-09-18,2026-09-17 10:41:40.456554+00:00,26.3,13.0,0.0,0,17.2,37.4,3,open-meteo,5.89,89.88
Ajdir,Morocco,34.7443,-3.9735,2026-09-19,2026-09-17 10:41:40.456554+00:00,26.0,13.5,0.0,0,20.3,39.2,2,open-meteo,6.46,92.48
Ajdir,Morocco,34.7443,-3.9735,2026-09-20,2026-09-17 10:41:40.456554+00:00,27.9,16.9,0.0,3,15.7,33.5,45,open-meteo,5.31,84.28
Ajdir,Morocco,34.7443,-3.9735,2026-09-21,2026-09-17 10:41:40.456554+00:00,27.0,15.9,0.0,3,19.0,36.7,45,open-meteo,6.04,83.77
Ajdir,Morocco,34.7443,-3.9735,2026-09-22,2026-09-17 10:41:40.456554+00:00,29.1,14.5,0.0,8,9.6,22.7,45,open-meteo,3.47,85.57
Ajdir,Morocco,34.7443,-3.9735,2026-09-23,2026-09-17 10:41:40.456554+00:00,29.2,15.4,0.0,8,15.2,31.0,2,open-meteo,5.0,93.5
Boula’wane,Morocco,32.8637,-8.0707,2026-09-17,2026-09-17 10:41:40.539701+00:00,27.8,18.4,0.0,0,18.2,32.8,3,open-meteo,5.55,90.11
Boula’wane,Morocco,32.8637,-8.0707,2026-09-18,2026-09-17 10:41:40.539701+00:00,29.4,17.8,0.0,0,19.5,33.5,3,open-meteo,5.79,89.95
Boula’wane,Morocco,32.8637,-8.0707,2026-09-19,2026-09-17 10:41:40.539701+00:00,32.4,17.8,0.0,0,17.8,31.7,3,open-meteo,5.39,90.23
Boula’wane,Morocco,32.8637,-8.0707,2026-09-20,2026-09-17 10:41:40.539701+00:00,34.7,20.6,0.0,0,17.4,31.7,2,open-meteo,5.34,93.26
Boula’wane,Morocco,32.8637,-8.0707,2026-09-21,2026-09-17 10:41:40.539701+00:00,35.2,19.6,0.0,0,19.4,35.6,45,open-meteo,6.79,83.25
Boula’wane,Morocco,32.8637,-8.0707,2026-09-22,2026-09-17 10:41:40.539701+00:00,34.1,19.6,0.0,0,16.6,32.0,45,open-meteo,5.28,84.3
Boula’wane,Morocco,32.8637,-8.0707,2026-09-23,2026-09-17 10:41:40.539701+00:00,33.5,19.9,0.0,0,18.2,34.2,2,open-meteo,5.7,93.01
Bou Djeniba,Morocco,32.9,-6.7833,2026-09-17,2026-09-17 10:41:40.621555+00:00,28.1,14.2,0.0,0,18.9,35.6,3,open-meteo,5.92,89.86
Bou Djeniba,Morocco,32.9,-6.7833,2026-09-18,2026-09-17 10:41:40.621555+00:00,29.6,15.0,0.0,0,18.7,34.6,3,open-meteo,5.8,89.94
Bou Djeniba,Morocco,32.9,-6.7833,2026-09-19,2026-09-17 10:41:40.621555+00:00,33.4,17.8,0.0,3,18.1,33.8,3,open-meteo,5.64,90.05
Bou Djeniba,Morocco,32.9,-6.7833,2026-09-20,2026-09-17 10:41:40.621555+00:00,34.8,22.3,0.0,3,18.8,37.8,3,open-meteo,6.13,89.71
Bou Djeniba,Morocco,32.9,-6.7833,2026-09-21,2026-09-17 10:41:40.621555+00:00,34.4,20.7,0.3,3,19.8,37.8,2,open-meteo,6.65,92.34
Bou Djeniba,Morocco,32.9,-6.7833,2026-09-22,2026-09-17 10:41:40.621555+00:00,33.6,18.6,0.0,0,20.1,36.0,2,open-meteo,6.11,92.72
Bou Djeniba,Morocco,32.9,-6.7833,2026-09-23,2026-09-17 10:41:40.621555+00:00,34.1,18.7,0.0,3,17.6,36.4,1,open-meteo,5.84,95.91
Oulad Driss,Morocco,31.9996,-8.2276,2026-09-17,2026-09-17 10:41:40.702982+00:00,28.3,16.6,0.0,0,19.9,32.8,2,open-meteo,5.77,92.96
Oulad Driss,Morocco,31.9996,-8.2276,2026-09-18,2026-09-17 10:41:40.702982+00:00,30.2,16.6,0.0,0,18.1,29.5,2,open-meteo,5.21,93.35
Oulad Driss,Morocco,31.9996,-8.2276,2026-09-19,2026-09-17 10:41:40.702982+00:00,33.2,18.8,0.0,0,19.1,31.7,2,open-meteo,5.56,93.11
Oulad Driss,Morocco,31.9996,-8.2276,2026-09-20,2026-09-17 10:41:40.702982+00:00,35.9,23.0,0.0,5,20.3,39.2,2,open-meteo,10.06,89.96
Oulad Driss,Morocco,31.9996,-8.2276,2026-09-21,2026-09-17 10:41:40.702982+00:00,36.7,22.1,0.0,3,24.3,41.0,2,open-meteo,13.94,87.24
Oulad Driss,Morocco,31.9996,-8.2276,2026-09-22,2026-09-17 10:41:40.702982+00:00,36.2,19.9,0.0,3,20.9,34.2,1,open-meteo,10.83,92.42
Oulad Driss,Morocco,31.9996,-8.2276,2026-09-23,2026-09-17 10:41:40.702982+00:00,35.5,19.2,0.0,0,20.9,34.2,0,open-meteo,8.03,94.38
Esbiaat,Morocco,32.2044,-8.5608,2026-09-17,2026-09-17 10:41:40.793194+00:00,27.6,17.0,0.0,0,21.7,34.6,2,open-meteo,6.17,92.68
Esbiaat,Morocco,32.2044,-8.5608,2026-09-18,2026-09-17 10:41:40.793194+00:00,30.0,16.7,0.0,0,19.8,31.7,2,open-meteo,5.64,93.05
Esbiaat,Morocco,32.2044,-8.5608,2026-09-19,2026-09-17 10:41:40.793194+00:00,32.3,16.7,0.0,0,20.0,31.0,2,open-meteo,5.6,93.08
Esbiaat,Morocco,32.2044,-8.5608,2026-09-20,2026-09-17 10:41:40.793194+00:00,35.2,21.0,0.0,3,21.3,35.3,2,open-meteo,6.99,92.11
Esbiaat,Morocco,32.2044,-8.5608,2026-09-21,2026-09-17 10:41:40.793194+00:00,36.1,21.7,0.0,0,22.1,35.3,1,open-meteo,10.69,92.52
Esbiaat,Morocco,32.2044,-8.5608,2026-09-22,2026-09-17 10:41:40.793194+00:00,35.5,19.5,0.0,0,17.9,34.6,0,open-meteo,7.7,94.61
Esbiaat,Morocco,32.2044,-8.5608,2026-09-23,2026-09-17 10:41:40.793194+00:00,34.9,18.5,0.0,0,18.3,36.7,45,open-meteo,5.96,83.83
Madagh,Morocco,35.0507,-2.3747,2026-09-17,2026-09-17 10:41:40.885602+00:00,26.3,17.3,0.0,0,16.3,28.8,3,open-meteo,4.92,90.56
Madagh,Morocco,35.0507,-2.3747,2026-09-18,2026-09-17 10:41:40.885602+00:00,25.9,19.1,0.0,0,19.4,34.6,45,open-meteo,5.89,83.88
Madagh,Morocco,35.0507,-2.3747,2026-09-19,2026-09-17 10:41:40.885602+00:00,26.0,21.4,0.3,0,26.6,49.3,80,open-meteo,8.66,77.44
Madagh,Morocco,35.0507,-2.3747,2026-09-20,2026-09-17 10:41:40.885602+00:00,26.6,22.2,0.0,0,26.3,48.6,45,open-meteo,8.15,82.29
Madagh,Morocco,35.0507,-2.3747,2026-09-21,2026-09-17 10:41:40.885602+00:00,26.2,21.8,0.0,3,23.1,42.1,45,open-meteo,7.1,83.03
Madagh,Morocco,35.0507,-2.3747,2026-09-22,2026-09-17 10:41:40.885602+00:00,28.0,20.5,0.0,3,18.0,32.8,45,open-meteo,5.53,84.13
Madagh,Morocco,35.0507,-2.3747,2026-09-23,2026-09-17 10:41:40.885602+00:00,28.3,18.8,0.0,0,15.3,28.4,45,open-meteo,4.75,84.67
Ifrane,Morocco,33.5333,-5.1167,2026-09-17,2026-09-17 10:41:40.972661+00:00,23.4,13.2,0.0,0,15.0,32.4,3,open-meteo,5.12,90.42
Ifrane,Morocco,33.5333,-5.1167,2026-09-18,2026-09-17 10:41:40.972661+00:00,24.1,11.5,0.0,0,14.4,31.3,3,open-meteo,4.93,90.55
Ifrane,Morocco,33.5333,-5.1167,2026-09-19,2026-09-17 10:41:40.972661+00:00,25.7,15.2,0.1,26,16.9,53.3,3,open-meteo,7.58,88.69
Ifrane,Morocco,33.5333,-5.1167,2026-09-20,2026-09-17 10:41:40.972661+00:00,27.4,17.4,0.6,10,17.1,52.2,80,open-meteo,8.16,77.79
Ifrane,Morocco,33.5333,-5.1167,2026-09-21,2026-09-17 10:41:40.972661+00:00,25.9,14.7,0.0,18,19.5,41.4,2,open-meteo,6.58,92.39
Ifrane,Morocco,33.5333,-5.1167,2026-09-22,2026-09-17 10:41:40.972661+00:00,25.8,13.5,0.0,5,17.9,43.9,2,open-meteo,6.63,92.36
Ifrane,Morocco,33.5333,-5.1167,2026-09-23,2026-09-17 10:41:40.972661+00:00,27.0,13.1,0.0,5,14.1,37.4,1,open-meteo,5.5,96.15
Targuist,Morocco,34.9402,-4.3208,2026-09-17,2026-09-17 10:41:41.056567+00:00,24.1,15.3,0.1,0,14.4,29.9,45,open-meteo,4.92,84.56
Targuist,Morocco,34.9402,-4.3208,2026-09-18,2026-09-17 10:41:41.056567+00:00,22.3,13.5,0.0,3,17.1,33.1,45,open-meteo,5.45,84.18
Targuist,Morocco,34.9402,-4.3208,2026-09-19,2026-09-17 10:41:41.056567+00:00,24.6,14.4,0.0,0,18.7,36.4,45,open-meteo,5.98,83.81
Targuist,Morocco,34.9402,-4.3208,2026-09-20,2026-09-17 10:41:41.056567+00:00,25.6,15.8,0.0,0,15.6,31.7,45,open-meteo,5.12,84.42
Targuist,Morocco,34.9402,-4.3208,2026-09-21,2026-09-17 10:41:41.056567+00:00,24.7,15.9,0.0,3,15.6,31.3,45,open-meteo,5.08,84.44
Targuist,Morocco,34.9402,-4.3208,2026-09-22,2026-09-17 10:41:41.056567+00:00,21.8,15.7,0.0,0,13.6,24.8,3,open-meteo,4.18,91.07
Targuist,Morocco,34.9402,-4.3208,2026-09-23,2026-09-17 10:41:41.056567+00:00,22.2,18.3,0.0,0,11.7,22.0,2,open-meteo,3.66,94.44
Goulmima,Morocco,31.6944,-4.9592,2026-09-17,2026-09-17 10:41:41.143588+00:00,33.0,19.3,0.0,48,23.8,37.8,3,open-meteo,6.75,89.27
Goulmima,Morocco,31.6944,-4.9592,2026-09-18,2026-09-17 10:41:41.143588+00:00,33.2,19.4,0.2,28,46.1,75.2,3,open-meteo,13.55,84.52
Goulmima,Morocco,31.6944,-4.9592,2026-09-19,2026-09-17 10:41:41.143588+00:00,32.0,22.3,0.8,28,26.5,50.4,61,open-meteo,9.42,79.91
Goulmima,Morocco,31.6944,-4.9592,2026-09-20,2026-09-17 10:41:41.143588+00:00,30.8,20.1,0.0,16,11.5,22.0,3,open-meteo,3.64,91.45
Goulmima,Morocco,31.6944,-4.9592,2026-09-21,2026-09-17 10:41:41.143588+00:00,31.3,20.8,1.8,43,12.8,34.9,3,open-meteo,7.49,88.76
Goulmima,Morocco,31.6944,-4.9592,2026-09-22,2026-09-17 10:41:41.143588+00:00,30.7,19.4,0.0,15,17.7,33.1,3,open-meteo,5.52,90.14
Goulmima,Morocco,31.6944,-4.9592,2026-09-23,2026-09-17 10:41:41.143588+00:00,32.3,21.7,0.0,15,13.2,23.0,3,open-meteo,3.95,91.23
Ayt ’Attou ou L’Arbi,Morocco,31.5456,-8.2967,2026-09-17,2026-09-17 10:41:41.223993+00:00,29.9,17.8,0.0,0,14.5,25.9,2,open-meteo,4.4,93.92
Ayt ’Attou ou L’Arbi,Morocco,31.5456,-8.2967,2026-09-18,2026-09-17 10:41:41.223993+00:00,31.7,17.9,0.0,0,11.6,20.2,2,open-meteo,3.47,94.57
Ayt ’Attou ou L’Arbi,Morocco,31.5456,-8.2967,2026-09-19,2026-09-17 10:41:41.223993+00:00,34.8,19.9,0.0,3,13.1,24.1,2,open-meteo,4.05,94.16
Ayt ’Attou ou L’Arbi,Morocco,31.5456,-8.2967,2026-09-20,2026-09-17 10:41:41.223993+00:00,37.1,23.0,0.3,25,20.5,37.8,2,open-meteo,15.14,86.4
Ayt ’Attou ou L’Arbi,Morocco,31.5456,-8.2967,2026-09-21,2026-09-17 10:41:41.223993+00:00,37.8,23.2,0.0,8,26.8,52.6,2,open-meteo,19.81,83.13
Ayt ’Attou ou L’Arbi,Morocco,31.5456,-8.2967,2026-09-22,2026-09-17 10:41:41.223993+00:00,36.8,22.3,0.0,0,14.3,28.8,1,open-meteo,11.87,91.69
Ayt ’Attou ou L’Arbi,Morocco,31.5456,-8.2967,2026-09-23,2026-09-17 10:41:41.223993+00:00,36.4,21.7,0.0,0,13.8,23.8,1,open-meteo,9.7,93.21
Masmouda,Morocco,34.7861,-5.7078,2026-09-17,2026-09-17 10:41:41.317356+00:00,27.3,15.8,0.0,0,15.3,30.6,3,open-meteo,4.97,90.52
Masmouda,Morocco,34.7861,-5.7078,2026-09-18,2026-09-17 10:41:41.317356+00:00,29.9,14.0,0.0,0,17.6,35.3,3,open-meteo,5.73,89.99
Masmouda,Morocco,34.7861,-5.7078,2026-09-19,2026-09-17 10:41:41.317356+00:00,35.1,18.3,0.0,0,17.4,34.2,2,open-meteo,6.0,92.8
Masmouda,Morocco,34.7861,-5.7078,2026-09-20,2026-09-17 10:41:41.317356+00:00,36.9,21.3,0.0,0,12.7,25.6,1,open-meteo,11.75,91.78
Masmouda,Morocco,34.7861,-5.7078,2026-09-21,2026-09-17 10:41:41.317356+00:00,35.5,20.8,0.0,5,10.7,22.0,1,open-meteo,5.54,96.12
Masmouda,Morocco,34.7861,-5.7078,2026-09-22,2026-09-17 10:41:41.317356+00:00,34.7,19.4,0.0,0,12.1,30.6,3,open-meteo,4.57,90.8
Masmouda,Morocco,34.7861,-5.7078,2026-09-23,2026-09-17 10:41:41.317356+00:00,36.0,17.3,0.0,0,12.5,27.4,0,open-meteo,8.3,94.19
Oulad Bou Rahmoun,Morocco,32.2953,-6.6669,2026-09-17,2026-09-17 10:41:41.400861+00:00,32.6,17.5,0.0,0,14.0,25.2,3,open-meteo,4.27,91.01
Oulad Bou Rahmoun,Morocco,32.2953,-6.6669,2026-09-18,2026-09-17 10:41:41.400861+00:00,33.9,18.2,0.0,0,13.3,22.3,3,open-meteo,3.89,91.28
Oulad Bou Rahmoun,Morocco,32.2953,-6.6669,2026-09-19,2026-09-17 10:41:41.400861+00:00,37.7,20.5,0.0,3,7.6,15.5,3,open-meteo,13.3,84.69
Oulad Bou Rahmoun,Morocco,32.2953,-6.6669,2026-09-20,2026-09-17 10:41:41.400861+00:00,39.3,23.3,0.3,5,14.0,25.2,80,open-meteo,21.87,68.19
Oulad Bou Rahmoun,Morocco,32.2953,-6.6669,2026-09-21,2026-09-17 10:41:41.400861+00:00,38.4,23.5,0.3,8,12.2,24.8,80,open-meteo,18.0,70.9
Oulad Bou Rahmoun,Morocco,32.2953,-6.6669,2026-09-22,2026-09-17 10:41:41.400861+00:00,37.8,23.3,0.0,0,13.1,25.6,2,open-meteo,15.4,86.22
Oulad Bou Rahmoun,Morocco,32.2953,-6.6669,2026-09-23,2026-09-17 10:41:41.400861+00:00,38.5,23.5,0.0,0,13.2,24.5,1,open-meteo,18.1,87.33
Douar Oulad Driss,Morocco,31.9039,-8.3024,2026-09-17,2026-09-17 10:41:41.484731+00:00,28.8,17.2,0.0,0,21.7,37.1,2,open-meteo,6.42,92.51
Douar Oulad Driss,Morocco,31.9039,-8.3024,2026-09-18,2026-09-17 10:41:41.484731+00:00,30.5,17.8,0.0,0,24.3,42.8,2,open-meteo,7.32,91.88
Douar Oulad Driss,Morocco,31.9039,-8.3024,2026-09-19,2026-09-17 10:41:41.484731+00:00,33.6,20.4,0.0,0,18.0,32.4,2,open-meteo,5.49,93.16
Douar Oulad Driss,Morocco,31.9039,-8.3024,2026-09-20,2026-09-17 10:41:41.484731+00:00,36.3,23.6,0.0,23,21.0,38.5,2,open-meteo,11.67,88.83
Douar Oulad Driss,Morocco,31.9039,-8.3024,2026-09-21,2026-09-17 10:41:41.484731+00:00,36.9,24.1,0.0,5,24.8,45.0,2,open-meteo,15.2,86.36
Douar Oulad Driss,Morocco,31.9039,-8.3024,2026-09-22,2026-09-17 10:41:41.484731+00:00,36.7,22.7,0.0,3,20.6,36.4,1,open-meteo,13.02,90.89
Douar Oulad Driss,Morocco,31.9039,-8.3024,2026-09-23,2026-09-17 10:41:41.484731+00:00,36.4,21.9,0.0,0,19.4,37.8,0,open-meteo,11.8,91.74
Zayda,Morocco,32.8183,-4.9594,2026-09-17,2026-09-17 10:41:41.567320+00:00,29.0,11.2,0.0,0,26.6,45.4,3,open-meteo,7.87,88.49
Zayda,Morocco,32.8183,-4.9594,2026-09-18,2026-09-17 10:41:41.567320+00:00,28.7,12.9,0.0,0,25.9,42.5,3,open-meteo,7.49,88.76
Zayda,Morocco,32.8183,-4.9594,2026-09-19,2026-09-17 10:41:41.567320+00:00,28.0,15.0,0.2,36,24.4,41.0,3,open-meteo,7.42,88.81
Zayda,Morocco,32.8183,-4.9594,2026-09-20,2026-09-17 10:41:41.567320+00:00,29.4,13.5,0.3,10,22.2,34.6,3,open-meteo,6.64,89.35
Zayda,Morocco,32.8183,-4.9594,2026-09-21,2026-09-17 10:41:41.567320+00:00,28.4,16.0,0.6,18,18.5,31.7,3,open-meteo,6.28,89.6
Zayda,Morocco,32.8183,-4.9594,2026-09-22,2026-09-17 10:41:41.567320+00:00,28.0,13.9,0.0,2,15.5,25.6,45,open-meteo,4.5,84.85
Zayda,Morocco,32.8183,-4.9594,2026-09-23,2026-09-17 10:41:41.567320+00:00,28.6,16.2,0.0,3,9.1,23.4,3,open-meteo,3.48,91.56
Ihaddadene,Morocco,31.2015,-9.6438,2026-09-17,2026-09-17 10:41:41.654926+00:00,25.7,19.1,0.0,0,30.7,63.7,3,open-meteo,10.21,86.85
Ihaddadene,Morocco,31.2015,-9.6438,2026-09-18,2026-09-17 10:41:41.654926+00:00,28.6,17.0,0.0,0,25.6,59.4,0,open-meteo,9.14,93.6
Ihaddadene,Morocco,31.2015,-9.6438,2026-09-19,2026-09-17 10:41:41.654926+00:00,29.3,17.8,0.0,0,18.0,37.8,2,open-meteo,6.03,92.78
Ihaddadene,Morocco,31.2015,-9.6438,2026-09-20,2026-09-17 10:41:41.654926+00:00,28.4,20.1,0.0,0,9.6,21.6,2,open-meteo,3.36,94.65
Ihaddadene,Morocco,31.2015,-9.6438,2026-09-21,2026-09-17 10:41:41.654926+00:00,31.0,20.7,0.0,0,8.8,21.6,3,open-meteo,3.26,91.72
Ihaddadene,Morocco,31.2015,-9.6438,2026-09-22,2026-09-17 10:41:41.654926+00:00,32.1,18.1,0.0,0,10.6,29.2,3,open-meteo,4.25,91.02
Ihaddadene,Morocco,31.2015,-9.6438,2026-09-23,2026-09-17 10:41:41.654926+00:00,31.7,16.2,0.0,0,11.2,32.0,0,open-meteo,4.6,96.78
Douar Oulad Youssef,Morocco,32.4806,-6.3769,2026-09-17,2026-09-17 10:41:41.734317+00:00,32.4,16.6,0.0,0,11.5,21.2,3,open-meteo,3.56,91.51
Douar Oulad Youssef,Morocco,32.4806,-6.3769,2026-09-18,2026-09-17 10:41:41.734317+00:00,33.8,17.2,0.0,0,10.0,17.6,3,open-meteo,3.01,91.89
Douar Oulad Youssef,Morocco,32.4806,-6.3769,2026-09-19,2026-09-17 10:41:41.734317+00:00,37.6,20.1,0.0,0,12.5,22.7,3,open-meteo,14.23,84.04
Douar Oulad Youssef,Morocco,32.4806,-6.3769,2026-09-20,2026-09-17 10:41:41.734317+00:00,39.1,23.8,0.0,3,16.2,28.8,3,open-meteo,21.31,79.08
Douar Oulad Youssef,Morocco,32.4806,-6.3769,2026-09-21,2026-09-17 10:41:41.734317+00:00,37.8,22.3,0.3,3,12.8,24.5,3,open-meteo,15.65,83.04
Douar Oulad Youssef,Morocco,32.4806,-6.3769,2026-09-22,2026-09-17 10:41:41.734317+00:00,37.3,21.7,0.0,2,10.8,20.2,2,open-meteo,12.57,88.2
Douar Oulad Youssef,Morocco,32.4806,-6.3769,2026-09-23,2026-09-17 10:41:41.734317+00:00,37.9,22.5,0.0,0,11.4,20.9,0,open-meteo,15.11,89.42
Douar Hammadi,Morocco,31.609,-8.4604,2026-09-17,2026-09-17 10:41:41.821820+00:00,30.1,18.7,0.0,0,17.1,25.9,2,open-meteo,4.73,93.69
Douar Hammadi,Morocco,31.609,-8.4604,2026-09-18,2026-09-17 10:41:41.821820+00:00,31.8,18.5,0.0,0,16.4,27.0,2,open-meteo,4.75,93.67
Douar Hammadi,Morocco,31.609,-8.4604,2026-09-19,2026-09-17 10:41:41.821820+00:00,34.8,19.9,0.0,0,15.3,23.8,2,open-meteo,4.29,94.0
Douar Hammadi,Morocco,31.609,-8.4604,2026-09-20,2026-09-17 10:41:41.821820+00:00,37.4,23.4,0.0,10,22.6,33.5,2,open-meteo,15.77,85.96
Douar Hammadi,Morocco,31.609,-8.4604,2026-09-21,2026-09-17 10:41:41.821820+00:00,38.2,23.8,0.0,5,25.5,44.6,2,open-meteo,20.45,82.69
Douar Hammadi,Morocco,31.609,-8.4604,2026-09-22,2026-09-17 10:41:41.821820+00:00,37.4,21.6,0.0,3,24.5,38.2,0,open-meteo,16.48,88.46
Douar Hammadi,Morocco,31.609,-8.4604,2026-09-23,2026-09-17 10:41:41.821820+00:00,36.6,20.9,0.0,3,17.3,29.5,0,open-meteo,11.51,91.94
Khmis Sidi al ’Aydi,Morocco,33.1228,-7.6219,2026-09-17,2026-09-17 10:41:41.912208+00:00,28.1,16.9,0.0,0,17.9,31.7,3,open-meteo,5.41,90.21
Khmis Sidi al ’Aydi,Morocco,33.1228,-7.6219,2026-09-18,2026-09-17 10:41:41.912208+00:00,29.4,16.8,0.0,0,17.5,31.0,3,open-meteo,5.29,90.3
Khmis Sidi al ’Aydi,Morocco,33.1228,-7.6219,2026-09-19,2026-09-17 10:41:41.912208+00:00,32.6,16.5,0.0,0,16.6,29.2,2,open-meteo,5.0,93.5
Khmis Sidi al ’Aydi,Morocco,33.1228,-7.6219,2026-09-20,2026-09-17 10:41:41.912208+00:00,35.5,21.0,0.0,0,16.0,32.0,2,open-meteo,7.2,91.96
Khmis Sidi al ’Aydi,Morocco,33.1228,-7.6219,2026-09-21,2026-09-17 10:41:41.912208+00:00,36.1,19.3,0.0,0,20.1,36.4,2,open-meteo,10.55,89.61
Khmis Sidi al ’Aydi,Morocco,33.1228,-7.6219,2026-09-22,2026-09-17 10:41:41.912208+00:00,35.7,18.7,0.0,3,16.7,34.6,1,open-meteo,8.35,94.16
Khmis Sidi al ’Aydi,Morocco,33.1228,-7.6219,2026-09-23,2026-09-17 10:41:41.912208+00:00,34.6,19.4,0.0,3,18.1,36.4,45,open-meteo,5.9,83.87
’Tlat Bni Oukil,Morocco,32.5949,-6.8595,2026-09-17,2026-09-17 10:41:41.993280+00:00,32.2,16.5,0.0,0,17.6,33.5,3,open-meteo,5.55,90.11
’Tlat Bni Oukil,Morocco,32.5949,-6.8595,2026-09-18,2026-09-17 10:41:41.993280+00:00,33.2,17.3,0.0,0,17.0,34.6,3,open-meteo,5.59,90.09
’Tlat Bni Oukil,Morocco,32.5949,-6.8595,2026-09-19,2026-09-17 10:41:41.993280+00:00,37.2,20.8,0.0,0,18.4,34.6,3,open-meteo,14.56,83.81
’Tlat Bni Oukil,Morocco,32.5949,-6.8595,2026-09-20,2026-09-17 10:41:41.993280+00:00,37.7,24.7,0.0,3,20.5,37.8,2,open-meteo,17.14,85.0
’Tlat Bni Oukil,Morocco,32.5949,-6.8595,2026-09-21,2026-09-17 10:41:41.993280+00:00,37.1,22.1,0.3,3,15.8,36.0,2,open-meteo,14.38,86.93
’Tlat Bni Oukil,Morocco,32.5949,-6.8595,2026-09-22,2026-09-17 10:41:41.993280+00:00,36.8,20.5,0.0,3,20.3,34.9,2,open-meteo,13.23,87.74
’Tlat Bni Oukil,Morocco,32.5949,-6.8595,2026-09-23,2026-09-17 10:41:41.993280+00:00,37.1,20.1,0.0,0,16.8,36.0,1,open-meteo,14.1,90.13
Douar Lehgagcha,Morocco,32.55,-8.7167,2026-09-17,2026-09-17 10:41:42.071413+00:00,27.0,18.4,0.0,0,18.9,36.0,3,open-meteo,5.96,89.83
Douar Lehgagcha,Morocco,32.55,-8.7167,2026-09-18,2026-09-17 10:41:42.071413+00:00,29.2,17.6,0.0,0,19.2,36.7,1,open-meteo,6.07,95.75
Douar Lehgagcha,Morocco,32.55,-8.7167,2026-09-19,2026-09-17 10:41:42.071413+00:00,30.8,17.3,0.0,0,17.1,32.8,3,open-meteo,5.42,90.21
Douar Lehgagcha,Morocco,32.55,-8.7167,2026-09-20,2026-09-17 10:41:42.071413+00:00,32.7,19.6,0.0,0,16.4,33.1,2,open-meteo,5.36,93.25
Douar Lehgagcha,Morocco,32.55,-8.7167,2026-09-21,2026-09-17 10:41:42.071413+00:00,33.6,19.8,0.0,0,18.0,34.6,45,open-meteo,5.71,84.0
Douar Lehgagcha,Morocco,32.55,-8.7167,2026-09-22,2026-09-17 10:41:42.071413+00:00,33.1,19.1,0.0,0,15.3,31.0,45,open-meteo,5.01,84.49
Douar Lehgagcha,Morocco,32.55,-8.7167,2026-09-23,2026-09-17 10:41:42.071413+00:00,32.6,19.0,0.0,0,18.1,36.4,45,open-meteo,5.9,83.87
Zemamra,Morocco,32.6215,-8.7022,2026-09-17,2026-09-17 10:41:42.151152+00:00,26.7,18.0,0.0,0,19.3,36.7,2,open-meteo,6.08,92.74
Zemamra,Morocco,32.6215,-8.7022,2026-09-18,2026-09-17 10:41:42.151152+00:00,28.8,17.8,0.0,0,20.0,37.4,2,open-meteo,6.24,92.63
Zemamra,Morocco,32.6215,-8.7022,2026-09-19,2026-09-17 10:41:42.151152+00:00,30.5,17.2,0.0,0,17.1,32.8,3,open-meteo,5.42,90.21
Zemamra,Morocco,32.6215,-8.7022,2026-09-20,2026-09-17 10:41:42.151152+00:00,31.9,19.6,0.0,0,16.6,33.1,45,open-meteo,5.39,84.23
Zemamra,Morocco,32.6215,-8.7022,2026-09-21,2026-09-17 10:41:42.151152+00:00,33.0,19.5,0.0,0,18.4,34.9,45,open-meteo,5.79,83.95
Zemamra,Morocco,32.6215,-8.7022,2026-09-22,2026-09-17 10:41:42.151152+00:00,30.7,19.0,0.0,0,15.0,29.2,45,open-meteo,4.8,84.64
Zemamra,Morocco,32.6215,-8.7022,2026-09-23,2026-09-17 10:41:42.151152+00:00,30.2,18.8,0.0,0,18.5,35.6,45,open-meteo,5.87,83.89
Bni Darkoul,Morocco,35.0563,-5.0688,2026-09-17,2026-09-17 10:41:42.238194+00:00,28.8,13.7,0.0,0,10.5,21.2,45,open-meteo,3.43,85.6
Bni Darkoul,Morocco,35.0563,-5.0688,2026-09-18,2026-09-17 10:41:42.238194+00:00,29.8,12.5,0.0,0,14.7,28.1,3,open-meteo,4.65,90.74
Bni Darkoul,Morocco,35.0563,-5.0688,2026-09-19,2026-09-17 10:41:42.238194+00:00,28.9,18.7,0.0,0,18.1,34.6,1,open-meteo,5.72,96.0
Bni Darkoul,Morocco,35.0563,-5.0688,2026-09-20,2026-09-17 10:41:42.238194+00:00,30.1,20.6,0.0,0,15.5,30.6,1,open-meteo,5.0,96.5
Bni Darkoul,Morocco,35.0563,-5.0688,2026-09-21,2026-09-17 10:41:42.238194+00:00,30.3,20.2,0.0,3,15.8,30.6,2,open-meteo,5.04,93.47
Bni Darkoul,Morocco,35.0563,-5.0688,2026-09-22,2026-09-17 10:41:42.238194+00:00,32.8,20.5,0.0,0,12.3,28.8,3,open-meteo,4.42,90.91
Bni Darkoul,Morocco,35.0563,-5.0688,2026-09-23,2026-09-17 10:41:42.238194+00:00,33.9,21.2,0.0,3,12.9,29.5,2,open-meteo,4.56,93.81
Sebt Bni Smith,Morocco,35.1372,-4.7106,2026-09-17,2026-09-17 10:41:42.321656+00:00,24.2,19.4,0.0,3,9.2,17.3,3,open-meteo,2.88,91.98
Sebt Bni Smith,Morocco,35.1372,-4.7106,2026-09-18,2026-09-17 10:41:42.321656+00:00,24.6,20.1,0.0,0,9.6,17.6,45,open-meteo,2.96,85.93
Sebt Bni Smith,Morocco,35.1372,-4.7106,2026-09-19,2026-09-17 10:41:42.321656+00:00,24.5,21.0,0.0,15,12.0,23.4,45,open-meteo,3.84,85.31
Sebt Bni Smith,Morocco,35.1372,-4.7106,2026-09-20,2026-09-17 10:41:42.321656+00:00,25.3,22.0,0.0,33,11.6,21.2,45,open-meteo,3.57,85.5
Sebt Bni Smith,Morocco,35.1372,-4.7106,2026-09-21,2026-09-17 10:41:42.321656+00:00,25.1,21.9,0.0,5,9.5,17.3,45,open-meteo,2.92,85.96
Sebt Bni Smith,Morocco,35.1372,-4.7106,2026-09-22,2026-09-17 10:41:42.321656+00:00,26.0,21.5,0.0,0,9.5,17.3,45,open-meteo,2.92,85.96
Sebt Bni Smith,Morocco,35.1372,-4.7106,2026-09-23,2026-09-17 10:41:42.321656+00:00,26.1,21.6,0.0,0,9.1,16.9,45,open-meteo,2.83,86.02
Toulal,Morocco,32.3016,-3.9845,2026-09-17,2026-09-17 10:41:42.402291+00:00,30.7,16.1,0.9,43,35.8,66.2,61,open-meteo,12.29,77.9
Toulal,Morocco,32.3016,-3.9845,2026-09-18,2026-09-17 10:41:42.402291+00:00,30.4,14.8,0.1,28,17.5,53.3,3,open-meteo,7.65,88.64
Toulal,Morocco,32.3016,-3.9845,2026-09-19,2026-09-17 10:41:42.402291+00:00,29.5,17.5,0.6,31,18.8,33.5,80,open-meteo,6.5,78.95
Toulal,Morocco,32.3016,-3.9845,2026-09-20,2026-09-17 10:41:42.402291+00:00,28.1,16.5,7.2,13,13.8,25.9,3,open-meteo,13.92,84.26
Toulal,Morocco,32.3016,-3.9845,2026-09-21,2026-09-17 10:41:42.402291+00:00,27.4,18.9,2.1,35,23.2,43.6,80,open-meteo,10.06,76.46
Toulal,Morocco,32.3016,-3.9845,2026-09-22,2026-09-17 10:41:42.402291+00:00,29.4,15.5,0.0,13,15.6,25.2,3,open-meteo,4.47,90.87
Toulal,Morocco,32.3016,-3.9845,2026-09-23,2026-09-17 10:41:42.402291+00:00,30.4,17.9,0.0,13,9.5,18.4,3,open-meteo,3.03,91.88
Iygli,Morocco,29.5001,-9.0501,2026-09-17,2026-09-17 10:41:42.487390+00:00,30.3,15.8,0.0,40,17.3,33.8,3,open-meteo,5.54,90.12
Iygli,Morocco,29.5001,-9.0501,2026-09-18,2026-09-17 10:41:42.487390+00:00,30.6,16.0,0.0,5,20.5,35.6,3,open-meteo,6.12,89.72
Iygli,Morocco,29.5001,-9.0501,2026-09-19,2026-09-17 10:41:42.487390+00:00,30.6,18.1,0.0,0,29.7,54.4,3,open-meteo,9.15,87.59
Iygli,Morocco,29.5001,-9.0501,2026-09-20,2026-09-17 10:41:42.487390+00:00,29.4,19.1,0.0,0,28.7,52.6,1,open-meteo,8.85,93.81
Iygli,Morocco,29.5001,-9.0501,2026-09-21,2026-09-17 10:41:42.487390+00:00,31.3,17.8,0.0,0,26.5,50.0,1,open-meteo,8.31,94.18
Iygli,Morocco,29.5001,-9.0501,2026-09-22,2026-09-17 10:41:42.487390+00:00,31.5,19.1,0.0,5,33.7,58.3,1,open-meteo,10.04,92.97
Iygli,Morocco,29.5001,-9.0501,2026-09-23,2026-09-17 10:41:42.487390+00:00,30.6,18.6,0.0,5,15.3,27.4,3,open-meteo,4.65,90.74
Aït Youssef Ou Ali,Morocco,35.177,-3.8849,2026-09-17,2026-09-17 10:41:42.570794+00:00,26.0,19.8,0.0,0,15.5,27.7,3,open-meteo,4.71,90.7
Aït Youssef Ou Ali,Morocco,35.177,-3.8849,2026-09-18,2026-09-17 10:41:42.570794+00:00,26.9,19.0,0.0,0,19.2,36.7,3,open-meteo,6.07,89.75
Aït Youssef Ou Ali,Morocco,35.177,-3.8849,2026-09-19,2026-09-17 10:41:42.570794+00:00,29.1,20.2,0.0,0,28.7,52.9,3,open-meteo,8.88,87.78
Aït Youssef Ou Ali,Morocco,35.177,-3.8849,2026-09-20,2026-09-17 10:41:42.570794+00:00,28.5,23.5,0.0,0,26.5,47.2,2,open-meteo,8.03,91.38
Aït Youssef Ou Ali,Morocco,35.177,-3.8849,2026-09-21,2026-09-17 10:41:42.570794+00:00,28.2,22.7,0.0,0,24.3,44.3,2,open-meteo,7.47,91.77
Aït Youssef Ou Ali,Morocco,35.177,-3.8849,2026-09-22,2026-09-17 10:41:42.570794+00:00,30.4,19.7,0.0,0,13.5,25.2,1,open-meteo,4.21,97.05
Aït Youssef Ou Ali,Morocco,35.177,-3.8849,2026-09-23,2026-09-17 10:41:42.570794+00:00,29.9,20.0,0.0,0,11.9,22.7,1,open-meteo,3.76,97.37
El Kansera,Morocco,34.0419,-5.9272,2026-09-17,2026-09-17 10:41:42.655711+00:00,28.7,17.7,0.0,0,16.4,30.6,45,open-meteo,5.11,84.42
El Kansera,Morocco,34.0419,-5.9272,2026-09-18,2026-09-17 10:41:42.655711+00:00,31.0,16.5,0.0,0,19.0,35.3,45,open-meteo,5.91,83.86
El Kansera,Morocco,34.0419,-5.9272,2026-09-19,2026-09-17 10:41:42.655711+00:00,36.3,17.8,0.0,0,13.0,25.2,45,open-meteo,9.34,81.46
El Kansera,Morocco,34.0419,-5.9272,2026-09-20,2026-09-17 10:41:42.655711+00:00,38.4,21.8,0.0,0,14.5,31.0,2,open-meteo,18.51,84.04
El Kansera,Morocco,34.0419,-5.9272,2026-09-21,2026-09-17 10:41:42.655711+00:00,37.4,22.4,0.0,3,17.0,36.4,1,open-meteo,15.36,89.25
El Kansera,Morocco,34.0419,-5.9272,2026-09-22,2026-09-17 10:41:42.655711+00:00,35.6,21.6,0.0,0,14.7,30.2,1,open-meteo,7.26,94.92
El Kansera,Morocco,34.0419,-5.9272,2026-09-23,2026-09-17 10:41:42.655711+00:00,37.2,21.7,0.0,0,16.3,36.0,0,open-meteo,14.44,89.89
Kasba Tanora,Morocco,32.475,-6.1497,2026-09-17,2026-09-17 10:41:42.735000+00:00,30.7,19.6,0.0,0,13.4,24.8,3,open-meteo,4.16,91.09
Kasba Tanora,Morocco,32.475,-6.1497,2026-09-18,2026-09-17 10:41:42.735000+00:00,32.3,19.0,0.0,0,13.7,25.6,3,open-meteo,4.27,91.01
Kasba Tanora,Morocco,32.475,-6.1497,2026-09-19,2026-09-17 10:41:42.735000+00:00,35.4,23.4,0.0,0,16.3,31.7,3,open-meteo,6.81,89.23
Kasba Tanora,Morocco,32.475,-6.1497,2026-09-20,2026-09-17 10:41:42.735000+00:00,36.8,27.3,0.0,8,20.6,36.7,3,open-meteo,13.44,84.59
Kasba Tanora,Morocco,32.475,-6.1497,2026-09-21,2026-09-17 10:41:42.735000+00:00,35.3,25.2,0.0,3,17.8,40.3,3,open-meteo,7.45,88.78
Kasba Tanora,Morocco,32.475,-6.1497,2026-09-22,2026-09-17 10:41:42.735000+00:00,34.8,23.9,0.0,3,16.9,34.6,1,open-meteo,5.57,96.1
Kasba Tanora,Morocco,32.475,-6.1497,2026-09-23,2026-09-17 10:41:42.735000+00:00,35.8,24.0,0.0,3,16.4,32.4,1,open-meteo,8.49,94.06
Bouchabel,Morocco,34.3833,-5.0167,2026-09-17,2026-09-17 10:41:42.814826+00:00,30.1,18.3,0.0,0,14.8,29.9,3,open-meteo,4.84,90.61
Bouchabel,Morocco,34.3833,-5.0167,2026-09-18,2026-09-17 10:41:42.814826+00:00,32.7,17.5,0.0,0,11.9,28.4,3,open-meteo,4.33,90.97
Bouchabel,Morocco,34.3833,-5.0167,2026-09-19,2026-09-17 10:41:42.814826+00:00,35.1,23.2,0.0,0,27.8,55.1,1,open-meteo,9.39,93.43
Bouchabel,Morocco,34.3833,-5.0167,2026-09-20,2026-09-17 10:41:42.814826+00:00,37.2,25.0,0.0,0,22.8,46.1,2,open-meteo,16.26,85.62
Bouchabel,Morocco,34.3833,-5.0167,2026-09-21,2026-09-17 10:41:42.814826+00:00,36.8,24.9,0.0,3,20.4,38.9,1,open-meteo,13.64,90.45
Bouchabel,Morocco,34.3833,-5.0167,2026-09-22,2026-09-17 10:41:42.814826+00:00,36.4,24.5,0.0,0,15.9,37.1,3,open-meteo,11.3,86.09
Bouchabel,Morocco,34.3833,-5.0167,2026-09-23,2026-09-17 10:41:42.814826+00:00,37.6,21.9,0.0,0,11.8,20.2,0,open-meteo,13.9,90.27
Sidi Abdelkarim,Morocco,33.1869,-7.2333,2026-09-17,2026-09-17 10:41:42.899378+00:00,27.4,15.3,0.0,0,18.7,35.6,3,open-meteo,5.9,89.87
Sidi Abdelkarim,Morocco,33.1869,-7.2333,2026-09-18,2026-09-17 10:41:42.899378+00:00,28.8,14.9,0.0,0,17.4,33.5,3,open-meteo,5.53,90.13
Sidi Abdelkarim,Morocco,33.1869,-7.2333,2026-09-19,2026-09-17 10:41:42.899378+00:00,32.1,16.0,0.0,0,15.6,29.9,3,open-meteo,4.94,90.54
Sidi Abdelkarim,Morocco,33.1869,-7.2333,2026-09-20,2026-09-17 10:41:42.899378+00:00,34.9,21.1,0.0,3,19.2,37.1,2,open-meteo,6.11,92.72
Sidi Abdelkarim,Morocco,33.1869,-7.2333,2026-09-21,2026-09-17 10:41:42.899378+00:00,35.9,20.0,0.0,3,20.5,41.4,2,open-meteo,10.3,89.79
Sidi Abdelkarim,Morocco,33.1869,-7.2333,2026-09-22,2026-09-17 10:41:42.899378+00:00,35.0,18.5,0.0,0,18.5,36.7,1,open-meteo,5.98,95.81
Sidi Abdelkarim,Morocco,33.1869,-7.2333,2026-09-23,2026-09-17 10:41:42.899378+00:00,34.1,17.8,0.0,3,19.6,38.2,2,open-meteo,6.27,92.61
Commune Sidi Youssef Ben Ahmed,Morocco,33.8388,-4.7845,2026-09-17,2026-09-17 10:41:42.985789+00:00,26.1,16.9,0.0,0,14.8,33.1,3,open-meteo,5.16,90.39
Commune Sidi Youssef Ben Ahmed,Morocco,33.8388,-4.7845,2026-09-18,2026-09-17 10:41:42.985789+00:00,27.8,16.7,0.0,0,15.1,34.2,3,open-meteo,5.31,90.28
Commune Sidi Youssef Ben Ahmed,Morocco,33.8388,-4.7845,2026-09-19,2026-09-17 10:41:42.985789+00:00,30.7,19.6,0.0,6,17.4,43.6,2,open-meteo,6.53,92.43
Commune Sidi Youssef Ben Ahmed,Morocco,33.8388,-4.7845,2026-09-20,2026-09-17 10:41:42.985789+00:00,32.6,23.3,0.0,0,18.1,45.7,2,open-meteo,6.83,92.22
Commune Sidi Youssef Ben Ahmed,Morocco,33.8388,-4.7845,2026-09-21,2026-09-17 10:41:42.985789+00:00,32.1,22.3,0.0,5,17.8,38.9,1,open-meteo,6.12,95.72
Commune Sidi Youssef Ben Ahmed,Morocco,33.8388,-4.7845,2026-09-22,2026-09-17 10:41:42.985789+00:00,32.5,19.9,0.0,3,19.0,36.0,0,open-meteo,5.97,95.82
Commune Sidi Youssef Ben Ahmed,Morocco,33.8388,-4.7845,2026-09-23,2026-09-17 10:41:42.985789+00:00,32.9,20.6,0.0,3,19.1,36.0,1,open-meteo,5.99,95.81
Ighrem n’Ougdal,Morocco,31.2282,-7.4237,2026-09-17,2026-09-17 10:41:43.066724+00:00,24.8,14.8,0.5,55,18.4,33.8,3,open-meteo,6.35,89.56
Ighrem n’Ougdal,Morocco,31.2282,-7.4237,2026-09-18,2026-09-17 10:41:43.066724+00:00,24.0,13.6,0.2,68,16.6,30.6,3,open-meteo,5.4,90.22
Ighrem n’Ougdal,Morocco,31.2282,-7.4237,2026-09-19,2026-09-17 10:41:43.066724+00:00,24.8,15.2,0.0,38,19.5,35.6,3,open-meteo,6.0,89.8
Ighrem n’Ougdal,Morocco,31.2282,-7.4237,2026-09-20,2026-09-17 10:41:43.066724+00:00,25.5,13.9,0.0,13,17.2,30.6,3,open-meteo,5.21,90.35
Ighrem n’Ougdal,Morocco,31.2282,-7.4237,2026-09-21,2026-09-17 10:41:43.066724+00:00,24.6,14.9,2.1,45,14.1,28.4,80,open-meteo,7.4,78.32
Ighrem n’Ougdal,Morocco,31.2282,-7.4237,2026-09-22,2026-09-17 10:41:43.066724+00:00,25.0,13.8,0.3,15,23.3,45.7,3,open-meteo,7.88,88.48
Ighrem n’Ougdal,Morocco,31.2282,-7.4237,2026-09-23,2026-09-17 10:41:43.066724+00:00,25.5,13.8,0.0,20,20.2,37.4,2,open-meteo,6.27,92.61
Bhalil,Morocco,33.85,-4.8667,2026-09-17,2026-09-17 10:41:43.147363+00:00,25.9,14.9,0.0,0,14.5,33.1,45,open-meteo,5.12,84.42
Bhalil,Morocco,33.85,-4.8667,2026-09-18,2026-09-17 10:41:43.147363+00:00,27.6,15.2,0.0,0,14.8,33.5,3,open-meteo,5.2,90.36
Bhalil,Morocco,33.85,-4.8667,2026-09-19,2026-09-17 10:41:43.147363+00:00,29.9,17.6,0.0,8,19.1,43.2,2,open-meteo,6.71,92.3
Bhalil,Morocco,33.85,-4.8667,2026-09-20,2026-09-17 10:41:43.147363+00:00,32.3,20.1,0.0,0,15.8,37.1,2,open-meteo,5.69,93.02
Bhalil,Morocco,33.85,-4.8667,2026-09-21,2026-09-17 10:41:43.147363+00:00,31.9,20.2,0.0,5,14.8,33.8,1,open-meteo,5.23,96.34
Bhalil,Morocco,33.85,-4.8667,2026-09-22,2026-09-17 10:41:43.147363+00:00,31.4,17.1,0.0,3,16.5,32.0,1,open-meteo,5.26,96.32
Bhalil,Morocco,33.85,-4.8667,2026-09-23,2026-09-17 10:41:43.147363+00:00,31.8,17.1,0.0,3,17.3,34.6,1,open-meteo,5.62,96.07
Tazzarine,Morocco,30.7779,-5.56,2026-09-17,2026-09-17 10:41:43.228175+00:00,33.5,24.8,0.2,18,18.6,32.0,3,open-meteo,5.79,89.95
Tazzarine,Morocco,30.7779,-5.56,2026-09-18,2026-09-17 10:41:43.228175+00:00,34.3,22.7,0.0,5,14.6,22.7,3,open-meteo,4.09,91.14
Tazzarine,Morocco,30.7779,-5.56,2026-09-19,2026-09-17 10:41:43.228175+00:00,34.0,24.9,0.0,3,32.1,50.8,3,open-meteo,9.09,87.64
Tazzarine,Morocco,30.7779,-5.56,2026-09-20,2026-09-17 10:41:43.228175+00:00,33.3,23.4,0.0,3,29.5,51.1,3,open-meteo,8.8,87.84
Tazzarine,Morocco,30.7779,-5.56,2026-09-21,2026-09-17 10:41:43.228175+00:00,33.2,23.0,0.9,20,9.2,27.4,3,open-meteo,5.09,90.44
Tazzarine,Morocco,30.7779,-5.56,2026-09-22,2026-09-17 10:41:43.228175+00:00,31.3,20.6,0.6,10,10.0,15.8,3,open-meteo,3.63,91.46
Tazzarine,Morocco,30.7779,-5.56,2026-09-23,2026-09-17 10:41:43.228175+00:00,33.3,20.9,0.0,10,7.0,11.9,2,open-meteo,2.07,95.55
L’Oulja,Morocco,34.2894,-4.9481,2026-09-17,2026-09-17 10:41:43.308987+00:00,30.5,19.0,0.0,0,15.4,30.2,3,open-meteo,4.95,90.53
L’Oulja,Morocco,34.2894,-4.9481,2026-09-18,2026-09-17 10:41:43.308987+00:00,33.2,18.0,0.0,0,16.9,32.4,3,open-meteo,5.35,90.25
L’Oulja,Morocco,34.2894,-4.9481,2026-09-19,2026-09-17 10:41:43.308987+00:00,35.4,23.6,0.0,0,28.8,55.4,2,open-meteo,10.74,89.48
L’Oulja,Morocco,34.2894,-4.9481,2026-09-20,2026-09-17 10:41:43.308987+00:00,37.5,25.4,0.0,0,23.0,45.4,2,open-meteo,17.41,84.81
L’Oulja,Morocco,34.2894,-4.9481,2026-09-21,2026-09-17 10:41:43.308987+00:00,37.2,25.2,0.0,3,20.8,39.6,1,open-meteo,15.36,89.25
L’Oulja,Morocco,34.2894,-4.9481,2026-09-22,2026-09-17 10:41:43.308987+00:00,36.8,24.5,0.0,0,17.3,36.0,2,open-meteo,12.96,87.93
L’Oulja,Morocco,34.2894,-4.9481,2026-09-23,2026-09-17 10:41:43.308987+00:00,37.6,23.2,0.0,0,11.2,28.8,1,open-meteo,14.68,89.72
Douar Tabouda,Morocco,34.7167,-5.1333,2026-09-17,2026-09-17 10:41:43.395549+00:00,29.3,16.8,0.0,0,12.3,24.5,3,open-meteo,3.99,91.21
Douar Tabouda,Morocco,34.7167,-5.1333,2026-09-18,2026-09-17 10:41:43.395549+00:00,32.3,14.8,0.0,0,12.9,28.8,45,open-meteo,4.49,84.86
Douar Tabouda,Morocco,34.7167,-5.1333,2026-09-19,2026-09-17 10:41:43.395549+00:00,34.6,20.7,0.0,0,27.9,54.7,1,open-meteo,8.96,93.73
Douar Tabouda,Morocco,34.7167,-5.1333,2026-09-20,2026-09-17 10:41:43.395549+00:00,35.8,23.6,0.0,0,17.0,36.4,1,open-meteo,8.96,93.73
Douar Tabouda,Morocco,34.7167,-5.1333,2026-09-21,2026-09-17 10:41:43.395549+00:00,35.7,22.9,0.0,5,13.4,31.7,2,open-meteo,7.65,91.64
Douar Tabouda,Morocco,34.7167,-5.1333,2026-09-22,2026-09-17 10:41:43.395549+00:00,34.6,20.4,0.0,0,7.2,16.2,3,open-meteo,2.52,92.24
Douar Tabouda,Morocco,34.7167,-5.1333,2026-09-23,2026-09-17 10:41:43.395549+00:00,35.5,18.7,0.0,0,11.0,24.1,1,open-meteo,5.79,95.95
Ait Lhaj All,Morocco,33.7622,-5.335,2026-09-17,2026-09-17 10:41:43.481978+00:00,27.5,16.0,0.0,0,15.3,30.2,3,open-meteo,4.93,90.55
Ait Lhaj All,Morocco,33.7622,-5.335,2026-09-18,2026-09-17 10:41:43.481978+00:00,28.1,15.8,0.0,0,15.5,31.0,3,open-meteo,5.04,90.47
Ait Lhaj All,Morocco,33.7622,-5.335,2026-09-19,2026-09-17 10:41:43.481978+00:00,31.5,19.0,0.0,3,19.5,38.9,2,open-meteo,6.33,92.57
Ait Lhaj All,Morocco,33.7622,-5.335,2026-09-20,2026-09-17 10:41:43.481978+00:00,33.6,23.0,0.0,5,18.1,36.4,2,open-meteo,5.9,92.87
Ait Lhaj All,Morocco,33.7622,-5.335,2026-09-21,2026-09-17 10:41:43.481978+00:00,32.9,21.5,0.0,5,17.8,34.9,3,open-meteo,5.72,90.0
Ait Lhaj All,Morocco,33.7622,-5.335,2026-09-22,2026-09-17 10:41:43.481978+00:00,33.3,20.0,0.0,0,19.4,38.2,1,open-meteo,6.25,95.62
Ait Lhaj All,Morocco,33.7622,-5.335,2026-09-23,2026-09-17 10:41:43.481978+00:00,33.6,20.9,0.0,3,19.7,39.6,1,open-meteo,6.42,95.51
Bezou,Morocco,32.1,-7.05,2026-09-17,2026-09-17 10:41:43.564850+00:00,30.8,17.5,0.0,0,16.3,26.6,3,open-meteo,4.7,90.71
Bezou,Morocco,32.1,-7.05,2026-09-18,2026-09-17 10:41:43.564850+00:00,32.2,18.2,0.0,0,13.6,22.7,3,open-meteo,3.97,91.22
Bezou,Morocco,32.1,-7.05,2026-09-19,2026-09-17 10:41:43.564850+00:00,36.0,20.4,0.0,0,13.7,24.5,2,open-meteo,8.16,91.29
Bezou,Morocco,32.1,-7.05,2026-09-20,2026-09-17 10:41:43.564850+00:00,38.0,23.6,0.3,0,18.9,31.3,80,open-meteo,17.89,70.98
Bezou,Morocco,32.1,-7.05,2026-09-21,2026-09-17 10:41:43.564850+00:00,38.0,24.1,0.0,3,15.5,26.3,3,open-meteo,16.57,82.4
Bezou,Morocco,32.1,-7.05,2026-09-22,2026-09-17 10:41:43.564850+00:00,37.2,22.6,0.0,3,12.2,23.0,2,open-meteo,12.63,88.16
Bezou,Morocco,32.1,-7.05,2026-09-23,2026-09-17 10:41:43.564850+00:00,37.6,20.9,0.0,0,14.0,25.2,0,open-meteo,14.67,89.73
Douar Souk L‘qolla,Morocco,35.0691,-5.57,2026-09-17,2026-09-17 10:41:43.643318+00:00,28.3,16.0,0.0,0,16.8,29.9,3,open-meteo,5.09,90.44
Douar Souk L‘qolla,Morocco,35.0691,-5.57,2026-09-18,2026-09-17 10:41:43.643318+00:00,30.2,13.2,0.0,0,17.8,32.4,3,open-meteo,5.47,90.17
Douar Souk L‘qolla,Morocco,35.0691,-5.57,2026-09-19,2026-09-17 10:41:43.643318+00:00,33.9,17.5,0.0,0,17.6,32.8,1,open-meteo,5.48,96.16
Douar Souk L‘qolla,Morocco,35.0691,-5.57,2026-09-20,2026-09-17 10:41:43.643318+00:00,35.7,22.5,0.0,0,15.1,28.8,1,open-meteo,7.57,94.7
Douar Souk L‘qolla,Morocco,35.0691,-5.57,2026-09-21,2026-09-17 10:41:43.643318+00:00,35.2,21.9,0.0,3,10.1,28.8,2,open-meteo,4.94,93.54
Douar Souk L‘qolla,Morocco,35.0691,-5.57,2026-09-22,2026-09-17 10:41:43.643318+00:00,33.7,21.1,0.0,0,12.1,25.6,2,open-meteo,4.07,94.15
Douar Souk L‘qolla,Morocco,35.0691,-5.57,2026-09-23,2026-09-17 10:41:43.643318+00:00,34.7,19.5,0.0,0,15.0,32.0,2,open-meteo,5.08,93.44
Bni Quolla,Morocco,34.7381,-5.5442,2026-09-17,2026-09-17 10:41:43.720796+00:00,29.0,17.5,0.0,0,14.3,26.6,3,open-meteo,4.45,90.88
Bni Quolla,Morocco,34.7381,-5.5442,2026-09-18,2026-09-17 10:41:43.720796+00:00,31.7,15.4,0.0,0,16.0,31.3,3,open-meteo,5.13,90.41
Bni Quolla,Morocco,34.7381,-5.5442,2026-09-19,2026-09-17 10:41:43.720796+00:00,36.5,17.9,0.0,0,14.3,26.6,1,open-meteo,10.45,92.69
Bni Quolla,Morocco,34.7381,-5.5442,2026-09-20,2026-09-17 10:41:43.720796+00:00,38.1,22.5,0.0,0,14.7,28.4,1,open-meteo,17.08,88.04
Bni Quolla,Morocco,34.7381,-5.5442,2026-09-21,2026-09-17 10:41:43.720796+00:00,36.8,21.2,0.0,5,10.0,19.1,2,open-meteo,10.36,89.75
Bni Quolla,Morocco,34.7381,-5.5442,2026-09-22,2026-09-17 10:41:43.720796+00:00,35.7,21.6,0.0,0,13.9,25.9,3,open-meteo,7.13,89.01
Bni Quolla,Morocco,34.7381,-5.5442,2026-09-23,2026-09-17 10:41:43.720796+00:00,37.2,20.5,0.0,0,13.0,26.3,0,open-meteo,13.06,90.86
Mensora,Morocco,34.8434,-4.9626,2026-09-17,2026-09-17 10:41:43.799470+00:00,28.1,13.3,0.0,0,11.7,23.4,3,open-meteo,3.8,91.34
Mensora,Morocco,34.8434,-4.9626,2026-09-18,2026-09-17 10:41:43.799470+00:00,30.8,13.2,0.0,0,16.0,34.2,3,open-meteo,5.42,90.21
Mensora,Morocco,34.8434,-4.9626,2026-09-19,2026-09-17 10:41:43.799470+00:00,31.9,18.6,0.0,0,26.4,49.7,1,open-meteo,8.27,94.21
Mensora,Morocco,34.8434,-4.9626,2026-09-20,2026-09-17 10:41:43.799470+00:00,33.0,21.0,0.0,0,20.7,38.2,1,open-meteo,6.41,95.51
Mensora,Morocco,34.8434,-4.9626,2026-09-21,2026-09-17 10:41:43.799470+00:00,32.3,20.3,0.0,3,17.7,34.6,2,open-meteo,5.67,93.03
Mensora,Morocco,34.8434,-4.9626,2026-09-22,2026-09-17 10:41:43.799470+00:00,31.7,19.6,0.0,0,13.5,25.2,3,open-meteo,4.21,91.05
Mensora,Morocco,34.8434,-4.9626,2026-09-23,2026-09-17 10:41:43.799470+00:00,32.2,21.2,0.0,0,17.0,31.3,1,open-meteo,5.25,96.33
Tounfit,Morocco,32.4658,-5.2494,2026-09-17,2026-09-17 10:41:43.878423+00:00,25.0,12.1,0.6,45,23.1,40.0,80,open-meteo,7.69,78.12
Tounfit,Morocco,32.4658,-5.2494,2026-09-18,2026-09-17 10:41:43.878423+00:00,24.8,13.0,0.2,18,21.8,36.4,3,open-meteo,6.63,89.36
Tounfit,Morocco,32.4658,-5.2494,2026-09-19,2026-09-17 10:41:43.878423+00:00,23.5,13.6,0.9,49,21.0,40.7,61,open-meteo,7.9,80.97
Tounfit,Morocco,32.4658,-5.2494,2026-09-20,2026-09-17 10:41:43.878423+00:00,25.9,15.5,0.0,25,14.8,27.7,3,open-meteo,4.62,90.77
Tounfit,Morocco,32.4658,-5.2494,2026-09-21,2026-09-17 10:41:43.878423+00:00,24.4,14.9,0.9,23,28.1,49.0,3,open-meteo,9.61,87.27
Tounfit,Morocco,32.4658,-5.2494,2026-09-22,2026-09-17 10:41:43.878423+00:00,24.2,13.2,0.0,15,19.3,37.1,3,open-meteo,6.12,89.72
Tounfit,Morocco,32.4658,-5.2494,2026-09-23,2026-09-17 10:41:43.878423+00:00,25.5,13.4,0.0,3,17.7,34.6,2,open-meteo,5.67,93.03
Boudenib,Morocco,31.9497,-3.6078,2026-09-17,2026-09-17 10:41:43.959960+00:00,33.6,20.1,0.1,13,44.0,70.2,3,open-meteo,12.65,85.14
Boudenib,Morocco,31.9497,-3.6078,2026-09-18,2026-09-17 10:41:43.959960+00:00,32.8,20.0,0.0,15,16.1,29.9,3,open-meteo,5.0,90.5
Boudenib,Morocco,31.9497,-3.6078,2026-09-19,2026-09-17 10:41:43.959960+00:00,31.9,22.3,1.8,25,23.0,44.6,95,open-meteo,9.74,66.18
Boudenib,Morocco,31.9497,-3.6078,2026-09-20,2026-09-17 10:41:43.959960+00:00,30.4,19.9,1.0,8,12.1,22.7,61,open-meteo,5.12,82.92
Boudenib,Morocco,31.9497,-3.6078,2026-09-21,2026-09-17 10:41:43.959960+00:00,29.2,21.5,2.1,40,18.8,32.4,80,open-meteo,8.39,77.63
Boudenib,Morocco,31.9497,-3.6078,2026-09-22,2026-09-17 10:41:43.959960+00:00,30.2,18.7,0.0,10,11.3,19.8,3,open-meteo,3.39,91.63
Boudenib,Morocco,31.9497,-3.6078,2026-09-23,2026-09-17 10:41:43.959960+00:00,31.9,19.1,0.0,10,10.5,16.6,3,open-meteo,2.97,91.92
Oulad Ouchchih,Morocco,35.0939,-5.9453,2026-09-17,2026-09-17 10:41:44.041898+00:00,28.0,18.8,0.0,0,13.0,25.6,3,open-meteo,4.18,91.07
Oulad Ouchchih,Morocco,35.0939,-5.9453,2026-09-18,2026-09-17 10:41:44.041898+00:00,30.6,15.8,0.0,0,18.1,35.3,45,open-meteo,5.79,83.95
Oulad Ouchchih,Morocco,35.0939,-5.9453,2026-09-19,2026-09-17 10:41:44.041898+00:00,35.7,17.7,0.0,0,18.8,34.9,2,open-meteo,8.64,90.95
Oulad Ouchchih,Morocco,35.0939,-5.9453,2026-09-20,2026-09-17 10:41:44.041898+00:00,37.5,23.1,0.0,0,15.3,32.8,1,open-meteo,15.19,89.37
Oulad Ouchchih,Morocco,35.0939,-5.9453,2026-09-21,2026-09-17 10:41:44.041898+00:00,36.3,22.2,0.0,0,13.7,29.9,2,open-meteo,9.9,90.07
Oulad Ouchchih,Morocco,35.0939,-5.9453,2026-09-22,2026-09-17 10:41:44.041898+00:00,33.2,20.8,0.0,0,16.9,31.7,2,open-meteo,5.28,93.3
Oulad Ouchchih,Morocco,35.0939,-5.9453,2026-09-23,2026-09-17 10:41:44.041898+00:00,34.3,18.9,0.0,0,15.1,28.4,45,open-meteo,4.73,84.69
Wawizaght,Morocco,32.16,-6.35,2026-09-17,2026-09-17 10:41:44.122517+00:00,29.4,15.5,0.0,0,15.3,28.8,3,open-meteo,4.79,90.65
Wawizaght,Morocco,32.16,-6.35,2026-09-18,2026-09-17 10:41:44.122517+00:00,30.8,17.5,0.0,0,15.0,28.4,3,open-meteo,4.71,90.7
Wawizaght,Morocco,32.16,-6.35,2026-09-19,2026-09-17 10:41:44.122517+00:00,33.1,20.8,0.0,0,14.6,29.2,3,open-meteo,4.75,90.67
Wawizaght,Morocco,32.16,-6.35,2026-09-20,2026-09-17 10:41:44.122517+00:00,33.8,23.3,0.0,10,18.1,34.6,3,open-meteo,5.72,90.0
Wawizaght,Morocco,32.16,-6.35,2026-09-21,2026-09-17 10:41:44.122517+00:00,33.4,22.7,0.0,10,17.3,33.1,2,open-meteo,5.47,93.17
Wawizaght,Morocco,32.16,-6.35,2026-09-22,2026-09-17 10:41:44.122517+00:00,33.2,21.5,0.0,5,19.3,39.6,2,open-meteo,6.37,92.54
Wawizaght,Morocco,32.16,-6.35,2026-09-23,2026-09-17 10:41:44.122517+00:00,33.7,22.2,0.0,0,17.6,35.3,1,open-meteo,5.73,95.99
Aghbala,Morocco,32.4806,-5.645,2026-09-17,2026-09-17 10:41:44.200889+00:00,26.6,10.9,0.0,8,21.5,42.5,3,open-meteo,6.94,89.14
Aghbala,Morocco,32.4806,-5.645,2026-09-18,2026-09-17 10:41:44.200889+00:00,25.9,12.1,0.0,3,20.6,41.8,3,open-meteo,6.75,89.27
Aghbala,Morocco,32.4806,-5.645,2026-09-19,2026-09-17 10:41:44.200889+00:00,26.5,14.0,0.5,28,15.9,38.9,80,open-meteo,6.54,78.92
Aghbala,Morocco,32.4806,-5.645,2026-09-20,2026-09-17 10:41:44.200889+00:00,27.7,15.5,0.0,25,14.7,31.3,3,open-meteo,4.97,90.52
Aghbala,Morocco,32.4806,-5.645,2026-09-21,2026-09-17 10:41:44.200889+00:00,26.6,14.5,0.6,13,18.9,38.5,3,open-meteo,7.01,89.09
Aghbala,Morocco,32.4806,-5.645,2026-09-22,2026-09-17 10:41:44.200889+00:00,25.9,13.3,0.0,5,17.2,38.2,3,open-meteo,5.97,89.82
Aghbala,Morocco,32.4806,-5.645,2026-09-23,2026-09-17 10:41:44.200889+00:00,27.2,14.1,0.0,3,16.1,34.6,3,open-meteo,5.47,90.17
Oulad Rahmoun,Morocco,32.3278,-6.5006,2026-09-17,2026-09-17 10:41:44.280154+00:00,32.2,17.6,0.0,0,11.8,20.5,45,open-meteo,3.53,85.53
Oulad Rahmoun,Morocco,32.3278,-6.5006,2026-09-18,2026-09-17 10:41:44.280154+00:00,34.0,18.0,0.0,0,10.3,17.6,3,open-meteo,3.05,91.86
Oulad Rahmoun,Morocco,32.3278,-6.5006,2026-09-19,2026-09-17 10:41:44.280154+00:00,37.6,20.9,0.0,0,5.6,12.6,3,open-meteo,12.36,85.35
Oulad Rahmoun,Morocco,32.3278,-6.5006,2026-09-20,2026-09-17 10:41:44.280154+00:00,39.2,23.4,0.0,5,14.2,25.9,3,open-meteo,21.17,79.18
Oulad Rahmoun,Morocco,32.3278,-6.5006,2026-09-21,2026-09-17 10:41:44.280154+00:00,38.3,23.7,0.0,3,14.4,39.2,2,open-meteo,18.92,83.76
Oulad Rahmoun,Morocco,32.3278,-6.5006,2026-09-22,2026-09-17 10:41:44.280154+00:00,37.9,22.3,0.0,2,11.2,20.5,2,open-meteo,15.05,86.47
Oulad Rahmoun,Morocco,32.3278,-6.5006,2026-09-23,2026-09-17 10:41:44.280154+00:00,38.5,22.4,0.0,0,12.0,22.3,1,open-meteo,17.73,87.59
Tleta Taghramt,Morocco,35.7877,-5.4709,2026-09-17,2026-09-17 10:41:44.362567+00:00,24.6,14.3,0.0,0,12.4,34.2,3,open-meteo,4.97,90.52
Tleta Taghramt,Morocco,35.7877,-5.4709,2026-09-18,2026-09-17 10:41:44.362567+00:00,23.9,19.3,0.0,0,30.8,65.2,3,open-meteo,10.37,86.74
Tleta Taghramt,Morocco,35.7877,-5.4709,2026-09-19,2026-09-17 10:41:44.362567+00:00,23.6,20.4,0.0,0,44.8,96.1,2,open-meteo,15.21,86.35
Tleta Taghramt,Morocco,35.7877,-5.4709,2026-09-20,2026-09-17 10:41:44.362567+00:00,24.0,21.3,0.0,0,47.2,101.5,2,open-meteo,15.9,85.87
Tleta Taghramt,Morocco,35.7877,-5.4709,2026-09-21,2026-09-17 10:41:44.362567+00:00,24.0,20.7,0.0,0,41.2,90.0,2,open-meteo,14.15,87.09
Tleta Taghramt,Morocco,35.7877,-5.4709,2026-09-22,2026-09-17 10:41:44.362567+00:00,25.1,20.2,0.0,0,32.8,68.0,2,open-meteo,10.9,89.37
Tleta Taghramt,Morocco,35.7877,-5.4709,2026-09-23,2026-09-17 10:41:44.362567+00:00,25.5,20.5,0.0,0,24.5,52.6,2,open-meteo,8.32,91.18
Ounagha,Morocco,31.5044,-9.6298,2026-09-17,2026-09-17 10:41:44.441890+00:00,25.5,18.4,0.0,0,28.8,58.3,3,open-meteo,9.43,87.4
Ounagha,Morocco,31.5044,-9.6298,2026-09-18,2026-09-17 10:41:44.441890+00:00,28.2,18.4,0.0,0,29.6,59.0,1,open-meteo,9.6,93.28
Ounagha,Morocco,31.5044,-9.6298,2026-09-19,2026-09-17 10:41:44.441890+00:00,30.0,18.3,0.0,0,27.4,55.1,2,open-meteo,8.94,90.74
Ounagha,Morocco,31.5044,-9.6298,2026-09-20,2026-09-17 10:41:44.441890+00:00,26.8,19.9,0.0,0,17.0,34.2,2,open-meteo,5.54,93.12
Ounagha,Morocco,31.5044,-9.6298,2026-09-21,2026-09-17 10:41:44.441890+00:00,29.1,19.6,0.0,0,13.0,28.4,1,open-meteo,4.46,96.88
Ounagha,Morocco,31.5044,-9.6298,2026-09-22,2026-09-17 10:41:44.441890+00:00,28.1,17.4,0.0,0,10.5,20.5,3,open-meteo,3.36,91.65
Ounagha,Morocco,31.5044,-9.6298,2026-09-23,2026-09-17 10:41:44.441890+00:00,28.3,16.8,0.0,0,14.0,29.2,0,open-meteo,4.67,96.73
Ras El Oued,Morocco,34.339,-4.5558,2026-09-17,2026-09-17 10:41:44.524635+00:00,30.4,18.0,0.0,0,12.9,24.8,3,open-meteo,4.09,91.14
Ras El Oued,Morocco,34.339,-4.5558,2026-09-18,2026-09-17 10:41:44.524635+00:00,33.1,18.6,0.0,0,25.4,50.8,3,open-meteo,8.26,88.22
Ras El Oued,Morocco,34.339,-4.5558,2026-09-19,2026-09-17 10:41:44.524635+00:00,32.5,22.5,0.0,0,32.8,64.8,2,open-meteo,10.58,89.59
Ras El Oued,Morocco,34.339,-4.5558,2026-09-20,2026-09-17 10:41:44.524635+00:00,34.9,24.2,0.0,0,27.0,55.1,2,open-meteo,8.89,90.78
Ras El Oued,Morocco,34.339,-4.5558,2026-09-21,2026-09-17 10:41:44.524635+00:00,34.2,23.9,0.0,3,24.4,52.9,2,open-meteo,8.34,91.16
Ras El Oued,Morocco,34.339,-4.5558,2026-09-22,2026-09-17 10:41:44.524635+00:00,35.6,23.3,0.0,0,15.4,37.4,3,open-meteo,8.07,88.35
Ras El Oued,Morocco,34.339,-4.5558,2026-09-23,2026-09-17 10:41:44.524635+00:00,36.1,22.2,0.0,0,15.0,31.0,0,open-meteo,9.38,93.43
Ourtzagh,Morocco,34.55,-4.9333,2026-09-17,2026-09-17 10:41:44.604790+00:00,30.2,17.7,0.0,0,14.5,27.7,3,open-meteo,4.58,90.79
Ourtzagh,Morocco,34.55,-4.9333,2026-09-18,2026-09-17 10:41:44.604790+00:00,32.8,18.4,0.0,0,9.7,19.4,3,open-meteo,3.15,91.79
Ourtzagh,Morocco,34.55,-4.9333,2026-09-19,2026-09-17 10:41:44.604790+00:00,36.3,21.2,0.0,0,26.3,50.0,1,open-meteo,13.49,90.56
Ourtzagh,Morocco,34.55,-4.9333,2026-09-20,2026-09-17 10:41:44.604790+00:00,37.7,23.8,0.0,0,17.8,34.2,2,open-meteo,16.45,85.48
Ourtzagh,Morocco,34.55,-4.9333,2026-09-21,2026-09-17 10:41:44.604790+00:00,36.6,23.5,0.0,3,14.2,26.6,3,open-meteo,10.84,86.41
Ourtzagh,Morocco,34.55,-4.9333,2026-09-22,2026-09-17 10:41:44.604790+00:00,36.8,21.8,0.0,0,11.2,24.1,3,open-meteo,11.01,86.29
Ourtzagh,Morocco,34.55,-4.9333,2026-09-23,2026-09-17 10:41:44.604790+00:00,37.5,20.7,0.0,0,6.9,16.6,1,open-meteo,12.52,91.24
Oulad Amor,Morocco,32.0775,-7.6122,2026-09-17,2026-09-17 10:41:44.684868+00:00,29.7,17.7,0.0,0,17.7,28.1,3,open-meteo,5.02,90.49
Oulad Amor,Morocco,32.0775,-7.6122,2026-09-18,2026-09-17 10:41:44.684868+00:00,31.3,18.4,0.0,0,15.6,24.1,3,open-meteo,4.36,90.95
Oulad Amor,Morocco,32.0775,-7.6122,2026-09-19,2026-09-17 10:41:44.684868+00:00,34.7,21.1,0.0,0,17.7,28.4,2,open-meteo,5.05,93.47
Oulad Amor,Morocco,32.0775,-7.6122,2026-09-20,2026-09-17 10:41:44.684868+00:00,37.1,24.0,0.0,8,17.8,30.2,2,open-meteo,13.65,87.44
Oulad Amor,Morocco,32.0775,-7.6122,2026-09-21,2026-09-17 10:41:44.684868+00:00,37.8,24.0,0.0,5,24.3,37.8,1,open-meteo,18.02,87.39
Oulad Amor,Morocco,32.0775,-7.6122,2026-09-22,2026-09-17 10:41:44.684868+00:00,36.7,21.9,0.0,5,18.2,29.5,1,open-meteo,12.03,91.58
Oulad Amor,Morocco,32.0775,-7.6122,2026-09-23,2026-09-17 10:41:44.684868+00:00,36.2,21.2,0.0,0,15.0,28.4,1,open-meteo,9.52,93.34
Tafrant,Morocco,34.625,-5.1242,2026-09-17,2026-09-17 10:41:44.764271+00:00,29.0,18.0,0.0,0,12.8,23.4,3,open-meteo,3.94,91.24
Tafrant,Morocco,34.625,-5.1242,2026-09-18,2026-09-17 10:41:44.764271+00:00,31.7,16.8,0.0,0,10.7,23.8,3,open-meteo,3.72,91.4
Tafrant,Morocco,34.625,-5.1242,2026-09-19,2026-09-17 10:41:44.764271+00:00,35.2,21.8,0.0,0,21.3,41.0,1,open-meteo,7.56,94.71
Tafrant,Morocco,34.625,-5.1242,2026-09-20,2026-09-17 10:41:44.764271+00:00,36.0,24.3,0.0,0,13.9,29.9,2,open-meteo,8.73,90.89
Tafrant,Morocco,34.625,-5.1242,2026-09-21,2026-09-17 10:41:44.764271+00:00,35.3,23.9,0.0,5,13.2,23.4,2,open-meteo,5.19,93.37
Tafrant,Morocco,34.625,-5.1242,2026-09-22,2026-09-17 10:41:44.764271+00:00,35.4,22.4,0.0,0,8.6,17.3,3,open-meteo,4.4,90.92
Tafrant,Morocco,34.625,-5.1242,2026-09-23,2026-09-17 10:41:44.764271+00:00,36.6,20.3,0.0,0,8.6,15.8,0,open-meteo,9.06,93.66
Jaidte Lbatma,Morocco,31.6806,-7.7281,2026-09-17,2026-09-17 10:41:44.844057+00:00,30.2,17.6,0.0,0,12.3,23.0,3,open-meteo,3.84,91.31
Jaidte Lbatma,Morocco,31.6806,-7.7281,2026-09-18,2026-09-17 10:41:44.844057+00:00,31.9,17.6,0.0,0,8.9,17.3,2,open-meteo,2.84,95.01
Jaidte Lbatma,Morocco,31.6806,-7.7281,2026-09-19,2026-09-17 10:41:44.844057+00:00,35.6,19.4,0.0,3,10.4,19.1,2,open-meteo,5.61,93.07
Jaidte Lbatma,Morocco,31.6806,-7.7281,2026-09-20,2026-09-17 10:41:44.844057+00:00,37.7,22.5,1.5,25,15.2,29.2,80,open-meteo,17.62,71.17
Jaidte Lbatma,Morocco,31.6806,-7.7281,2026-09-21,2026-09-17 10:41:44.844057+00:00,37.2,21.5,0.0,13,14.7,29.2,2,open-meteo,13.56,87.51
Jaidte Lbatma,Morocco,31.6806,-7.7281,2026-09-22,2026-09-17 10:41:44.844057+00:00,36.4,21.4,0.0,8,13.0,25.6,1,open-meteo,9.78,93.15
Jaidte Lbatma,Morocco,31.6806,-7.7281,2026-09-23,2026-09-17 10:41:44.844057+00:00,36.4,19.8,0.0,3,11.5,22.7,1,open-meteo,9.31,93.48
Oulad Chikh,Morocco,32.8544,-7.5386,2026-09-17,2026-09-17 10:41:44.923722+00:00,26.9,14.8,0.0,0,20.3,38.5,45,open-meteo,6.39,83.53
Oulad Chikh,Morocco,32.8544,-7.5386,2026-09-18,2026-09-17 10:41:44.923722+00:00,28.5,14.9,0.0,0,19.8,37.4,3,open-meteo,6.22,89.65
Oulad Chikh,Morocco,32.8544,-7.5386,2026-09-19,2026-09-17 10:41:44.923722+00:00,32.0,16.4,0.0,0,20.2,37.8,2,open-meteo,6.3,92.59
Oulad Chikh,Morocco,32.8544,-7.5386,2026-09-20,2026-09-17 10:41:44.923722+00:00,34.5,20.8,0.0,0,20.9,37.8,2,open-meteo,6.39,92.53
Oulad Chikh,Morocco,32.8544,-7.5386,2026-09-21,2026-09-17 10:41:44.923722+00:00,36.2,21.1,0.0,3,20.5,39.6,2,open-meteo,11.32,89.08
Oulad Chikh,Morocco,32.8544,-7.5386,2026-09-22,2026-09-17 10:41:44.923722+00:00,34.9,17.8,0.0,0,18.5,35.6,0,open-meteo,5.87,95.89
Oulad Chikh,Morocco,32.8544,-7.5386,2026-09-23,2026-09-17 10:41:44.923722+00:00,34.6,17.5,0.0,3,20.5,38.2,1,open-meteo,6.38,95.53
Sidi Moussa Ben Ali,Morocco,33.5594,-7.3817,2026-09-17,2026-09-17 10:41:45.002907+00:00,26.4,17.7,0.0,0,16.3,29.5,3,open-meteo,4.99,90.51
Sidi Moussa Ben Ali,Morocco,33.5594,-7.3817,2026-09-18,2026-09-17 10:41:45.002907+00:00,26.4,15.9,0.0,0,16.2,29.9,45,open-meteo,5.01,84.49
Sidi Moussa Ben Ali,Morocco,33.5594,-7.3817,2026-09-19,2026-09-17 10:41:45.002907+00:00,28.6,16.7,0.0,0,17.2,31.3,45,open-meteo,5.28,84.3
Sidi Moussa Ben Ali,Morocco,33.5594,-7.3817,2026-09-20,2026-09-17 10:41:45.002907+00:00,31.3,20.0,0.0,0,15.8,28.4,45,open-meteo,4.81,84.63
Sidi Moussa Ben Ali,Morocco,33.5594,-7.3817,2026-09-21,2026-09-17 10:41:45.002907+00:00,30.9,19.4,0.0,0,18.0,32.4,45,open-meteo,5.49,84.16
Sidi Moussa Ben Ali,Morocco,33.5594,-7.3817,2026-09-22,2026-09-17 10:41:45.002907+00:00,33.1,19.3,0.0,0,17.2,33.5,45,open-meteo,5.5,84.15
Sidi Moussa Ben Ali,Morocco,33.5594,-7.3817,2026-09-23,2026-09-17 10:41:45.002907+00:00,31.8,19.0,0.0,3,18.6,36.4,45,open-meteo,5.97,83.82
Aït I’yach,Morocco,32.6909,-4.9292,2026-09-17,2026-09-17 10:41:45.084016+00:00,28.5,11.2,0.0,13,28.0,46.4,3,open-meteo,8.14,88.3
Aït I’yach,Morocco,32.6909,-4.9292,2026-09-18,2026-09-17 10:41:45.084016+00:00,27.8,12.6,0.0,5,24.9,40.3,3,open-meteo,7.14,89.0
Aït I’yach,Morocco,32.6909,-4.9292,2026-09-19,2026-09-17 10:41:45.084016+00:00,27.6,13.7,0.1,44,25.2,45.0,3,open-meteo,7.78,88.55
Aït I’yach,Morocco,32.6909,-4.9292,2026-09-20,2026-09-17 10:41:45.084016+00:00,28.6,13.4,0.0,8,22.8,34.6,3,open-meteo,6.31,89.58
Aït I’yach,Morocco,32.6909,-4.9292,2026-09-21,2026-09-17 10:41:45.084016+00:00,27.4,15.1,1.2,20,24.8,43.6,80,open-meteo,9.06,77.16
Aït I’yach,Morocco,32.6909,-4.9292,2026-09-22,2026-09-17 10:41:45.084016+00:00,28.0,11.7,0.0,3,16.6,27.4,3,open-meteo,4.81,90.63
Aït I’yach,Morocco,32.6909,-4.9292,2026-09-23,2026-09-17 10:41:45.084016+00:00,29.3,13.3,0.0,3,11.2,19.4,3,open-meteo,3.34,91.66
Douar Sgarta,Morocco,32.2634,-7.5881,2026-09-17,2026-09-17 10:41:45.164569+00:00,29.7,17.8,0.0,0,20.3,32.8,3,open-meteo,5.82,89.93
Douar Sgarta,Morocco,32.2634,-7.5881,2026-09-18,2026-09-17 10:41:45.164569+00:00,31.5,18.2,0.0,0,20.2,32.0,3,open-meteo,5.73,89.99
Douar Sgarta,Morocco,32.2634,-7.5881,2026-09-19,2026-09-17 10:41:45.164569+00:00,34.9,20.7,0.0,0,22.5,36.0,3,open-meteo,6.41,89.51
Douar Sgarta,Morocco,32.2634,-7.5881,2026-09-20,2026-09-17 10:41:45.164569+00:00,36.8,23.8,0.0,0,22.6,36.7,2,open-meteo,13.69,87.42
Douar Sgarta,Morocco,32.2634,-7.5881,2026-09-21,2026-09-17 10:41:45.164569+00:00,37.9,22.9,0.0,3,28.7,46.8,2,open-meteo,19.87,83.09
Douar Sgarta,Morocco,32.2634,-7.5881,2026-09-22,2026-09-17 10:41:45.164569+00:00,37.1,21.5,0.0,3,18.1,30.2,2,open-meteo,13.68,87.42
Douar Sgarta,Morocco,32.2634,-7.5881,2026-09-23,2026-09-17 10:41:45.164569+00:00,36.5,20.4,0.0,0,16.6,29.2,1,open-meteo,11.0,92.3
Tamsaout,Morocco,34.8223,-4.7512,2026-09-17,2026-09-17 10:41:45.247802+00:00,26.4,13.2,0.0,0,14.2,28.1,3,open-meteo,4.58,90.79
Tamsaout,Morocco,34.8223,-4.7512,2026-09-18,2026-09-17 10:41:45.247802+00:00,28.6,14.0,0.0,0,12.4,27.0,3,open-meteo,4.25,91.02
Tamsaout,Morocco,34.8223,-4.7512,2026-09-19,2026-09-17 10:41:45.247802+00:00,30.9,17.9,0.0,0,19.7,40.0,2,open-meteo,6.46,92.48
Tamsaout,Morocco,34.8223,-4.7512,2026-09-20,2026-09-17 10:41:45.247802+00:00,31.9,20.0,0.0,0,14.1,28.4,2,open-meteo,4.6,93.78
Tamsaout,Morocco,34.8223,-4.7512,2026-09-21,2026-09-17 10:41:45.247802+00:00,30.9,19.6,0.0,3,13.9,27.7,2,open-meteo,4.51,93.84
Tamsaout,Morocco,34.8223,-4.7512,2026-09-22,2026-09-17 10:41:45.247802+00:00,30.1,18.8,0.0,0,11.0,20.9,3,open-meteo,3.46,91.58
Tamsaout,Morocco,34.8223,-4.7512,2026-09-23,2026-09-17 10:41:45.247802+00:00,30.2,19.4,0.0,0,12.8,25.2,2,open-meteo,4.12,94.12
Sidi Kasem,Morocco,35.5339,-5.2183,2026-09-17,2026-09-17 10:41:45.339114+00:00,25.2,17.0,0.0,0,13.6,23.8,3,open-meteo,4.08,91.14
Sidi Kasem,Morocco,35.5339,-5.2183,2026-09-18,2026-09-17 10:41:45.339114+00:00,25.2,20.0,0.0,0,20.3,34.2,3,open-meteo,5.96,89.83
Sidi Kasem,Morocco,35.5339,-5.2183,2026-09-19,2026-09-17 10:41:45.339114+00:00,25.3,22.6,0.8,0,34.8,58.3,3,open-meteo,11.25,86.12
Sidi Kasem,Morocco,35.5339,-5.2183,2026-09-20,2026-09-17 10:41:45.339114+00:00,25.5,23.6,1.3,0,28.8,47.5,80,open-meteo,10.08,76.44
Sidi Kasem,Morocco,35.5339,-5.2183,2026-09-21,2026-09-17 10:41:45.339114+00:00,25.4,22.9,0.9,0,24.5,41.4,80,open-meteo,8.4,77.62
Sidi Kasem,Morocco,35.5339,-5.2183,2026-09-22,2026-09-17 10:41:45.339114+00:00,29.0,22.3,0.0,0,16.2,42.8,2,open-meteo,6.31,92.58
Sidi Kasem,Morocco,35.5339,-5.2183,2026-09-23,2026-09-17 10:41:45.339114+00:00,29.5,22.7,0.0,0,15.4,45.4,2,open-meteo,6.46,92.48
Ahlaf,Morocco,33.2836,-7.09,2026-09-17,2026-09-17 10:41:45.420865+00:00,28.4,15.4,0.0,0,17.1,33.5,45,open-meteo,5.49,84.16
Ahlaf,Morocco,33.2836,-7.09,2026-09-18,2026-09-17 10:41:45.420865+00:00,30.0,13.7,0.0,0,16.9,32.8,45,open-meteo,5.39,84.23
Ahlaf,Morocco,33.2836,-7.09,2026-09-19,2026-09-17 10:41:45.420865+00:00,33.1,14.9,0.0,0,15.0,29.5,45,open-meteo,4.83,84.62
Ahlaf,Morocco,33.2836,-7.09,2026-09-20,2026-09-17 10:41:45.420865+00:00,35.9,19.9,0.0,0,18.4,36.0,2,open-meteo,9.5,90.35
Ahlaf,Morocco,33.2836,-7.09,2026-09-21,2026-09-17 10:41:45.420865+00:00,36.8,18.7,0.0,0,19.7,39.2,2,open-meteo,13.58,87.49
Ahlaf,Morocco,33.2836,-7.09,2026-09-22,2026-09-17 10:41:45.420865+00:00,35.5,16.9,0.0,0,18.4,34.2,1,open-meteo,7.72,94.6
Ahlaf,Morocco,33.2836,-7.09,2026-09-23,2026-09-17 10:41:45.420865+00:00,34.7,17.0,0.0,3,19.5,36.4,2,open-meteo,6.08,92.74
Gharbia,Morocco,35.5153,-5.9306,2026-09-17,2026-09-17 10:41:45.590660+00:00,25.5,17.4,0.0,0,13.8,27.4,3,open-meteo,4.46,90.88
Gharbia,Morocco,35.5153,-5.9306,2026-09-18,2026-09-17 10:41:45.590660+00:00,29.3,14.7,0.0,0,23.9,45.0,45,open-meteo,7.49,82.76
Gharbia,Morocco,35.5153,-5.9306,2026-09-19,2026-09-17 10:41:45.590660+00:00,30.0,22.4,0.0,0,36.7,71.3,2,open-meteo,11.72,88.8
Gharbia,Morocco,35.5153,-5.9306,2026-09-20,2026-09-17 10:41:45.590660+00:00,31.2,24.5,0.0,0,31.7,61.2,1,open-meteo,10.08,92.94
Gharbia,Morocco,35.5153,-5.9306,2026-09-21,2026-09-17 10:41:45.590660+00:00,31.5,24.2,0.0,0,26.4,49.7,2,open-meteo,8.27,91.21
Gharbia,Morocco,35.5153,-5.9306,2026-09-22,2026-09-17 10:41:45.590660+00:00,32.2,23.8,0.0,0,20.3,39.6,2,open-meteo,6.5,92.45
Gharbia,Morocco,35.5153,-5.9306,2026-09-23,2026-09-17 10:41:45.590660+00:00,33.3,23.7,0.0,0,19.5,39.2,1,open-meteo,6.36,95.55
Al Fayd,Morocco,30.5445,-8.2271,2026-09-17,2026-09-17 10:41:45.690416+00:00,29.4,18.6,0.0,3,17.1,31.3,3,open-meteo,5.27,90.31
Al Fayd,Morocco,30.5445,-8.2271,2026-09-18,2026-09-17 10:41:45.690416+00:00,30.5,18.5,0.0,0,16.6,29.5,3,open-meteo,5.03,90.48
Al Fayd,Morocco,30.5445,-8.2271,2026-09-19,2026-09-17 10:41:45.690416+00:00,33.3,20.1,0.0,5,19.0,33.8,3,open-meteo,5.75,89.97
Al Fayd,Morocco,30.5445,-8.2271,2026-09-20,2026-09-17 10:41:45.690416+00:00,36.4,21.8,0.0,5,15.2,26.6,2,open-meteo,10.16,89.89
Al Fayd,Morocco,30.5445,-8.2271,2026-09-21,2026-09-17 10:41:45.690416+00:00,35.7,22.4,0.0,3,29.5,56.2,3,open-meteo,12.11,85.52
Al Fayd,Morocco,30.5445,-8.2271,2026-09-22,2026-09-17 10:41:45.690416+00:00,35.4,21.3,0.0,0,24.1,55.4,1,open-meteo,10.15,92.89
Al Fayd,Morocco,30.5445,-8.2271,2026-09-23,2026-09-17 10:41:45.690416+00:00,35.4,22.1,0.0,0,19.9,43.9,1,open-meteo,8.48,94.06
Nkheila,Morocco,32.9239,-7.0692,2026-09-17,2026-09-17 10:41:45.769622+00:00,27.0,13.3,0.0,0,21.2,39.2,45,open-meteo,6.57,83.4
Nkheila,Morocco,32.9239,-7.0692,2026-09-18,2026-09-17 10:41:45.769622+00:00,28.6,14.3,0.0,0,19.9,36.4,3,open-meteo,6.13,89.71
Nkheila,Morocco,32.9239,-7.0692,2026-09-19,2026-09-17 10:41:45.769622+00:00,32.5,16.8,0.0,0,18.5,34.6,2,open-meteo,5.77,92.96
Nkheila,Morocco,32.9239,-7.0692,2026-09-20,2026-09-17 10:41:45.769622+00:00,34.4,22.1,0.0,3,20.3,38.9,2,open-meteo,6.43,92.5
Nkheila,Morocco,32.9239,-7.0692,2026-09-21,2026-09-17 10:41:45.769622+00:00,34.7,20.7,0.0,5,20.4,39.2,2,open-meteo,6.47,92.47
Nkheila,Morocco,32.9239,-7.0692,2026-09-22,2026-09-17 10:41:45.769622+00:00,33.9,18.4,0.0,0,19.7,37.4,1,open-meteo,6.2,95.66
Nkheila,Morocco,32.9239,-7.0692,2026-09-23,2026-09-17 10:41:45.769622+00:00,34.2,18.3,0.0,3,21.1,40.0,1,open-meteo,6.64,95.35
Zag,Morocco,28.0167,-9.3333,2026-09-17,2026-09-17 10:41:45.860648+00:00,30.4,18.0,0.0,0,35.5,54.7,0,open-meteo,9.91,93.06
Zag,Morocco,28.0167,-9.3333,2026-09-18,2026-09-17 10:41:45.860648+00:00,32.7,16.0,0.0,0,27.6,44.6,0,open-meteo,7.91,94.46
Zag,Morocco,28.0167,-9.3333,2026-09-19,2026-09-17 10:41:45.860648+00:00,33.5,18.0,0.0,0,23.7,35.6,0,open-meteo,6.52,95.44
Zag,Morocco,28.0167,-9.3333,2026-09-20,2026-09-17 10:41:45.860648+00:00,35.9,20.2,0.0,0,11.2,21.6,0,open-meteo,7.16,94.99
Zag,Morocco,28.0167,-9.3333,2026-09-21,2026-09-17 10:41:45.860648+00:00,38.2,25.1,0.0,2,23.1,41.0,0,open-meteo,19.79,86.15
Zag,Morocco,28.0167,-9.3333,2026-09-22,2026-09-17 10:41:45.860648+00:00,37.7,25.5,0.0,6,22.0,37.4,2,open-meteo,17.29,84.9
Zag,Morocco,28.0167,-9.3333,2026-09-23,2026-09-17 10:41:45.860648+00:00,37.7,25.4,0.0,4,12.1,25.6,3,open-meteo,14.87,83.59
Laamarna,Morocco,31.8944,-8.9842,2026-09-17,2026-09-17 10:41:45.943450+00:00,28.3,17.1,0.0,0,20.3,33.5,2,open-meteo,5.89,92.88
Laamarna,Morocco,31.8944,-8.9842,2026-09-18,2026-09-17 10:41:45.943450+00:00,31.2,16.5,0.0,0,21.6,36.0,1,open-meteo,6.3,95.59
Laamarna,Morocco,31.8944,-8.9842,2026-09-19,2026-09-17 10:41:45.943450+00:00,33.5,17.9,0.0,0,15.9,27.0,2,open-meteo,4.69,93.72
Laamarna,Morocco,31.8944,-8.9842,2026-09-20,2026-09-17 10:41:45.943450+00:00,33.0,21.7,0.0,0,23.6,41.4,2,open-meteo,7.09,92.04
Laamarna,Morocco,31.8944,-8.9842,2026-09-21,2026-09-17 10:41:45.943450+00:00,34.0,21.2,0.0,0,22.7,38.9,1,open-meteo,6.73,95.29
Laamarna,Morocco,31.8944,-8.9842,2026-09-22,2026-09-17 10:41:45.943450+00:00,36.2,20.1,0.0,0,19.6,34.9,0,open-meteo,10.74,92.48
Laamarna,Morocco,31.8944,-8.9842,2026-09-23,2026-09-17 10:41:45.943450+00:00,35.9,19.4,0.0,0,19.0,35.3,0,open-meteo,9.5,93.35
Iazizatene,Morocco,35.2544,-3.115,2026-09-17,2026-09-17 10:41:46.024864+00:00,24.5,19.8,0.0,0,14.5,25.9,45,open-meteo,4.4,84.92
Iazizatene,Morocco,35.2544,-3.115,2026-09-18,2026-09-17 10:41:46.024864+00:00,25.7,20.6,0.0,5,18.4,30.6,45,open-meteo,5.36,84.25
Iazizatene,Morocco,35.2544,-3.115,2026-09-19,2026-09-17 10:41:46.024864+00:00,25.9,21.7,0.0,3,26.0,45.0,3,open-meteo,7.75,88.58
Iazizatene,Morocco,35.2544,-3.115,2026-09-20,2026-09-17 10:41:46.024864+00:00,26.3,23.3,0.4,13,28.1,50.0,2,open-meteo,9.05,90.66
Iazizatene,Morocco,35.2544,-3.115,2026-09-21,2026-09-17 10:41:46.024864+00:00,25.7,21.0,0.0,3,20.6,36.7,3,open-meteo,6.25,89.62
Iazizatene,Morocco,35.2544,-3.115,2026-09-22,2026-09-17 10:41:46.024864+00:00,27.2,20.2,0.0,3,17.6,31.7,45,open-meteo,5.37,84.24
Iazizatene,Morocco,35.2544,-3.115,2026-09-23,2026-09-17 10:41:46.024864+00:00,27.5,20.2,0.0,0,13.8,25.2,45,open-meteo,4.25,85.02
Souq Jamaa Fdalate,Morocco,33.5911,-7.2792,2026-09-17,2026-09-17 10:41:46.104186+00:00,26.8,17.2,0.0,0,16.1,31.3,3,open-meteo,5.14,90.4
Souq Jamaa Fdalate,Morocco,33.5911,-7.2792,2026-09-18,2026-09-17 10:41:46.104186+00:00,27.3,15.6,0.0,0,16.0,31.0,45,open-meteo,5.1,84.43
Souq Jamaa Fdalate,Morocco,33.5911,-7.2792,2026-09-19,2026-09-17 10:41:46.104186+00:00,29.7,16.0,0.0,0,16.9,32.4,45,open-meteo,5.35,84.25
Souq Jamaa Fdalate,Morocco,33.5911,-7.2792,2026-09-20,2026-09-17 10:41:46.104186+00:00,32.5,20.2,0.0,0,16.4,31.3,45,open-meteo,5.18,84.37
Souq Jamaa Fdalate,Morocco,33.5911,-7.2792,2026-09-21,2026-09-17 10:41:46.104186+00:00,32.4,19.4,0.0,0,18.3,35.6,45,open-meteo,5.85,83.91
Souq Jamaa Fdalate,Morocco,33.5911,-7.2792,2026-09-22,2026-09-17 10:41:46.104186+00:00,29.3,19.1,0.0,0,14.9,29.5,45,open-meteo,4.81,84.63
Souq Jamaa Fdalate,Morocco,33.5911,-7.2792,2026-09-23,2026-09-17 10:41:46.104186+00:00,28.3,19.0,0.0,3,16.6,32.0,45,open-meteo,5.28,84.3
Ahermoumou,Morocco,33.83,-4.4,2026-09-17,2026-09-17 10:41:46.191177+00:00,27.1,15.8,0.0,0,18.6,41.0,3,open-meteo,6.42,89.51
Ahermoumou,Morocco,33.83,-4.4,2026-09-18,2026-09-17 10:41:46.191177+00:00,28.2,14.3,0.0,0,18.0,38.5,3,open-meteo,6.1,89.73
Ahermoumou,Morocco,33.83,-4.4,2026-09-19,2026-09-17 10:41:46.191177+00:00,31.6,16.5,0.2,15,19.3,51.8,3,open-meteo,7.86,88.5
Ahermoumou,Morocco,33.83,-4.4,2026-09-20,2026-09-17 10:41:46.191177+00:00,32.6,18.8,0.0,0,16.1,38.2,3,open-meteo,5.83,89.92
Ahermoumou,Morocco,33.83,-4.4,2026-09-21,2026-09-17 10:41:46.191177+00:00,31.4,18.6,0.0,5,18.4,37.4,2,open-meteo,6.04,92.77
Ahermoumou,Morocco,33.83,-4.4,2026-09-22,2026-09-17 10:41:46.191177+00:00,30.6,17.7,0.0,0,15.9,33.5,0,open-meteo,5.34,96.26
Ahermoumou,Morocco,33.83,-4.4,2026-09-23,2026-09-17 10:41:46.191177+00:00,31.4,17.2,0.0,0,16.8,36.0,0,open-meteo,5.7,96.01
Moulay Driss Zerhoun,Morocco,34.0559,-5.5183,2026-09-17,2026-09-17 10:41:46.290887+00:00,27.3,16.7,0.0,0,16.4,33.5,3,open-meteo,5.4,90.22
Moulay Driss Zerhoun,Morocco,34.0559,-5.5183,2026-09-18,2026-09-17 10:41:46.290887+00:00,29.0,17.3,0.0,0,15.4,31.0,3,open-meteo,5.03,90.48
Moulay Driss Zerhoun,Morocco,34.0559,-5.5183,2026-09-19,2026-09-17 10:41:46.290887+00:00,33.2,21.2,0.0,0,16.3,45.0,3,open-meteo,6.54,89.42
Moulay Driss Zerhoun,Morocco,34.0559,-5.5183,2026-09-20,2026-09-17 10:41:46.290887+00:00,35.3,24.2,0.0,0,13.2,37.8,2,open-meteo,6.63,92.36
Moulay Driss Zerhoun,Morocco,34.0559,-5.5183,2026-09-21,2026-09-17 10:41:46.290887+00:00,34.8,23.2,0.0,5,13.2,26.6,1,open-meteo,4.31,96.98
Moulay Driss Zerhoun,Morocco,34.0559,-5.5183,2026-09-22,2026-09-17 10:41:46.290887+00:00,33.6,20.6,0.0,0,15.6,31.0,0,open-meteo,5.05,96.47
Moulay Driss Zerhoun,Morocco,34.0559,-5.5183,2026-09-23,2026-09-17 10:41:46.290887+00:00,34.8,19.1,0.0,0,16.9,33.8,1,open-meteo,5.49,96.16
Souakene,Morocco,35.1203,-5.9307,2026-09-17,2026-09-17 10:41:46.383295+00:00,27.5,18.3,0.0,0,13.0,25.6,3,open-meteo,4.18,91.07
Souakene,Morocco,35.1203,-5.9307,2026-09-18,2026-09-17 10:41:46.383295+00:00,30.1,15.3,0.0,0,18.1,35.3,45,open-meteo,5.79,83.95
Souakene,Morocco,35.1203,-5.9307,2026-09-19,2026-09-17 10:41:46.383295+00:00,35.2,17.2,0.0,0,18.8,34.9,2,open-meteo,6.64,92.35
Souakene,Morocco,35.1203,-5.9307,2026-09-20,2026-09-17 10:41:46.383295+00:00,37.0,22.6,0.0,0,15.3,32.8,1,open-meteo,13.19,90.77
Souakene,Morocco,35.1203,-5.9307,2026-09-21,2026-09-17 10:41:46.383295+00:00,35.8,21.7,0.0,0,13.7,29.9,2,open-meteo,7.9,91.47
Souakene,Morocco,35.1203,-5.9307,2026-09-22,2026-09-17 10:41:46.383295+00:00,33.5,20.9,0.0,0,17.5,33.1,2,open-meteo,5.5,93.15
Souakene,Morocco,35.1203,-5.9307,2026-09-23,2026-09-17 10:41:46.383295+00:00,35.1,19.5,0.0,0,15.1,28.8,1,open-meteo,5.17,96.38
Zaouiat Moulay Bouchta El Khammar,Morocco,34.5096,-5.1402,2026-09-17,2026-09-17 10:41:46.463956+00:00,27.7,17.1,0.0,0,14.8,29.5,3,open-meteo,4.8,90.64
Zaouiat Moulay Bouchta El Khammar,Morocco,34.5096,-5.1402,2026-09-18,2026-09-17 10:41:46.463956+00:00,30.8,16.4,0.0,0,10.0,19.8,3,open-meteo,3.23,91.74
Zaouiat Moulay Bouchta El Khammar,Morocco,34.5096,-5.1402,2026-09-19,2026-09-17 10:41:46.463956+00:00,34.6,20.7,0.0,0,19.1,42.8,1,open-meteo,6.67,95.33
Zaouiat Moulay Bouchta El Khammar,Morocco,34.5096,-5.1402,2026-09-20,2026-09-17 10:41:46.463956+00:00,35.7,23.3,0.0,0,17.8,40.0,2,open-meteo,9.03,90.68
Zaouiat Moulay Bouchta El Khammar,Morocco,34.5096,-5.1402,2026-09-21,2026-09-17 10:41:46.463956+00:00,35.1,23.1,0.0,5,15.0,31.7,2,open-meteo,5.45,93.18
Zaouiat Moulay Bouchta El Khammar,Morocco,34.5096,-5.1402,2026-09-22,2026-09-17 10:41:46.463956+00:00,34.2,22.5,0.0,0,10.1,27.4,3,open-meteo,4.0,91.2
Zaouiat Moulay Bouchta El Khammar,Morocco,34.5096,-5.1402,2026-09-23,2026-09-17 10:41:46.463956+00:00,35.2,20.4,0.0,0,7.8,14.0,0,open-meteo,3.18,97.77
Tizi Nisly,Morocco,32.486,-5.7847,2026-09-17,2026-09-17 10:41:46.545196+00:00,25.7,12.0,0.0,3,17.4,33.8,3,open-meteo,5.55,90.11
Tizi Nisly,Morocco,32.486,-5.7847,2026-09-18,2026-09-17 10:41:46.545196+00:00,25.8,13.9,0.0,0,17.1,34.2,3,open-meteo,5.56,90.11
Tizi Nisly,Morocco,32.486,-5.7847,2026-09-19,2026-09-17 10:41:46.545196+00:00,26.9,16.2,0.2,18,12.4,31.3,3,open-meteo,4.95,90.53
Tizi Nisly,Morocco,32.486,-5.7847,2026-09-20,2026-09-17 10:41:46.545196+00:00,27.5,16.7,0.0,20,14.0,31.3,3,open-meteo,4.88,90.58
Tizi Nisly,Morocco,32.486,-5.7847,2026-09-21,2026-09-17 10:41:46.545196+00:00,26.6,16.2,0.6,13,18.3,37.4,3,open-meteo,6.83,89.22
Tizi Nisly,Morocco,32.486,-5.7847,2026-09-22,2026-09-17 10:41:46.545196+00:00,26.3,13.5,0.0,3,16.1,33.1,3,open-meteo,5.32,90.28
Tizi Nisly,Morocco,32.486,-5.7847,2026-09-23,2026-09-17 10:41:46.545196+00:00,27.3,13.0,0.0,3,16.1,31.3,2,open-meteo,5.14,93.4
Reggada,Morocco,29.5716,-9.6972,2026-09-17,2026-09-17 10:41:46.650558+00:00,24.7,19.3,0.0,0,20.5,34.9,3,open-meteo,6.05,89.77
Reggada,Morocco,29.5716,-9.6972,2026-09-18,2026-09-17 10:41:46.650558+00:00,26.6,18.3,0.0,0,17.0,28.4,1,open-meteo,4.96,96.53
Reggada,Morocco,29.5716,-9.6972,2026-09-19,2026-09-17 10:41:46.650558+00:00,28.6,20.1,0.0,0,11.6,20.5,1,open-meteo,3.5,97.55
Reggada,Morocco,29.5716,-9.6972,2026-09-20,2026-09-17 10:41:46.650558+00:00,29.2,20.4,0.0,0,11.0,19.8,2,open-meteo,3.36,94.65
Reggada,Morocco,29.5716,-9.6972,2026-09-21,2026-09-17 10:41:46.650558+00:00,34.0,22.4,0.0,0,14.4,23.4,0,open-meteo,4.14,97.1
Reggada,Morocco,29.5716,-9.6972,2026-09-22,2026-09-17 10:41:46.650558+00:00,35.9,24.9,0.0,0,17.4,29.2,0,open-meteo,8.69,93.92
Reggada,Morocco,29.5716,-9.6972,2026-09-23,2026-09-17 10:41:46.650558+00:00,34.9,22.9,0.0,0,15.5,29.9,0,open-meteo,4.93,96.55
Sidi Bou Othmane,Morocco,31.9033,-7.9422,2026-09-17,2026-09-17 10:41:47.012207+00:00,30.0,17.5,0.0,0,18.4,31.3,2,open-meteo,5.43,93.2
Sidi Bou Othmane,Morocco,31.9033,-7.9422,2026-09-18,2026-09-17 10:41:47.012207+00:00,31.7,18.2,0.0,0,18.2,30.6,2,open-meteo,5.33,93.27
Sidi Bou Othmane,Morocco,31.9033,-7.9422,2026-09-19,2026-09-17 10:41:47.012207+00:00,35.3,21.2,0.0,0,18.9,31.3,3,open-meteo,6.69,89.32
Sidi Bou Othmane,Morocco,31.9033,-7.9422,2026-09-20,2026-09-17 10:41:47.012207+00:00,37.7,24.4,0.0,18,20.3,35.6,3,open-meteo,16.9,82.17
Sidi Bou Othmane,Morocco,31.9033,-7.9422,2026-09-21,2026-09-17 10:41:47.012207+00:00,38.0,24.4,0.0,13,26.0,43.6,2,open-meteo,19.61,83.27
Sidi Bou Othmane,Morocco,31.9033,-7.9422,2026-09-22,2026-09-17 10:41:47.012207+00:00,37.0,23.2,0.0,3,18.9,37.1,1,open-meteo,14.07,90.15
Sidi Bou Othmane,Morocco,31.9033,-7.9422,2026-09-23,2026-09-17 10:41:47.012207+00:00,36.5,22.2,0.0,0,19.1,36.4,1,open-meteo,12.03,91.58
Talwat,Morocco,31.2883,-7.2372,2026-09-17,2026-09-17 10:41:47.093688+00:00,25.9,13.9,0.4,58,19.6,32.8,80,open-meteo,6.26,79.12
Talwat,Morocco,31.2883,-7.2372,2026-09-18,2026-09-17 10:41:47.093688+00:00,25.5,12.9,0.1,58,18.6,30.6,3,open-meteo,5.52,90.14
Talwat,Morocco,31.2883,-7.2372,2026-09-19,2026-09-17 10:41:47.093688+00:00,26.3,15.5,0.0,16,17.6,29.2,3,open-meteo,5.12,90.42
Talwat,Morocco,31.2883,-7.2372,2026-09-20,2026-09-17 10:41:47.093688+00:00,26.3,13.5,0.0,13,15.5,26.6,3,open-meteo,4.6,90.78
Talwat,Morocco,31.2883,-7.2372,2026-09-21,2026-09-17 10:41:47.093688+00:00,25.5,14.2,1.5,58,15.2,34.2,3,open-meteo,7.32,88.88
Talwat,Morocco,31.2883,-7.2372,2026-09-22,2026-09-17 10:41:47.093688+00:00,25.9,13.9,0.0,10,22.7,47.5,2,open-meteo,7.59,91.69
Talwat,Morocco,31.2883,-7.2372,2026-09-23,2026-09-17 10:41:47.093688+00:00,26.7,15.1,0.0,17,19.7,37.8,2,open-meteo,6.24,92.63
Boumalne,Morocco,31.3738,-5.9956,2026-09-17,2026-09-17 10:41:47.176564+00:00,27.4,17.6,1.7,43,30.8,49.3,80,open-meteo,11.05,75.77
Boumalne,Morocco,31.3738,-5.9956,2026-09-18,2026-09-17 10:41:47.176564+00:00,28.1,16.6,0.0,28,26.6,45.0,3,open-meteo,7.83,88.52
Boumalne,Morocco,31.3738,-5.9956,2026-09-19,2026-09-17 10:41:47.176564+00:00,27.1,18.2,0.3,40,31.8,49.7,80,open-meteo,9.35,76.95
Boumalne,Morocco,31.3738,-5.9956,2026-09-20,2026-09-17 10:41:47.176564+00:00,27.9,16.3,1.8,23,31.4,56.5,80,open-meteo,11.97,75.12
Boumalne,Morocco,31.3738,-5.9956,2026-09-21,2026-09-17 10:41:47.176564+00:00,26.4,17.2,3.6,50,17.4,28.1,80,open-meteo,9.79,76.65
Boumalne,Morocco,31.3738,-5.9956,2026-09-22,2026-09-17 10:41:47.176564+00:00,26.3,16.0,0.0,10,20.8,35.6,3,open-meteo,6.16,89.69
Boumalne,Morocco,31.3738,-5.9956,2026-09-23,2026-09-17 10:41:47.176564+00:00,28.2,15.9,0.0,10,16.0,27.4,2,open-meteo,4.74,93.68
Sidi ’Ali Bou Aqba,Morocco,34.8167,-3.7286,2026-09-17,2026-09-17 10:41:47.306722+00:00,25.9,15.7,0.0,0,18.0,33.1,3,open-meteo,5.56,90.11
Sidi ’Ali Bou Aqba,Morocco,34.8167,-3.7286,2026-09-18,2026-09-17 10:41:47.306722+00:00,24.9,14.7,0.0,0,20.1,37.1,45,open-meteo,6.22,83.65
Sidi ’Ali Bou Aqba,Morocco,34.8167,-3.7286,2026-09-19,2026-09-17 10:41:47.306722+00:00,24.7,15.6,0.0,0,21.9,43.2,45,open-meteo,7.06,83.06
Sidi ’Ali Bou Aqba,Morocco,34.8167,-3.7286,2026-09-20,2026-09-17 10:41:47.306722+00:00,26.5,18.4,0.0,0,15.9,34.6,45,open-meteo,5.45,84.18
Sidi ’Ali Bou Aqba,Morocco,34.8167,-3.7286,2026-09-21,2026-09-17 10:41:47.306722+00:00,25.5,17.3,0.0,3,16.8,31.0,45,open-meteo,5.2,84.36
Sidi ’Ali Bou Aqba,Morocco,34.8167,-3.7286,2026-09-22,2026-09-17 10:41:47.306722+00:00,28.3,15.9,0.0,10,12.1,22.3,1,open-meteo,3.74,97.38
Sidi ’Ali Bou Aqba,Morocco,34.8167,-3.7286,2026-09-23,2026-09-17 10:41:47.306722+00:00,29.3,15.1,0.0,10,13.0,24.1,1,open-meteo,4.04,97.17
Oulad Aïssa,Morocco,30.558,-8.614,2026-09-17,2026-09-17 10:41:47.413497+00:00,30.4,18.1,0.0,0,27.7,47.2,45,open-meteo,8.18,82.27
Oulad Aïssa,Morocco,30.558,-8.614,2026-09-18,2026-09-17 10:41:47.413497+00:00,30.6,17.7,0.0,0,26.6,46.1,3,open-meteo,7.94,88.44
Oulad Aïssa,Morocco,30.558,-8.614,2026-09-19,2026-09-17 10:41:47.413497+00:00,31.8,19.0,0.0,0,27.3,47.5,2,open-meteo,8.16,91.29
Oulad Aïssa,Morocco,30.558,-8.614,2026-09-20,2026-09-17 10:41:47.413497+00:00,36.6,20.5,0.0,5,28.8,53.3,2,open-meteo,15.33,86.27
Oulad Aïssa,Morocco,30.558,-8.614,2026-09-21,2026-09-17 10:41:47.413497+00:00,39.5,21.5,0.0,0,29.6,53.3,1,open-meteo,27.03,81.08
Oulad Aïssa,Morocco,30.558,-8.614,2026-09-22,2026-09-17 10:41:47.413497+00:00,39.2,20.5,0.0,0,25.9,51.8,2,open-meteo,25.22,79.35
Oulad Aïssa,Morocco,30.558,-8.614,2026-09-23,2026-09-17 10:41:47.413497+00:00,39.5,21.4,0.0,0,20.5,42.8,2,open-meteo,24.84,79.61
Ar Rommani,Morocco,33.5333,-6.6,2026-09-17,2026-09-17 10:41:47.506452+00:00,27.7,16.0,0.0,0,15.4,30.2,3,open-meteo,4.95,90.53
Ar Rommani,Morocco,33.5333,-6.6,2026-09-18,2026-09-17 10:41:47.506452+00:00,29.3,15.0,0.0,0,17.4,33.5,45,open-meteo,5.53,84.13
Ar Rommani,Morocco,33.5333,-6.6,2026-09-19,2026-09-17 10:41:47.506452+00:00,33.1,16.7,0.0,0,16.2,31.3,3,open-meteo,5.16,90.39
Ar Rommani,Morocco,33.5333,-6.6,2026-09-20,2026-09-17 10:41:47.506452+00:00,35.5,22.2,0.0,0,16.8,34.2,2,open-meteo,7.52,91.74
Ar Rommani,Morocco,33.5333,-6.6,2026-09-21,2026-09-17 10:41:47.506452+00:00,35.6,20.4,0.0,5,18.3,36.0,2,open-meteo,8.29,91.2
Ar Rommani,Morocco,33.5333,-6.6,2026-09-22,2026-09-17 10:41:47.506452+00:00,36.0,19.9,0.0,0,18.2,36.4,2,open-meteo,9.92,90.06
Ar Rommani,Morocco,33.5333,-6.6,2026-09-23,2026-09-17 10:41:47.506452+00:00,36.1,20.9,0.0,0,18.9,38.5,0,open-meteo,10.61,92.57
Tizgane,Morocco,35.4136,-5.0694,2026-09-17,2026-09-17 10:41:47.586730+00:00,25.0,16.7,0.0,0,8.7,17.6,3,open-meteo,2.85,92.0
Tizgane,Morocco,35.4136,-5.0694,2026-09-18,2026-09-17 10:41:47.586730+00:00,25.2,17.0,0.2,0,15.2,28.8,3,open-meteo,5.05,90.47
Tizgane,Morocco,35.4136,-5.0694,2026-09-19,2026-09-17 10:41:47.586730+00:00,24.6,20.9,3.5,20,28.5,48.6,80,open-meteo,13.09,74.34
Tizgane,Morocco,35.4136,-5.0694,2026-09-20,2026-09-17 10:41:47.586730+00:00,24.2,22.4,5.8,44,22.6,40.7,80,open-meteo,14.63,73.26
Tizgane,Morocco,35.4136,-5.0694,2026-09-21,2026-09-17 10:41:47.586730+00:00,24.1,20.7,4.2,10,17.2,33.5,45,open-meteo,11.1,80.23
Tizgane,Morocco,35.4136,-5.0694,2026-09-22,2026-09-17 10:41:47.586730+00:00,26.8,20.5,0.0,0,12.2,23.0,45,open-meteo,3.83,85.32
Tizgane,Morocco,35.4136,-5.0694,2026-09-23,2026-09-17 10:41:47.586730+00:00,27.1,21.0,0.0,0,10.7,22.7,45,open-meteo,3.61,85.47
Temsamane,Morocco,35.1167,-3.6333,2026-09-17,2026-09-17 10:41:47.668072+00:00,25.3,16.5,0.0,0,14.6,27.4,3,open-meteo,4.56,90.81
Temsamane,Morocco,35.1167,-3.6333,2026-09-18,2026-09-17 10:41:47.668072+00:00,26.1,17.2,0.0,3,15.3,29.5,3,open-meteo,4.86,90.6
Temsamane,Morocco,35.1167,-3.6333,2026-09-19,2026-09-17 10:41:47.668072+00:00,26.5,19.4,0.0,5,22.7,42.5,3,open-meteo,7.09,89.04
Temsamane,Morocco,35.1167,-3.6333,2026-09-20,2026-09-17 10:41:47.668072+00:00,26.9,21.2,0.0,20,18.2,31.7,3,open-meteo,5.45,90.18
Temsamane,Morocco,35.1167,-3.6333,2026-09-21,2026-09-17 10:41:47.668072+00:00,26.3,20.2,0.0,8,16.1,28.8,3,open-meteo,4.89,90.58
Temsamane,Morocco,35.1167,-3.6333,2026-09-22,2026-09-17 10:41:47.668072+00:00,28.3,18.0,0.0,0,13.2,29.5,2,open-meteo,4.6,93.78
Temsamane,Morocco,35.1167,-3.6333,2026-09-23,2026-09-17 10:41:47.668072+00:00,28.1,18.1,0.0,0,11.1,38.9,1,open-meteo,5.28,96.3
Guisser,Morocco,32.7721,-7.4942,2026-09-17,2026-09-17 10:41:47.756056+00:00,28.0,15.1,0.0,0,18.8,36.4,3,open-meteo,5.99,89.81
Guisser,Morocco,32.7721,-7.4942,2026-09-18,2026-09-17 10:41:47.756056+00:00,29.9,14.9,0.0,0,17.7,33.5,3,open-meteo,5.56,90.11
Guisser,Morocco,32.7721,-7.4942,2026-09-19,2026-09-17 10:41:47.756056+00:00,33.4,17.1,0.0,0,18.9,35.6,2,open-meteo,5.92,92.86
Guisser,Morocco,32.7721,-7.4942,2026-09-20,2026-09-17 10:41:47.756056+00:00,35.5,20.9,0.0,5,19.3,37.4,2,open-meteo,8.15,91.29
Guisser,Morocco,32.7721,-7.4942,2026-09-21,2026-09-17 10:41:47.756056+00:00,36.9,19.3,0.0,8,19.5,40.7,2,open-meteo,14.11,87.12
Guisser,Morocco,32.7721,-7.4942,2026-09-22,2026-09-17 10:41:47.756056+00:00,35.8,17.0,0.0,5,18.2,35.6,1,open-meteo,9.03,93.68
Guisser,Morocco,32.7721,-7.4942,2026-09-23,2026-09-17 10:41:47.756056+00:00,35.6,17.3,0.0,3,20.8,39.6,0,open-meteo,8.96,93.73
Sebt Labrikiyne,Morocco,32.2889,-8.0578,2026-09-17,2026-09-17 10:41:47.838099+00:00,28.0,16.8,0.0,0,18.6,33.8,3,open-meteo,5.71,90.0
Sebt Labrikiyne,Morocco,32.2889,-8.0578,2026-09-18,2026-09-17 10:41:47.838099+00:00,30.1,16.2,0.0,0,17.2,30.6,2,open-meteo,5.21,93.35
Sebt Labrikiyne,Morocco,32.2889,-8.0578,2026-09-19,2026-09-17 10:41:47.838099+00:00,33.0,17.8,0.0,0,19.1,35.6,2,open-meteo,5.95,92.83
Sebt Labrikiyne,Morocco,32.2889,-8.0578,2026-09-20,2026-09-17 10:41:47.838099+00:00,36.0,21.9,0.0,5,18.4,35.6,2,open-meteo,9.86,90.1
Sebt Labrikiyne,Morocco,32.2889,-8.0578,2026-09-21,2026-09-17 10:41:47.838099+00:00,37.2,21.8,0.0,5,20.2,37.8,2,open-meteo,15.11,86.42
Sebt Labrikiyne,Morocco,32.2889,-8.0578,2026-09-22,2026-09-17 10:41:47.838099+00:00,36.3,19.2,0.0,5,18.3,32.0,1,open-meteo,10.69,92.52
Sebt Labrikiyne,Morocco,32.2889,-8.0578,2026-09-23,2026-09-17 10:41:47.838099+00:00,36.1,19.2,0.0,0,19.7,34.6,0,open-meteo,10.32,92.78
El Argoub,Morocco,23.6111,-15.8583,2026-09-17,2026-09-17 10:41:47.959984+00:00,27.0,20.3,0.0,0,34.1,52.9,1,open-meteo,9.55,93.31
El Argoub,Morocco,23.6111,-15.8583,2026-09-18,2026-09-17 10:41:47.959984+00:00,25.8,19.3,0.0,0,33.8,53.6,0,open-meteo,9.59,93.29
El Argoub,Morocco,23.6111,-15.8583,2026-09-19,2026-09-17 10:41:47.959984+00:00,26.2,18.8,0.0,0,30.5,48.6,0,open-meteo,8.67,93.93
El Argoub,Morocco,23.6111,-15.8583,2026-09-20,2026-09-17 10:41:47.959984+00:00,27.4,18.5,0.0,0,27.9,44.3,0,open-meteo,7.92,94.46
El Argoub,Morocco,23.6111,-15.8583,2026-09-21,2026-09-17 10:41:47.959984+00:00,27.1,20.6,0.0,9,26.6,43.9,0,open-meteo,7.71,94.6
El Argoub,Morocco,23.6111,-15.8583,2026-09-22,2026-09-17 10:41:47.959984+00:00,26.6,20.5,0.0,10,29.7,46.8,0,open-meteo,8.39,94.13
El Argoub,Morocco,23.6111,-15.8583,2026-09-23,2026-09-17 10:41:47.959984+00:00,28.8,21.0,0.0,7,24.1,41.8,3,open-meteo,7.19,88.97
Sidi Abdellah Ben Taazizt,Morocco,34.0346,-5.3769,2026-09-17,2026-09-17 10:41:48.044951+00:00,27.0,15.2,0.0,0,14.0,28.8,3,open-meteo,4.63,90.76
Sidi Abdellah Ben Taazizt,Morocco,34.0346,-5.3769,2026-09-18,2026-09-17 10:41:48.044951+00:00,28.3,16.0,0.0,0,13.7,27.4,2,open-meteo,4.45,93.88
Sidi Abdellah Ben Taazizt,Morocco,34.0346,-5.3769,2026-09-19,2026-09-17 10:41:48.044951+00:00,32.2,17.8,0.0,0,16.1,31.7,2,open-meteo,5.18,93.37
Sidi Abdellah Ben Taazizt,Morocco,34.0346,-5.3769,2026-09-20,2026-09-17 10:41:48.044951+00:00,34.1,20.1,0.0,0,14.1,30.6,2,open-meteo,4.82,93.63
Sidi Abdellah Ben Taazizt,Morocco,34.0346,-5.3769,2026-09-21,2026-09-17 10:41:48.044951+00:00,33.8,20.9,0.0,3,11.0,23.4,2,open-meteo,3.72,94.4
Sidi Abdellah Ben Taazizt,Morocco,34.0346,-5.3769,2026-09-22,2026-09-17 10:41:48.044951+00:00,33.1,18.7,0.0,0,13.0,25.6,0,open-meteo,4.18,97.07
Sidi Abdellah Ben Taazizt,Morocco,34.0346,-5.3769,2026-09-23,2026-09-17 10:41:48.044951+00:00,33.9,17.5,0.0,0,17.2,32.8,1,open-meteo,5.43,96.2
Tissa,Morocco,34.2833,-4.6667,2026-09-17,2026-09-17 10:41:48.212583+00:00,30.8,18.4,0.0,0,13.0,25.6,3,open-meteo,4.18,91.07
Tissa,Morocco,34.2833,-4.6667,2026-09-18,2026-09-17 10:41:48.212583+00:00,33.4,17.9,0.0,0,20.8,38.9,3,open-meteo,6.49,89.46
Tissa,Morocco,34.2833,-4.6667,2026-09-19,2026-09-17 10:41:48.212583+00:00,33.6,23.1,0.0,0,32.1,63.7,2,open-meteo,10.38,89.73
Tissa,Morocco,34.2833,-4.6667,2026-09-20,2026-09-17 10:41:48.212583+00:00,36.0,24.9,0.0,0,26.0,49.3,2,open-meteo,12.18,88.47
Tissa,Morocco,34.2833,-4.6667,2026-09-21,2026-09-17 10:41:48.212583+00:00,35.5,24.5,0.0,3,22.0,44.6,2,open-meteo,9.21,90.55
Tissa,Morocco,34.2833,-4.6667,2026-09-22,2026-09-17 10:41:48.212583+00:00,36.9,23.8,0.0,0,18.3,35.3,1,open-meteo,13.42,90.61
Tissa,Morocco,34.2833,-4.6667,2026-09-23,2026-09-17 10:41:48.212583+00:00,37.5,22.0,0.0,0,15.6,36.4,0,open-meteo,15.59,89.09
Oulad Fares,Morocco,32.7938,-7.2123,2026-09-17,2026-09-17 10:41:48.291944+00:00,28.3,14.3,0.0,0,19.2,38.2,2,open-meteo,6.22,92.65
Oulad Fares,Morocco,32.7938,-7.2123,2026-09-18,2026-09-17 10:41:48.291944+00:00,30.1,14.8,0.0,0,17.9,33.1,3,open-meteo,5.55,90.11
Oulad Fares,Morocco,32.7938,-7.2123,2026-09-19,2026-09-17 10:41:48.291944+00:00,34.2,18.9,0.0,0,17.9,34.2,2,open-meteo,5.66,93.04
Oulad Fares,Morocco,32.7938,-7.2123,2026-09-20,2026-09-17 10:41:48.291944+00:00,35.8,22.4,0.0,0,19.4,38.2,2,open-meteo,9.44,90.39
Oulad Fares,Morocco,32.7938,-7.2123,2026-09-21,2026-09-17 10:41:48.291944+00:00,35.3,20.5,0.0,3,19.1,39.2,2,open-meteo,7.51,91.74
Oulad Fares,Morocco,32.7938,-7.2123,2026-09-22,2026-09-17 10:41:48.291944+00:00,35.0,18.5,0.0,3,18.0,35.3,1,open-meteo,5.78,95.95
Oulad Fares,Morocco,32.7938,-7.2123,2026-09-23,2026-09-17 10:41:48.291944+00:00,35.3,18.1,0.0,0,20.9,39.6,2,open-meteo,7.77,91.56
Douar Ras el Ksar,Morocco,33.9819,-3.7494,2026-09-17,2026-09-17 10:41:48.374826+00:00,28.5,16.9,0.0,0,22.1,36.4,3,open-meteo,6.4,89.52
Douar Ras el Ksar,Morocco,33.9819,-3.7494,2026-09-18,2026-09-17 10:41:48.374826+00:00,27.8,16.1,0.0,0,24.7,41.4,3,open-meteo,7.23,88.94
Douar Ras el Ksar,Morocco,33.9819,-3.7494,2026-09-19,2026-09-17 10:41:48.374826+00:00,27.5,18.3,0.0,6,22.3,44.3,3,open-meteo,7.22,88.95
Douar Ras el Ksar,Morocco,33.9819,-3.7494,2026-09-20,2026-09-17 10:41:48.374826+00:00,29.9,19.0,0.0,3,24.0,38.9,3,open-meteo,6.89,89.18
Douar Ras el Ksar,Morocco,33.9819,-3.7494,2026-09-21,2026-09-17 10:41:48.374826+00:00,28.5,19.4,0.0,5,22.0,36.4,3,open-meteo,6.39,89.53
Douar Ras el Ksar,Morocco,33.9819,-3.7494,2026-09-22,2026-09-17 10:41:48.374826+00:00,30.5,18.2,0.0,0,19.2,30.6,2,open-meteo,5.46,93.18
Douar Ras el Ksar,Morocco,33.9819,-3.7494,2026-09-23,2026-09-17 10:41:48.374826+00:00,31.1,17.1,0.0,0,22.9,37.4,0,open-meteo,6.6,95.38
Bni Khloug,Morocco,32.65,-7.3833,2026-09-17,2026-09-17 10:41:48.455051+00:00,29.0,14.3,0.0,0,19.2,38.2,3,open-meteo,6.22,89.65
Bni Khloug,Morocco,32.65,-7.3833,2026-09-18,2026-09-17 10:41:48.455051+00:00,30.8,15.5,0.0,0,17.2,34.6,3,open-meteo,5.61,90.07
Bni Khloug,Morocco,32.65,-7.3833,2026-09-19,2026-09-17 10:41:48.455051+00:00,34.7,18.9,0.0,0,19.4,37.8,2,open-meteo,6.21,92.65
Bni Khloug,Morocco,32.65,-7.3833,2026-09-20,2026-09-17 10:41:48.455051+00:00,36.9,22.5,0.0,3,18.1,42.1,2,open-meteo,14.07,87.15
Bni Khloug,Morocco,32.65,-7.3833,2026-09-21,2026-09-17 10:41:48.455051+00:00,37.2,20.9,0.0,3,21.3,43.6,2,open-meteo,15.82,85.93
Bni Khloug,Morocco,32.65,-7.3833,2026-09-22,2026-09-17 10:41:48.455051+00:00,36.2,18.3,0.0,3,19.1,36.0,1,open-meteo,10.79,92.45
Bni Khloug,Morocco,32.65,-7.3833,2026-09-23,2026-09-17 10:41:48.455051+00:00,36.4,17.7,0.0,3,21.7,40.7,0,open-meteo,12.38,91.33
Oulad Amrane el Mekki,Morocco,32.3736,-8.5395,2026-09-17,2026-09-17 10:41:48.532983+00:00,28.3,17.5,0.0,0,19.8,34.2,2,open-meteo,5.9,92.87
Oulad Amrane el Mekki,Morocco,32.3736,-8.5395,2026-09-18,2026-09-17 10:41:48.532983+00:00,30.5,16.6,0.0,0,19.8,33.8,2,open-meteo,5.85,92.91
Oulad Amrane el Mekki,Morocco,32.3736,-8.5395,2026-09-19,2026-09-17 10:41:48.532983+00:00,32.7,16.6,0.0,0,17.9,31.7,3,open-meteo,5.41,90.21
Oulad Amrane el Mekki,Morocco,32.3736,-8.5395,2026-09-20,2026-09-17 10:41:48.532983+00:00,35.6,20.3,0.0,0,16.7,31.0,2,open-meteo,7.59,91.69
Oulad Amrane el Mekki,Morocco,32.3736,-8.5395,2026-09-21,2026-09-17 10:41:48.532983+00:00,36.6,19.4,0.0,3,18.7,33.1,2,open-meteo,12.05,88.56
Oulad Amrane el Mekki,Morocco,32.3736,-8.5395,2026-09-22,2026-09-17 10:41:48.532983+00:00,36.1,17.6,0.0,0,16.5,32.8,45,open-meteo,9.74,81.18
Oulad Amrane el Mekki,Morocco,32.3736,-8.5395,2026-09-23,2026-09-17 10:41:48.532983+00:00,35.4,18.9,0.0,0,17.4,35.6,45,open-meteo,7.33,82.87
Ouaklim Oukider,Morocco,31.45,-5.55,2026-09-17,2026-09-17 10:41:48.618813+00:00,30.5,18.7,0.1,30,22.0,49.3,3,open-meteo,7.81,88.53
Ouaklim Oukider,Morocco,31.45,-5.55,2026-09-18,2026-09-17 10:41:48.618813+00:00,31.2,19.1,0.0,33,15.7,28.8,3,open-meteo,4.84,90.61
Ouaklim Oukider,Morocco,31.45,-5.55,2026-09-19,2026-09-17 10:41:48.618813+00:00,29.7,20.1,0.3,19,24.3,47.9,61,open-meteo,8.23,80.74
Ouaklim Oukider,Morocco,31.45,-5.55,2026-09-20,2026-09-17 10:41:48.618813+00:00,30.0,18.5,0.6,25,15.2,37.4,3,open-meteo,6.44,89.49
Ouaklim Oukider,Morocco,31.45,-5.55,2026-09-21,2026-09-17 10:41:48.618813+00:00,29.7,18.8,1.8,48,14.7,25.2,80,open-meteo,6.76,78.77
Ouaklim Oukider,Morocco,31.45,-5.55,2026-09-22,2026-09-17 10:41:48.618813+00:00,29.3,17.9,0.3,10,15.7,28.1,3,open-meteo,5.17,90.38
Ouaklim Oukider,Morocco,31.45,-5.55,2026-09-23,2026-09-17 10:41:48.618813+00:00,30.9,18.2,0.0,10,15.8,27.7,2,open-meteo,4.75,93.67
Matmata,Morocco,34.0945,-4.4842,2026-09-17,2026-09-17 10:41:48.713348+00:00,29.6,16.2,0.0,0,12.6,24.1,3,open-meteo,3.99,91.21
Matmata,Morocco,34.0945,-4.4842,2026-09-18,2026-09-17 10:41:48.713348+00:00,32.3,15.8,0.0,0,17.9,32.8,2,open-meteo,5.52,93.14
Matmata,Morocco,34.0945,-4.4842,2026-09-19,2026-09-17 10:41:48.713348+00:00,31.7,21.0,0.0,0,34.3,65.2,2,open-meteo,10.81,89.43
Matmata,Morocco,34.0945,-4.4842,2026-09-20,2026-09-17 10:41:48.713348+00:00,34.1,22.2,0.0,0,27.7,51.5,2,open-meteo,8.61,90.97
Matmata,Morocco,34.0945,-4.4842,2026-09-21,2026-09-17 10:41:48.713348+00:00,33.9,22.2,0.0,3,23.6,44.6,2,open-meteo,7.41,91.81
Matmata,Morocco,34.0945,-4.4842,2026-09-22,2026-09-17 10:41:48.713348+00:00,35.8,21.0,0.0,0,11.9,24.1,1,open-meteo,7.1,95.03
Matmata,Morocco,34.0945,-4.4842,2026-09-23,2026-09-17 10:41:48.713348+00:00,36.3,18.0,0.0,0,11.6,23.8,0,open-meteo,9.03,93.68
Lamhadi,Morocco,30.3725,-9.0478,2026-09-17,2026-09-17 10:41:48.795062+00:00,29.9,19.3,0.0,0,26.8,46.4,45,open-meteo,7.99,82.41
Lamhadi,Morocco,30.3725,-9.0478,2026-09-18,2026-09-17 10:41:48.795062+00:00,29.9,18.2,0.0,0,23.7,41.0,2,open-meteo,7.06,92.06
Lamhadi,Morocco,30.3725,-9.0478,2026-09-19,2026-09-17 10:41:48.795062+00:00,30.5,18.8,0.0,0,24.3,42.5,2,open-meteo,7.29,91.9
Lamhadi,Morocco,30.3725,-9.0478,2026-09-20,2026-09-17 10:41:48.795062+00:00,31.0,19.3,0.0,0,24.4,43.2,1,open-meteo,7.37,94.84
Lamhadi,Morocco,30.3725,-9.0478,2026-09-21,2026-09-17 10:41:48.795062+00:00,37.2,20.6,0.0,0,25.9,44.3,2,open-meteo,16.47,85.47
Lamhadi,Morocco,30.3725,-9.0478,2026-09-22,2026-09-17 10:41:48.795062+00:00,39.2,19.7,0.0,0,27.2,45.0,2,open-meteo,24.7,79.71
Lamhadi,Morocco,30.3725,-9.0478,2026-09-23,2026-09-17 10:41:48.795062+00:00,39.0,21.1,0.0,3,24.5,42.1,0,open-meteo,23.27,83.71
Sidi Amer El Hadi,Morocco,34.7992,-5.8394,2026-09-17,2026-09-17 10:41:48.874322+00:00,26.8,16.8,0.0,0,14.3,29.2,3,open-meteo,4.71,90.7
Sidi Amer El Hadi,Morocco,34.7992,-5.8394,2026-09-18,2026-09-17 10:41:48.874322+00:00,29.1,15.0,0.0,0,17.9,36.7,3,open-meteo,5.91,89.86
Sidi Amer El Hadi,Morocco,34.7992,-5.8394,2026-09-19,2026-09-17 10:41:48.874322+00:00,34.5,19.1,0.0,0,16.6,33.1,2,open-meteo,5.39,93.23
Sidi Amer El Hadi,Morocco,34.7992,-5.8394,2026-09-20,2026-09-17 10:41:48.874322+00:00,36.6,23.3,0.0,0,12.8,27.4,1,open-meteo,10.74,92.48
Sidi Amer El Hadi,Morocco,34.7992,-5.8394,2026-09-21,2026-09-17 10:41:48.874322+00:00,35.0,22.3,0.0,3,12.2,27.0,1,open-meteo,4.23,97.04
Sidi Amer El Hadi,Morocco,34.7992,-5.8394,2026-09-22,2026-09-17 10:41:48.874322+00:00,33.0,20.7,0.0,0,17.3,34.6,3,open-meteo,5.62,90.07
Sidi Amer El Hadi,Morocco,34.7992,-5.8394,2026-09-23,2026-09-17 10:41:48.874322+00:00,34.5,19.5,0.0,0,14.6,31.3,1,open-meteo,4.96,96.53
Takad Sahel,Morocco,30.25,-9.55,2026-09-17,2026-09-17 10:41:48.957134+00:00,26.1,20.9,0.0,0,22.4,36.4,3,open-meteo,6.44,89.49
Takad Sahel,Morocco,30.25,-9.55,2026-09-18,2026-09-17 10:41:48.957134+00:00,25.2,19.7,0.0,0,20.6,33.8,2,open-meteo,5.96,92.83
Takad Sahel,Morocco,30.25,-9.55,2026-09-19,2026-09-17 10:41:48.957134+00:00,25.2,20.5,0.0,0,19.4,32.0,3,open-meteo,5.62,90.07
Takad Sahel,Morocco,30.25,-9.55,2026-09-20,2026-09-17 10:41:48.957134+00:00,25.6,20.8,0.0,0,18.1,30.6,3,open-meteo,5.32,90.28
Takad Sahel,Morocco,30.25,-9.55,2026-09-21,2026-09-17 10:41:48.957134+00:00,27.3,20.1,0.0,0,16.2,27.7,1,open-meteo,4.79,96.65
Takad Sahel,Morocco,30.25,-9.55,2026-09-22,2026-09-17 10:41:48.957134+00:00,36.2,19.9,0.0,0,17.2,38.2,1,open-meteo,10.77,92.46
Takad Sahel,Morocco,30.25,-9.55,2026-09-23,2026-09-17 10:41:48.957134+00:00,33.1,19.6,0.0,0,17.0,37.4,0,open-meteo,5.87,95.89
Oulad Hamdane,Morocco,32.4199,-8.664,2026-09-17,2026-09-17 10:41:49.051881+00:00,27.7,18.8,0.0,0,19.1,34.2,3,open-meteo,5.81,89.93
Oulad Hamdane,Morocco,32.4199,-8.664,2026-09-18,2026-09-17 10:41:49.051881+00:00,29.9,17.6,0.0,0,19.8,34.6,1,open-meteo,5.94,95.84
Oulad Hamdane,Morocco,32.4199,-8.664,2026-09-19,2026-09-17 10:41:49.051881+00:00,31.8,17.4,0.0,0,17.8,31.3,3,open-meteo,5.36,90.25
Oulad Hamdane,Morocco,32.4199,-8.664,2026-09-20,2026-09-17 10:41:49.051881+00:00,34.1,20.3,0.0,0,17.4,31.3,2,open-meteo,5.3,93.29
Oulad Hamdane,Morocco,32.4199,-8.664,2026-09-21,2026-09-17 10:41:49.051881+00:00,35.0,20.3,0.0,0,18.8,33.1,45,open-meteo,5.66,84.04
Oulad Hamdane,Morocco,32.4199,-8.664,2026-09-22,2026-09-17 10:41:49.051881+00:00,35.7,18.7,0.0,0,16.3,31.3,45,open-meteo,7.97,82.42
Oulad Hamdane,Morocco,32.4199,-8.664,2026-09-23,2026-09-17 10:41:49.051881+00:00,35.3,19.8,0.0,0,18.4,34.6,45,open-meteo,6.96,83.13
Jamaat Shaim,Morocco,32.35,-8.85,2026-09-17,2026-09-17 10:41:49.139861+00:00,27.8,18.4,0.0,0,18.4,33.8,2,open-meteo,5.68,93.02
Jamaat Shaim,Morocco,32.35,-8.85,2026-09-18,2026-09-17 10:41:49.139861+00:00,30.1,17.5,0.0,0,19.4,35.3,1,open-meteo,5.96,95.83
Jamaat Shaim,Morocco,32.35,-8.85,2026-09-19,2026-09-17 10:41:49.139861+00:00,31.7,17.3,0.0,0,16.5,30.6,3,open-meteo,5.12,90.42
Jamaat Shaim,Morocco,32.35,-8.85,2026-09-20,2026-09-17 10:41:49.139861+00:00,33.6,19.8,0.0,0,15.5,29.9,2,open-meteo,4.93,93.55
Jamaat Shaim,Morocco,32.35,-8.85,2026-09-21,2026-09-17 10:41:49.139861+00:00,34.3,19.7,0.0,0,16.1,29.9,45,open-meteo,5.0,84.5
Jamaat Shaim,Morocco,32.35,-8.85,2026-09-22,2026-09-17 10:41:49.139861+00:00,35.0,18.7,0.0,0,15.2,29.5,45,open-meteo,4.85,84.61
Jamaat Shaim,Morocco,32.35,-8.85,2026-09-23,2026-09-17 10:41:49.139861+00:00,34.7,19.2,0.0,0,17.5,33.1,45,open-meteo,5.5,84.15
Aj Jourf,Morocco,31.4903,-4.4014,2026-09-17,2026-09-17 10:41:49.217306+00:00,34.6,21.2,0.1,23,21.4,37.1,3,open-meteo,6.52,89.44
Aj Jourf,Morocco,31.4903,-4.4014,2026-09-18,2026-09-17 10:41:49.217306+00:00,33.9,21.2,0.0,10,18.2,41.8,3,open-meteo,6.46,89.48
Aj Jourf,Morocco,31.4903,-4.4014,2026-09-19,2026-09-17 10:41:49.217306+00:00,34.3,23.2,0.9,10,33.8,55.1,80,open-meteo,10.94,75.84
Aj Jourf,Morocco,31.4903,-4.4014,2026-09-20,2026-09-17 10:41:49.217306+00:00,32.3,21.5,0.5,8,19.5,30.6,80,open-meteo,6.16,79.19
Aj Jourf,Morocco,31.4903,-4.4014,2026-09-21,2026-09-17 10:41:49.217306+00:00,32.1,22.3,2.1,30,26.4,41.4,3,open-meteo,10.24,86.83
Aj Jourf,Morocco,31.4903,-4.4014,2026-09-22,2026-09-17 10:41:49.217306+00:00,32.3,19.8,0.0,6,8.4,15.1,2,open-meteo,2.56,95.21
Aj Jourf,Morocco,31.4903,-4.4014,2026-09-23,2026-09-17 10:41:49.217306+00:00,33.6,21.6,0.0,5,11.3,17.3,2,open-meteo,3.14,94.8
Toualet,Morocco,32.7769,-7.6669,2026-09-17,2026-09-17 10:41:49.302900+00:00,28.1,16.2,0.0,0,19.5,37.4,3,open-meteo,6.18,89.67
Toualet,Morocco,32.7769,-7.6669,2026-09-18,2026-09-17 10:41:49.302900+00:00,30.0,15.8,0.0,0,18.4,35.6,3,open-meteo,5.86,89.9
Toualet,Morocco,32.7769,-7.6669,2026-09-19,2026-09-17 10:41:49.302900+00:00,33.5,16.8,0.0,0,18.8,36.4,2,open-meteo,5.99,92.81
Toualet,Morocco,32.7769,-7.6669,2026-09-20,2026-09-17 10:41:49.302900+00:00,35.6,20.7,0.0,5,18.6,37.1,2,open-meteo,8.44,91.09
Toualet,Morocco,32.7769,-7.6669,2026-09-21,2026-09-17 10:41:49.302900+00:00,37.3,20.3,0.0,6,20.5,39.6,2,open-meteo,15.72,86.0
Toualet,Morocco,32.7769,-7.6669,2026-09-22,2026-09-17 10:41:49.302900+00:00,35.8,16.9,0.0,5,17.6,35.3,1,open-meteo,8.93,93.75
Toualet,Morocco,32.7769,-7.6669,2026-09-23,2026-09-17 10:41:49.302900+00:00,35.6,17.3,0.0,0,20.1,40.7,0,open-meteo,8.98,93.71
Kissane Ltouqi,Morocco,34.6,-5.0833,2026-09-17,2026-09-17 10:41:49.391205+00:00,28.1,16.8,0.0,0,13.2,24.5,3,open-meteo,4.1,91.13
Kissane Ltouqi,Morocco,34.6,-5.0833,2026-09-18,2026-09-17 10:41:49.391205+00:00,30.9,15.7,0.0,0,9.2,19.4,3,open-meteo,3.09,91.84
Kissane Ltouqi,Morocco,34.6,-5.0833,2026-09-19,2026-09-17 10:41:49.391205+00:00,34.3,20.2,0.0,0,17.0,32.0,1,open-meteo,5.33,96.27
Kissane Ltouqi,Morocco,34.6,-5.0833,2026-09-20,2026-09-17 10:41:49.391205+00:00,35.1,22.6,0.0,0,11.7,25.6,2,open-meteo,4.42,93.91
Kissane Ltouqi,Morocco,34.6,-5.0833,2026-09-21,2026-09-17 10:41:49.391205+00:00,34.4,22.3,0.0,5,10.6,19.8,2,open-meteo,3.31,94.68
Kissane Ltouqi,Morocco,34.6,-5.0833,2026-09-22,2026-09-17 10:41:49.391205+00:00,34.2,21.1,0.0,0,8.6,17.3,3,open-meteo,2.81,92.03
Kissane Ltouqi,Morocco,34.6,-5.0833,2026-09-23,2026-09-17 10:41:49.391205+00:00,35.4,19.1,0.0,0,8.6,15.8,0,open-meteo,4.25,97.02
Zaouiet Says,Morocco,32.7931,-8.6506,2026-09-17,2026-09-17 10:41:49.468659+00:00,26.2,17.9,0.0,0,17.6,31.7,3,open-meteo,5.37,90.24
Zaouiet Says,Morocco,32.7931,-8.6506,2026-09-18,2026-09-17 10:41:49.468659+00:00,27.9,18.2,0.0,0,18.9,33.8,3,open-meteo,5.74,89.98
Zaouiet Says,Morocco,32.7931,-8.6506,2026-09-19,2026-09-17 10:41:49.468659+00:00,29.5,17.3,0.0,0,16.1,28.8,3,open-meteo,4.89,90.58
Zaouiet Says,Morocco,32.7931,-8.6506,2026-09-20,2026-09-17 10:41:49.468659+00:00,30.7,19.8,0.0,0,14.6,27.4,45,open-meteo,4.56,84.81
Zaouiet Says,Morocco,32.7931,-8.6506,2026-09-21,2026-09-17 10:41:49.468659+00:00,31.7,19.2,0.0,0,16.4,29.5,45,open-meteo,5.0,84.5
Zaouiet Says,Morocco,32.7931,-8.6506,2026-09-22,2026-09-17 10:41:49.468659+00:00,31.8,19.2,0.0,0,15.5,31.0,45,open-meteo,5.04,84.47
Zaouiet Says,Morocco,32.7931,-8.6506,2026-09-23,2026-09-17 10:41:49.468659+00:00,31.2,18.6,0.0,0,18.3,36.7,45,open-meteo,5.96,83.83
Tilmi,Morocco,31.8189,-5.7718,2026-09-17,2026-09-17 10:41:49.550403+00:00,20.7,11.4,7.6,85,23.9,42.8,81,open-meteo,17.4,68.32
Tilmi,Morocco,31.8189,-5.7718,2026-09-18,2026-09-17 10:41:49.550403+00:00,20.6,11.4,0.6,43,16.1,30.2,80,open-meteo,5.83,79.42
Tilmi,Morocco,31.8189,-5.7718,2026-09-19,2026-09-17 10:41:49.550403+00:00,20.4,11.9,2.2,70,15.0,24.8,95,open-meteo,7.29,67.9
Tilmi,Morocco,31.8189,-5.7718,2026-09-20,2026-09-17 10:41:49.550403+00:00,21.5,11.6,0.6,63,12.5,22.0,3,open-meteo,4.56,90.81
Tilmi,Morocco,31.8189,-5.7718,2026-09-21,2026-09-17 10:41:49.550403+00:00,21.6,12.3,0.9,63,25.6,42.8,3,open-meteo,8.68,87.92
Tilmi,Morocco,31.8189,-5.7718,2026-09-22,2026-09-17 10:41:49.550403+00:00,22.7,11.7,0.0,8,24.4,49.0,2,open-meteo,7.95,91.43
Tilmi,Morocco,31.8189,-5.7718,2026-09-23,2026-09-17 10:41:49.550403+00:00,24.6,10.9,0.0,13,20.3,39.6,3,open-meteo,6.5,89.45
Oued Laou,Morocco,35.45,-5.0833,2026-09-17,2026-09-17 10:41:49.630767+00:00,25.1,16.8,0.0,0,8.7,17.6,3,open-meteo,2.85,92.0
Oued Laou,Morocco,35.45,-5.0833,2026-09-18,2026-09-17 10:41:49.630767+00:00,25.3,17.1,0.2,0,15.2,28.8,3,open-meteo,5.05,90.47
Oued Laou,Morocco,35.45,-5.0833,2026-09-19,2026-09-17 10:41:49.630767+00:00,24.7,21.0,3.5,20,28.5,48.6,80,open-meteo,13.09,74.34
Oued Laou,Morocco,35.45,-5.0833,2026-09-20,2026-09-17 10:41:49.630767+00:00,24.3,22.5,5.8,44,22.6,40.7,80,open-meteo,14.63,73.26
Oued Laou,Morocco,35.45,-5.0833,2026-09-21,2026-09-17 10:41:49.630767+00:00,24.2,20.8,4.2,10,17.2,33.5,45,open-meteo,11.1,80.23
Oued Laou,Morocco,35.45,-5.0833,2026-09-22,2026-09-17 10:41:49.630767+00:00,26.9,20.6,0.0,0,12.2,23.0,45,open-meteo,3.83,85.32
Oued Laou,Morocco,35.45,-5.0833,2026-09-23,2026-09-17 10:41:49.630767+00:00,27.2,21.1,0.0,0,10.7,22.7,45,open-meteo,3.61,85.47
Teroual,Morocco,34.6886,-5.2409,2026-09-17,2026-09-17 10:41:49.712398+00:00,30.1,18.2,0.0,0,13.4,27.7,3,open-meteo,4.45,90.88
Teroual,Morocco,34.6886,-5.2409,2026-09-18,2026-09-17 10:41:49.712398+00:00,32.8,17.2,0.0,0,12.1,37.4,3,open-meteo,5.25,90.33
Teroual,Morocco,34.6886,-5.2409,2026-09-19,2026-09-17 10:41:49.712398+00:00,35.6,21.9,0.0,0,24.7,51.8,1,open-meteo,10.67,92.53
Teroual,Morocco,34.6886,-5.2409,2026-09-20,2026-09-17 10:41:49.712398+00:00,37.2,24.8,0.0,0,15.4,43.6,1,open-meteo,15.09,89.44
Teroual,Morocco,34.6886,-5.2409,2026-09-21,2026-09-17 10:41:49.712398+00:00,36.5,24.0,0.0,5,12.3,37.4,1,open-meteo,11.28,92.1
Teroual,Morocco,34.6886,-5.2409,2026-09-22,2026-09-17 10:41:49.712398+00:00,35.7,22.3,0.0,0,8.9,26.3,3,open-meteo,6.54,89.42
Teroual,Morocco,34.6886,-5.2409,2026-09-23,2026-09-17 10:41:49.712398+00:00,37.1,21.0,0.0,0,8.2,21.6,1,open-meteo,11.59,91.89
Lahfayr,Morocco,30.57,-8.4878,2026-09-17,2026-09-17 10:41:49.791481+00:00,30.2,18.7,0.0,0,26.5,45.7,3,open-meteo,7.88,88.48
Lahfayr,Morocco,30.57,-8.4878,2026-09-18,2026-09-17 10:41:49.791481+00:00,30.6,17.6,0.0,0,26.5,45.4,3,open-meteo,7.85,88.5
Lahfayr,Morocco,30.57,-8.4878,2026-09-19,2026-09-17 10:41:49.791481+00:00,32.0,20.1,0.0,0,27.8,49.0,2,open-meteo,8.38,91.13
Lahfayr,Morocco,30.57,-8.4878,2026-09-20,2026-09-17 10:41:49.791481+00:00,37.7,21.3,0.0,3,31.2,57.6,2,open-meteo,20.46,82.68
Lahfayr,Morocco,30.57,-8.4878,2026-09-21,2026-09-17 10:41:49.791481+00:00,39.0,21.8,0.0,3,30.3,52.9,1,open-meteo,25.08,82.44
Lahfayr,Morocco,30.57,-8.4878,2026-09-22,2026-09-17 10:41:49.791481+00:00,38.2,20.3,0.0,0,24.5,52.2,2,open-meteo,21.08,82.24
Lahfayr,Morocco,30.57,-8.4878,2026-09-23,2026-09-17 10:41:49.791481+00:00,38.7,19.3,0.0,0,21.6,41.0,1,open-meteo,21.6,84.88
Tamanar,Morocco,31.0833,-9.6756,2026-09-17,2026-09-17 10:41:49.871698+00:00,29.6,21.9,0.0,0,29.9,52.9,3,open-meteo,9.03,87.68
Tamanar,Morocco,31.0833,-9.6756,2026-09-18,2026-09-17 10:41:49.871698+00:00,32.6,19.0,0.0,0,23.0,43.9,0,open-meteo,7.26,94.92
Tamanar,Morocco,31.0833,-9.6756,2026-09-19,2026-09-17 10:41:49.871698+00:00,32.0,20.0,0.0,0,14.5,25.6,2,open-meteo,4.37,93.94
Tamanar,Morocco,31.0833,-9.6756,2026-09-20,2026-09-17 10:41:49.871698+00:00,29.6,21.4,0.0,0,13.7,24.8,2,open-meteo,4.19,94.07
Tamanar,Morocco,31.0833,-9.6756,2026-09-21,2026-09-17 10:41:49.871698+00:00,32.5,21.3,0.0,0,12.5,24.1,45,open-meteo,3.97,85.22
Tamanar,Morocco,31.0833,-9.6756,2026-09-22,2026-09-17 10:41:49.871698+00:00,36.1,20.4,0.0,0,13.3,27.4,3,open-meteo,8.8,87.84
Tamanar,Morocco,31.0833,-9.6756,2026-09-23,2026-09-17 10:41:49.871698+00:00,35.4,19.6,0.0,0,12.9,26.3,0,open-meteo,5.84,95.91
Tissaf,Morocco,33.3259,-3.3202,2026-09-17,2026-09-17 10:41:49.959424+00:00,27.7,14.8,0.0,5,22.2,37.1,3,open-meteo,6.48,89.46
Tissaf,Morocco,33.3259,-3.3202,2026-09-18,2026-09-17 10:41:49.959424+00:00,27.4,14.8,0.0,10,19.5,32.8,2,open-meteo,5.72,93.0
Tissaf,Morocco,33.3259,-3.3202,2026-09-19,2026-09-17 10:41:49.959424+00:00,28.0,16.0,3.2,48,23.6,42.8,80,open-meteo,11.5,75.45
Tissaf,Morocco,33.3259,-3.3202,2026-09-20,2026-09-17 10:41:49.959424+00:00,28.6,17.1,0.0,10,15.1,25.9,2,open-meteo,4.48,93.86
Tissaf,Morocco,33.3259,-3.3202,2026-09-21,2026-09-17 10:41:49.959424+00:00,24.4,17.2,0.9,23,15.9,34.2,80,open-meteo,6.61,78.87
Tissaf,Morocco,33.3259,-3.3202,2026-09-22,2026-09-17 10:41:49.959424+00:00,27.8,14.2,0.0,5,19.7,34.9,3,open-meteo,5.95,89.83
Tissaf,Morocco,33.3259,-3.3202,2026-09-23,2026-09-17 10:41:49.959424+00:00,28.7,15.1,0.0,5,22.1,38.2,2,open-meteo,6.58,92.39
Tilougguit,Morocco,32.0333,-6.2,2026-09-17,2026-09-17 10:41:50.042316+00:00,29.8,15.4,0.1,18,18.7,42.5,3,open-meteo,6.72,89.3
Tilougguit,Morocco,32.0333,-6.2,2026-09-18,2026-09-17 10:41:50.042316+00:00,29.1,16.6,0.0,8,19.8,40.3,3,open-meteo,6.5,89.45
Tilougguit,Morocco,32.0333,-6.2,2026-09-19,2026-09-17 10:41:50.042316+00:00,29.6,19.0,0.1,13,12.9,26.6,3,open-meteo,4.41,90.91
Tilougguit,Morocco,32.0333,-6.2,2026-09-20,2026-09-17 10:41:50.042316+00:00,30.9,20.1,0.3,28,12.3,49.7,3,open-meteo,6.91,89.16
Tilougguit,Morocco,32.0333,-6.2,2026-09-21,2026-09-17 10:41:50.042316+00:00,30.2,19.5,0.3,25,20.4,47.9,3,open-meteo,7.74,88.58
Tilougguit,Morocco,32.0333,-6.2,2026-09-22,2026-09-17 10:41:50.042316+00:00,30.8,18.9,0.0,3,19.6,38.2,2,open-meteo,6.27,92.61
Tilougguit,Morocco,32.0333,-6.2,2026-09-23,2026-09-17 10:41:50.042316+00:00,31.8,19.6,0.0,0,18.2,36.0,0,open-meteo,5.88,95.88
Douar Oulad Naoual,Morocco,34.4936,-5.7108,2026-09-17,2026-09-17 10:41:50.123056+00:00,28.9,19.3,0.0,0,14.0,26.6,3,open-meteo,4.41,90.91
Douar Oulad Naoual,Morocco,34.4936,-5.7108,2026-09-18,2026-09-17 10:41:50.123056+00:00,32.1,16.4,0.0,0,13.7,27.0,45,open-meteo,4.41,84.91
Douar Oulad Naoual,Morocco,34.4936,-5.7108,2026-09-19,2026-09-17 10:41:50.123056+00:00,36.9,18.9,0.0,0,20.9,39.6,2,open-meteo,14.17,87.08
Douar Oulad Naoual,Morocco,34.4936,-5.7108,2026-09-20,2026-09-17 10:41:50.123056+00:00,38.4,25.1,0.0,0,21.4,41.4,2,open-meteo,20.41,82.71
Douar Oulad Naoual,Morocco,34.4936,-5.7108,2026-09-21,2026-09-17 10:41:50.123056+00:00,37.5,24.0,0.0,0,15.8,30.6,1,open-meteo,15.04,89.47
Douar Oulad Naoual,Morocco,34.4936,-5.7108,2026-09-22,2026-09-17 10:41:50.123056+00:00,35.7,21.1,0.0,0,12.7,31.3,2,open-meteo,7.52,91.74
Douar Oulad Naoual,Morocco,34.4936,-5.7108,2026-09-23,2026-09-17 10:41:50.123056+00:00,37.2,19.7,0.0,0,13.0,29.5,0,open-meteo,13.38,90.63
Timahdit,Morocco,33.2369,-5.06,2026-09-17,2026-09-17 10:41:50.205417+00:00,24.5,9.9,0.0,3,18.5,36.0,3,open-meteo,5.91,89.86
Timahdit,Morocco,33.2369,-5.06,2026-09-18,2026-09-17 10:41:50.205417+00:00,24.2,8.3,0.0,3,18.6,36.4,3,open-meteo,5.97,89.82
Timahdit,Morocco,33.2369,-5.06,2026-09-19,2026-09-17 10:41:50.205417+00:00,24.7,13.1,0.4,53,19.4,38.5,80,open-meteo,6.81,78.73
Timahdit,Morocco,33.2369,-5.06,2026-09-20,2026-09-17 10:41:50.205417+00:00,26.2,11.9,0.3,20,20.8,41.0,3,open-meteo,7.1,89.03
Timahdit,Morocco,33.2369,-5.06,2026-09-21,2026-09-17 10:41:50.205417+00:00,25.4,12.0,0.0,15,19.5,45.7,2,open-meteo,7.01,92.09
Timahdit,Morocco,33.2369,-5.06,2026-09-22,2026-09-17 10:41:50.205417+00:00,24.5,10.1,0.0,0,19.4,39.2,2,open-meteo,6.35,92.56
Timahdit,Morocco,33.2369,-5.06,2026-09-23,2026-09-17 10:41:50.205417+00:00,26.2,12.0,0.0,3,16.2,31.7,2,open-meteo,5.19,93.37
Bou Adel,Morocco,34.5428,-4.5075,2026-09-17,2026-09-17 10:41:50.287418+00:00,29.0,15.9,0.0,0,13.3,25.9,45,open-meteo,4.25,85.02
Bou Adel,Morocco,34.5428,-4.5075,2026-09-18,2026-09-17 10:41:50.287418+00:00,31.3,17.4,0.0,0,15.3,35.3,3,open-meteo,5.44,90.19
Bou Adel,Morocco,34.5428,-4.5075,2026-09-19,2026-09-17 10:41:50.287418+00:00,32.5,22.1,0.0,0,27.3,54.7,1,open-meteo,8.88,93.78
Bou Adel,Morocco,34.5428,-4.5075,2026-09-20,2026-09-17 10:41:50.287418+00:00,34.6,23.0,0.0,3,20.5,38.9,3,open-meteo,6.45,89.48
Bou Adel,Morocco,34.5428,-4.5075,2026-09-21,2026-09-17 10:41:50.287418+00:00,33.4,22.9,0.0,8,20.9,38.5,2,open-meteo,6.46,92.48
Bou Adel,Morocco,34.5428,-4.5075,2026-09-22,2026-09-17 10:41:50.287418+00:00,33.9,21.9,0.0,0,10.1,24.1,3,open-meteo,3.67,91.43
Bou Adel,Morocco,34.5428,-4.5075,2026-09-23,2026-09-17 10:41:50.287418+00:00,34.8,22.3,0.0,0,13.6,29.2,2,open-meteo,4.62,93.77
Taïneste,Morocco,34.5556,-4.1347,2026-09-17,2026-09-17 10:41:50.373536+00:00,26.6,12.6,0.0,0,15.7,35.6,3,open-meteo,5.52,90.14
Taïneste,Morocco,34.5556,-4.1347,2026-09-18,2026-09-17 10:41:50.373536+00:00,27.7,13.3,0.0,0,15.6,45.4,3,open-meteo,6.49,89.46
Taïneste,Morocco,34.5556,-4.1347,2026-09-19,2026-09-17 10:41:50.373536+00:00,26.7,16.4,0.0,0,24.5,55.8,2,open-meteo,8.64,90.95
Taïneste,Morocco,34.5556,-4.1347,2026-09-20,2026-09-17 10:41:50.373536+00:00,29.0,17.4,0.0,0,21.4,47.9,3,open-meteo,7.46,88.78
Taïneste,Morocco,34.5556,-4.1347,2026-09-21,2026-09-17 10:41:50.373536+00:00,28.0,17.2,0.0,5,17.9,45.4,2,open-meteo,6.78,92.25
Taïneste,Morocco,34.5556,-4.1347,2026-09-22,2026-09-17 10:41:50.373536+00:00,28.1,15.9,0.0,0,11.5,34.9,2,open-meteo,4.93,93.55
Taïneste,Morocco,34.5556,-4.1347,2026-09-23,2026-09-17 10:41:50.373536+00:00,29.3,15.8,0.0,0,14.6,31.7,2,open-meteo,4.99,93.51
Dzouz,Morocco,31.8697,-7.3097,2026-09-17,2026-09-17 10:41:50.466188+00:00,28.8,16.2,0.0,0,15.7,29.5,45,open-meteo,4.91,84.56
Dzouz,Morocco,31.8697,-7.3097,2026-09-18,2026-09-17 10:41:50.466188+00:00,30.5,16.8,0.0,0,13.0,23.8,2,open-meteo,4.0,94.2
Dzouz,Morocco,31.8697,-7.3097,2026-09-19,2026-09-17 10:41:50.466188+00:00,34.1,19.2,0.0,3,15.3,28.8,2,open-meteo,4.79,93.65
Dzouz,Morocco,31.8697,-7.3097,2026-09-20,2026-09-17 10:41:50.466188+00:00,36.5,22.4,0.2,13,18.5,33.8,2,open-meteo,11.96,88.63
Dzouz,Morocco,31.8697,-7.3097,2026-09-21,2026-09-17 10:41:50.466188+00:00,36.6,21.2,0.1,5,17.4,34.2,2,open-meteo,12.13,88.51
Dzouz,Morocco,31.8697,-7.3097,2026-09-22,2026-09-17 10:41:50.466188+00:00,35.3,20.1,0.0,5,13.6,24.8,1,open-meteo,5.38,96.23
Dzouz,Morocco,31.8697,-7.3097,2026-09-23,2026-09-17 10:41:50.466188+00:00,35.5,17.9,0.0,0,15.6,28.8,1,open-meteo,6.83,95.22
Dar Ould Zidouh,Morocco,32.3429,-6.894,2026-09-17,2026-09-17 10:41:50.547077+00:00,32.7,16.9,0.0,0,13.3,23.0,3,open-meteo,3.96,91.23
Dar Ould Zidouh,Morocco,32.3429,-6.894,2026-09-18,2026-09-17 10:41:50.547077+00:00,33.8,17.7,0.0,0,12.1,21.2,3,open-meteo,3.63,91.46
Dar Ould Zidouh,Morocco,32.3429,-6.894,2026-09-19,2026-09-17 10:41:50.547077+00:00,37.9,19.9,0.0,0,8.7,18.7,3,open-meteo,14.56,83.81
Dar Ould Zidouh,Morocco,32.3429,-6.894,2026-09-20,2026-09-17 10:41:50.547077+00:00,39.3,22.6,0.3,6,15.5,26.6,80,open-meteo,22.2,67.96
Dar Ould Zidouh,Morocco,32.3429,-6.894,2026-09-21,2026-09-17 10:41:50.547077+00:00,38.9,22.8,0.3,5,12.6,27.7,80,open-meteo,20.34,69.26
Dar Ould Zidouh,Morocco,32.3429,-6.894,2026-09-22,2026-09-17 10:41:50.547077+00:00,38.2,20.7,0.0,5,12.0,24.8,2,open-meteo,16.78,85.25
Dar Ould Zidouh,Morocco,32.3429,-6.894,2026-09-23,2026-09-17 10:41:50.547077+00:00,38.4,19.8,0.0,0,15.6,28.4,0,open-meteo,18.39,87.13
Asjen,Morocco,34.85,-5.6167,2026-09-17,2026-09-17 10:41:50.629571+00:00,27.9,15.9,0.0,0,15.9,31.3,3,open-meteo,5.12,90.42
Asjen,Morocco,34.85,-5.6167,2026-09-18,2026-09-17 10:41:50.629571+00:00,30.4,14.4,0.0,0,18.6,35.6,3,open-meteo,5.89,89.88
Asjen,Morocco,34.85,-5.6167,2026-09-19,2026-09-17 10:41:50.629571+00:00,35.1,18.2,0.0,0,17.8,37.4,1,open-meteo,6.37,95.54
Asjen,Morocco,34.85,-5.6167,2026-09-20,2026-09-17 10:41:50.629571+00:00,37.4,22.4,0.0,0,10.1,24.1,2,open-meteo,13.27,87.71
Asjen,Morocco,34.85,-5.6167,2026-09-21,2026-09-17 10:41:50.629571+00:00,35.8,21.4,0.0,3,12.5,24.8,1,open-meteo,7.24,94.93
Asjen,Morocco,34.85,-5.6167,2026-09-22,2026-09-17 10:41:50.629571+00:00,35.4,20.2,0.0,0,11.6,30.2,3,open-meteo,6.07,89.75
Asjen,Morocco,34.85,-5.6167,2026-09-23,2026-09-17 10:41:50.629571+00:00,36.1,18.6,0.0,0,14.4,29.2,1,open-meteo,9.12,93.62
Steha,Morocco,35.3646,-4.9306,2026-09-17,2026-09-17 10:41:50.713282+00:00,24.2,20.0,0.0,0,9.4,16.9,3,open-meteo,2.87,91.99
Steha,Morocco,35.3646,-4.9306,2026-09-18,2026-09-17 10:41:50.713282+00:00,25.0,19.9,0.0,0,14.4,23.0,3,open-meteo,4.1,91.13
Steha,Morocco,35.3646,-4.9306,2026-09-19,2026-09-17 10:41:50.713282+00:00,24.5,21.7,2.8,27,25.6,43.2,80,open-meteo,11.25,75.62
Steha,Morocco,35.3646,-4.9306,2026-09-20,2026-09-17 10:41:50.713282+00:00,24.5,23.0,4.2,53,17.4,29.2,80,open-meteo,10.7,76.01
Steha,Morocco,35.3646,-4.9306,2026-09-21,2026-09-17 10:41:50.713282+00:00,24.4,22.1,0.9,20,14.6,24.1,80,open-meteo,5.44,79.69
Steha,Morocco,35.3646,-4.9306,2026-09-22,2026-09-17 10:41:50.713282+00:00,26.1,21.5,0.0,0,10.2,18.7,2,open-meteo,3.15,94.79
Steha,Morocco,35.3646,-4.9306,2026-09-23,2026-09-17 10:41:50.713282+00:00,26.3,22.3,0.0,3,9.5,18.4,2,open-meteo,3.03,94.88
Mayate,Morocco,32.2719,-7.525,2026-09-17,2026-09-17 10:41:50.802031+00:00,29.9,17.9,0.0,0,20.4,32.8,3,open-meteo,5.83,89.92
Mayate,Morocco,32.2719,-7.525,2026-09-18,2026-09-17 10:41:50.802031+00:00,31.6,18.3,0.0,0,19.4,30.6,3,open-meteo,5.49,90.16
Mayate,Morocco,32.2719,-7.525,2026-09-19,2026-09-17 10:41:50.802031+00:00,35.2,20.7,0.0,0,21.8,34.9,3,open-meteo,7.02,89.09
Mayate,Morocco,32.2719,-7.525,2026-09-20,2026-09-17 10:41:50.802031+00:00,37.0,23.8,0.0,0,22.3,36.0,2,open-meteo,14.39,86.93
Mayate,Morocco,32.2719,-7.525,2026-09-21,2026-09-17 10:41:50.802031+00:00,38.0,23.0,0.0,3,27.5,43.9,2,open-meteo,19.83,83.12
Mayate,Morocco,32.2719,-7.525,2026-09-22,2026-09-17 10:41:50.802031+00:00,36.5,22.1,0.0,3,17.9,28.4,2,open-meteo,11.08,89.24
Mayate,Morocco,32.2719,-7.525,2026-09-23,2026-09-17 10:41:50.802031+00:00,36.3,21.6,0.0,0,16.8,26.6,1,open-meteo,9.96,93.03
Tatoufet,Morocco,35.0339,-5.7706,2026-09-17,2026-09-17 10:41:50.888280+00:00,27.9,17.4,0.0,0,16.0,30.2,3,open-meteo,5.02,90.49
Tatoufet,Morocco,35.0339,-5.7706,2026-09-18,2026-09-17 10:41:50.888280+00:00,30.3,15.8,0.0,0,20.0,38.5,3,open-meteo,6.35,89.56
Tatoufet,Morocco,35.0339,-5.7706,2026-09-19,2026-09-17 10:41:50.888280+00:00,35.1,19.0,0.0,0,16.5,32.8,1,open-meteo,5.74,95.98
Tatoufet,Morocco,35.0339,-5.7706,2026-09-20,2026-09-17 10:41:50.888280+00:00,37.1,24.4,0.0,0,12.1,22.7,1,open-meteo,12.18,91.47
Tatoufet,Morocco,35.0339,-5.7706,2026-09-21,2026-09-17 10:41:50.888280+00:00,35.7,22.8,0.0,3,10.9,23.0,1,open-meteo,6.46,95.48
Tatoufet,Morocco,35.0339,-5.7706,2026-09-22,2026-09-17 10:41:50.888280+00:00,35.3,21.8,0.0,0,13.6,28.1,3,open-meteo,5.71,90.0
Tatoufet,Morocco,35.0339,-5.7706,2026-09-23,2026-09-17 10:41:50.888280+00:00,36.7,19.8,0.0,0,13.4,30.2,1,open-meteo,11.5,91.95
Oulad Friha,Morocco,32.6108,-7.625,2026-09-17,2026-09-17 10:41:50.966191+00:00,28.9,16.3,0.0,0,19.2,38.5,2,open-meteo,6.25,92.62
Oulad Friha,Morocco,32.6108,-7.625,2026-09-18,2026-09-17 10:41:50.966191+00:00,30.9,16.0,0.0,0,16.3,32.8,3,open-meteo,5.32,90.28
Oulad Friha,Morocco,32.6108,-7.625,2026-09-19,2026-09-17 10:41:50.966191+00:00,34.3,17.0,0.0,0,17.7,35.6,2,open-meteo,5.77,92.96
Oulad Friha,Morocco,32.6108,-7.625,2026-09-20,2026-09-17 10:41:50.966191+00:00,36.3,21.4,0.0,3,18.0,37.4,2,open-meteo,11.19,89.17
Oulad Friha,Morocco,32.6108,-7.625,2026-09-21,2026-09-17 10:41:50.966191+00:00,37.7,21.0,0.0,5,18.5,41.8,2,open-meteo,17.29,84.9
Oulad Friha,Morocco,32.6108,-7.625,2026-09-22,2026-09-17 10:41:50.966191+00:00,36.5,18.2,0.0,5,18.9,33.8,1,open-meteo,11.74,91.78
Oulad Friha,Morocco,32.6108,-7.625,2026-09-23,2026-09-17 10:41:50.966191+00:00,36.4,18.2,0.0,0,21.3,39.2,45,open-meteo,12.18,79.47
Touama,Morocco,31.5339,-7.4872,2026-09-17,2026-09-17 10:41:51.055378+00:00,27.5,16.0,0.0,0,11.4,21.2,3,open-meteo,3.55,91.52
Touama,Morocco,31.5339,-7.4872,2026-09-18,2026-09-17 10:41:51.055378+00:00,28.6,15.7,0.0,3,11.9,21.2,3,open-meteo,3.61,91.47
Touama,Morocco,31.5339,-7.4872,2026-09-19,2026-09-17 10:41:51.055378+00:00,32.2,18.8,0.0,32,13.2,24.5,3,open-meteo,4.1,91.13
Touama,Morocco,31.5339,-7.4872,2026-09-20,2026-09-17 10:41:51.055378+00:00,34.4,23.2,0.3,35,14.4,25.6,3,open-meteo,4.76,90.67
Touama,Morocco,31.5339,-7.4872,2026-09-21,2026-09-17 10:41:51.055378+00:00,33.9,22.0,1.5,25,17.4,29.2,80,open-meteo,7.09,78.54
Touama,Morocco,31.5339,-7.4872,2026-09-22,2026-09-17 10:41:51.055378+00:00,31.8,22.7,0.0,15,19.3,40.3,1,open-meteo,6.44,95.49
Touama,Morocco,31.5339,-7.4872,2026-09-23,2026-09-17 10:41:51.055378+00:00,32.5,22.1,0.0,20,15.7,32.8,1,open-meteo,5.24,96.33
El Menzel,Morocco,33.8389,-4.5458,2026-09-17,2026-09-17 10:41:51.132916+00:00,27.2,16.3,0.0,0,19.0,42.5,3,open-meteo,6.62,89.37
El Menzel,Morocco,33.8389,-4.5458,2026-09-18,2026-09-17 10:41:51.132916+00:00,29.0,15.8,0.0,0,19.6,43.2,3,open-meteo,6.77,89.26
El Menzel,Morocco,33.8389,-4.5458,2026-09-19,2026-09-17 10:41:51.132916+00:00,33.6,18.9,0.1,16,22.2,49.3,3,open-meteo,7.84,88.51
El Menzel,Morocco,33.8389,-4.5458,2026-09-20,2026-09-17 10:41:51.132916+00:00,34.0,22.6,0.0,0,17.4,49.0,2,open-meteo,7.08,92.04
El Menzel,Morocco,33.8389,-4.5458,2026-09-21,2026-09-17 10:41:51.132916+00:00,32.8,21.4,0.0,5,18.5,41.0,2,open-meteo,6.41,92.51
El Menzel,Morocco,33.8389,-4.5458,2026-09-22,2026-09-17 10:41:51.132916+00:00,31.3,19.9,0.0,0,16.1,33.1,1,open-meteo,5.32,96.28
El Menzel,Morocco,33.8389,-4.5458,2026-09-23,2026-09-17 10:41:51.132916+00:00,31.9,19.6,0.0,0,17.2,36.0,0,open-meteo,5.75,95.97
Douar Trougout,Morocco,35.1797,-3.7714,2026-09-17,2026-09-17 10:41:51.211097+00:00,25.5,19.2,0.0,0,16.2,27.4,3,open-meteo,4.76,90.67
Douar Trougout,Morocco,35.1797,-3.7714,2026-09-18,2026-09-17 10:41:51.211097+00:00,26.6,18.6,0.0,0,17.4,32.0,3,open-meteo,5.38,90.23
Douar Trougout,Morocco,35.1797,-3.7714,2026-09-19,2026-09-17 10:41:51.211097+00:00,28.3,20.4,0.0,0,27.9,52.9,3,open-meteo,8.78,87.85
Douar Trougout,Morocco,35.1797,-3.7714,2026-09-20,2026-09-17 10:41:51.211097+00:00,27.7,23.2,0.0,0,25.8,46.4,2,open-meteo,7.87,91.49
Douar Trougout,Morocco,35.1797,-3.7714,2026-09-21,2026-09-17 10:41:51.211097+00:00,27.4,22.2,0.0,0,21.6,39.2,2,open-meteo,6.62,92.37
Douar Trougout,Morocco,35.1797,-3.7714,2026-09-22,2026-09-17 10:41:51.211097+00:00,30.1,19.4,0.0,0,13.5,25.2,1,open-meteo,4.21,97.05
Douar Trougout,Morocco,35.1797,-3.7714,2026-09-23,2026-09-17 10:41:51.211097+00:00,29.6,19.7,0.0,0,11.9,22.7,1,open-meteo,3.76,97.37
Zawiat Moulay Brahim,Morocco,31.2858,-7.9656,2026-09-17,2026-09-17 10:41:51.292756+00:00,25.1,14.5,0.0,3,14.2,28.4,3,open-meteo,4.61,90.77
Zawiat Moulay Brahim,Morocco,31.2858,-7.9656,2026-09-18,2026-09-17 10:41:51.292756+00:00,26.4,14.9,0.0,0,13.4,27.0,2,open-meteo,4.38,93.93
Zawiat Moulay Brahim,Morocco,31.2858,-7.9656,2026-09-19,2026-09-17 10:41:51.292756+00:00,29.9,18.0,0.2,23,13.4,27.0,2,open-meteo,4.64,93.75
Zawiat Moulay Brahim,Morocco,31.2858,-7.9656,2026-09-20,2026-09-17 10:41:51.292756+00:00,31.3,21.1,0.6,30,14.1,37.1,3,open-meteo,6.27,89.61
Zawiat Moulay Brahim,Morocco,31.2858,-7.9656,2026-09-21,2026-09-17 10:41:51.292756+00:00,30.2,20.6,3.3,15,17.5,34.2,80,open-meteo,10.01,76.49
Zawiat Moulay Brahim,Morocco,31.2858,-7.9656,2026-09-22,2026-09-17 10:41:51.292756+00:00,29.9,19.0,0.0,3,19.2,37.4,0,open-meteo,6.14,95.7
Zawiat Moulay Brahim,Morocco,31.2858,-7.9656,2026-09-23,2026-09-17 10:41:51.292756+00:00,29.7,18.3,0.0,0,16.1,33.8,2,open-meteo,5.39,93.23
Sebt Bni Garfett,Morocco,35.25,-5.8333,2026-09-17,2026-09-17 10:41:51.374443+00:00,28.3,16.4,0.0,0,14.0,27.7,3,open-meteo,4.52,90.84
Sebt Bni Garfett,Morocco,35.25,-5.8333,2026-09-18,2026-09-17 10:41:51.374443+00:00,30.6,15.2,0.0,0,18.2,37.8,3,open-meteo,6.05,89.77
Sebt Bni Garfett,Morocco,35.25,-5.8333,2026-09-19,2026-09-17 10:41:51.374443+00:00,34.3,21.3,0.0,0,26.7,55.4,1,open-meteo,8.88,93.78
Sebt Bni Garfett,Morocco,35.25,-5.8333,2026-09-20,2026-09-17 10:41:51.374443+00:00,35.9,25.6,0.0,0,22.7,45.7,0,open-meteo,11.01,92.29
Sebt Bni Garfett,Morocco,35.25,-5.8333,2026-09-21,2026-09-17 10:41:51.374443+00:00,35.6,24.4,0.0,3,18.1,36.7,2,open-meteo,8.33,91.17
Sebt Bni Garfett,Morocco,35.25,-5.8333,2026-09-22,2026-09-17 10:41:51.374443+00:00,35.5,23.0,0.0,0,13.5,30.2,2,open-meteo,6.71,92.3
Sebt Bni Garfett,Morocco,35.25,-5.8333,2026-09-23,2026-09-17 10:41:51.374443+00:00,37.1,21.9,0.0,0,13.9,28.8,1,open-meteo,13.02,90.89
Jem’at Oulad ’Abbou,Morocco,33.1148,-7.9336,2026-09-17,2026-09-17 10:41:51.455870+00:00,27.1,17.5,0.0,0,17.7,33.5,3,open-meteo,5.56,90.11
Jem’at Oulad ’Abbou,Morocco,33.1148,-7.9336,2026-09-18,2026-09-17 10:41:51.455870+00:00,28.0,16.7,0.0,0,18.8,36.0,3,open-meteo,5.95,89.83
Jem’at Oulad ’Abbou,Morocco,33.1148,-7.9336,2026-09-19,2026-09-17 10:41:51.455870+00:00,30.9,17.5,0.0,0,17.4,33.5,45,open-meteo,5.53,84.13
Jem’at Oulad ’Abbou,Morocco,33.1148,-7.9336,2026-09-20,2026-09-17 10:41:51.455870+00:00,34.1,20.5,0.0,0,16.3,32.8,45,open-meteo,5.32,84.28
Jem’at Oulad ’Abbou,Morocco,33.1148,-7.9336,2026-09-21,2026-09-17 10:41:51.455870+00:00,34.3,19.5,0.0,0,17.9,35.6,45,open-meteo,5.8,83.94
Jem’at Oulad ’Abbou,Morocco,33.1148,-7.9336,2026-09-22,2026-09-17 10:41:51.455870+00:00,33.5,19.2,0.0,0,16.9,33.8,45,open-meteo,5.49,84.16
Jem’at Oulad ’Abbou,Morocco,33.1148,-7.9336,2026-09-23,2026-09-17 10:41:51.455870+00:00,32.5,19.5,0.0,3,18.9,37.4,45,open-meteo,6.1,83.73
Derdara,Morocco,35.1206,-5.3647,2026-09-17,2026-09-17 10:41:51.537793+00:00,25.7,12.3,0.0,0,11.5,27.0,45,open-meteo,4.14,85.1
Derdara,Morocco,35.1206,-5.3647,2026-09-18,2026-09-17 10:41:51.537793+00:00,27.2,14.1,0.0,0,17.1,43.6,3,open-meteo,6.5,89.45
Derdara,Morocco,35.1206,-5.3647,2026-09-19,2026-09-17 10:41:51.537793+00:00,26.9,17.9,0.0,0,20.9,46.1,1,open-meteo,7.22,94.95
Derdara,Morocco,35.1206,-5.3647,2026-09-20,2026-09-17 10:41:51.537793+00:00,28.4,19.9,0.0,0,20.9,51.5,0,open-meteo,7.76,94.57
Derdara,Morocco,35.1206,-5.3647,2026-09-21,2026-09-17 10:41:51.537793+00:00,28.0,19.3,0.0,3,18.1,38.5,1,open-meteo,6.11,95.72
Derdara,Morocco,35.1206,-5.3647,2026-09-22,2026-09-17 10:41:51.537793+00:00,29.4,17.5,0.0,0,15.8,34.6,3,open-meteo,5.44,90.19
Derdara,Morocco,35.1206,-5.3647,2026-09-23,2026-09-17 10:41:51.537793+00:00,30.5,17.5,0.0,0,12.0,35.6,2,open-meteo,5.06,93.46
Zawyat Ahançal,Morocco,31.8325,-6.1056,2026-09-17,2026-09-17 10:41:51.617543+00:00,26.1,14.5,1.2,73,12.8,33.5,80,open-meteo,6.55,78.91
Zawyat Ahançal,Morocco,31.8325,-6.1056,2026-09-18,2026-09-17 10:41:51.617543+00:00,26.6,15.2,0.3,63,17.9,38.9,3,open-meteo,6.53,89.43
Zawyat Ahançal,Morocco,31.8325,-6.1056,2026-09-19,2026-09-17 10:41:51.617543+00:00,26.0,16.4,0.1,72,18.3,35.6,3,open-meteo,5.98,89.81
Zawyat Ahançal,Morocco,31.8325,-6.1056,2026-09-20,2026-09-17 10:41:51.617543+00:00,27.6,16.3,0.0,75,21.6,48.6,3,open-meteo,7.56,88.71
Zawyat Ahançal,Morocco,31.8325,-6.1056,2026-09-21,2026-09-17 10:41:51.617543+00:00,27.0,16.7,0.0,65,20.5,46.4,3,open-meteo,7.2,88.96
Zawyat Ahançal,Morocco,31.8325,-6.1056,2026-09-22,2026-09-17 10:41:51.617543+00:00,26.0,16.0,0.0,8,24.6,51.1,3,open-meteo,8.19,88.27
Zawyat Ahançal,Morocco,31.8325,-6.1056,2026-09-23,2026-09-17 10:41:51.617543+00:00,27.6,16.6,0.0,8,24.2,50.4,2,open-meteo,8.06,91.36
Douar Oulad Nader,Morocco,32.3514,-6.5107,2026-09-17,2026-09-17 10:41:51.698857+00:00,32.7,16.6,0.0,0,12.6,21.6,45,open-meteo,3.74,85.38
Douar Oulad Nader,Morocco,32.3514,-6.5107,2026-09-18,2026-09-17 10:41:51.698857+00:00,34.3,17.4,0.0,0,12.0,20.2,3,open-meteo,3.52,91.54
Douar Oulad Nader,Morocco,32.3514,-6.5107,2026-09-19,2026-09-17 10:41:51.698857+00:00,37.9,20.3,0.0,0,6.6,14.4,3,open-meteo,13.86,84.3
Douar Oulad Nader,Morocco,32.3514,-6.5107,2026-09-20,2026-09-17 10:41:51.698857+00:00,39.5,22.2,0.0,5,15.4,28.1,3,open-meteo,22.74,78.08
Douar Oulad Nader,Morocco,32.3514,-6.5107,2026-09-21,2026-09-17 10:41:51.698857+00:00,38.7,22.5,0.0,3,12.9,38.9,2,open-meteo,20.3,82.79
Douar Oulad Nader,Morocco,32.3514,-6.5107,2026-09-22,2026-09-17 10:41:51.698857+00:00,38.0,22.1,0.0,2,12.3,21.2,2,open-meteo,15.66,86.04
Douar Oulad Nader,Morocco,32.3514,-6.5107,2026-09-23,2026-09-17 10:41:51.698857+00:00,38.5,22.4,0.0,0,12.0,22.3,1,open-meteo,17.73,87.59
Kariat Ben Aouda,Morocco,34.7667,-5.95,2026-09-17,2026-09-17 10:41:51.779343+00:00,28.0,18.7,0.0,0,13.0,25.9,3,open-meteo,4.22,91.05
Kariat Ben Aouda,Morocco,34.7667,-5.95,2026-09-18,2026-09-17 10:41:51.779343+00:00,31.1,15.8,0.0,0,16.9,33.5,3,open-meteo,5.46,90.18
Kariat Ben Aouda,Morocco,34.7667,-5.95,2026-09-19,2026-09-17 10:41:51.779343+00:00,35.8,18.4,0.0,0,11.3,23.0,2,open-meteo,6.91,92.16
Kariat Ben Aouda,Morocco,34.7667,-5.95,2026-09-20,2026-09-17 10:41:51.779343+00:00,38.2,23.8,0.0,0,13.6,27.7,1,open-meteo,17.27,87.91
Kariat Ben Aouda,Morocco,34.7667,-5.95,2026-09-21,2026-09-17 10:41:51.779343+00:00,36.9,22.9,0.0,0,13.8,28.8,1,open-meteo,12.2,91.46
Kariat Ben Aouda,Morocco,34.7667,-5.95,2026-09-22,2026-09-17 10:41:51.779343+00:00,33.7,21.4,0.0,0,18.7,37.4,3,open-meteo,6.08,89.74
Kariat Ben Aouda,Morocco,34.7667,-5.95,2026-09-23,2026-09-17 10:41:51.779343+00:00,34.2,20.5,0.0,0,16.0,32.8,1,open-meteo,5.28,96.3
Kef el Rhar,Morocco,34.5075,-4.2628,2026-09-17,2026-09-17 10:41:51.858277+00:00,28.7,15.0,0.0,0,13.8,26.3,45,open-meteo,4.36,84.95
Kef el Rhar,Morocco,34.5075,-4.2628,2026-09-18,2026-09-17 10:41:51.858277+00:00,30.2,16.3,0.0,0,15.5,28.8,3,open-meteo,4.82,90.63
Kef el Rhar,Morocco,34.5075,-4.2628,2026-09-19,2026-09-17 10:41:51.858277+00:00,29.7,19.6,0.0,0,24.0,45.7,2,open-meteo,7.57,91.7
Kef el Rhar,Morocco,34.5075,-4.2628,2026-09-20,2026-09-17 10:41:51.858277+00:00,31.6,21.1,0.0,0,22.0,42.5,2,open-meteo,7.0,92.1
Kef el Rhar,Morocco,34.5075,-4.2628,2026-09-21,2026-09-17 10:41:51.858277+00:00,30.0,20.7,0.3,5,18.6,38.9,80,open-meteo,6.62,78.87
Kef el Rhar,Morocco,34.5075,-4.2628,2026-09-22,2026-09-17 10:41:51.858277+00:00,31.5,19.2,0.0,0,11.5,27.5,2,open-meteo,4.19,94.07
Kef el Rhar,Morocco,34.5075,-4.2628,2026-09-23,2026-09-17 10:41:51.858277+00:00,32.7,19.2,0.0,0,14.6,31.7,2,open-meteo,4.99,93.51
Agdz,Morocco,30.6984,-6.4729,2026-09-17,2026-09-17 10:41:51.937931+00:00,32.0,21.5,0.4,18,19.6,32.8,3,open-meteo,6.26,89.62
Agdz,Morocco,30.6984,-6.4729,2026-09-18,2026-09-17 10:41:51.937931+00:00,33.0,20.2,0.0,8,15.0,23.8,3,open-meteo,4.26,91.02
Agdz,Morocco,30.6984,-6.4729,2026-09-19,2026-09-17 10:41:51.937931+00:00,32.9,21.8,0.0,3,25.3,39.6,3,open-meteo,7.12,89.02
Agdz,Morocco,30.6984,-6.4729,2026-09-20,2026-09-17 10:41:51.937931+00:00,32.8,21.3,0.0,3,16.5,25.6,3,open-meteo,4.62,90.77
Agdz,Morocco,30.6984,-6.4729,2026-09-21,2026-09-17 10:41:51.937931+00:00,32.0,22.2,1.2,10,15.7,30.6,80,open-meteo,6.62,78.87
Agdz,Morocco,30.6984,-6.4729,2026-09-22,2026-09-17 10:41:51.937931+00:00,33.2,20.7,0.0,10,16.5,26.3,3,open-meteo,4.69,90.72
Agdz,Morocco,30.6984,-6.4729,2026-09-23,2026-09-17 10:41:51.937931+00:00,33.6,21.0,0.0,10,6.8,18.0,2,open-meteo,2.65,95.14
Imlil,Morocco,31.7567,-7.0106,2026-09-17,2026-09-17 10:41:52.022124+00:00,27.0,15.5,0.0,0,14.8,28.8,3,open-meteo,4.73,90.69
Imlil,Morocco,31.7567,-7.0106,2026-09-18,2026-09-17 10:41:52.022124+00:00,29.0,15.2,0.0,0,12.3,24.5,3,open-meteo,3.99,91.21
Imlil,Morocco,31.7567,-7.0106,2026-09-19,2026-09-17 10:41:52.022124+00:00,32.7,19.4,0.0,3,14.7,28.8,2,open-meteo,4.72,93.7
Imlil,Morocco,31.7567,-7.0106,2026-09-20,2026-09-17 10:41:52.022124+00:00,34.5,24.2,0.0,20,20.1,37.8,3,open-meteo,6.29,89.6
Imlil,Morocco,31.7567,-7.0106,2026-09-21,2026-09-17 10:41:52.022124+00:00,33.9,22.6,0.0,11,19.5,37.4,2,open-meteo,6.18,92.67
Imlil,Morocco,31.7567,-7.0106,2026-09-22,2026-09-17 10:41:52.022124+00:00,32.8,20.8,0.0,10,15.8,32.4,2,open-meteo,5.22,93.35
Imlil,Morocco,31.7567,-7.0106,2026-09-23,2026-09-17 10:41:52.022124+00:00,33.3,17.1,0.0,0,16.6,33.5,0,open-meteo,5.43,96.2
Douar Ain Maatouf,Morocco,34.4353,-4.5567,2026-09-17,2026-09-17 10:41:52.105545+00:00,29.4,17.4,0.0,0,13.4,26.3,3,open-meteo,4.31,90.98
Douar Ain Maatouf,Morocco,34.4353,-4.5567,2026-09-18,2026-09-17 10:41:52.105545+00:00,32.1,17.8,0.0,0,17.7,33.1,3,open-meteo,5.52,90.14
Douar Ain Maatouf,Morocco,34.4353,-4.5567,2026-09-19,2026-09-17 10:41:52.105545+00:00,32.4,21.5,0.0,0,29.3,58.3,2,open-meteo,9.49,90.36
Douar Ain Maatouf,Morocco,34.4353,-4.5567,2026-09-20,2026-09-17 10:41:52.105545+00:00,34.1,23.2,0.0,0,25.9,50.4,2,open-meteo,8.28,91.2
Douar Ain Maatouf,Morocco,34.4353,-4.5567,2026-09-21,2026-09-17 10:41:52.105545+00:00,33.2,22.8,0.0,3,23.3,48.6,3,open-meteo,7.77,88.56
Douar Ain Maatouf,Morocco,34.4353,-4.5567,2026-09-22,2026-09-17 10:41:52.105545+00:00,34.6,22.4,0.0,0,15.4,31.7,3,open-meteo,5.1,90.43
Douar Ain Maatouf,Morocco,34.4353,-4.5567,2026-09-23,2026-09-17 10:41:52.105545+00:00,35.0,21.2,0.0,0,15.0,31.0,0,open-meteo,4.98,96.51
Msila,Morocco,34.4427,-4.1711,2026-09-17,2026-09-17 10:41:52.185710+00:00,28.1,14.9,0.0,0,13.4,26.6,45,open-meteo,4.33,84.97
Msila,Morocco,34.4427,-4.1711,2026-09-18,2026-09-17 10:41:52.185710+00:00,29.7,17.1,0.0,0,16.9,39.2,3,open-meteo,6.03,89.78
Msila,Morocco,34.4427,-4.1711,2026-09-19,2026-09-17 10:41:52.185710+00:00,29.1,19.1,0.0,0,27.2,53.6,2,open-meteo,8.76,90.87
Msila,Morocco,34.4427,-4.1711,2026-09-20,2026-09-17 10:41:52.185710+00:00,31.2,20.9,0.0,0,22.3,48.2,2,open-meteo,7.61,91.67
Msila,Morocco,34.4427,-4.1711,2026-09-21,2026-09-17 10:41:52.185710+00:00,30.0,20.4,0.0,5,20.4,41.8,2,open-meteo,6.73,92.29
Msila,Morocco,34.4427,-4.1711,2026-09-22,2026-09-17 10:41:52.185710+00:00,31.1,18.8,0.0,0,11.5,27.6,2,open-meteo,4.2,94.06
Msila,Morocco,34.4427,-4.1711,2026-09-23,2026-09-17 10:41:52.185710+00:00,32.3,18.8,0.0,0,14.6,31.7,2,open-meteo,4.99,93.51
Amdel,Morocco,31.5617,-8.8944,2026-09-17,2026-09-17 10:41:52.267517+00:00,29.6,18.1,0.0,0,18.7,32.0,3,open-meteo,5.54,90.12
Amdel,Morocco,31.5617,-8.8944,2026-09-18,2026-09-17 10:41:52.267517+00:00,31.3,17.8,0.0,0,16.3,29.5,3,open-meteo,4.99,90.51
Amdel,Morocco,31.5617,-8.8944,2026-09-19,2026-09-17 10:41:52.267517+00:00,34.1,18.4,0.0,0,19.2,33.8,2,open-meteo,5.78,92.95
Amdel,Morocco,31.5617,-8.8944,2026-09-20,2026-09-17 10:41:52.267517+00:00,34.2,22.3,0.0,0,22.3,38.5,2,open-meteo,6.64,92.35
Amdel,Morocco,31.5617,-8.8944,2026-09-21,2026-09-17 10:41:52.267517+00:00,35.8,22.4,0.0,0,21.9,38.9,1,open-meteo,9.83,93.12
Amdel,Morocco,31.5617,-8.8944,2026-09-22,2026-09-17 10:41:52.267517+00:00,36.1,19.4,0.0,3,20.4,35.3,0,open-meteo,10.48,92.66
Amdel,Morocco,31.5617,-8.8944,2026-09-23,2026-09-17 10:41:52.267517+00:00,35.2,18.9,0.0,3,17.8,30.6,1,open-meteo,6.09,95.74
Aït Hani,Morocco,31.7786,-5.4555,2026-09-17,2026-09-17 10:41:52.362720+00:00,22.8,12.9,3.5,73,25.1,43.2,61,open-meteo,12.12,78.02
Aït Hani,Morocco,31.7786,-5.4555,2026-09-18,2026-09-17 10:41:52.362720+00:00,23.0,13.0,1.5,53,18.7,31.0,61,open-meteo,7.44,81.29
Aït Hani,Morocco,31.7786,-5.4555,2026-09-19,2026-09-17 10:41:52.362720+00:00,22.1,13.2,1.6,58,16.2,24.8,80,open-meteo,6.64,78.85
Aït Hani,Morocco,31.7786,-5.4555,2026-09-20,2026-09-17 10:41:52.362720+00:00,21.4,12.9,1.5,48,12.1,33.5,80,open-meteo,6.86,78.7
Aït Hani,Morocco,31.7786,-5.4555,2026-09-21,2026-09-17 10:41:52.362720+00:00,21.4,13.3,2.1,58,9.7,33.1,80,open-meteo,7.32,78.38
Aït Hani,Morocco,31.7786,-5.4555,2026-09-22,2026-09-17 10:41:52.362720+00:00,24.2,13.0,0.6,20,13.0,29.2,3,open-meteo,5.34,90.26
Aït Hani,Morocco,31.7786,-5.4555,2026-09-23,2026-09-17 10:41:52.362720+00:00,24.1,15.5,0.3,24,15.5,32.0,2,open-meteo,5.54,93.12
Ain Bida,Morocco,33.9856,-4.8931,2026-09-17,2026-09-17 10:41:52.443141+00:00,29.6,17.5,0.0,0,14.3,27.7,3,open-meteo,4.56,90.81
Ain Bida,Morocco,33.9856,-4.8931,2026-09-18,2026-09-17 10:41:52.443141+00:00,31.8,16.4,0.0,0,13.0,25.6,3,open-meteo,4.18,91.07
Ain Bida,Morocco,33.9856,-4.8931,2026-09-19,2026-09-17 10:41:52.443141+00:00,33.6,19.0,0.0,3,19.9,38.9,2,open-meteo,6.38,92.53
Ain Bida,Morocco,33.9856,-4.8931,2026-09-20,2026-09-17 10:41:52.443141+00:00,36.3,22.2,0.0,0,16.3,31.3,2,open-meteo,10.37,89.74
Ain Bida,Morocco,33.9856,-4.8931,2026-09-21,2026-09-17 10:41:52.443141+00:00,36.1,21.6,0.0,5,15.9,34.2,1,open-meteo,9.81,93.13
Ain Bida,Morocco,33.9856,-4.8931,2026-09-22,2026-09-17 10:41:52.443141+00:00,35.9,20.5,0.0,0,13.0,25.9,2,open-meteo,7.81,91.53
Ain Bida,Morocco,33.9856,-4.8931,2026-09-23,2026-09-17 10:41:52.443141+00:00,36.3,18.9,0.0,0,14.1,28.1,1,open-meteo,9.77,93.16
Oulad Cherif,Morocco,34.2686,-4.1594,2026-09-17,2026-09-17 10:41:52.524046+00:00,27.5,15.5,0.0,0,15.5,29.5,3,open-meteo,4.89,90.58
Oulad Cherif,Morocco,34.2686,-4.1594,2026-09-18,2026-09-17 10:41:52.524046+00:00,28.3,16.9,0.0,0,22.8,41.4,2,open-meteo,6.99,92.11
Oulad Cherif,Morocco,34.2686,-4.1594,2026-09-19,2026-09-17 10:41:52.524046+00:00,27.4,18.1,0.0,0,34.1,65.2,3,open-meteo,10.78,86.45
Oulad Cherif,Morocco,34.2686,-4.1594,2026-09-20,2026-09-17 10:41:52.524046+00:00,29.7,19.3,0.0,0,26.8,49.3,2,open-meteo,8.28,91.2
Oulad Cherif,Morocco,34.2686,-4.1594,2026-09-21,2026-09-17 10:41:52.524046+00:00,29.1,19.4,0.0,0,25.2,45.7,2,open-meteo,7.72,91.6
Oulad Cherif,Morocco,34.2686,-4.1594,2026-09-22,2026-09-17 10:41:52.524046+00:00,30.2,18.4,0.0,0,17.7,34.6,2,open-meteo,5.67,93.03
Oulad Cherif,Morocco,34.2686,-4.1594,2026-09-23,2026-09-17 10:41:52.524046+00:00,31.1,17.0,0.0,0,17.3,31.7,0,open-meteo,5.33,96.27
Souq Sebt Says,Morocco,32.7772,-8.6433,2026-09-17,2026-09-17 10:41:52.605708+00:00,26.4,17.9,0.0,0,19.0,36.4,2,open-meteo,6.02,92.79
Souq Sebt Says,Morocco,32.7772,-8.6433,2026-09-18,2026-09-17 10:41:52.605708+00:00,28.2,18.0,0.0,0,19.7,37.4,2,open-meteo,6.2,92.66
Souq Sebt Says,Morocco,32.7772,-8.6433,2026-09-19,2026-09-17 10:41:52.605708+00:00,29.9,17.3,0.0,0,16.9,32.8,3,open-meteo,5.39,90.23
Souq Sebt Says,Morocco,32.7772,-8.6433,2026-09-20,2026-09-17 10:41:52.605708+00:00,31.3,19.7,0.0,0,15.9,32.4,45,open-meteo,5.23,84.34
Souq Sebt Says,Morocco,32.7772,-8.6433,2026-09-21,2026-09-17 10:41:52.605708+00:00,32.4,19.2,0.0,0,17.8,34.9,45,open-meteo,5.72,84.0
Souq Sebt Says,Morocco,32.7772,-8.6433,2026-09-22,2026-09-17 10:41:52.605708+00:00,31.8,19.2,0.0,0,15.5,31.0,45,open-meteo,5.04,84.47
Souq Sebt Says,Morocco,32.7772,-8.6433,2026-09-23,2026-09-17 10:41:52.605708+00:00,31.1,18.6,0.0,0,18.3,36.7,45,open-meteo,5.96,83.83
Tarfaya,Morocco,27.9133,-12.9317,2026-09-17,2026-09-17 10:41:52.691951+00:00,25.2,21.6,0.8,0,30.4,48.6,51,open-meteo,9.73,85.69
Tarfaya,Morocco,27.9133,-12.9317,2026-09-18,2026-09-17 10:41:52.691951+00:00,24.9,21.1,0.9,12,25.3,41.8,51,open-meteo,8.54,86.52
Tarfaya,Morocco,27.9133,-12.9317,2026-09-19,2026-09-17 10:41:52.691951+00:00,25.5,20.2,0.0,0,20.2,36.7,1,open-meteo,6.2,95.66
Tarfaya,Morocco,27.9133,-12.9317,2026-09-20,2026-09-17 10:41:52.691951+00:00,25.6,19.9,0.0,0,21.5,37.4,3,open-meteo,6.43,89.5
Tarfaya,Morocco,27.9133,-12.9317,2026-09-21,2026-09-17 10:41:52.691951+00:00,25.5,19.9,0.0,2,23.2,39.2,3,open-meteo,6.82,89.23
Tarfaya,Morocco,27.9133,-12.9317,2026-09-22,2026-09-17 10:41:52.691951+00:00,25.4,20.9,0.0,4,25.8,42.1,3,open-meteo,7.43,88.8
Tarfaya,Morocco,27.9133,-12.9317,2026-09-23,2026-09-17 10:41:52.691951+00:00,25.1,20.9,0.0,4,23.5,39.2,3,open-meteo,6.86,89.2
Farkhâna,Morocco,35.2869,-3.0144,2026-09-17,2026-09-17 10:41:52.773926+00:00,26.0,20.7,0.0,3,14.7,28.8,3,open-meteo,4.72,90.7
Farkhâna,Morocco,35.2869,-3.0144,2026-09-18,2026-09-17 10:41:52.773926+00:00,25.1,21.3,0.0,5,19.3,38.5,45,open-meteo,6.26,83.62
Farkhâna,Morocco,35.2869,-3.0144,2026-09-19,2026-09-17 10:41:52.773926+00:00,25.8,22.4,0.0,35,30.1,61.6,3,open-meteo,9.92,87.06
Farkhâna,Morocco,35.2869,-3.0144,2026-09-20,2026-09-17 10:41:52.773926+00:00,26.1,23.8,0.9,75,29.2,58.7,3,open-meteo,10.72,86.5
Farkhâna,Morocco,35.2869,-3.0144,2026-09-21,2026-09-17 10:41:52.773926+00:00,25.7,22.6,0.6,38,23.6,47.2,3,open-meteo,8.47,88.07
Farkhâna,Morocco,35.2869,-3.0144,2026-09-22,2026-09-17 10:41:52.773926+00:00,26.4,22.2,0.0,7,12.3,32.0,45,open-meteo,4.74,84.68
Farkhâna,Morocco,35.2869,-3.0144,2026-09-23,2026-09-17 10:41:52.773926+00:00,27.1,21.9,0.0,0,11.0,32.8,45,open-meteo,4.65,84.74
Tamezmout,Morocco,30.8075,-6.1142,2026-09-17,2026-09-17 10:41:52.864758+00:00,29.6,23.0,0.9,20,21.1,36.4,80,open-meteo,7.48,78.26
Tamezmout,Morocco,30.8075,-6.1142,2026-09-18,2026-09-17 10:41:52.864758+00:00,31.5,21.6,0.0,13,18.1,28.4,3,open-meteo,5.1,90.43
Tamezmout,Morocco,30.8075,-6.1142,2026-09-19,2026-09-17 10:41:52.864758+00:00,30.6,22.9,0.0,3,27.9,44.6,3,open-meteo,7.95,88.43
Tamezmout,Morocco,30.8075,-6.1142,2026-09-20,2026-09-17 10:41:52.864758+00:00,30.5,21.3,0.0,3,21.9,33.8,3,open-meteo,6.12,89.72
Tamezmout,Morocco,30.8075,-6.1142,2026-09-21,2026-09-17 10:41:52.864758+00:00,29.1,21.4,1.8,28,10.4,34.6,80,open-meteo,7.16,78.49
Tamezmout,Morocco,30.8075,-6.1142,2026-09-22,2026-09-17 10:41:52.864758+00:00,31.2,20.7,0.0,13,11.9,24.5,3,open-meteo,3.94,91.24
Tamezmout,Morocco,30.8075,-6.1142,2026-09-23,2026-09-17 10:41:52.864758+00:00,31.2,20.7,0.0,13,15.7,27.4,2,open-meteo,4.7,93.71
Bni Drar,Morocco,34.8281,-1.9936,2026-09-17,2026-09-17 10:41:52.948740+00:00,27.3,14.9,0.0,0,19.8,36.4,3,open-meteo,6.12,89.72
Bni Drar,Morocco,34.8281,-1.9936,2026-09-18,2026-09-17 10:41:52.948740+00:00,27.0,15.7,0.0,0,20.5,37.8,45,open-meteo,6.34,83.56
Bni Drar,Morocco,34.8281,-1.9936,2026-09-19,2026-09-17 10:41:52.948740+00:00,28.6,18.5,0.3,8,15.9,33.8,80,open-meteo,5.77,79.46
Bni Drar,Morocco,34.8281,-1.9936,2026-09-20,2026-09-17 10:41:52.948740+00:00,29.4,18.3,0.0,0,22.5,42.1,45,open-meteo,7.02,83.09
Bni Drar,Morocco,34.8281,-1.9936,2026-09-21,2026-09-17 10:41:52.948740+00:00,28.3,19.0,0.0,10,19.8,37.1,45,open-meteo,6.19,83.67
Bni Drar,Morocco,34.8281,-1.9936,2026-09-22,2026-09-17 10:41:52.948740+00:00,26.4,17.5,0.0,3,12.6,27.4,45,open-meteo,4.31,84.98
Bni Drar,Morocco,34.8281,-1.9936,2026-09-23,2026-09-17 10:41:52.948740+00:00,26.7,17.3,0.0,3,11.9,27.7,45,open-meteo,4.26,85.02
Oued Amlil,Morocco,34.1917,-4.2711,2026-09-17,2026-09-17 10:41:53.034689+00:00,30.6,17.5,0.0,0,14.9,28.1,3,open-meteo,4.67,90.73
Oued Amlil,Morocco,34.1917,-4.2711,2026-09-18,2026-09-17 10:41:53.034689+00:00,31.8,18.2,0.0,0,22.0,39.6,2,open-meteo,6.71,92.3
Oued Amlil,Morocco,34.1917,-4.2711,2026-09-19,2026-09-17 10:41:53.034689+00:00,31.4,22.3,0.0,0,35.3,65.9,2,open-meteo,11.0,89.3
Oued Amlil,Morocco,34.1917,-4.2711,2026-09-20,2026-09-17 10:41:53.034689+00:00,33.7,22.8,0.0,0,25.3,54.7,2,open-meteo,8.63,90.96
Oued Amlil,Morocco,34.1917,-4.2711,2026-09-21,2026-09-17 10:41:53.034689+00:00,33.0,23.2,0.0,5,22.7,45.4,2,open-meteo,7.38,91.83
Oued Amlil,Morocco,34.1917,-4.2711,2026-09-22,2026-09-17 10:41:53.034689+00:00,34.1,22.3,0.0,0,12.8,25.9,2,open-meteo,4.19,94.07
Oued Amlil,Morocco,34.1917,-4.2711,2026-09-23,2026-09-17 10:41:53.034689+00:00,34.8,21.7,0.0,0,17.6,31.7,0,open-meteo,5.37,96.24
Tifni,Morocco,31.6281,-6.9444,2026-09-17,2026-09-17 10:41:53.117997+00:00,28.1,15.3,0.2,35,10.3,29.2,3,open-meteo,4.47,90.87
Tifni,Morocco,31.6281,-6.9444,2026-09-18,2026-09-17 10:41:53.117997+00:00,26.7,17.1,0.2,28,10.1,25.9,3,open-meteo,4.12,91.12
Tifni,Morocco,31.6281,-6.9444,2026-09-19,2026-09-17 10:41:53.117997+00:00,30.6,19.0,0.0,28,24.7,49.0,3,open-meteo,7.99,88.41
Tifni,Morocco,31.6281,-6.9444,2026-09-20,2026-09-17 10:41:53.117997+00:00,31.3,21.4,0.3,40,14.9,39.6,3,open-meteo,6.22,89.65
Tifni,Morocco,31.6281,-6.9444,2026-09-21,2026-09-17 10:41:53.117997+00:00,29.3,20.1,0.0,43,21.3,46.4,2,open-meteo,7.3,91.89
Tifni,Morocco,31.6281,-6.9444,2026-09-22,2026-09-17 10:41:53.117997+00:00,28.5,18.6,0.0,10,21.1,45.0,2,open-meteo,7.14,92.0
Tifni,Morocco,31.6281,-6.9444,2026-09-23,2026-09-17 10:41:53.117997+00:00,29.7,18.4,0.0,0,19.1,44.3,1,open-meteo,6.82,95.23
Oulad Hammou,Morocco,33.1156,-7.9333,2026-09-17,2026-09-17 10:41:53.199167+00:00,27.1,17.5,0.0,0,17.7,33.5,3,open-meteo,5.56,90.11
Oulad Hammou,Morocco,33.1156,-7.9333,2026-09-18,2026-09-17 10:41:53.199167+00:00,28.0,16.7,0.0,0,18.8,36.0,3,open-meteo,5.95,89.83
Oulad Hammou,Morocco,33.1156,-7.9333,2026-09-19,2026-09-17 10:41:53.199167+00:00,30.9,17.5,0.0,0,17.4,33.5,45,open-meteo,5.53,84.13
Oulad Hammou,Morocco,33.1156,-7.9333,2026-09-20,2026-09-17 10:41:53.199167+00:00,34.1,20.5,0.0,0,16.3,32.8,45,open-meteo,5.32,84.28
Oulad Hammou,Morocco,33.1156,-7.9333,2026-09-21,2026-09-17 10:41:53.199167+00:00,34.3,19.5,0.0,0,17.9,35.6,45,open-meteo,5.8,83.94
Oulad Hammou,Morocco,33.1156,-7.9333,2026-09-22,2026-09-17 10:41:53.199167+00:00,33.5,19.2,0.0,0,16.9,33.8,45,open-meteo,5.49,84.16
Oulad Hammou,Morocco,33.1156,-7.9333,2026-09-23,2026-09-17 10:41:53.199167+00:00,32.5,19.5,0.0,3,18.9,37.4,45,open-meteo,6.1,83.73
Tanant,Morocco,31.8667,-6.95,2026-09-17,2026-09-17 10:41:53.280453+00:00,27.2,14.4,0.0,0,16.1,32.4,3,open-meteo,5.25,90.33
Tanant,Morocco,31.8667,-6.95,2026-09-18,2026-09-17 10:41:53.280453+00:00,29.3,15.1,0.0,0,13.9,28.1,3,open-meteo,4.55,90.81
Tanant,Morocco,31.8667,-6.95,2026-09-19,2026-09-17 10:41:53.280453+00:00,32.8,18.8,0.0,3,14.6,31.7,2,open-meteo,4.99,93.51
Tanant,Morocco,31.8667,-6.95,2026-09-20,2026-09-17 10:41:53.280453+00:00,34.5,22.6,0.0,3,18.7,37.4,2,open-meteo,6.08,92.74
Tanant,Morocco,31.8667,-6.95,2026-09-21,2026-09-17 10:41:53.280453+00:00,34.0,21.7,0.0,10,17.1,33.5,2,open-meteo,5.49,93.16
Tanant,Morocco,31.8667,-6.95,2026-09-22,2026-09-17 10:41:53.280453+00:00,33.6,20.9,0.0,10,14.2,30.2,2,open-meteo,4.79,93.65
Tanant,Morocco,31.8667,-6.95,2026-09-23,2026-09-17 10:41:53.280453+00:00,34.1,18.1,0.0,0,16.3,33.5,1,open-meteo,5.39,96.23
Douar El Mellaliyine,Morocco,35.6264,-5.3414,2026-09-17,2026-09-17 10:41:53.358838+00:00,25.0,16.4,0.0,0,11.4,28.4,3,open-meteo,4.26,91.02
Douar El Mellaliyine,Morocco,35.6264,-5.3414,2026-09-18,2026-09-17 10:41:53.358838+00:00,24.2,19.4,0.3,0,17.4,39.2,45,open-meteo,6.5,83.45
Douar El Mellaliyine,Morocco,35.6264,-5.3414,2026-09-19,2026-09-17 10:41:53.358838+00:00,24.4,21.6,3.0,0,28.4,65.5,80,open-meteo,14.1,73.63
Douar El Mellaliyine,Morocco,35.6264,-5.3414,2026-09-20,2026-09-17 10:41:53.358838+00:00,24.3,22.6,5.2,0,23.0,50.4,80,open-meteo,14.85,73.1
Douar El Mellaliyine,Morocco,35.6264,-5.3414,2026-09-21,2026-09-17 10:41:53.358838+00:00,24.3,21.9,1.8,0,19.9,44.6,80,open-meteo,9.35,76.95
Douar El Mellaliyine,Morocco,35.6264,-5.3414,2026-09-22,2026-09-17 10:41:53.358838+00:00,26.6,21.7,0.0,0,26.7,54.7,2,open-meteo,8.81,90.83
Douar El Mellaliyine,Morocco,35.6264,-5.3414,2026-09-23,2026-09-17 10:41:53.358838+00:00,26.9,22.4,0.0,0,19.0,46.8,2,open-meteo,7.05,92.06
El Ghourdane,Morocco,32.3205,-8.7637,2026-09-17,2026-09-17 10:41:53.435998+00:00,28.2,19.0,0.0,0,18.6,32.8,2,open-meteo,5.61,93.07
El Ghourdane,Morocco,32.3205,-8.7637,2026-09-18,2026-09-17 10:41:53.435998+00:00,30.4,17.9,0.0,0,18.4,32.8,1,open-meteo,5.58,96.09
El Ghourdane,Morocco,32.3205,-8.7637,2026-09-19,2026-09-17 10:41:53.435998+00:00,32.4,17.9,0.0,0,16.0,28.8,3,open-meteo,4.88,90.58
El Ghourdane,Morocco,32.3205,-8.7637,2026-09-20,2026-09-17 10:41:53.435998+00:00,34.6,20.6,0.0,0,18.0,32.4,2,open-meteo,5.49,93.16
El Ghourdane,Morocco,32.3205,-8.7637,2026-09-21,2026-09-17 10:41:53.435998+00:00,35.5,21.2,0.0,0,18.1,32.8,1,open-meteo,7.54,94.72
El Ghourdane,Morocco,32.3205,-8.7637,2026-09-22,2026-09-17 10:41:53.435998+00:00,36.0,18.2,0.0,0,15.8,30.6,45,open-meteo,9.04,81.67
El Ghourdane,Morocco,32.3205,-8.7637,2026-09-23,2026-09-17 10:41:53.435998+00:00,35.5,19.6,0.0,0,17.5,33.5,45,open-meteo,7.54,82.72
Laghzawna,Morocco,33.1914,-7.6701,2026-09-17,2026-09-17 10:41:53.515724+00:00,27.8,17.6,0.0,0,17.9,32.4,3,open-meteo,5.48,90.16
Laghzawna,Morocco,33.1914,-7.6701,2026-09-18,2026-09-17 10:41:53.515724+00:00,28.9,17.0,0.0,0,18.3,33.1,3,open-meteo,5.6,90.08
Laghzawna,Morocco,33.1914,-7.6701,2026-09-19,2026-09-17 10:41:53.515724+00:00,31.9,17.2,0.0,0,17.0,30.6,45,open-meteo,5.19,84.37
Laghzawna,Morocco,33.1914,-7.6701,2026-09-20,2026-09-17 10:41:53.515724+00:00,35.0,20.7,0.0,0,16.3,33.8,45,open-meteo,5.42,84.21
Laghzawna,Morocco,33.1914,-7.6701,2026-09-21,2026-09-17 10:41:53.515724+00:00,35.0,19.6,0.0,0,20.1,37.8,45,open-meteo,6.29,83.6
Laghzawna,Morocco,33.1914,-7.6701,2026-09-22,2026-09-17 10:41:53.515724+00:00,33.4,19.1,0.0,0,17.8,32.8,45,open-meteo,5.5,84.15
Laghzawna,Morocco,33.1914,-7.6701,2026-09-23,2026-09-17 10:41:53.515724+00:00,32.3,18.9,0.0,3,19.4,35.6,45,open-meteo,5.99,83.81
Al M’aziz,Morocco,33.7039,-6.34,2026-09-17,2026-09-17 10:41:53.594746+00:00,28.6,16.6,0.0,0,15.6,29.2,2,open-meteo,4.87,93.59
Al M’aziz,Morocco,33.7039,-6.34,2026-09-18,2026-09-17 10:41:53.594746+00:00,30.0,15.6,0.0,0,16.6,30.6,3,open-meteo,5.14,90.4
Al M’aziz,Morocco,33.7039,-6.34,2026-09-19,2026-09-17 10:41:53.594746+00:00,34.3,16.3,0.0,0,15.0,28.1,2,open-meteo,4.69,93.72
Al M’aziz,Morocco,33.7039,-6.34,2026-09-20,2026-09-17 10:41:53.594746+00:00,36.6,20.9,0.0,0,16.2,29.5,2,open-meteo,11.38,89.03
Al M’aziz,Morocco,33.7039,-6.34,2026-09-21,2026-09-17 10:41:53.594746+00:00,36.3,20.3,0.0,0,17.5,33.1,1,open-meteo,10.7,92.51
Al M’aziz,Morocco,33.7039,-6.34,2026-09-22,2026-09-17 10:41:53.594746+00:00,34.0,19.8,0.0,0,15.9,32.4,1,open-meteo,5.23,96.34
Al M’aziz,Morocco,33.7039,-6.34,2026-09-23,2026-09-17 10:41:53.594746+00:00,34.4,19.2,0.0,3,18.6,36.4,1,open-meteo,5.97,95.82
El Arba Des Bir Lenni,Morocco,34.3272,-4.2039,2026-09-17,2026-09-17 10:41:53.672867+00:00,29.5,16.8,0.0,0,15.6,36.7,3,open-meteo,5.62,90.07
El Arba Des Bir Lenni,Morocco,34.3272,-4.2039,2026-09-18,2026-09-17 10:41:53.672867+00:00,30.5,19.0,0.0,0,22.4,55.8,2,open-meteo,8.38,91.13
El Arba Des Bir Lenni,Morocco,34.3272,-4.2039,2026-09-19,2026-09-17 10:41:53.672867+00:00,29.5,19.9,0.0,0,34.6,93.2,3,open-meteo,13.65,84.44
El Arba Des Bir Lenni,Morocco,34.3272,-4.2039,2026-09-20,2026-09-17 10:41:53.672867+00:00,31.9,21.4,0.0,0,29.2,79.6,2,open-meteo,11.61,88.87
El Arba Des Bir Lenni,Morocco,34.3272,-4.2039,2026-09-21,2026-09-17 10:41:53.672867+00:00,31.1,21.3,0.0,8,27.0,72.0,2,open-meteo,10.57,89.6
El Arba Des Bir Lenni,Morocco,34.3272,-4.2039,2026-09-22,2026-09-17 10:41:53.672867+00:00,32.7,20.7,0.0,0,16.6,53.3,3,open-meteo,7.41,88.81
El Arba Des Bir Lenni,Morocco,34.3272,-4.2039,2026-09-23,2026-09-17 10:41:53.672867+00:00,32.9,20.5,0.0,0,17.4,33.8,0,open-meteo,5.55,96.11
Oulad Daoud,Morocco,34.4303,-4.7728,2026-09-17,2026-09-17 10:41:53.751373+00:00,29.6,17.1,0.0,0,14.0,28.8,3,open-meteo,4.63,90.76
Oulad Daoud,Morocco,34.4303,-4.7728,2026-09-18,2026-09-17 10:41:53.751373+00:00,32.1,16.6,0.0,0,14.7,33.8,3,open-meteo,5.22,90.35
Oulad Daoud,Morocco,34.4303,-4.7728,2026-09-19,2026-09-17 10:41:53.751373+00:00,33.6,21.4,0.0,0,27.3,56.2,2,open-meteo,9.03,90.68
Oulad Daoud,Morocco,34.4303,-4.7728,2026-09-20,2026-09-17 10:41:53.751373+00:00,35.2,23.2,0.0,0,23.2,49.7,2,open-meteo,8.67,90.93
Oulad Daoud,Morocco,34.4303,-4.7728,2026-09-21,2026-09-17 10:41:53.751373+00:00,34.5,23.1,0.0,3,20.5,42.5,1,open-meteo,6.81,95.23
Oulad Daoud,Morocco,34.4303,-4.7728,2026-09-22,2026-09-17 10:41:53.751373+00:00,35.0,22.8,0.0,0,14.8,33.8,3,open-meteo,5.23,90.34
Oulad Daoud,Morocco,34.4303,-4.7728,2026-09-23,2026-09-17 10:41:53.751373+00:00,35.7,21.4,0.0,0,16.5,29.9,0,open-meteo,7.85,94.5
Jaqma,Morocco,33.2925,-7.4406,2026-09-17,2026-09-17 10:41:53.830246+00:00,27.8,16.9,0.0,0,16.6,31.7,3,open-meteo,5.25,90.33
Jaqma,Morocco,33.2925,-7.4406,2026-09-18,2026-09-17 10:41:53.830246+00:00,28.9,16.3,0.0,0,17.1,32.8,3,open-meteo,5.42,90.21
Jaqma,Morocco,33.2925,-7.4406,2026-09-19,2026-09-17 10:41:53.830246+00:00,31.8,16.7,0.0,0,16.6,31.7,3,open-meteo,5.25,90.33
Jaqma,Morocco,33.2925,-7.4406,2026-09-20,2026-09-17 10:41:53.830246+00:00,35.0,20.9,0.0,0,16.5,32.8,2,open-meteo,5.34,93.26
Jaqma,Morocco,33.2925,-7.4406,2026-09-21,2026-09-17 10:41:53.830246+00:00,35.4,19.5,0.0,0,18.8,38.2,45,open-meteo,7.77,82.56
Jaqma,Morocco,33.2925,-7.4406,2026-09-22,2026-09-17 10:41:53.830246+00:00,34.8,18.5,0.0,0,17.9,33.8,45,open-meteo,5.62,84.07
Jaqma,Morocco,33.2925,-7.4406,2026-09-23,2026-09-17 10:41:53.830246+00:00,33.8,18.9,0.0,0,19.9,36.7,45,open-meteo,6.16,83.69
Douar Bouchfaa,Morocco,34.1014,-4.2939,2026-09-17,2026-09-17 10:41:53.907390+00:00,28.8,16.3,0.0,0,12.1,23.4,3,open-meteo,3.85,91.3
Douar Bouchfaa,Morocco,34.1014,-4.2939,2026-09-18,2026-09-17 10:41:53.907390+00:00,30.9,17.0,0.0,0,17.3,31.7,2,open-meteo,5.33,93.27
Douar Bouchfaa,Morocco,34.1014,-4.2939,2026-09-19,2026-09-17 10:41:53.907390+00:00,31.6,20.8,0.0,0,23.7,45.4,2,open-meteo,7.5,91.75
Douar Bouchfaa,Morocco,34.1014,-4.2939,2026-09-20,2026-09-17 10:41:53.907390+00:00,33.5,21.8,0.0,0,17.6,42.8,2,open-meteo,6.48,92.46
Douar Bouchfaa,Morocco,34.1014,-4.2939,2026-09-21,2026-09-17 10:41:53.907390+00:00,32.8,22.1,0.0,3,19.5,37.8,2,open-meteo,6.22,92.65
Douar Bouchfaa,Morocco,34.1014,-4.2939,2026-09-22,2026-09-17 10:41:53.907390+00:00,33.8,21.3,0.0,0,11.8,22.0,1,open-meteo,3.68,97.42
Douar Bouchfaa,Morocco,34.1014,-4.2939,2026-09-23,2026-09-17 10:41:53.907390+00:00,34.1,20.5,0.0,0,17.3,30.6,0,open-meteo,5.22,96.35
Lafrayta,Morocco,31.932,-7.26,2026-09-17,2026-09-17 10:41:53.985971+00:00,29.3,16.3,0.0,0,16.6,30.6,3,open-meteo,5.14,90.4
Lafrayta,Morocco,31.932,-7.26,2026-09-18,2026-09-17 10:41:53.985971+00:00,31.1,17.0,0.0,0,13.4,25.9,3,open-meteo,4.27,91.01
Lafrayta,Morocco,31.932,-7.26,2026-09-19,2026-09-17 10:41:53.985971+00:00,34.8,19.3,0.0,3,15.5,29.2,2,open-meteo,4.86,93.6
Lafrayta,Morocco,31.932,-7.26,2026-09-20,2026-09-17 10:41:53.985971+00:00,37.2,22.3,0.5,13,17.4,34.9,80,open-meteo,15.13,72.91
Lafrayta,Morocco,31.932,-7.26,2026-09-21,2026-09-17 10:41:53.985971+00:00,37.1,21.2,0.1,5,18.2,34.9,2,open-meteo,14.3,86.99
Lafrayta,Morocco,31.932,-7.26,2026-09-22,2026-09-17 10:41:53.985971+00:00,35.5,20.3,0.0,5,13.6,24.8,1,open-meteo,6.18,95.67
Lafrayta,Morocco,31.932,-7.26,2026-09-23,2026-09-17 10:41:53.985971+00:00,35.8,18.2,0.0,0,15.6,28.8,1,open-meteo,8.03,94.38
Kenafif,Morocco,30.4167,-9.0333,2026-09-17,2026-09-17 10:41:54.071261+00:00,30.4,19.4,0.0,0,25.6,44.3,45,open-meteo,7.63,82.66
Kenafif,Morocco,30.4167,-9.0333,2026-09-18,2026-09-17 10:41:54.071261+00:00,30.2,18.5,0.0,0,23.5,39.6,2,open-meteo,6.9,92.17
Kenafif,Morocco,30.4167,-9.0333,2026-09-19,2026-09-17 10:41:54.071261+00:00,31.0,19.0,0.0,0,24.2,41.0,2,open-meteo,7.13,92.01
Kenafif,Morocco,30.4167,-9.0333,2026-09-20,2026-09-17 10:41:54.071261+00:00,31.5,19.4,0.0,0,25.0,42.5,2,open-meteo,7.38,91.83
Kenafif,Morocco,30.4167,-9.0333,2026-09-21,2026-09-17 10:41:54.071261+00:00,38.0,20.7,0.0,0,27.3,46.4,2,open-meteo,20.05,82.97
Kenafif,Morocco,30.4167,-9.0333,2026-09-22,2026-09-17 10:41:54.071261+00:00,39.2,19.9,0.0,0,27.2,45.0,2,open-meteo,24.7,79.71
Kenafif,Morocco,30.4167,-9.0333,2026-09-23,2026-09-17 10:41:54.071261+00:00,39.0,21.1,0.0,3,24.5,42.1,0,open-meteo,23.27,83.71
Jafra,Morocco,32.3639,-7.7295,2026-09-17,2026-09-17 10:41:54.150643+00:00,29.5,17.6,0.0,0,20.4,31.7,2,open-meteo,5.72,93.0
Jafra,Morocco,32.3639,-7.7295,2026-09-18,2026-09-17 10:41:54.150643+00:00,31.2,18.4,0.0,0,20.4,31.0,3,open-meteo,5.65,90.04
Jafra,Morocco,32.3639,-7.7295,2026-09-19,2026-09-17 10:41:54.150643+00:00,34.2,20.1,0.0,0,22.7,34.9,2,open-meteo,6.33,92.57
Jafra,Morocco,32.3639,-7.7295,2026-09-20,2026-09-17 10:41:54.150643+00:00,36.7,24.0,0.0,5,22.7,34.9,2,open-meteo,13.13,87.81
Jafra,Morocco,32.3639,-7.7295,2026-09-21,2026-09-17 10:41:54.150643+00:00,38.1,23.6,0.0,3,26.7,41.8,2,open-meteo,19.92,83.06
Jafra,Morocco,32.3639,-7.7295,2026-09-22,2026-09-17 10:41:54.150643+00:00,36.7,21.5,0.0,3,21.7,33.8,2,open-meteo,12.89,87.98
Jafra,Morocco,32.3639,-7.7295,2026-09-23,2026-09-17 10:41:54.150643+00:00,36.2,21.1,0.0,0,24.3,37.4,0,open-meteo,11.58,91.89
Taouloukoult,Morocco,31.2167,-9.0833,2026-09-17,2026-09-17 10:41:54.230891+00:00,24.3,15.2,0.0,0,21.4,38.2,45,open-meteo,6.5,83.45
Taouloukoult,Morocco,31.2167,-9.0833,2026-09-18,2026-09-17 10:41:54.230891+00:00,26.0,13.8,0.0,0,19.5,34.2,45,open-meteo,5.86,83.9
Taouloukoult,Morocco,31.2167,-9.0833,2026-09-19,2026-09-17 10:41:54.230891+00:00,29.0,18.5,0.0,0,17.1,30.2,2,open-meteo,5.16,93.39
Taouloukoult,Morocco,31.2167,-9.0833,2026-09-20,2026-09-17 10:41:54.230891+00:00,30.4,20.8,0.3,23,15.6,27.0,3,open-meteo,5.05,90.47
Taouloukoult,Morocco,31.2167,-9.0833,2026-09-21,2026-09-17 10:41:54.230891+00:00,31.9,21.3,0.0,8,19.9,35.3,1,open-meteo,6.02,95.79
Taouloukoult,Morocco,31.2167,-9.0833,2026-09-22,2026-09-17 10:41:54.230891+00:00,32.4,19.6,0.0,3,20.2,36.7,0,open-meteo,6.2,95.66
Taouloukoult,Morocco,31.2167,-9.0833,2026-09-23,2026-09-17 10:41:54.230891+00:00,31.3,18.6,0.0,3,16.2,29.2,1,open-meteo,4.95,96.53
Sebt Ait Ikkou,Morocco,33.6686,-6.1372,2026-09-17,2026-09-17 10:41:54.319665+00:00,29.0,15.5,0.0,0,14.2,28.1,45,open-meteo,4.58,84.79
Sebt Ait Ikkou,Morocco,33.6686,-6.1372,2026-09-18,2026-09-17 10:41:54.319665+00:00,30.0,14.6,0.0,0,15.6,30.6,3,open-meteo,5.01,90.49
Sebt Ait Ikkou,Morocco,33.6686,-6.1372,2026-09-19,2026-09-17 10:41:54.319665+00:00,34.5,17.0,0.0,0,14.1,27.4,2,open-meteo,4.5,93.85
Sebt Ait Ikkou,Morocco,33.6686,-6.1372,2026-09-20,2026-09-17 10:41:54.319665+00:00,36.6,22.4,0.0,0,15.2,30.2,2,open-meteo,11.32,89.08
Sebt Ait Ikkou,Morocco,33.6686,-6.1372,2026-09-21,2026-09-17 10:41:54.319665+00:00,36.2,20.4,0.0,5,17.3,34.2,2,open-meteo,10.38,89.73
Sebt Ait Ikkou,Morocco,33.6686,-6.1372,2026-09-22,2026-09-17 10:41:54.319665+00:00,35.8,19.9,0.0,0,16.8,33.8,3,open-meteo,8.68,87.92
Sebt Ait Ikkou,Morocco,33.6686,-6.1372,2026-09-23,2026-09-17 10:41:54.319665+00:00,36.0,19.4,0.0,3,20.3,39.2,1,open-meteo,10.46,92.68
Gammasa,Morocco,31.4175,-8.4117,2026-09-17,2026-09-17 10:41:54.402011+00:00,28.4,17.9,0.0,0,16.5,25.9,3,open-meteo,4.65,90.74
Gammasa,Morocco,31.4175,-8.4117,2026-09-18,2026-09-17 10:41:54.402011+00:00,30.1,17.0,0.0,0,12.8,22.0,1,open-meteo,3.8,97.34
Gammasa,Morocco,31.4175,-8.4117,2026-09-19,2026-09-17 10:41:54.402011+00:00,32.9,18.9,0.0,3,14.0,24.8,2,open-meteo,4.23,94.04
Gammasa,Morocco,31.4175,-8.4117,2026-09-20,2026-09-17 10:41:54.402011+00:00,35.2,22.2,0.0,20,20.5,33.5,2,open-meteo,6.71,92.3
Gammasa,Morocco,31.4175,-8.4117,2026-09-21,2026-09-17 10:41:54.402011+00:00,36.3,23.1,0.0,13,24.7,45.4,2,open-meteo,12.83,88.02
Gammasa,Morocco,31.4175,-8.4117,2026-09-22,2026-09-17 10:41:54.402011+00:00,35.2,22.2,0.0,5,19.2,29.9,1,open-meteo,6.19,95.67
Gammasa,Morocco,31.4175,-8.4117,2026-09-23,2026-09-17 10:41:54.402011+00:00,34.8,20.7,0.0,3,14.5,24.5,2,open-meteo,4.26,94.02
Aghbalou n’Kerdous,Morocco,31.6767,-5.2976,2026-09-17,2026-09-17 10:41:54.494056+00:00,30.8,20.8,0.4,45,22.7,47.5,61,open-meteo,8.12,80.82
Aghbalou n’Kerdous,Morocco,31.6767,-5.2976,2026-09-18,2026-09-17 10:41:54.494056+00:00,30.7,19.9,0.2,45,24.5,37.8,3,open-meteo,7.11,89.02
Aghbalou n’Kerdous,Morocco,31.6767,-5.2976,2026-09-19,2026-09-17 10:41:54.494056+00:00,29.7,20.6,0.6,31,24.7,44.6,80,open-meteo,8.35,77.66
Aghbalou n’Kerdous,Morocco,31.6767,-5.2976,2026-09-20,2026-09-17 10:41:54.494056+00:00,29.2,18.9,0.4,16,13.2,31.0,3,open-meteo,5.28,90.3
Aghbalou n’Kerdous,Morocco,31.6767,-5.2976,2026-09-21,2026-09-17 10:41:54.494056+00:00,29.2,19.3,2.4,43,16.3,50.8,80,open-meteo,10.32,76.28
Aghbalou n’Kerdous,Morocco,31.6767,-5.2976,2026-09-22,2026-09-17 10:41:54.494056+00:00,29.1,18.3,0.3,20,16.2,27.0,3,open-meteo,5.12,90.42
Aghbalou n’Kerdous,Morocco,31.6767,-5.2976,2026-09-23,2026-09-17 10:41:54.494056+00:00,30.5,20.0,0.0,20,10.7,18.7,3,open-meteo,3.21,91.75
Tnine Sidi Lyamani,Morocco,35.3693,-5.9724,2026-09-17,2026-09-17 10:41:54.575461+00:00,25.4,16.8,0.0,0,13.7,27.0,3,open-meteo,4.41,90.91
Tnine Sidi Lyamani,Morocco,35.3693,-5.9724,2026-09-18,2026-09-17 10:41:54.575461+00:00,28.9,15.3,0.0,0,19.1,37.8,3,open-meteo,6.17,89.68
Tnine Sidi Lyamani,Morocco,35.3693,-5.9724,2026-09-19,2026-09-17 10:41:54.575461+00:00,32.3,19.9,0.0,0,23.8,47.2,2,open-meteo,7.7,91.61
Tnine Sidi Lyamani,Morocco,35.3693,-5.9724,2026-09-20,2026-09-17 10:41:54.575461+00:00,34.4,23.8,0.0,0,18.3,36.0,1,open-meteo,5.89,95.88
Tnine Sidi Lyamani,Morocco,35.3693,-5.9724,2026-09-21,2026-09-17 10:41:54.575461+00:00,34.2,23.3,0.0,0,17.6,34.6,2,open-meteo,5.66,93.04
Tnine Sidi Lyamani,Morocco,35.3693,-5.9724,2026-09-22,2026-09-17 10:41:54.575461+00:00,33.2,21.9,0.0,0,14.9,29.9,2,open-meteo,4.85,93.61
Tnine Sidi Lyamani,Morocco,35.3693,-5.9724,2026-09-23,2026-09-17 10:41:54.575461+00:00,35.0,20.2,0.0,0,14.1,29.9,1,open-meteo,4.75,96.67
Douar Sidi Laaroussi,Morocco,31.845,-9.1586,2026-09-17,2026-09-17 10:41:54.660899+00:00,27.6,18.3,0.0,0,23.6,42.1,1,open-meteo,7.16,94.99
Douar Sidi Laaroussi,Morocco,31.845,-9.1586,2026-09-18,2026-09-17 10:41:54.660899+00:00,30.4,16.9,0.0,0,23.2,41.0,45,open-meteo,7.0,83.1
Douar Sidi Laaroussi,Morocco,31.845,-9.1586,2026-09-19,2026-09-17 10:41:54.660899+00:00,31.9,17.4,0.0,0,22.0,38.9,2,open-meteo,6.64,92.35
Douar Sidi Laaroussi,Morocco,31.845,-9.1586,2026-09-20,2026-09-17 10:41:54.660899+00:00,31.0,21.0,0.0,0,22.2,41.4,2,open-meteo,6.91,92.16
Douar Sidi Laaroussi,Morocco,31.845,-9.1586,2026-09-21,2026-09-17 10:41:54.660899+00:00,31.6,20.4,0.0,0,22.4,39.2,1,open-meteo,6.72,95.3
Douar Sidi Laaroussi,Morocco,31.845,-9.1586,2026-09-22,2026-09-17 10:41:54.660899+00:00,35.4,18.4,0.0,0,19.7,33.8,0,open-meteo,7.44,94.79
Douar Sidi Laaroussi,Morocco,31.845,-9.1586,2026-09-23,2026-09-17 10:41:54.660899+00:00,34.2,18.0,0.0,0,20.6,38.2,0,open-meteo,6.4,95.52
Ain Legdah,Morocco,34.1646,-4.571,2026-09-17,2026-09-17 10:41:54.741981+00:00,30.1,16.6,0.0,0,14.1,29.9,3,open-meteo,4.75,90.67
Ain Legdah,Morocco,34.1646,-4.571,2026-09-18,2026-09-17 10:41:54.741981+00:00,32.9,16.7,0.0,0,23.5,53.3,2,open-meteo,8.27,91.21
Ain Legdah,Morocco,34.1646,-4.571,2026-09-19,2026-09-17 10:41:54.741981+00:00,31.5,21.9,0.0,0,33.2,73.1,2,open-meteo,11.46,88.98
Ain Legdah,Morocco,34.1646,-4.571,2026-09-20,2026-09-17 10:41:54.741981+00:00,34.4,23.3,0.0,0,29.7,63.0,2,open-meteo,10.01,89.99
Ain Legdah,Morocco,34.1646,-4.571,2026-09-21,2026-09-17 10:41:54.741981+00:00,34.1,23.2,0.0,3,24.0,56.9,2,open-meteo,8.69,90.92
Ain Legdah,Morocco,34.1646,-4.571,2026-09-22,2026-09-17 10:41:54.741981+00:00,35.6,21.2,0.0,0,14.4,43.2,2,open-meteo,8.52,91.04
Ain Legdah,Morocco,34.1646,-4.571,2026-09-23,2026-09-17 10:41:54.741981+00:00,36.0,17.7,0.0,0,11.6,23.8,0,open-meteo,7.83,94.52
Meghraoua,Morocco,33.9322,-4.0456,2026-09-17,2026-09-17 10:41:54.821234+00:00,27.9,15.0,0.0,0,14.3,25.6,3,open-meteo,4.35,90.95
Meghraoua,Morocco,33.9322,-4.0456,2026-09-18,2026-09-17 10:41:54.821234+00:00,25.9,13.1,0.0,3,21.5,36.7,3,open-meteo,6.36,89.55
Meghraoua,Morocco,33.9322,-4.0456,2026-09-19,2026-09-17 10:41:54.821234+00:00,24.3,15.1,0.0,38,26.9,46.1,45,open-meteo,7.97,82.42
Meghraoua,Morocco,33.9322,-4.0456,2026-09-20,2026-09-17 10:41:54.821234+00:00,27.5,16.4,0.0,13,22.8,38.9,45,open-meteo,6.74,83.28
Meghraoua,Morocco,33.9322,-4.0456,2026-09-21,2026-09-17 10:41:54.821234+00:00,26.8,16.0,0.0,10,21.8,37.4,45,open-meteo,6.47,83.47
Meghraoua,Morocco,33.9322,-4.0456,2026-09-22,2026-09-17 10:41:54.821234+00:00,28.7,15.3,0.0,0,14.8,31.0,45,open-meteo,4.95,84.53
Meghraoua,Morocco,33.9322,-4.0456,2026-09-23,2026-09-17 10:41:54.821234+00:00,29.0,15.0,0.0,0,20.4,38.5,1,open-meteo,6.4,95.52
Boured,Morocco,34.7344,-4.0947,2026-09-17,2026-09-17 10:41:54.899958+00:00,28.0,11.9,0.0,0,16.6,31.0,3,open-meteo,5.18,90.37
Boured,Morocco,34.7344,-4.0947,2026-09-18,2026-09-17 10:41:54.899958+00:00,29.2,12.0,0.0,0,19.1,34.6,3,open-meteo,5.85,89.91
Boured,Morocco,34.7344,-4.0947,2026-09-19,2026-09-17 10:41:54.899958+00:00,28.1,16.3,0.0,3,19.2,36.0,2,open-meteo,6.0,92.8
Boured,Morocco,34.7344,-4.0947,2026-09-20,2026-09-17 10:41:54.899958+00:00,29.8,17.6,0.0,3,14.9,35.6,2,open-meteo,5.42,93.21
Boured,Morocco,34.7344,-4.0947,2026-09-21,2026-09-17 10:41:54.899958+00:00,29.1,17.1,0.0,5,17.6,35.3,2,open-meteo,5.73,92.99
Boured,Morocco,34.7344,-4.0947,2026-09-22,2026-09-17 10:41:54.899958+00:00,31.5,15.4,0.0,8,9.4,18.9,3,open-meteo,3.07,91.85
Boured,Morocco,34.7344,-4.0947,2026-09-23,2026-09-17 10:41:54.899958+00:00,31.7,15.1,0.0,8,13.7,28.4,2,open-meteo,4.55,93.81
Saidia,Morocco,35.085,-2.2392,2026-09-17,2026-09-17 10:41:54.981620+00:00,26.2,17.9,0.0,0,17.4,30.6,45,open-meteo,5.24,84.33
Saidia,Morocco,35.085,-2.2392,2026-09-18,2026-09-17 10:41:54.981620+00:00,25.8,19.6,0.0,0,19.7,36.0,45,open-meteo,6.06,83.76
Saidia,Morocco,35.085,-2.2392,2026-09-19,2026-09-17 10:41:54.981620+00:00,26.1,21.7,0.2,3,28.2,50.4,3,open-meteo,8.83,87.82
Saidia,Morocco,35.085,-2.2392,2026-09-20,2026-09-17 10:41:54.981620+00:00,26.8,22.1,0.0,3,25.3,46.8,45,open-meteo,7.84,82.51
Saidia,Morocco,35.085,-2.2392,2026-09-21,2026-09-17 10:41:54.981620+00:00,26.2,22.1,0.0,5,23.4,41.8,45,open-meteo,7.11,83.02
Saidia,Morocco,35.085,-2.2392,2026-09-22,2026-09-17 10:41:54.981620+00:00,26.0,21.5,0.0,3,16.0,27.0,45,open-meteo,4.7,84.71
Saidia,Morocco,35.085,-2.2392,2026-09-23,2026-09-17 10:41:54.981620+00:00,26.1,20.8,0.0,0,12.7,22.0,45,open-meteo,3.79,85.35
Itzer,Morocco,32.8808,-5.0542,2026-09-17,2026-09-17 10:41:55.065679+00:00,26.6,12.3,0.0,0,27.6,46.1,3,open-meteo,8.06,88.36
Itzer,Morocco,32.8808,-5.0542,2026-09-18,2026-09-17 10:41:55.065679+00:00,26.3,12.9,0.0,0,27.3,45.4,3,open-meteo,7.95,88.43
Itzer,Morocco,32.8808,-5.0542,2026-09-19,2026-09-17 10:41:55.065679+00:00,25.7,14.1,0.1,36,22.5,41.0,3,open-meteo,7.05,89.06
Itzer,Morocco,32.8808,-5.0542,2026-09-20,2026-09-17 10:41:55.065679+00:00,27.3,14.4,0.0,10,13.8,27.0,2,open-meteo,4.43,93.9
Itzer,Morocco,32.8808,-5.0542,2026-09-21,2026-09-17 10:41:55.065679+00:00,27.2,15.3,0.0,18,24.9,37.4,3,open-meteo,6.85,89.2
Itzer,Morocco,32.8808,-5.0542,2026-09-22,2026-09-17 10:41:55.065679+00:00,26.6,13.1,0.0,0,15.5,25.6,3,open-meteo,4.5,90.85
Itzer,Morocco,32.8808,-5.0542,2026-09-23,2026-09-17 10:41:55.065679+00:00,27.2,14.8,0.0,3,9.1,23.4,3,open-meteo,3.48,91.56
Oulad Slim,Morocco,32.7775,-7.7725,2026-09-17,2026-09-17 10:41:55.148923+00:00,28.6,16.5,0.0,0,20.1,39.2,3,open-meteo,6.43,89.5
Oulad Slim,Morocco,32.7775,-7.7725,2026-09-18,2026-09-17 10:41:55.148923+00:00,30.5,16.2,0.0,0,19.1,37.1,3,open-meteo,6.1,89.73
Oulad Slim,Morocco,32.7775,-7.7725,2026-09-19,2026-09-17 10:41:55.148923+00:00,33.9,17.0,0.0,0,19.1,37.1,2,open-meteo,6.1,92.73
Oulad Slim,Morocco,32.7775,-7.7725,2026-09-20,2026-09-17 10:41:55.148923+00:00,36.3,21.2,0.0,0,18.9,39.2,2,open-meteo,11.48,88.96
Oulad Slim,Morocco,32.7775,-7.7725,2026-09-21,2026-09-17 10:41:55.148923+00:00,37.6,20.6,0.0,3,20.7,41.0,2,open-meteo,17.09,85.04
Oulad Slim,Morocco,32.7775,-7.7725,2026-09-22,2026-09-17 10:41:55.148923+00:00,36.0,17.9,0.0,3,19.6,35.6,45,open-meteo,10.01,80.99
Oulad Slim,Morocco,32.7775,-7.7725,2026-09-23,2026-09-17 10:41:55.148923+00:00,35.4,19.3,0.0,0,20.9,38.9,45,open-meteo,8.1,82.33
Laqraqra,Morocco,32.4051,-7.1484,2026-09-17,2026-09-17 10:41:55.232356+00:00,32.2,16.6,0.0,0,16.2,28.1,2,open-meteo,4.84,93.61
Laqraqra,Morocco,32.4051,-7.1484,2026-09-18,2026-09-17 10:41:55.232356+00:00,33.4,17.9,0.0,0,15.1,26.6,3,open-meteo,4.55,90.81
Laqraqra,Morocco,32.4051,-7.1484,2026-09-19,2026-09-17 10:41:55.232356+00:00,37.7,20.5,0.0,0,12.5,22.3,2,open-meteo,14.59,86.79
Laqraqra,Morocco,32.4051,-7.1484,2026-09-20,2026-09-17 10:41:55.232356+00:00,38.6,23.4,0.0,5,16.5,32.0,3,open-meteo,19.66,80.24
Laqraqra,Morocco,32.4051,-7.1484,2026-09-21,2026-09-17 10:41:55.232356+00:00,38.8,23.2,0.3,5,17.7,36.0,3,open-meteo,21.41,79.01
Laqraqra,Morocco,32.4051,-7.1484,2026-09-22,2026-09-17 10:41:55.232356+00:00,37.9,20.4,0.0,3,14.9,24.8,1,open-meteo,15.94,88.84
Laqraqra,Morocco,32.4051,-7.1484,2026-09-23,2026-09-17 10:41:55.232356+00:00,38.1,19.8,0.0,0,12.3,24.5,0,open-meteo,16.39,88.53
Abadou,Morocco,31.605,-7.2996,2026-09-17,2026-09-17 10:41:55.312787+00:00,27.1,16.2,0.0,0,12.4,27.0,3,open-meteo,4.25,91.02
Abadou,Morocco,31.605,-7.2996,2026-09-18,2026-09-17 10:41:55.312787+00:00,28.7,15.8,0.0,0,11.9,26.6,3,open-meteo,4.15,91.09
Abadou,Morocco,31.605,-7.2996,2026-09-19,2026-09-17 10:41:55.312787+00:00,32.0,19.7,0.0,15,16.2,35.3,2,open-meteo,5.56,93.11
Abadou,Morocco,31.605,-7.2996,2026-09-20,2026-09-17 10:41:55.312787+00:00,34.0,23.8,0.3,23,18.4,38.5,3,open-meteo,6.55,89.41
Abadou,Morocco,31.605,-7.2996,2026-09-21,2026-09-17 10:41:55.312787+00:00,33.5,22.3,1.5,13,18.1,51.1,80,open-meteo,9.37,76.94
Abadou,Morocco,31.605,-7.2996,2026-09-22,2026-09-17 10:41:55.312787+00:00,32.5,22.4,0.0,5,18.2,37.8,2,open-meteo,6.05,92.77
Abadou,Morocco,31.605,-7.2996,2026-09-23,2026-09-17 10:41:55.312787+00:00,32.6,20.0,0.0,0,16.4,33.8,1,open-meteo,5.43,96.2
Figuig,Morocco,32.1167,-1.2269,2026-09-17,2026-09-17 10:41:55.634618+00:00,33.6,22.3,0.2,8,17.3,31.0,3,open-meteo,5.53,90.13
Figuig,Morocco,32.1167,-1.2269,2026-09-18,2026-09-17 10:41:55.634618+00:00,32.1,23.2,0.1,20,26.1,50.4,3,open-meteo,8.44,88.09
Figuig,Morocco,32.1167,-1.2269,2026-09-19,2026-09-17 10:41:55.634618+00:00,29.8,22.8,0.2,25,20.9,47.2,3,open-meteo,7.6,88.68
Figuig,Morocco,32.1167,-1.2269,2026-09-20,2026-09-17 10:41:55.634618+00:00,30.6,19.6,1.6,18,14.7,27.4,80,open-meteo,6.71,78.8
Figuig,Morocco,32.1167,-1.2269,2026-09-21,2026-09-17 10:41:55.634618+00:00,25.8,20.0,2.1,50,13.7,30.2,80,open-meteo,7.53,78.23
Figuig,Morocco,32.1167,-1.2269,2026-09-22,2026-09-17 10:41:55.634618+00:00,28.1,18.7,0.0,10,7.1,18.7,3,open-meteo,2.76,92.07
Figuig,Morocco,32.1167,-1.2269,2026-09-23,2026-09-17 10:41:55.634618+00:00,31.3,19.4,0.0,8,12.7,19.8,2,open-meteo,3.57,94.5
Lamsabih,Morocco,32.2933,-8.6889,2026-09-17,2026-09-17 10:41:55.717117+00:00,27.9,18.5,0.0,0,19.5,34.2,2,open-meteo,5.86,92.9
Lamsabih,Morocco,32.2933,-8.6889,2026-09-18,2026-09-17 10:41:55.717117+00:00,30.2,17.6,0.0,0,19.1,33.5,2,open-meteo,5.74,92.98
Lamsabih,Morocco,32.2933,-8.6889,2026-09-19,2026-09-17 10:41:55.717117+00:00,32.2,17.5,0.0,0,17.0,29.9,3,open-meteo,5.12,90.42
Lamsabih,Morocco,32.2933,-8.6889,2026-09-20,2026-09-17 10:41:55.717117+00:00,34.8,20.8,0.0,0,18.1,32.8,2,open-meteo,5.54,93.12
Lamsabih,Morocco,32.2933,-8.6889,2026-09-21,2026-09-17 10:41:55.717117+00:00,35.6,20.9,0.0,3,19.1,34.2,1,open-meteo,8.21,94.25
Lamsabih,Morocco,32.2933,-8.6889,2026-09-22,2026-09-17 10:41:55.717117+00:00,35.9,19.4,0.0,0,15.3,33.5,45,open-meteo,8.86,81.8
Lamsabih,Morocco,32.2933,-8.6889,2026-09-23,2026-09-17 10:41:55.717117+00:00,35.3,18.1,0.0,0,16.5,36.0,45,open-meteo,6.86,83.2
Bouderbala,Morocco,33.8123,-5.2871,2026-09-17,2026-09-17 10:41:55.800029+00:00,27.8,14.5,0.0,0,14.4,26.6,3,open-meteo,4.46,90.88
Bouderbala,Morocco,33.8123,-5.2871,2026-09-18,2026-09-17 10:41:55.800029+00:00,28.3,15.7,0.0,0,15.9,29.5,3,open-meteo,4.94,90.54
Bouderbala,Morocco,33.8123,-5.2871,2026-09-19,2026-09-17 10:41:55.800029+00:00,32.0,17.8,0.0,3,19.3,35.3,2,open-meteo,5.94,92.84
Bouderbala,Morocco,33.8123,-5.2871,2026-09-20,2026-09-17 10:41:55.800029+00:00,34.0,20.1,0.0,0,18.8,34.9,2,open-meteo,5.84,92.91
Bouderbala,Morocco,33.8123,-5.2871,2026-09-21,2026-09-17 10:41:55.800029+00:00,33.3,20.0,0.0,5,16.6,31.3,2,open-meteo,5.21,93.35
Bouderbala,Morocco,33.8123,-5.2871,2026-09-22,2026-09-17 10:41:55.800029+00:00,32.9,19.9,0.0,0,19.9,41.0,0,open-meteo,6.59,95.39
Bouderbala,Morocco,33.8123,-5.2871,2026-09-23,2026-09-17 10:41:55.800029+00:00,33.4,22.3,0.0,3,19.9,41.4,1,open-meteo,6.63,95.36
El Khemis des Beni Chegdal,Morocco,32.4442,-6.955,2026-09-17,2026-09-17 10:41:55.881969+00:00,32.8,16.0,0.0,0,15.1,27.0,2,open-meteo,4.59,93.79
El Khemis des Beni Chegdal,Morocco,32.4442,-6.955,2026-09-18,2026-09-17 10:41:55.881969+00:00,33.7,17.1,0.0,0,14.3,24.8,3,open-meteo,4.27,91.01
El Khemis des Beni Chegdal,Morocco,32.4442,-6.955,2026-09-19,2026-09-17 10:41:55.881969+00:00,37.7,20.2,0.0,0,13.6,23.8,3,open-meteo,14.88,83.58
El Khemis des Beni Chegdal,Morocco,32.4442,-6.955,2026-09-20,2026-09-17 10:41:55.881969+00:00,38.8,23.5,0.0,0,16.9,32.8,2,open-meteo,20.59,82.59
El Khemis des Beni Chegdal,Morocco,32.4442,-6.955,2026-09-21,2026-09-17 10:41:55.881969+00:00,38.7,22.3,0.3,5,14.6,31.0,3,open-meteo,20.13,79.91
El Khemis des Beni Chegdal,Morocco,32.4442,-6.955,2026-09-22,2026-09-17 10:41:55.881969+00:00,37.8,20.3,0.0,5,16.4,28.8,2,open-meteo,16.13,85.71
El Khemis des Beni Chegdal,Morocco,32.4442,-6.955,2026-09-23,2026-09-17 10:41:55.881969+00:00,37.8,19.9,0.0,0,14.5,30.2,0,open-meteo,16.03,88.78
Douar Echbanat,Morocco,34.214,-5.3508,2026-09-17,2026-09-17 10:41:55.965756+00:00,28.8,19.2,0.0,0,15.8,31.0,3,open-meteo,5.08,90.44
Douar Echbanat,Morocco,34.214,-5.3508,2026-09-18,2026-09-17 10:41:55.965756+00:00,31.5,17.5,0.0,0,12.4,24.8,3,open-meteo,4.03,91.18
Douar Echbanat,Morocco,34.214,-5.3508,2026-09-19,2026-09-17 10:41:55.965756+00:00,35.6,20.9,0.0,0,16.6,33.5,2,open-meteo,7.83,91.52
Douar Echbanat,Morocco,34.214,-5.3508,2026-09-20,2026-09-17 10:41:55.965756+00:00,37.6,24.1,0.0,0,14.3,29.9,2,open-meteo,15.18,86.37
Douar Echbanat,Morocco,34.214,-5.3508,2026-09-21,2026-09-17 10:41:55.965756+00:00,37.1,23.7,0.0,0,11.3,22.3,0,open-meteo,12.04,91.57
Douar Echbanat,Morocco,34.214,-5.3508,2026-09-22,2026-09-17 10:41:55.965756+00:00,36.6,23.3,0.0,0,10.3,20.9,1,open-meteo,9.78,93.15
Douar Echbanat,Morocco,34.214,-5.3508,2026-09-23,2026-09-17 10:41:55.965756+00:00,37.9,21.4,0.0,0,11.6,23.4,1,open-meteo,15.39,89.23
Ain Beida,Morocco,34.9349,-5.4607,2026-09-17,2026-09-17 10:41:56.049422+00:00,28.3,16.3,0.0,0,14.8,31.3,3,open-meteo,4.98,90.51
Ain Beida,Morocco,34.9349,-5.4607,2026-09-18,2026-09-17 10:41:56.049422+00:00,30.7,15.8,0.0,0,15.3,31.3,3,open-meteo,5.04,90.47
Ain Beida,Morocco,34.9349,-5.4607,2026-09-19,2026-09-17 10:41:56.049422+00:00,32.6,20.2,0.0,0,15.1,36.4,1,open-meteo,5.53,96.13
Ain Beida,Morocco,34.9349,-5.4607,2026-09-20,2026-09-17 10:41:56.049422+00:00,34.6,23.8,0.0,0,11.0,36.0,1,open-meteo,4.98,96.51
Ain Beida,Morocco,34.9349,-5.4607,2026-09-21,2026-09-17 10:41:56.049422+00:00,35.2,22.8,0.0,5,9.6,28.8,2,open-meteo,4.88,93.58
Ain Beida,Morocco,34.9349,-5.4607,2026-09-22,2026-09-17 10:41:56.049422+00:00,35.0,21.0,0.0,0,12.4,30.6,3,open-meteo,4.61,90.77
Ain Beida,Morocco,34.9349,-5.4607,2026-09-23,2026-09-17 10:41:56.049422+00:00,36.1,20.1,0.0,0,13.5,28.8,0,open-meteo,8.97,93.72
Imi Mokorn,Morocco,30.1675,-9.2322,2026-09-17,2026-09-17 10:41:56.132622+00:00,27.6,20.7,0.0,0,32.2,52.6,3,open-meteo,9.29,87.5
Imi Mokorn,Morocco,30.1675,-9.2322,2026-09-18,2026-09-17 10:41:56.132622+00:00,27.6,19.0,0.0,0,26.2,43.2,1,open-meteo,7.6,94.68
Imi Mokorn,Morocco,30.1675,-9.2322,2026-09-19,2026-09-17 10:41:56.132622+00:00,28.0,19.4,0.0,0,22.7,36.4,45,open-meteo,6.48,83.46
Imi Mokorn,Morocco,30.1675,-9.2322,2026-09-20,2026-09-17 10:41:56.132622+00:00,28.5,20.0,0.0,0,20.5,33.8,2,open-meteo,5.94,92.84
Imi Mokorn,Morocco,30.1675,-9.2322,2026-09-21,2026-09-17 10:41:56.132622+00:00,33.3,21.8,0.0,0,18.5,30.6,3,open-meteo,5.37,90.24
Imi Mokorn,Morocco,30.1675,-9.2322,2026-09-22,2026-09-17 10:41:56.132622+00:00,37.3,22.1,0.0,0,16.6,30.2,3,open-meteo,14.29,84.0
Imi Mokorn,Morocco,30.1675,-9.2322,2026-09-23,2026-09-17 10:41:56.132622+00:00,35.9,22.2,0.0,3,17.7,29.2,0,open-meteo,8.73,93.89
Fezouane,Morocco,34.9164,-2.2042,2026-09-17,2026-09-17 10:41:56.214607+00:00,25.6,17.8,0.0,0,13.7,27.7,3,open-meteo,4.48,90.86
Fezouane,Morocco,34.9164,-2.2042,2026-09-18,2026-09-17 10:41:56.214607+00:00,25.5,17.8,0.0,3,16.3,32.8,3,open-meteo,5.32,90.28
Fezouane,Morocco,34.9164,-2.2042,2026-09-19,2026-09-17 10:41:56.214607+00:00,26.1,19.0,0.0,5,16.0,33.5,45,open-meteo,5.35,84.25
Fezouane,Morocco,34.9164,-2.2042,2026-09-20,2026-09-17 10:41:56.214607+00:00,26.7,20.3,0.0,0,14.3,28.8,45,open-meteo,4.67,84.73
Fezouane,Morocco,34.9164,-2.2042,2026-09-21,2026-09-17 10:41:56.214607+00:00,26.2,20.0,0.0,5,14.2,30.2,45,open-meteo,4.79,84.65
Fezouane,Morocco,34.9164,-2.2042,2026-09-22,2026-09-17 10:41:56.214607+00:00,27.2,19.4,0.0,3,14.6,27.4,45,open-meteo,4.56,84.81
Fezouane,Morocco,34.9164,-2.2042,2026-09-23,2026-09-17 10:41:56.214607+00:00,27.5,19.0,0.0,0,11.9,22.7,45,open-meteo,3.76,85.37
Douar Jwalla,Morocco,31.8878,-7.4411,2026-09-17,2026-09-17 10:41:56.296546+00:00,29.1,16.2,0.0,0,15.5,28.1,2,open-meteo,4.75,93.67
Douar Jwalla,Morocco,31.8878,-7.4411,2026-09-18,2026-09-17 10:41:56.296546+00:00,31.0,17.0,0.0,0,13.6,24.1,2,open-meteo,4.11,94.12
Douar Jwalla,Morocco,31.8878,-7.4411,2026-09-19,2026-09-17 10:41:56.296546+00:00,34.4,19.7,0.0,3,17.0,30.2,2,open-meteo,5.15,93.39
Douar Jwalla,Morocco,31.8878,-7.4411,2026-09-20,2026-09-17 10:41:56.296546+00:00,36.7,22.6,0.0,10,20.4,36.0,3,open-meteo,12.95,84.94
Douar Jwalla,Morocco,31.8878,-7.4411,2026-09-21,2026-09-17 10:41:56.296546+00:00,37.2,22.0,0.0,3,18.3,35.6,2,open-meteo,14.65,86.74
Douar Jwalla,Morocco,31.8878,-7.4411,2026-09-22,2026-09-17 10:41:56.296546+00:00,36.2,22.9,0.0,3,18.0,32.4,2,open-meteo,10.29,89.8
Douar Jwalla,Morocco,31.8878,-7.4411,2026-09-23,2026-09-17 10:41:56.296546+00:00,36.0,22.5,0.0,0,15.5,32.4,0,open-meteo,9.18,93.57
Sidi Rahhal,Morocco,31.6667,-7.4833,2026-09-17,2026-09-17 10:41:56.379519+00:00,28.7,16.6,0.0,0,11.2,21.6,2,open-meteo,3.56,94.51
Sidi Rahhal,Morocco,31.6667,-7.4833,2026-09-18,2026-09-17 10:41:56.379519+00:00,30.5,16.9,0.0,0,11.2,22.7,2,open-meteo,3.67,94.43
Sidi Rahhal,Morocco,31.6667,-7.4833,2026-09-19,2026-09-17 10:41:56.379519+00:00,33.9,19.5,0.0,13,12.7,24.5,3,open-meteo,4.04,91.17
Sidi Rahhal,Morocco,31.6667,-7.4833,2026-09-20,2026-09-17 10:41:56.379519+00:00,36.7,22.7,0.9,25,13.4,26.6,80,open-meteo,12.34,74.86
Sidi Rahhal,Morocco,31.6667,-7.4833,2026-09-21,2026-09-17 10:41:56.379519+00:00,35.9,21.5,0.3,15,15.1,28.4,2,open-meteo,8.73,90.89
Sidi Rahhal,Morocco,31.6667,-7.4833,2026-09-22,2026-09-17 10:41:56.379519+00:00,34.8,22.1,0.0,8,16.1,30.2,1,open-meteo,5.03,96.48
Sidi Rahhal,Morocco,31.6667,-7.4833,2026-09-23,2026-09-17 10:41:56.379519+00:00,35.0,20.1,0.0,0,14.2,27.4,0,open-meteo,4.51,96.84
Sidi Lahsene,Morocco,34.0999,-2.6219,2026-09-17,2026-09-17 10:41:56.460344+00:00,26.7,15.0,0.0,5,16.6,33.8,3,open-meteo,5.46,90.18
Sidi Lahsene,Morocco,34.0999,-2.6219,2026-09-18,2026-09-17 10:41:56.460344+00:00,27.9,13.8,0.0,5,17.7,34.9,3,open-meteo,5.7,90.01
Sidi Lahsene,Morocco,34.0999,-2.6219,2026-09-19,2026-09-17 10:41:56.460344+00:00,27.3,15.6,0.3,58,33.2,74.5,45,open-meteo,12.0,79.6
Sidi Lahsene,Morocco,34.0999,-2.6219,2026-09-20,2026-09-17 10:41:56.460344+00:00,30.5,17.0,0.0,23,13.8,29.2,45,open-meteo,4.65,84.74
Sidi Lahsene,Morocco,34.0999,-2.6219,2026-09-21,2026-09-17 10:41:56.460344+00:00,28.4,16.3,0.0,10,14.5,30.2,45,open-meteo,4.83,84.62
Sidi Lahsene,Morocco,34.0999,-2.6219,2026-09-22,2026-09-17 10:41:56.460344+00:00,30.4,15.7,0.0,3,15.2,32.8,2,open-meteo,5.18,93.37
Sidi Lahsene,Morocco,34.0999,-2.6219,2026-09-23,2026-09-17 10:41:56.460344+00:00,30.1,16.6,0.0,3,19.7,39.6,3,open-meteo,6.42,89.51
Tawnza,Morocco,32.0944,-6.6025,2026-09-17,2026-09-17 10:41:56.541103+00:00,29.1,16.5,0.0,0,13.3,27.7,3,open-meteo,4.43,90.9
Tawnza,Morocco,32.0944,-6.6025,2026-09-18,2026-09-17 10:41:56.541103+00:00,31.1,17.4,0.0,0,14.0,28.1,3,open-meteo,4.56,90.81
Tawnza,Morocco,32.0944,-6.6025,2026-09-19,2026-09-17 10:41:56.541103+00:00,34.5,20.8,0.0,0,12.6,27.0,2,open-meteo,4.28,94.0
Tawnza,Morocco,32.0944,-6.6025,2026-09-20,2026-09-17 10:41:56.541103+00:00,35.5,24.9,0.3,3,17.2,36.0,3,open-meteo,8.15,88.29
Tawnza,Morocco,32.0944,-6.6025,2026-09-21,2026-09-17 10:41:56.541103+00:00,34.7,23.1,0.0,8,15.1,33.8,2,open-meteo,5.27,93.31
Tawnza,Morocco,32.0944,-6.6025,2026-09-22,2026-09-17 10:41:56.541103+00:00,35.1,22.6,0.0,5,17.6,36.0,2,open-meteo,6.2,92.66
Tawnza,Morocco,32.0944,-6.6025,2026-09-23,2026-09-17 10:41:56.541103+00:00,35.6,23.3,0.0,3,17.1,34.9,0,open-meteo,8.03,94.38
Zaggota,Morocco,34.1667,-5.5333,2026-09-17,2026-09-17 10:41:56.634560+00:00,27.6,17.7,0.0,0,15.5,32.8,3,open-meteo,5.22,90.35
Zaggota,Morocco,34.1667,-5.5333,2026-09-18,2026-09-17 10:41:56.634560+00:00,30.1,16.9,0.0,0,14.8,35.6,3,open-meteo,5.41,90.21
Zaggota,Morocco,34.1667,-5.5333,2026-09-19,2026-09-17 10:41:56.634560+00:00,34.6,20.5,0.0,0,20.6,60.5,2,open-meteo,8.62,90.97
Zaggota,Morocco,34.1667,-5.5333,2026-09-20,2026-09-17 10:41:56.634560+00:00,36.4,24.2,0.0,0,20.9,54.7,2,open-meteo,13.68,87.42
Zaggota,Morocco,34.1667,-5.5333,2026-09-21,2026-09-17 10:41:56.634560+00:00,35.9,23.1,0.0,3,12.1,33.1,1,open-meteo,8.42,94.11
Zaggota,Morocco,34.1667,-5.5333,2026-09-22,2026-09-17 10:41:56.634560+00:00,34.4,21.5,0.0,0,13.2,26.3,1,open-meteo,4.28,97.0
Zaggota,Morocco,34.1667,-5.5333,2026-09-23,2026-09-17 10:41:56.634560+00:00,35.5,20.2,0.0,0,14.7,29.5,1,open-meteo,6.79,95.25
Toundout,Morocco,31.2647,-6.5906,2026-09-17,2026-09-17 10:41:56.720700+00:00,28.4,20.2,0.6,50,27.0,45.4,80,open-meteo,8.71,77.4
Toundout,Morocco,31.2647,-6.5906,2026-09-18,2026-09-17 10:41:56.720700+00:00,28.2,18.1,0.1,15,15.5,28.1,3,open-meteo,4.88,90.58
Toundout,Morocco,31.2647,-6.5906,2026-09-19,2026-09-17 10:41:56.720700+00:00,29.0,20.6,0.0,16,21.2,35.3,3,open-meteo,6.18,89.67
Toundout,Morocco,31.2647,-6.5906,2026-09-20,2026-09-17 10:41:56.720700+00:00,28.7,19.2,0.0,10,32.7,50.8,3,open-meteo,9.17,87.58
Toundout,Morocco,31.2647,-6.5906,2026-09-21,2026-09-17 10:41:56.720700+00:00,26.9,19.3,1.5,33,15.8,31.0,3,open-meteo,7.08,89.04
Toundout,Morocco,31.2647,-6.5906,2026-09-22,2026-09-17 10:41:56.720700+00:00,27.7,17.8,0.3,18,13.4,27.0,2,open-meteo,4.78,93.65
Toundout,Morocco,31.2647,-6.5906,2026-09-23,2026-09-17 10:41:56.720700+00:00,28.4,18.8,0.0,18,18.4,29.5,2,open-meteo,5.25,93.33
Aïn Zohra,Morocco,34.1,-6.35,2026-09-17,2026-09-17 10:41:56.809028+00:00,27.8,17.5,0.0,0,14.1,24.5,3,open-meteo,4.21,91.05
Aïn Zohra,Morocco,34.1,-6.35,2026-09-18,2026-09-17 10:41:56.809028+00:00,29.5,16.0,0.0,0,17.4,29.9,45,open-meteo,5.17,84.38
Aïn Zohra,Morocco,34.1,-6.35,2026-09-19,2026-09-17 10:41:56.809028+00:00,35.3,17.2,0.0,0,19.4,33.8,2,open-meteo,7.0,92.1
Aïn Zohra,Morocco,34.1,-6.35,2026-09-20,2026-09-17 10:41:56.809028+00:00,36.2,20.3,0.0,0,16.7,29.2,2,open-meteo,9.81,90.13
Aïn Zohra,Morocco,34.1,-6.35,2026-09-21,2026-09-17 10:41:56.809028+00:00,34.9,21.0,0.0,0,16.8,29.5,1,open-meteo,5.05,96.47
Aïn Zohra,Morocco,34.1,-6.35,2026-09-22,2026-09-17 10:41:56.809028+00:00,32.2,19.4,0.0,0,15.8,28.8,1,open-meteo,4.86,96.6
Aïn Zohra,Morocco,34.1,-6.35,2026-09-23,2026-09-17 10:41:56.809028+00:00,32.4,18.4,0.0,0,18.1,32.4,1,open-meteo,5.5,96.15
Ben Qarrich,Morocco,35.5109,-5.4205,2026-09-17,2026-09-17 10:41:56.892278+00:00,27.5,12.1,0.0,0,12.5,24.5,3,open-meteo,4.01,91.19
Ben Qarrich,Morocco,35.5109,-5.4205,2026-09-18,2026-09-17 10:41:56.892278+00:00,26.9,15.3,0.0,0,19.5,40.7,3,open-meteo,6.51,89.44
Ben Qarrich,Morocco,35.5109,-5.4205,2026-09-19,2026-09-17 10:41:56.892278+00:00,26.9,21.0,0.0,0,28.0,56.5,2,open-meteo,9.15,90.59
Ben Qarrich,Morocco,35.5109,-5.4205,2026-09-20,2026-09-17 10:41:56.892278+00:00,27.3,22.7,0.0,0,25.5,54.4,2,open-meteo,8.63,90.96
Ben Qarrich,Morocco,35.5109,-5.4205,2026-09-21,2026-09-17 10:41:56.892278+00:00,27.1,22.0,0.0,0,22.7,49.0,2,open-meteo,7.74,91.58
Ben Qarrich,Morocco,35.5109,-5.4205,2026-09-22,2026-09-17 10:41:56.892278+00:00,27.4,20.6,0.0,0,16.2,42.8,2,open-meteo,6.31,92.58
Ben Qarrich,Morocco,35.5109,-5.4205,2026-09-23,2026-09-17 10:41:56.892278+00:00,27.9,21.1,0.0,0,15.4,45.4,2,open-meteo,6.46,92.48
Bou Zemou,Morocco,32.1114,-5.5197,2026-09-17,2026-09-17 10:41:56.975714+00:00,20.5,10.1,3.2,93,27.0,55.4,81,open-meteo,13.18,71.27
Bou Zemou,Morocco,32.1114,-5.5197,2026-09-18,2026-09-17 10:41:56.975714+00:00,20.9,9.7,0.4,83,23.3,41.4,3,open-meteo,7.59,88.69
Bou Zemou,Morocco,32.1114,-5.5197,2026-09-19,2026-09-17 10:41:56.975714+00:00,19.6,11.4,9.0,80,21.9,39.2,63,open-meteo,18.66,70.44
Bou Zemou,Morocco,32.1114,-5.5197,2026-09-20,2026-09-17 10:41:56.975714+00:00,20.4,10.8,3.0,58,13.4,37.1,80,open-meteo,9.39,76.93
Bou Zemou,Morocco,32.1114,-5.5197,2026-09-21,2026-09-17 10:41:56.975714+00:00,20.5,11.4,0.3,35,25.9,49.3,80,open-meteo,8.57,77.5
Bou Zemou,Morocco,32.1114,-5.5197,2026-09-22,2026-09-17 10:41:56.975714+00:00,21.4,9.7,0.0,5,21.3,41.4,3,open-meteo,6.8,89.24
Bou Zemou,Morocco,32.1114,-5.5197,2026-09-23,2026-09-17 10:41:56.975714+00:00,22.7,10.2,0.0,10,20.8,41.8,3,open-meteo,6.78,89.25
Douar Ezzerarda,Morocco,33.9743,-4.3788,2026-09-17,2026-09-17 10:41:57.061610+00:00,26.8,15.8,0.0,0,13.8,25.2,45,open-meteo,4.25,85.02
Douar Ezzerarda,Morocco,33.9743,-4.3788,2026-09-18,2026-09-17 10:41:57.061610+00:00,29.3,16.0,0.0,0,19.2,36.7,3,open-meteo,6.07,89.75
Douar Ezzerarda,Morocco,33.9743,-4.3788,2026-09-19,2026-09-17 10:41:57.061610+00:00,32.2,19.4,0.0,0,30.4,56.2,2,open-meteo,9.42,90.41
Douar Ezzerarda,Morocco,33.9743,-4.3788,2026-09-20,2026-09-17 10:41:57.061610+00:00,33.7,20.5,0.0,0,23.9,42.8,2,open-meteo,7.27,91.91
Douar Ezzerarda,Morocco,33.9743,-4.3788,2026-09-21,2026-09-17 10:41:57.061610+00:00,32.6,20.9,0.0,3,22.1,39.6,2,open-meteo,6.72,92.3
Douar Ezzerarda,Morocco,33.9743,-4.3788,2026-09-22,2026-09-17 10:41:57.061610+00:00,32.2,19.9,0.0,0,11.8,22.0,1,open-meteo,3.68,97.42
Douar Ezzerarda,Morocco,33.9743,-4.3788,2026-09-23,2026-09-17 10:41:57.061610+00:00,32.4,18.9,0.0,0,17.3,30.6,0,open-meteo,5.22,96.35
Sidi Ouassay,Morocco,30.05,-9.6833,2026-09-17,2026-09-17 10:41:57.146910+00:00,23.6,20.8,0.0,0,24.2,39.2,3,open-meteo,6.95,89.13
Sidi Ouassay,Morocco,30.05,-9.6833,2026-09-18,2026-09-17 10:41:57.146910+00:00,23.9,20.1,0.0,0,20.9,33.1,2,open-meteo,5.92,92.86
Sidi Ouassay,Morocco,30.05,-9.6833,2026-09-19,2026-09-17 10:41:57.146910+00:00,24.8,20.8,0.0,0,17.8,29.5,2,open-meteo,5.18,93.37
Sidi Ouassay,Morocco,30.05,-9.6833,2026-09-20,2026-09-17 10:41:57.146910+00:00,25.5,21.1,0.0,0,16.9,28.1,2,open-meteo,4.92,93.56
Sidi Ouassay,Morocco,30.05,-9.6833,2026-09-21,2026-09-17 10:41:57.146910+00:00,26.2,20.4,0.0,0,15.0,24.5,45,open-meteo,4.33,84.97
Sidi Ouassay,Morocco,30.05,-9.6833,2026-09-22,2026-09-17 10:41:57.146910+00:00,30.1,19.8,0.0,0,16.3,26.6,0,open-meteo,4.7,96.71
Sidi Ouassay,Morocco,30.05,-9.6833,2026-09-23,2026-09-17 10:41:57.146910+00:00,31.0,19.1,0.0,3,15.7,28.4,0,open-meteo,4.8,96.64
Amtar,Morocco,35.2425,-4.7925,2026-09-17,2026-09-17 10:41:57.228475+00:00,24.5,20.7,0.0,10,8.7,16.2,45,open-meteo,2.71,86.1
Amtar,Morocco,35.2425,-4.7925,2026-09-18,2026-09-17 10:41:57.228475+00:00,25.4,21.3,0.0,0,10.3,19.4,3,open-meteo,3.23,91.74
Amtar,Morocco,35.2425,-4.7925,2026-09-19,2026-09-17 10:41:57.228475+00:00,24.5,21.9,1.7,6,16.2,32.4,45,open-meteo,7.53,82.73
Amtar,Morocco,35.2425,-4.7925,2026-09-20,2026-09-17 10:41:57.228475+00:00,24.9,22.9,3.1,30,13.4,27.0,80,open-meteo,8.51,77.54
Amtar,Morocco,35.2425,-4.7925,2026-09-21,2026-09-17 10:41:57.228475+00:00,24.3,22.7,0.0,5,10.1,19.8,2,open-meteo,3.24,94.73
Amtar,Morocco,35.2425,-4.7925,2026-09-22,2026-09-17 10:41:57.228475+00:00,25.9,22.2,0.0,0,10.4,17.6,2,open-meteo,3.06,94.86
Amtar,Morocco,35.2425,-4.7925,2026-09-23,2026-09-17 10:41:57.228475+00:00,26.0,23.2,0.0,0,9.4,18.0,3,open-meteo,2.97,91.92
Bni Oual,Morocco,34.6748,-5.6495,2026-09-17,2026-09-17 10:41:57.310056+00:00,29.1,18.0,0.0,0,12.7,26.3,3,open-meteo,4.22,91.05
Bni Oual,Morocco,34.6748,-5.6495,2026-09-18,2026-09-17 10:41:57.310056+00:00,32.0,15.3,0.0,0,15.0,31.0,3,open-meteo,4.98,90.51
Bni Oual,Morocco,34.6748,-5.6495,2026-09-19,2026-09-17 10:41:57.310056+00:00,36.6,17.9,0.0,0,12.0,27.0,1,open-meteo,10.6,92.58
Bni Oual,Morocco,34.6748,-5.6495,2026-09-20,2026-09-17 10:41:57.310056+00:00,38.2,22.9,0.0,0,16.6,33.8,2,open-meteo,18.26,84.22
Bni Oual,Morocco,34.6748,-5.6495,2026-09-21,2026-09-17 10:41:57.310056+00:00,37.0,21.6,0.0,0,9.4,19.4,1,open-meteo,11.12,92.22
Bni Oual,Morocco,34.6748,-5.6495,2026-09-22,2026-09-17 10:41:57.310056+00:00,36.0,21.1,0.0,0,13.4,27.4,3,open-meteo,8.42,88.11
Bni Oual,Morocco,34.6748,-5.6495,2026-09-23,2026-09-17 10:41:57.310056+00:00,37.5,19.7,0.0,0,13.0,25.9,0,open-meteo,14.21,90.05
Tourza,Morocco,29.3885,-9.9607,2026-09-17,2026-09-17 10:41:57.393623+00:00,22.6,17.4,0.9,27,22.6,43.6,51,open-meteo,8.39,86.63
Tourza,Morocco,29.3885,-9.9607,2026-09-18,2026-09-17 10:41:57.393623+00:00,23.8,15.8,0.0,0,16.1,33.8,3,open-meteo,5.39,90.23
Tourza,Morocco,29.3885,-9.9607,2026-09-19,2026-09-17 10:41:57.393623+00:00,25.2,17.3,0.0,0,10.8,26.6,3,open-meteo,4.01,91.19
Tourza,Morocco,29.3885,-9.9607,2026-09-20,2026-09-17 10:41:57.393623+00:00,26.7,18.0,0.0,0,13.5,29.2,1,open-meteo,4.61,96.77
Tourza,Morocco,29.3885,-9.9607,2026-09-21,2026-09-17 10:41:57.393623+00:00,32.3,22.2,0.0,0,10.4,26.3,2,open-meteo,3.93,94.25
Tourza,Morocco,29.3885,-9.9607,2026-09-22,2026-09-17 10:41:57.393623+00:00,31.0,23.3,0.0,0,11.7,27.4,2,open-meteo,4.2,94.06
Tourza,Morocco,29.3885,-9.9607,2026-09-23,2026-09-17 10:41:57.393623+00:00,32.0,22.6,0.0,2,9.2,27.4,3,open-meteo,3.89,91.28
Tiztoutine,Morocco,34.9716,-3.1527,2026-09-17,2026-09-17 10:41:57.476635+00:00,28.2,17.2,0.0,0,17.1,30.6,45,open-meteo,5.2,84.36
Tiztoutine,Morocco,34.9716,-3.1527,2026-09-18,2026-09-17 10:41:57.476635+00:00,27.7,18.9,0.0,0,24.8,44.6,45,open-meteo,7.56,82.71
Tiztoutine,Morocco,34.9716,-3.1527,2026-09-19,2026-09-17 10:41:57.476635+00:00,26.5,20.6,0.0,3,29.5,51.8,3,open-meteo,8.87,87.79
Tiztoutine,Morocco,34.9716,-3.1527,2026-09-20,2026-09-17 10:41:57.476635+00:00,26.9,22.2,0.0,0,28.8,52.9,3,open-meteo,8.89,87.78
Tiztoutine,Morocco,34.9716,-3.1527,2026-09-21,2026-09-17 10:41:57.476635+00:00,26.5,20.4,0.3,3,26.6,46.1,3,open-meteo,8.34,88.16
Tiztoutine,Morocco,34.9716,-3.1527,2026-09-22,2026-09-17 10:41:57.476635+00:00,28.6,19.2,0.0,3,19.1,37.1,45,open-meteo,6.1,83.73
Tiztoutine,Morocco,34.9716,-3.1527,2026-09-23,2026-09-17 10:41:57.476635+00:00,29.1,18.9,0.0,0,17.6,35.3,45,open-meteo,5.73,83.99
Arbaa Ayacha,Morocco,35.383,-5.8333,2026-09-17,2026-09-17 10:41:57.558887+00:00,28.5,16.9,0.0,0,14.8,29.5,3,open-meteo,4.8,90.64
Arbaa Ayacha,Morocco,35.383,-5.8333,2026-09-18,2026-09-17 10:41:57.558887+00:00,30.9,14.7,0.0,0,15.9,35.6,3,open-meteo,5.55,90.11
Arbaa Ayacha,Morocco,35.383,-5.8333,2026-09-19,2026-09-17 10:41:57.558887+00:00,32.1,22.3,0.0,0,28.7,56.2,2,open-meteo,9.21,90.55
Arbaa Ayacha,Morocco,35.383,-5.8333,2026-09-20,2026-09-17 10:41:57.558887+00:00,33.9,25.8,0.0,0,21.8,44.3,1,open-meteo,7.16,94.99
Arbaa Ayacha,Morocco,35.383,-5.8333,2026-09-21,2026-09-17 10:41:57.558887+00:00,34.1,24.9,0.0,0,18.7,37.1,1,open-meteo,6.05,95.77
Arbaa Ayacha,Morocco,35.383,-5.8333,2026-09-22,2026-09-17 10:41:57.558887+00:00,33.9,22.8,0.0,0,14.9,29.9,1,open-meteo,4.85,96.61
Arbaa Ayacha,Morocco,35.383,-5.8333,2026-09-23,2026-09-17 10:41:57.558887+00:00,35.7,20.9,0.0,0,14.1,29.9,1,open-meteo,7.55,94.72
Foum Zguid,Morocco,30.0861,-6.8736,2026-09-17,2026-09-17 10:41:57.638888+00:00,36.4,28.3,0.0,5,27.7,47.9,3,open-meteo,13.85,84.31
Foum Zguid,Morocco,30.0861,-6.8736,2026-09-18,2026-09-17 10:41:57.638888+00:00,36.8,26.9,0.0,3,15.4,30.6,3,open-meteo,12.18,85.47
Foum Zguid,Morocco,30.0861,-6.8736,2026-09-19,2026-09-17 10:41:57.638888+00:00,36.7,27.8,0.0,3,25.5,43.9,2,open-meteo,14.38,86.93
Foum Zguid,Morocco,30.0861,-6.8736,2026-09-20,2026-09-17 10:41:57.638888+00:00,36.4,25.8,0.0,0,17.9,32.8,2,open-meteo,11.12,89.22
Foum Zguid,Morocco,30.0861,-6.8736,2026-09-21,2026-09-17 10:41:57.638888+00:00,36.8,27.0,0.3,8,17.8,96.8,3,open-meteo,19.5,80.35
Foum Zguid,Morocco,30.0861,-6.8736,2026-09-22,2026-09-17 10:41:57.638888+00:00,35.3,23.7,0.3,2,13.9,24.5,1,open-meteo,5.79,95.95
Foum Zguid,Morocco,30.0861,-6.8736,2026-09-23,2026-09-17 10:41:57.638888+00:00,35.7,24.6,0.0,5,10.4,21.2,2,open-meteo,6.22,92.65
Tizi Ouzli,Morocco,34.7625,-3.7953,2026-09-17,2026-09-17 10:41:57.721583+00:00,25.8,14.1,0.0,0,13.6,43.2,3,open-meteo,6.02,89.79
Tizi Ouzli,Morocco,34.7625,-3.7953,2026-09-18,2026-09-17 10:41:57.721583+00:00,23.5,13.2,0.0,0,22.1,48.6,45,open-meteo,7.62,82.67
Tizi Ouzli,Morocco,34.7625,-3.7953,2026-09-19,2026-09-17 10:41:57.721583+00:00,23.3,13.8,0.0,3,23.8,47.9,45,open-meteo,7.76,82.57
Tizi Ouzli,Morocco,34.7625,-3.7953,2026-09-20,2026-09-17 10:41:57.721583+00:00,25.4,16.7,0.0,3,15.4,36.7,45,open-meteo,5.6,84.08
Tizi Ouzli,Morocco,34.7625,-3.7953,2026-09-21,2026-09-17 10:41:57.721583+00:00,24.5,16.3,0.0,5,16.1,37.4,45,open-meteo,5.75,83.97
Tizi Ouzli,Morocco,34.7625,-3.7953,2026-09-22,2026-09-17 10:41:57.721583+00:00,25.0,15.0,0.0,10,15.0,29.9,3,open-meteo,4.87,90.59
Tizi Ouzli,Morocco,34.7625,-3.7953,2026-09-23,2026-09-17 10:41:57.721583+00:00,25.8,15.0,0.0,10,17.6,34.9,1,open-meteo,5.69,96.02
Tadla,Morocco,32.4396,-8.3465,2026-09-17,2026-09-17 10:41:57.805809+00:00,27.4,16.7,0.0,0,20.2,37.4,2,open-meteo,6.27,92.61
Tadla,Morocco,32.4396,-8.3465,2026-09-18,2026-09-17 10:41:57.805809+00:00,29.5,16.0,0.0,0,19.8,36.7,1,open-meteo,6.15,95.69
Tadla,Morocco,32.4396,-8.3465,2026-09-19,2026-09-17 10:41:57.805809+00:00,32.1,16.6,0.0,0,18.8,35.3,2,open-meteo,5.88,92.88
Tadla,Morocco,32.4396,-8.3465,2026-09-20,2026-09-17 10:41:57.805809+00:00,35.1,20.0,0.0,0,17.2,34.2,2,open-meteo,5.97,92.82
Tadla,Morocco,32.4396,-8.3465,2026-09-21,2026-09-17 10:41:57.805809+00:00,36.1,20.5,0.0,3,18.3,35.6,1,open-meteo,10.25,92.82
Tadla,Morocco,32.4396,-8.3465,2026-09-22,2026-09-17 10:41:57.805809+00:00,34.6,18.0,0.0,0,16.9,34.2,45,open-meteo,5.53,84.13
Tadla,Morocco,32.4396,-8.3465,2026-09-23,2026-09-17 10:41:57.805809+00:00,34.1,18.2,0.0,0,18.5,36.7,45,open-meteo,5.98,83.81
Mirleft,Morocco,29.5782,-10.034,2026-09-17,2026-09-17 10:41:57.890062+00:00,23.0,20.4,0.0,0,21.9,35.3,3,open-meteo,6.27,89.61
Mirleft,Morocco,29.5782,-10.034,2026-09-18,2026-09-17 10:41:57.890062+00:00,23.4,20.1,0.0,0,14.5,22.7,3,open-meteo,4.08,91.14
Mirleft,Morocco,29.5782,-10.034,2026-09-19,2026-09-17 10:41:57.890062+00:00,24.7,21.1,0.0,0,15.0,23.8,3,open-meteo,4.26,91.02
Mirleft,Morocco,29.5782,-10.034,2026-09-20,2026-09-17 10:41:57.890062+00:00,25.9,21.0,0.0,0,14.2,23.0,3,open-meteo,4.08,91.14
Mirleft,Morocco,29.5782,-10.034,2026-09-21,2026-09-17 10:41:57.890062+00:00,26.5,20.1,0.0,0,7.6,14.8,2,open-meteo,2.43,95.3
Mirleft,Morocco,29.5782,-10.034,2026-09-22,2026-09-17 10:41:57.890062+00:00,27.0,20.4,0.0,0,7.9,15.5,0,open-meteo,2.54,98.22
Mirleft,Morocco,29.5782,-10.034,2026-09-23,2026-09-17 10:41:57.890062+00:00,27.7,19.5,0.0,3,8.6,16.2,0,open-meteo,2.7,98.11
Bouabout,Morocco,31.2655,-9.1786,2026-09-17,2026-09-17 10:41:57.974055+00:00,25.8,16.8,0.0,0,22.4,39.6,3,open-meteo,6.76,89.27
Bouabout,Morocco,31.2655,-9.1786,2026-09-18,2026-09-17 10:41:57.974055+00:00,27.3,16.0,0.0,0,22.3,39.6,1,open-meteo,6.75,95.27
Bouabout,Morocco,31.2655,-9.1786,2026-09-19,2026-09-17 10:41:57.974055+00:00,30.7,19.7,0.0,0,17.1,30.6,2,open-meteo,5.2,93.36
Bouabout,Morocco,31.2655,-9.1786,2026-09-20,2026-09-17 10:41:57.974055+00:00,31.2,21.9,0.3,23,17.3,30.6,3,open-meteo,5.62,90.07
Bouabout,Morocco,31.2655,-9.1786,2026-09-21,2026-09-17 10:41:57.974055+00:00,32.1,22.4,0.0,8,22.8,40.0,1,open-meteo,6.85,95.2
Bouabout,Morocco,31.2655,-9.1786,2026-09-22,2026-09-17 10:41:57.974055+00:00,33.5,20.7,0.0,5,20.2,36.7,0,open-meteo,6.2,95.66
Bouabout,Morocco,31.2655,-9.1786,2026-09-23,2026-09-17 10:41:57.974055+00:00,32.4,19.7,0.0,5,16.2,29.2,1,open-meteo,4.95,96.53
Ech Chaïbat,Morocco,31.6,-7.85,2026-09-17,2026-09-17 10:41:58.059155+00:00,30.2,17.8,0.0,0,13.2,25.6,3,open-meteo,4.21,91.05
Ech Chaïbat,Morocco,31.6,-7.85,2026-09-18,2026-09-17 10:41:58.059155+00:00,31.8,18.2,0.0,0,9.1,18.4,1,open-meteo,2.98,97.91
Ech Chaïbat,Morocco,31.6,-7.85,2026-09-19,2026-09-17 10:41:58.059155+00:00,35.4,19.6,0.0,8,10.1,19.1,3,open-meteo,4.77,90.66
Ech Chaïbat,Morocco,31.6,-7.85,2026-09-20,2026-09-17 10:41:58.059155+00:00,38.0,22.8,1.5,23,14.4,29.5,80,open-meteo,18.75,70.38
Ech Chaïbat,Morocco,31.6,-7.85,2026-09-21,2026-09-17 10:41:58.059155+00:00,37.5,22.0,0.3,13,13.4,27.4,2,open-meteo,14.82,86.63
Ech Chaïbat,Morocco,31.6,-7.85,2026-09-22,2026-09-17 10:41:58.059155+00:00,36.5,20.9,0.0,5,12.2,23.0,1,open-meteo,9.83,93.12
Ech Chaïbat,Morocco,31.6,-7.85,2026-09-23,2026-09-17 10:41:58.059155+00:00,36.6,19.6,0.0,3,11.2,21.6,1,open-meteo,9.96,93.03
Oulad Ayyad,Morocco,34.0837,-4.6101,2026-09-17,2026-09-17 10:41:58.141440+00:00,30.2,18.1,0.0,0,15.0,28.4,3,open-meteo,4.71,90.7
Oulad Ayyad,Morocco,34.0837,-4.6101,2026-09-18,2026-09-17 10:41:58.141440+00:00,33.0,16.0,0.0,0,13.2,25.6,2,open-meteo,4.21,94.05
Oulad Ayyad,Morocco,34.0837,-4.6101,2026-09-19,2026-09-17 10:41:58.141440+00:00,33.4,20.8,0.0,0,29.2,56.2,2,open-meteo,9.27,90.51
Oulad Ayyad,Morocco,34.0837,-4.6101,2026-09-20,2026-09-17 10:41:58.141440+00:00,35.9,22.7,0.0,0,21.6,42.1,2,open-meteo,10.51,89.64
Oulad Ayyad,Morocco,34.0837,-4.6101,2026-09-21,2026-09-17 10:41:58.141440+00:00,35.8,22.5,0.0,3,17.6,37.8,2,open-meteo,9.18,90.57
Oulad Ayyad,Morocco,34.0837,-4.6101,2026-09-22,2026-09-17 10:41:58.141440+00:00,36.3,21.5,0.0,0,10.3,20.9,1,open-meteo,8.58,93.99
Oulad Ayyad,Morocco,34.0837,-4.6101,2026-09-23,2026-09-17 10:41:58.141440+00:00,36.7,18.4,0.0,0,11.6,23.8,0,open-meteo,10.63,92.56
Douar Brarba,Morocco,34.45,-4.2972,2026-09-17,2026-09-17 10:41:58.233404+00:00,29.2,15.3,0.0,0,13.7,25.6,45,open-meteo,4.27,85.01
Douar Brarba,Morocco,34.45,-4.2972,2026-09-18,2026-09-17 10:41:58.233404+00:00,31.2,18.0,0.0,0,20.5,36.7,3,open-meteo,6.23,89.64
Douar Brarba,Morocco,34.45,-4.2972,2026-09-19,2026-09-17 10:41:58.233404+00:00,30.6,20.5,0.0,0,31.4,60.1,2,open-meteo,9.93,90.05
Douar Brarba,Morocco,34.45,-4.2972,2026-09-20,2026-09-17 10:41:58.233404+00:00,32.7,22.2,0.0,0,28.3,54.0,2,open-meteo,8.94,90.74
Douar Brarba,Morocco,34.45,-4.2972,2026-09-21,2026-09-17 10:41:58.233404+00:00,31.5,22.0,0.0,0,24.7,49.7,1,open-meteo,8.06,94.36
Douar Brarba,Morocco,34.45,-4.2972,2026-09-22,2026-09-17 10:41:58.233404+00:00,34.0,21.9,0.0,0,14.9,29.5,3,open-meteo,4.81,90.63
Douar Brarba,Morocco,34.45,-4.2972,2026-09-23,2026-09-17 10:41:58.233404+00:00,34.4,22.3,0.0,0,16.3,31.3,0,open-meteo,5.17,96.38
Sidi Ahmed El Khadir,Morocco,32.5167,-7.3833,2026-09-17,2026-09-17 10:41:58.315728+00:00,31.0,16.2,0.0,0,19.0,31.7,1,open-meteo,5.54,96.12
Sidi Ahmed El Khadir,Morocco,32.5167,-7.3833,2026-09-18,2026-09-17 10:41:58.315728+00:00,32.6,17.2,0.0,0,18.1,29.2,3,open-meteo,5.18,90.37
Sidi Ahmed El Khadir,Morocco,32.5167,-7.3833,2026-09-19,2026-09-17 10:41:58.315728+00:00,36.5,20.0,0.0,0,19.6,32.8,2,open-meteo,11.73,88.79
Sidi Ahmed El Khadir,Morocco,32.5167,-7.3833,2026-09-20,2026-09-17 10:41:58.315728+00:00,37.9,23.4,0.0,0,18.7,36.7,2,open-meteo,17.61,84.67
Sidi Ahmed El Khadir,Morocco,32.5167,-7.3833,2026-09-21,2026-09-17 10:41:58.315728+00:00,38.6,22.3,0.0,3,25.8,44.3,2,open-meteo,22.06,81.56
Sidi Ahmed El Khadir,Morocco,32.5167,-7.3833,2026-09-22,2026-09-17 10:41:58.315728+00:00,37.1,20.2,0.0,0,19.9,31.3,1,open-meteo,14.02,90.19
Sidi Ahmed El Khadir,Morocco,32.5167,-7.3833,2026-09-23,2026-09-17 10:41:58.315728+00:00,37.1,19.9,0.0,0,23.1,36.7,0,open-meteo,14.96,89.53
Hetane,Morocco,32.8403,-6.8025,2026-09-17,2026-09-17 10:41:58.398044+00:00,29.0,14.7,0.0,0,18.4,33.8,3,open-meteo,5.68,90.02
Hetane,Morocco,32.8403,-6.8025,2026-09-18,2026-09-17 10:41:58.398044+00:00,30.5,15.1,0.0,0,18.4,34.6,3,open-meteo,5.76,89.97
Hetane,Morocco,32.8403,-6.8025,2026-09-19,2026-09-17 10:41:58.398044+00:00,34.0,18.9,0.0,3,18.7,33.8,3,open-meteo,5.72,90.0
Hetane,Morocco,32.8403,-6.8025,2026-09-20,2026-09-17 10:41:58.398044+00:00,35.5,22.8,0.0,3,18.5,36.7,3,open-meteo,7.98,88.41
Hetane,Morocco,32.8403,-6.8025,2026-09-21,2026-09-17 10:41:58.398044+00:00,34.9,20.4,0.3,3,19.8,34.9,2,open-meteo,6.37,92.54
Hetane,Morocco,32.8403,-6.8025,2026-09-22,2026-09-17 10:41:58.398044+00:00,34.1,19.0,0.0,0,20.1,36.0,2,open-meteo,6.11,92.72
Hetane,Morocco,32.8403,-6.8025,2026-09-23,2026-09-17 10:41:58.398044+00:00,34.5,19.1,0.0,0,17.6,36.4,1,open-meteo,5.84,95.91
Al Hammam,Morocco,33.1735,-5.4713,2026-09-17,2026-09-17 10:41:58.507813+00:00,30.1,15.9,0.0,0,22.5,45.0,3,open-meteo,7.31,88.88
Al Hammam,Morocco,33.1735,-5.4713,2026-09-18,2026-09-17 10:41:58.507813+00:00,30.1,14.5,0.0,0,20.2,41.4,3,open-meteo,6.67,89.33
Al Hammam,Morocco,33.1735,-5.4713,2026-09-19,2026-09-17 10:41:58.507813+00:00,31.9,16.8,0.1,15,16.5,40.0,3,open-meteo,6.2,89.66
Al Hammam,Morocco,33.1735,-5.4713,2026-09-20,2026-09-17 10:41:58.507813+00:00,32.6,20.5,0.0,5,20.5,58.0,3,open-meteo,8.36,88.15
Al Hammam,Morocco,33.1735,-5.4713,2026-09-21,2026-09-17 10:41:58.507813+00:00,31.5,19.9,0.3,13,20.0,43.9,2,open-meteo,7.29,91.9
Al Hammam,Morocco,33.1735,-5.4713,2026-09-22,2026-09-17 10:41:58.507813+00:00,31.1,16.7,0.0,0,17.1,36.4,2,open-meteo,5.78,92.95
Al Hammam,Morocco,33.1735,-5.4713,2026-09-23,2026-09-17 10:41:58.507813+00:00,32.5,15.4,0.0,3,21.4,40.3,2,open-meteo,6.71,92.3
Sidi Bousber,Morocco,34.5667,-5.3667,2026-09-17,2026-09-17 10:41:58.627211+00:00,27.9,16.9,0.0,0,14.2,29.5,3,open-meteo,4.72,90.7
Sidi Bousber,Morocco,34.5667,-5.3667,2026-09-18,2026-09-17 10:41:58.627211+00:00,30.9,15.7,0.0,0,12.0,25.6,3,open-meteo,4.06,91.16
Sidi Bousber,Morocco,34.5667,-5.3667,2026-09-19,2026-09-17 10:41:58.627211+00:00,35.3,20.5,0.0,0,24.4,60.8,1,open-meteo,10.33,92.77
Sidi Bousber,Morocco,34.5667,-5.3667,2026-09-20,2026-09-17 10:41:58.627211+00:00,36.3,24.3,0.0,0,19.7,41.4,2,open-meteo,11.8,88.74
Sidi Bousber,Morocco,34.5667,-5.3667,2026-09-21,2026-09-17 10:41:58.627211+00:00,35.7,23.4,0.0,5,15.0,31.3,1,open-meteo,7.81,94.53
Sidi Bousber,Morocco,34.5667,-5.3667,2026-09-22,2026-09-17 10:41:58.627211+00:00,34.9,21.8,0.0,0,11.5,24.1,3,open-meteo,3.85,91.3
Sidi Bousber,Morocco,34.5667,-5.3667,2026-09-23,2026-09-17 10:41:58.627211+00:00,36.0,19.6,0.0,0,10.5,23.8,0,open-meteo,7.69,94.62
Oulad Imloul,Morocco,32.0333,-7.7167,2026-09-17,2026-09-17 10:41:58.711259+00:00,29.4,17.7,0.0,0,17.2,27.4,2,open-meteo,4.89,93.58
Oulad Imloul,Morocco,32.0333,-7.7167,2026-09-18,2026-09-17 10:41:58.711259+00:00,30.9,18.3,0.0,0,17.2,27.4,3,open-meteo,4.89,90.58
Oulad Imloul,Morocco,32.0333,-7.7167,2026-09-19,2026-09-17 10:41:58.711259+00:00,34.3,20.9,0.0,0,17.7,28.1,2,open-meteo,5.02,93.49
Oulad Imloul,Morocco,32.0333,-7.7167,2026-09-20,2026-09-17 10:41:58.711259+00:00,36.8,23.8,0.0,10,17.4,30.6,2,open-meteo,12.43,88.3
Oulad Imloul,Morocco,32.0333,-7.7167,2026-09-21,2026-09-17 10:41:58.711259+00:00,37.5,24.2,0.0,8,23.4,36.7,1,open-meteo,16.6,88.38
Oulad Imloul,Morocco,32.0333,-7.7167,2026-09-22,2026-09-17 10:41:58.711259+00:00,36.7,22.4,0.0,5,20.7,32.8,1,open-meteo,12.67,91.13
Oulad Imloul,Morocco,32.0333,-7.7167,2026-09-23,2026-09-17 10:41:58.711259+00:00,36.2,22.0,0.0,3,17.3,30.6,1,open-meteo,10.02,92.99
Ameskroud,Morocco,30.5308,-9.3283,2026-09-17,2026-09-17 10:41:58.795582+00:00,29.4,19.4,0.0,0,22.4,36.7,3,open-meteo,6.47,89.47
Ameskroud,Morocco,30.5308,-9.3283,2026-09-18,2026-09-17 10:41:58.795582+00:00,29.0,18.2,0.0,0,19.3,31.3,1,open-meteo,5.54,96.12
Ameskroud,Morocco,30.5308,-9.3283,2026-09-19,2026-09-17 10:41:58.795582+00:00,30.3,18.9,0.0,0,20.9,34.2,45,open-meteo,6.03,83.78
Ameskroud,Morocco,30.5308,-9.3283,2026-09-20,2026-09-17 10:41:58.795582+00:00,31.7,19.3,0.0,3,20.0,33.1,45,open-meteo,5.81,83.93
Ameskroud,Morocco,30.5308,-9.3283,2026-09-21,2026-09-17 10:41:58.795582+00:00,36.6,20.7,0.0,0,20.8,35.3,3,open-meteo,12.53,85.23
Ameskroud,Morocco,30.5308,-9.3283,2026-09-22,2026-09-17 10:41:58.795582+00:00,38.1,20.7,0.0,0,19.9,34.6,3,open-meteo,18.35,81.16
Ameskroud,Morocco,30.5308,-9.3283,2026-09-23,2026-09-17 10:41:58.795582+00:00,38.0,24.7,0.0,3,15.9,27.0,0,open-meteo,16.69,88.32
Sidi El Hattab,Morocco,32.2667,-7.2833,2026-09-17,2026-09-17 10:41:58.880519+00:00,30.8,17.7,0.0,0,18.1,29.9,3,open-meteo,5.25,90.33
Sidi El Hattab,Morocco,32.2667,-7.2833,2026-09-18,2026-09-17 10:41:58.880519+00:00,32.2,18.5,0.0,0,16.3,26.3,3,open-meteo,4.67,90.73
Sidi El Hattab,Morocco,32.2667,-7.2833,2026-09-19,2026-09-17 10:41:58.880519+00:00,36.4,20.7,0.0,3,17.2,27.7,3,open-meteo,10.52,86.64
Sidi El Hattab,Morocco,32.2667,-7.2833,2026-09-20,2026-09-17 10:41:58.880519+00:00,38.0,23.6,0.0,5,19.9,33.8,2,open-meteo,17.87,84.49
Sidi El Hattab,Morocco,32.2667,-7.2833,2026-09-21,2026-09-17 10:41:58.880519+00:00,38.4,23.5,0.0,5,22.9,36.4,2,open-meteo,20.1,82.93
Sidi El Hattab,Morocco,32.2667,-7.2833,2026-09-22,2026-09-17 10:41:58.880519+00:00,37.7,22.0,0.0,3,13.0,23.4,1,open-meteo,14.77,89.66
Sidi El Hattab,Morocco,32.2667,-7.2833,2026-09-23,2026-09-17 10:41:58.880519+00:00,37.9,20.8,0.0,0,10.8,21.6,0,open-meteo,15.11,89.42
Boujediane,Morocco,35.1114,-5.7822,2026-09-17,2026-09-17 10:41:58.964979+00:00,27.6,17.2,0.0,0,13.7,28.4,3,open-meteo,4.55,90.81
Boujediane,Morocco,35.1114,-5.7822,2026-09-18,2026-09-17 10:41:58.964979+00:00,30.5,15.0,0.0,0,17.9,36.7,2,open-meteo,5.91,92.86
Boujediane,Morocco,35.1114,-5.7822,2026-09-19,2026-09-17 10:41:58.964979+00:00,35.5,18.6,0.0,0,13.5,28.1,1,open-meteo,6.5,95.45
Boujediane,Morocco,35.1114,-5.7822,2026-09-20,2026-09-17 10:41:58.964979+00:00,36.7,22.8,0.0,0,12.7,30.6,1,open-meteo,11.45,91.98
Boujediane,Morocco,35.1114,-5.7822,2026-09-21,2026-09-17 10:41:58.964979+00:00,35.8,21.9,0.0,3,12.5,28.4,2,open-meteo,7.6,91.68
Boujediane,Morocco,35.1114,-5.7822,2026-09-22,2026-09-17 10:41:58.964979+00:00,35.2,21.9,0.0,0,13.1,31.7,2,open-meteo,5.61,93.07
Boujediane,Morocco,35.1114,-5.7822,2026-09-23,2026-09-17 10:41:58.964979+00:00,36.7,20.8,0.0,0,11.4,30.2,1,open-meteo,11.25,92.12
Douar Lehouifrat,Morocco,32.28,-8.31,2026-09-17,2026-09-17 10:41:59.049193+00:00,28.3,17.4,0.0,0,20.1,33.8,3,open-meteo,5.89,89.88
Douar Lehouifrat,Morocco,32.28,-8.31,2026-09-18,2026-09-17 10:41:59.049193+00:00,30.5,16.2,0.0,0,18.9,31.3,1,open-meteo,5.49,96.16
Douar Lehouifrat,Morocco,32.28,-8.31,2026-09-19,2026-09-17 10:41:59.049193+00:00,33.1,16.9,0.0,0,18.7,31.3,2,open-meteo,5.47,93.17
Douar Lehouifrat,Morocco,32.28,-8.31,2026-09-20,2026-09-17 10:41:59.049193+00:00,36.1,21.3,0.0,3,19.2,36.0,2,open-meteo,10.4,89.72
Douar Lehouifrat,Morocco,32.28,-8.31,2026-09-21,2026-09-17 10:41:59.049193+00:00,37.2,20.6,0.0,3,20.6,37.4,1,open-meteo,15.12,89.42
Douar Lehouifrat,Morocco,32.28,-8.31,2026-09-22,2026-09-17 10:41:59.049193+00:00,36.4,18.8,0.0,3,20.4,33.5,0,open-meteo,11.5,91.95
Douar Lehouifrat,Morocco,32.28,-8.31,2026-09-23,2026-09-17 10:41:59.049193+00:00,35.8,18.6,0.0,3,20.7,34.2,45,open-meteo,9.21,81.55
Tinajdad,Morocco,31.9304,-4.4231,2026-09-17,2026-09-17 10:41:59.133155+00:00,32.8,20.8,0.0,28,21.3,53.6,3,open-meteo,8.02,88.39
Tinajdad,Morocco,31.9304,-4.4231,2026-09-18,2026-09-17 10:41:59.133155+00:00,32.7,20.4,0.0,20,21.9,67.3,3,open-meteo,9.47,87.37
Tinajdad,Morocco,31.9304,-4.4231,2026-09-19,2026-09-17 10:41:59.133155+00:00,31.6,22.3,0.5,19,18.7,43.6,61,open-meteo,7.36,81.35
Tinajdad,Morocco,31.9304,-4.4231,2026-09-20,2026-09-17 10:41:59.133155+00:00,30.6,20.1,0.0,10,11.0,24.8,3,open-meteo,3.85,91.3
Tinajdad,Morocco,31.9304,-4.4231,2026-09-21,2026-09-17 10:41:59.133155+00:00,29.9,21.5,3.3,38,12.9,29.2,80,open-meteo,8.93,77.25
Tinajdad,Morocco,31.9304,-4.4231,2026-09-22,2026-09-17 10:41:59.133155+00:00,30.4,19.1,0.0,18,12.3,23.8,3,open-meteo,3.92,91.26
Tinajdad,Morocco,31.9304,-4.4231,2026-09-23,2026-09-17 10:41:59.133155+00:00,31.7,20.2,0.0,18,12.1,20.2,2,open-meteo,3.53,94.53
Dar Si Aissa,Morocco,32.4199,-8.908,2026-09-17,2026-09-17 10:41:59.217890+00:00,26.8,18.3,0.0,0,19.2,34.9,3,open-meteo,5.89,89.88
Dar Si Aissa,Morocco,32.4199,-8.908,2026-09-18,2026-09-17 10:41:59.217890+00:00,28.9,17.9,0.0,0,20.9,37.8,2,open-meteo,6.39,92.53
Dar Si Aissa,Morocco,32.4199,-8.908,2026-09-19,2026-09-17 10:41:59.217890+00:00,30.3,17.1,0.0,0,17.2,31.7,3,open-meteo,5.32,90.28
Dar Si Aissa,Morocco,32.4199,-8.908,2026-09-20,2026-09-17 10:41:59.217890+00:00,31.9,19.6,0.0,0,15.7,28.4,2,open-meteo,4.8,93.64
Dar Si Aissa,Morocco,32.4199,-8.908,2026-09-21,2026-09-17 10:41:59.217890+00:00,32.9,19.5,0.0,0,16.4,29.2,45,open-meteo,4.97,84.52
Dar Si Aissa,Morocco,32.4199,-8.908,2026-09-22,2026-09-17 10:41:59.217890+00:00,35.1,18.7,0.0,0,15.2,29.5,45,open-meteo,5.25,84.33
Dar Si Aissa,Morocco,32.4199,-8.908,2026-09-23,2026-09-17 10:41:59.217890+00:00,34.7,19.2,0.0,0,17.5,33.1,45,open-meteo,5.5,84.15
Kourimat,Morocco,31.4603,-9.2833,2026-09-17,2026-09-17 10:41:59.302255+00:00,27.6,17.0,0.0,0,24.6,42.5,2,open-meteo,7.33,91.87
Kourimat,Morocco,31.4603,-9.2833,2026-09-18,2026-09-17 10:41:59.302255+00:00,29.8,16.6,0.0,0,22.2,39.2,0,open-meteo,6.7,95.31
Kourimat,Morocco,31.4603,-9.2833,2026-09-19,2026-09-17 10:41:59.302255+00:00,32.8,17.8,0.0,0,21.0,37.8,2,open-meteo,6.4,92.52
Kourimat,Morocco,31.4603,-9.2833,2026-09-20,2026-09-17 10:41:59.302255+00:00,31.8,21.1,0.0,0,17.9,34.6,2,open-meteo,5.7,93.01
Kourimat,Morocco,31.4603,-9.2833,2026-09-21,2026-09-17 10:41:59.302255+00:00,32.8,21.2,0.0,3,20.9,38.2,1,open-meteo,6.43,95.5
Kourimat,Morocco,31.4603,-9.2833,2026-09-22,2026-09-17 10:41:59.302255+00:00,35.3,18.2,0.0,0,18.9,37.1,1,open-meteo,7.27,94.91
Kourimat,Morocco,31.4603,-9.2833,2026-09-23,2026-09-17 10:41:59.302255+00:00,35.2,16.8,0.0,3,14.3,28.1,0,open-meteo,5.4,96.22
Oulad Chbana,Morocco,33.05,-7.3833,2026-09-17,2026-09-17 10:41:59.388264+00:00,26.6,15.1,0.0,0,18.7,37.8,3,open-meteo,6.12,89.72
Oulad Chbana,Morocco,33.05,-7.3833,2026-09-18,2026-09-17 10:41:59.388264+00:00,28.2,14.8,0.0,0,16.9,34.9,3,open-meteo,5.6,90.08
Oulad Chbana,Morocco,33.05,-7.3833,2026-09-19,2026-09-17 10:41:59.388264+00:00,31.6,16.2,0.0,0,16.1,32.4,2,open-meteo,5.25,93.33
Oulad Chbana,Morocco,33.05,-7.3833,2026-09-20,2026-09-17 10:41:59.388264+00:00,34.0,20.9,0.0,3,19.5,38.9,2,open-meteo,6.33,92.57
Oulad Chbana,Morocco,33.05,-7.3833,2026-09-21,2026-09-17 10:41:59.388264+00:00,35.5,20.7,0.0,5,20.0,42.8,2,open-meteo,8.78,90.85
Oulad Chbana,Morocco,33.05,-7.3833,2026-09-22,2026-09-17 10:41:59.388264+00:00,35.1,18.5,0.0,3,18.3,36.7,0,open-meteo,6.36,95.55
Oulad Chbana,Morocco,33.05,-7.3833,2026-09-23,2026-09-17 10:41:59.388264+00:00,34.7,18.3,0.0,3,19.6,38.5,1,open-meteo,6.3,95.59
Iksane,Morocco,35.1333,-3.0333,2026-09-17,2026-09-17 10:41:59.473734+00:00,26.6,19.0,0.0,0,15.5,29.2,3,open-meteo,4.86,90.6
Iksane,Morocco,35.1333,-3.0333,2026-09-18,2026-09-17 10:41:59.473734+00:00,26.2,19.5,0.0,0,22.1,41.4,45,open-meteo,6.9,83.17
Iksane,Morocco,35.1333,-3.0333,2026-09-19,2026-09-17 10:41:59.473734+00:00,25.2,20.7,0.0,8,29.8,56.9,3,open-meteo,9.41,87.41
Iksane,Morocco,35.1333,-3.0333,2026-09-20,2026-09-17 10:41:59.473734+00:00,25.8,22.0,0.0,18,32.0,61.2,3,open-meteo,10.12,86.92
Iksane,Morocco,35.1333,-3.0333,2026-09-21,2026-09-17 10:41:59.473734+00:00,25.3,20.4,0.0,23,25.7,50.8,3,open-meteo,8.29,88.2
Iksane,Morocco,35.1333,-3.0333,2026-09-22,2026-09-17 10:41:59.473734+00:00,26.2,19.7,0.0,3,19.6,36.4,45,open-meteo,6.09,83.74
Iksane,Morocco,35.1333,-3.0333,2026-09-23,2026-09-17 10:41:59.473734+00:00,26.7,18.8,0.0,0,16.8,31.3,2,open-meteo,5.23,93.34
Douar Messassa,Morocco,34.2803,-4.5336,2026-09-17,2026-09-17 10:41:59.559105+00:00,30.0,17.3,0.0,0,14.3,30.6,3,open-meteo,4.85,90.61
Douar Messassa,Morocco,34.2803,-4.5336,2026-09-18,2026-09-17 10:41:59.559105+00:00,32.9,17.7,0.0,0,26.6,72.0,3,open-meteo,10.53,86.63
Douar Messassa,Morocco,34.2803,-4.5336,2026-09-19,2026-09-17 10:41:59.559105+00:00,31.7,22.3,0.0,0,34.4,85.0,2,open-meteo,12.8,88.04
Douar Messassa,Morocco,34.2803,-4.5336,2026-09-20,2026-09-17 10:41:59.559105+00:00,34.7,24.2,0.0,0,28.9,80.6,2,open-meteo,11.67,88.83
Douar Messassa,Morocco,34.2803,-4.5336,2026-09-21,2026-09-17 10:41:59.559105+00:00,34.1,23.9,0.0,3,24.5,74.9,2,open-meteo,10.55,89.61
Douar Messassa,Morocco,34.2803,-4.5336,2026-09-22,2026-09-17 10:41:59.559105+00:00,35.6,22.9,0.0,0,15.7,57.6,2,open-meteo,10.12,89.92
Douar Messassa,Morocco,34.2803,-4.5336,2026-09-23,2026-09-17 10:41:59.559105+00:00,36.0,22.6,0.0,0,15.9,38.9,0,open-meteo,9.88,93.08
Gaada,Morocco,35.1594,-2.9892,2026-09-17,2026-09-17 10:41:59.642853+00:00,27.2,19.4,0.0,0,15.3,30.6,3,open-meteo,4.97,90.52
Gaada,Morocco,35.1594,-2.9892,2026-09-18,2026-09-17 10:41:59.642853+00:00,26.4,20.3,0.0,0,20.9,40.3,45,open-meteo,6.64,83.35
Gaada,Morocco,35.1594,-2.9892,2026-09-19,2026-09-17 10:41:59.642853+00:00,26.0,21.8,0.2,8,28.5,56.5,3,open-meteo,9.48,87.36
Gaada,Morocco,35.1594,-2.9892,2026-09-20,2026-09-17 10:41:59.642853+00:00,26.5,23.1,0.3,18,30.0,60.8,2,open-meteo,10.23,89.84
Gaada,Morocco,35.1594,-2.9892,2026-09-21,2026-09-17 10:41:59.642853+00:00,25.9,21.8,0.6,23,23.7,49.3,3,open-meteo,8.69,87.92
Gaada,Morocco,35.1594,-2.9892,2026-09-22,2026-09-17 10:41:59.642853+00:00,27.4,20.9,0.0,3,19.6,36.4,45,open-meteo,6.09,83.74
Gaada,Morocco,35.1594,-2.9892,2026-09-23,2026-09-17 10:41:59.642853+00:00,27.9,20.0,0.0,0,16.8,31.3,2,open-meteo,5.23,93.34
Zawyat Sidi al Mekki,Morocco,33.2122,-7.7164,2026-09-17,2026-09-17 10:41:59.724084+00:00,27.8,17.6,0.0,0,17.9,32.4,3,open-meteo,5.48,90.16
Zawyat Sidi al Mekki,Morocco,33.2122,-7.7164,2026-09-18,2026-09-17 10:41:59.724084+00:00,28.9,17.0,0.0,0,18.3,33.1,3,open-meteo,5.6,90.08
Zawyat Sidi al Mekki,Morocco,33.2122,-7.7164,2026-09-19,2026-09-17 10:41:59.724084+00:00,31.9,17.2,0.0,0,17.0,30.6,45,open-meteo,5.19,84.37
Zawyat Sidi al Mekki,Morocco,33.2122,-7.7164,2026-09-20,2026-09-17 10:41:59.724084+00:00,35.0,20.7,0.0,0,16.3,33.8,45,open-meteo,5.42,84.21
Zawyat Sidi al Mekki,Morocco,33.2122,-7.7164,2026-09-21,2026-09-17 10:41:59.724084+00:00,35.0,19.6,0.0,0,20.1,37.8,45,open-meteo,6.29,83.6
Zawyat Sidi al Mekki,Morocco,33.2122,-7.7164,2026-09-22,2026-09-17 10:41:59.724084+00:00,33.7,19.1,0.0,0,17.3,32.8,45,open-meteo,5.44,84.19
Zawyat Sidi al Mekki,Morocco,33.2122,-7.7164,2026-09-23,2026-09-17 10:41:59.724084+00:00,32.5,19.0,0.0,3,18.9,35.6,45,open-meteo,5.92,83.86
Nzalat Bni Amar,Morocco,34.0981,-5.4161,2026-09-17,2026-09-17 10:41:59.809198+00:00,26.7,16.8,0.0,0,16.1,31.7,3,open-meteo,5.18,90.37
Nzalat Bni Amar,Morocco,34.0981,-5.4161,2026-09-18,2026-09-17 10:41:59.809198+00:00,29.0,16.4,0.0,0,14.5,29.9,3,open-meteo,4.8,90.64
Nzalat Bni Amar,Morocco,34.0981,-5.4161,2026-09-19,2026-09-17 10:41:59.809198+00:00,33.2,19.2,0.0,0,17.1,34.6,2,open-meteo,5.6,93.08
Nzalat Bni Amar,Morocco,34.0981,-5.4161,2026-09-20,2026-09-17 10:41:59.809198+00:00,35.2,22.2,0.0,0,15.0,31.0,2,open-meteo,5.78,92.95
Nzalat Bni Amar,Morocco,34.0981,-5.4161,2026-09-21,2026-09-17 10:41:59.809198+00:00,34.7,21.8,0.0,3,11.7,23.0,1,open-meteo,3.76,97.37
Nzalat Bni Amar,Morocco,34.0981,-5.4161,2026-09-22,2026-09-17 10:41:59.809198+00:00,33.7,20.7,0.0,0,13.2,26.3,1,open-meteo,4.28,97.0
Nzalat Bni Amar,Morocco,34.0981,-5.4161,2026-09-23,2026-09-17 10:41:59.809198+00:00,34.8,19.5,0.0,0,14.7,29.5,1,open-meteo,4.79,96.65
El Marmouta,Morocco,32.1202,-7.4039,2026-09-17,2026-09-17 10:41:59.893162+00:00,29.9,17.3,0.0,0,17.2,31.7,3,open-meteo,5.32,90.28
El Marmouta,Morocco,32.1202,-7.4039,2026-09-18,2026-09-17 10:41:59.893162+00:00,31.4,17.6,0.0,0,13.7,25.6,3,open-meteo,4.27,91.01
El Marmouta,Morocco,32.1202,-7.4039,2026-09-19,2026-09-17 10:41:59.893162+00:00,35.2,20.0,0.0,0,16.4,29.5,3,open-meteo,5.8,89.94
El Marmouta,Morocco,32.1202,-7.4039,2026-09-20,2026-09-17 10:41:59.893162+00:00,37.3,22.9,0.0,8,17.9,31.7,2,open-meteo,14.61,86.77
El Marmouta,Morocco,32.1202,-7.4039,2026-09-21,2026-09-17 10:41:59.893162+00:00,38.0,22.8,0.0,8,20.2,36.4,2,open-meteo,18.16,84.29
El Marmouta,Morocco,32.1202,-7.4039,2026-09-22,2026-09-17 10:41:59.893162+00:00,36.8,21.6,0.0,3,14.6,25.9,1,open-meteo,11.61,91.87
El Marmouta,Morocco,32.1202,-7.4039,2026-09-23,2026-09-17 10:41:59.893162+00:00,36.9,20.9,0.0,0,14.1,24.8,1,open-meteo,11.84,91.71
Sidi Abdallah,Morocco,32.5783,-7.8108,2026-09-17,2026-09-17 10:41:59.974025+00:00,29.0,17.7,0.0,0,22.1,38.5,2,open-meteo,6.61,92.37
Sidi Abdallah,Morocco,32.5783,-7.8108,2026-09-18,2026-09-17 10:41:59.974025+00:00,31.1,17.3,0.0,0,20.6,35.6,2,open-meteo,6.14,92.7
Sidi Abdallah,Morocco,32.5783,-7.8108,2026-09-19,2026-09-17 10:41:59.974025+00:00,34.1,18.1,0.0,0,21.6,37.4,2,open-meteo,6.44,92.49
Sidi Abdallah,Morocco,32.5783,-7.8108,2026-09-20,2026-09-17 10:41:59.974025+00:00,36.9,22.3,0.0,0,21.9,38.2,2,open-meteo,14.16,87.09
Sidi Abdallah,Morocco,32.5783,-7.8108,2026-09-21,2026-09-17 10:41:59.974025+00:00,38.1,21.9,0.0,3,23.5,43.9,2,open-meteo,19.73,83.19
Sidi Abdallah,Morocco,32.5783,-7.8108,2026-09-22,2026-09-17 10:41:59.974025+00:00,36.6,19.1,0.0,3,21.2,35.3,1,open-meteo,12.58,91.19
Sidi Abdallah,Morocco,32.5783,-7.8108,2026-09-23,2026-09-17 10:41:59.974025+00:00,35.8,20.0,0.0,0,22.6,38.5,45,open-meteo,9.87,81.09
Douar Oulad Bouziane,Morocco,34.2325,-5.0444,2026-09-17,2026-09-17 10:42:00.057323+00:00,29.1,18.5,0.0,0,15.5,31.7,3,open-meteo,5.11,90.42
Douar Oulad Bouziane,Morocco,34.2325,-5.0444,2026-09-18,2026-09-17 10:42:00.057323+00:00,31.8,17.4,0.0,0,10.5,24.5,3,open-meteo,3.76,91.37
Douar Oulad Bouziane,Morocco,34.2325,-5.0444,2026-09-19,2026-09-17 10:42:00.057323+00:00,34.8,22.8,0.0,0,26.0,52.2,2,open-meteo,8.47,91.07
Douar Oulad Bouziane,Morocco,34.2325,-5.0444,2026-09-20,2026-09-17 10:42:00.057323+00:00,37.1,24.7,0.0,0,23.3,46.8,2,open-meteo,15.99,85.81
Douar Oulad Bouziane,Morocco,34.2325,-5.0444,2026-09-21,2026-09-17 10:42:00.057323+00:00,36.5,24.7,0.0,3,20.7,43.6,2,open-meteo,12.95,87.94
Douar Oulad Bouziane,Morocco,34.2325,-5.0444,2026-09-22,2026-09-17 10:42:00.057323+00:00,36.0,23.7,0.0,0,16.7,40.7,2,open-meteo,10.16,89.89
Douar Oulad Bouziane,Morocco,34.2325,-5.0444,2026-09-23,2026-09-17 10:42:00.057323+00:00,36.8,22.4,0.0,0,11.2,28.8,1,open-meteo,11.48,91.96
Had Dra,Morocco,31.5833,-9.5333,2026-09-17,2026-09-17 10:42:00.140490+00:00,25.8,18.2,0.0,0,26.3,51.5,3,open-meteo,8.44,88.09
Had Dra,Morocco,31.5833,-9.5333,2026-09-18,2026-09-17 10:42:00.140490+00:00,29.1,17.5,0.0,0,25.0,47.9,1,open-meteo,7.92,94.46
Had Dra,Morocco,31.5833,-9.5333,2026-09-19,2026-09-17 10:42:00.140490+00:00,31.0,18.1,0.0,0,22.0,43.2,2,open-meteo,7.07,92.05
Had Dra,Morocco,31.5833,-9.5333,2026-09-20,2026-09-17 10:42:00.140490+00:00,28.1,20.0,0.0,0,16.9,33.5,2,open-meteo,5.46,93.18
Had Dra,Morocco,31.5833,-9.5333,2026-09-21,2026-09-17 10:42:00.140490+00:00,30.3,19.9,0.0,0,13.9,28.4,1,open-meteo,4.58,96.79
Had Dra,Morocco,31.5833,-9.5333,2026-09-22,2026-09-17 10:42:00.140490+00:00,32.8,17.8,0.0,0,13.3,26.3,3,open-meteo,4.29,91.0
Had Dra,Morocco,31.5833,-9.5333,2026-09-23,2026-09-17 10:42:00.140490+00:00,32.6,17.6,0.0,0,14.3,27.4,0,open-meteo,4.53,96.83
Sgamna,Morocco,32.7342,-7.2033,2026-09-17,2026-09-17 10:42:00.228682+00:00,28.9,14.5,0.0,0,18.3,35.6,3,open-meteo,5.85,89.91
Sgamna,Morocco,32.7342,-7.2033,2026-09-18,2026-09-17 10:42:00.228682+00:00,30.5,14.9,0.0,0,16.6,31.3,3,open-meteo,5.21,90.35
Sgamna,Morocco,32.7342,-7.2033,2026-09-19,2026-09-17 10:42:00.228682+00:00,34.7,19.1,0.0,0,17.8,33.5,2,open-meteo,5.58,93.09
Sgamna,Morocco,32.7342,-7.2033,2026-09-20,2026-09-17 10:42:00.228682+00:00,36.3,22.6,0.0,0,18.7,37.1,2,open-meteo,11.25,89.12
Sgamna,Morocco,32.7342,-7.2033,2026-09-21,2026-09-17 10:42:00.228682+00:00,35.6,20.8,0.0,3,18.4,38.5,2,open-meteo,8.55,91.02
Sgamna,Morocco,32.7342,-7.2033,2026-09-22,2026-09-17 10:42:00.228682+00:00,35.1,18.5,0.0,3,18.0,35.3,1,open-meteo,6.18,95.67
Sgamna,Morocco,32.7342,-7.2033,2026-09-23,2026-09-17 10:42:00.228682+00:00,35.4,18.2,0.0,0,20.9,39.6,2,open-meteo,8.17,91.28
Mokrisset,Morocco,34.91,-5.3536,2026-09-17,2026-09-17 10:42:00.326491+00:00,27.6,15.5,0.0,0,15.5,29.5,45,open-meteo,4.89,84.58
Mokrisset,Morocco,34.91,-5.3536,2026-09-18,2026-09-17 10:42:00.326491+00:00,29.8,16.0,0.0,0,15.3,26.6,3,open-meteo,4.57,90.8
Mokrisset,Morocco,34.91,-5.3536,2026-09-19,2026-09-17 10:42:00.326491+00:00,32.6,19.7,0.0,0,16.9,33.1,1,open-meteo,5.42,96.21
Mokrisset,Morocco,34.91,-5.3536,2026-09-20,2026-09-17 10:42:00.326491+00:00,34.1,23.1,0.0,0,15.0,27.7,1,open-meteo,4.65,96.74
Mokrisset,Morocco,34.91,-5.3536,2026-09-21,2026-09-17 10:42:00.326491+00:00,33.8,21.9,0.0,5,14.3,26.6,2,open-meteo,4.45,93.88
Mokrisset,Morocco,34.91,-5.3536,2026-09-22,2026-09-17 10:42:00.326491+00:00,33.9,20.2,0.0,0,8.7,19.8,3,open-meteo,3.07,91.85
Mokrisset,Morocco,34.91,-5.3536,2026-09-23,2026-09-17 10:42:00.326491+00:00,34.8,19.2,0.0,0,14.3,29.2,1,open-meteo,4.71,96.7
Ait Touil,Morocco,33.7842,-6.1281,2026-09-17,2026-09-17 10:42:00.415118+00:00,27.9,14.9,0.0,0,14.2,28.4,45,open-meteo,4.61,84.77
Ait Touil,Morocco,33.7842,-6.1281,2026-09-18,2026-09-17 10:42:00.415118+00:00,28.9,15.4,0.0,0,16.2,32.8,45,open-meteo,5.3,84.29
Ait Touil,Morocco,33.7842,-6.1281,2026-09-19,2026-09-17 10:42:00.415118+00:00,33.6,17.0,0.0,0,14.6,30.2,2,open-meteo,4.84,93.61
Ait Touil,Morocco,33.7842,-6.1281,2026-09-20,2026-09-17 10:42:00.415118+00:00,35.8,22.1,0.0,0,15.1,29.9,2,open-meteo,8.08,91.34
Ait Touil,Morocco,33.7842,-6.1281,2026-09-21,2026-09-17 10:42:00.415118+00:00,35.3,21.3,0.0,3,16.5,33.5,2,open-meteo,6.61,92.37
Ait Touil,Morocco,33.7842,-6.1281,2026-09-22,2026-09-17 10:42:00.415118+00:00,33.8,20.4,0.0,0,14.7,29.5,2,open-meteo,4.79,93.65
Ait Touil,Morocco,33.7842,-6.1281,2026-09-23,2026-09-17 10:42:00.415118+00:00,34.3,20.6,0.0,3,19.6,38.5,1,open-meteo,6.3,95.59
Foum Jam’a,Morocco,31.96,-6.98,2026-09-17,2026-09-17 10:42:00.499792+00:00,27.6,15.5,0.0,0,15.1,33.5,3,open-meteo,5.24,90.33
Foum Jam’a,Morocco,31.96,-6.98,2026-09-18,2026-09-17 10:42:00.499792+00:00,29.5,16.0,0.0,0,14.8,32.0,3,open-meteo,5.05,90.47
Foum Jam’a,Morocco,31.96,-6.98,2026-09-19,2026-09-17 10:42:00.499792+00:00,33.0,19.6,0.0,3,16.1,35.6,2,open-meteo,5.57,93.1
Foum Jam’a,Morocco,31.96,-6.98,2026-09-20,2026-09-17 10:42:00.499792+00:00,35.1,23.5,0.0,3,19.7,42.8,2,open-meteo,7.14,92.0
Foum Jam’a,Morocco,31.96,-6.98,2026-09-21,2026-09-17 10:42:00.499792+00:00,34.8,23.0,0.0,10,18.7,40.7,2,open-meteo,6.41,92.51
Foum Jam’a,Morocco,31.96,-6.98,2026-09-22,2026-09-17 10:42:00.499792+00:00,33.8,21.4,0.0,10,14.2,30.2,2,open-meteo,4.79,93.65
Foum Jam’a,Morocco,31.96,-6.98,2026-09-23,2026-09-17 10:42:00.499792+00:00,34.3,18.3,0.0,0,16.3,33.5,1,open-meteo,5.39,96.23
Taouz,Morocco,30.9069,-3.9958,2026-09-17,2026-09-17 10:42:00.590018+00:00,35.1,21.4,0.0,8,13.5,24.5,3,open-meteo,4.54,90.82
Taouz,Morocco,30.9069,-3.9958,2026-09-18,2026-09-17 10:42:00.590018+00:00,34.9,22.0,0.1,8,9.8,18.0,3,open-meteo,3.16,91.79
Taouz,Morocco,30.9069,-3.9958,2026-09-19,2026-09-17 10:42:00.590018+00:00,36.2,24.5,0.0,5,28.4,43.6,3,open-meteo,12.71,85.1
Taouz,Morocco,30.9069,-3.9958,2026-09-20,2026-09-17 10:42:00.590018+00:00,33.9,22.6,0.0,5,17.7,37.1,3,open-meteo,5.92,89.86
Taouz,Morocco,30.9069,-3.9958,2026-09-21,2026-09-17 10:42:00.590018+00:00,33.5,23.8,0.9,20,12.4,36.4,80,open-meteo,6.39,79.03
Taouz,Morocco,30.9069,-3.9958,2026-09-22,2026-09-17 10:42:00.590018+00:00,32.7,21.0,0.0,10,9.1,17.6,3,open-meteo,2.9,91.97
Taouz,Morocco,30.9069,-3.9958,2026-09-23,2026-09-17 10:42:00.590018+00:00,33.6,20.9,0.0,8,9.1,13.7,2,open-meteo,2.51,95.24
Laanoussar,Morocco,33.6833,-4.8167,2026-09-17,2026-09-17 10:42:00.677351+00:00,23.6,14.0,0.0,0,14.3,28.8,3,open-meteo,4.67,90.73
Laanoussar,Morocco,33.6833,-4.8167,2026-09-18,2026-09-17 10:42:00.677351+00:00,24.3,12.6,0.0,0,15.6,28.4,3,open-meteo,4.79,90.65
Laanoussar,Morocco,33.6833,-4.8167,2026-09-19,2026-09-17 10:42:00.677351+00:00,28.1,14.8,0.2,38,17.7,34.2,3,open-meteo,5.9,89.87
Laanoussar,Morocco,33.6833,-4.8167,2026-09-20,2026-09-17 10:42:00.677351+00:00,28.4,19.8,0.3,25,15.5,32.4,80,open-meteo,5.58,79.59
Laanoussar,Morocco,33.6833,-4.8167,2026-09-21,2026-09-17 10:42:00.677351+00:00,28.0,17.3,0.0,10,19.2,34.9,3,open-meteo,5.89,89.88
Laanoussar,Morocco,33.6833,-4.8167,2026-09-22,2026-09-17 10:42:00.677351+00:00,27.8,15.9,0.0,3,21.1,42.1,2,open-meteo,6.85,92.2
Laanoussar,Morocco,33.6833,-4.8167,2026-09-23,2026-09-17 10:42:00.677351+00:00,28.2,16.0,0.0,3,18.7,37.8,1,open-meteo,6.12,95.72
La’tamna,Morocco,31.9192,-7.3307,2026-09-17,2026-09-17 10:42:00.772007+00:00,29.2,16.3,0.0,0,16.6,30.6,2,open-meteo,5.14,93.4
La’tamna,Morocco,31.9192,-7.3307,2026-09-18,2026-09-17 10:42:00.772007+00:00,30.9,17.1,0.0,0,13.3,25.2,3,open-meteo,4.18,91.07
La’tamna,Morocco,31.9192,-7.3307,2026-09-19,2026-09-17 10:42:00.772007+00:00,34.5,19.7,0.0,3,15.9,29.2,2,open-meteo,4.91,93.56
La’tamna,Morocco,31.9192,-7.3307,2026-09-20,2026-09-17 10:42:00.772007+00:00,37.2,23.2,0.0,15,17.6,33.1,2,open-meteo,14.31,86.98
La’tamna,Morocco,31.9192,-7.3307,2026-09-21,2026-09-17 10:42:00.772007+00:00,37.1,21.7,0.0,8,19.4,36.0,2,open-meteo,14.43,86.9
La’tamna,Morocco,31.9192,-7.3307,2026-09-22,2026-09-17 10:42:00.772007+00:00,35.7,21.5,0.0,5,14.1,25.2,1,open-meteo,7.08,95.04
La’tamna,Morocco,31.9192,-7.3307,2026-09-23,2026-09-17 10:42:00.772007+00:00,35.8,20.7,0.0,0,14.8,25.9,1,open-meteo,7.64,94.65
Zawyat Sidi Ben Hamdoun,Morocco,33.045,-7.9292,2026-09-17,2026-09-17 10:42:00.860301+00:00,27.2,17.2,0.0,0,18.5,34.9,3,open-meteo,5.8,89.94
Zawyat Sidi Ben Hamdoun,Morocco,33.045,-7.9292,2026-09-18,2026-09-17 10:42:00.860301+00:00,28.3,16.6,0.0,0,19.1,36.7,3,open-meteo,6.06,89.76
Zawyat Sidi Ben Hamdoun,Morocco,33.045,-7.9292,2026-09-19,2026-09-17 10:42:00.860301+00:00,31.3,17.4,0.0,0,17.7,34.2,45,open-meteo,5.63,84.06
Zawyat Sidi Ben Hamdoun,Morocco,33.045,-7.9292,2026-09-20,2026-09-17 10:42:00.860301+00:00,34.2,20.6,0.0,0,17.1,33.8,45,open-meteo,5.52,84.14
Zawyat Sidi Ben Hamdoun,Morocco,33.045,-7.9292,2026-09-21,2026-09-17 10:42:00.860301+00:00,34.6,19.5,0.0,0,18.4,36.7,45,open-meteo,5.97,83.82
Zawyat Sidi Ben Hamdoun,Morocco,33.045,-7.9292,2026-09-22,2026-09-17 10:42:00.860301+00:00,34.7,19.1,0.0,0,16.8,34.2,45,open-meteo,5.52,84.14
Zawyat Sidi Ben Hamdoun,Morocco,33.045,-7.9292,2026-09-23,2026-09-17 10:42:00.860301+00:00,33.7,19.4,0.0,3,18.1,36.4,45,open-meteo,5.9,83.87
Oued El Makhazine,Morocco,34.9333,-5.85,2026-09-17,2026-09-17 10:42:00.955906+00:00,27.9,18.2,0.0,0,14.3,27.4,3,open-meteo,4.53,90.83
Oued El Makhazine,Morocco,34.9333,-5.85,2026-09-18,2026-09-17 10:42:00.955906+00:00,29.6,15.7,0.0,0,19.7,37.1,3,open-meteo,6.17,89.68
Oued El Makhazine,Morocco,34.9333,-5.85,2026-09-19,2026-09-17 10:42:00.955906+00:00,34.9,19.1,0.0,0,13.4,25.9,2,open-meteo,4.27,94.01
Oued El Makhazine,Morocco,34.9333,-5.85,2026-09-20,2026-09-17 10:42:00.955906+00:00,37.4,24.2,0.0,0,12.9,22.7,1,open-meteo,13.48,90.56
Oued El Makhazine,Morocco,34.9333,-5.85,2026-09-21,2026-09-17 10:42:00.955906+00:00,35.7,23.0,0.0,3,12.2,24.5,1,open-meteo,6.78,95.25
Oued El Makhazine,Morocco,34.9333,-5.85,2026-09-22,2026-09-17 10:42:00.955906+00:00,34.7,21.5,0.0,0,15.5,31.3,3,open-meteo,5.07,90.45
Oued El Makhazine,Morocco,34.9333,-5.85,2026-09-23,2026-09-17 10:42:00.955906+00:00,35.9,19.9,0.0,0,13.8,29.5,1,open-meteo,8.27,94.21
Douar Oulad Sidi Moussa,Morocco,32.3353,-7.1528,2026-09-17,2026-09-17 10:42:01.060088+00:00,32.1,17.0,0.0,0,16.6,28.1,3,open-meteo,4.89,90.58
Douar Oulad Sidi Moussa,Morocco,32.3353,-7.1528,2026-09-18,2026-09-17 10:42:01.060088+00:00,33.3,18.1,0.0,0,15.3,26.3,3,open-meteo,4.54,90.82
Douar Oulad Sidi Moussa,Morocco,32.3353,-7.1528,2026-09-19,2026-09-17 10:42:01.060088+00:00,37.6,20.8,0.0,0,13.1,23.0,2,open-meteo,14.34,86.96
Douar Oulad Sidi Moussa,Morocco,32.3353,-7.1528,2026-09-20,2026-09-17 10:42:01.060088+00:00,38.7,23.5,0.0,5,19.2,32.8,2,open-meteo,20.48,82.66
Douar Oulad Sidi Moussa,Morocco,32.3353,-7.1528,2026-09-21,2026-09-17 10:42:01.060088+00:00,38.9,23.7,0.0,5,18.4,33.1,3,open-meteo,21.21,79.15
Douar Oulad Sidi Moussa,Morocco,32.3353,-7.1528,2026-09-22,2026-09-17 10:42:01.060088+00:00,38.0,20.6,0.0,3,14.9,24.8,1,open-meteo,16.34,88.56
Douar Oulad Sidi Moussa,Morocco,32.3353,-7.1528,2026-09-23,2026-09-17 10:42:01.060088+00:00,38.2,19.9,0.0,0,12.3,24.5,0,open-meteo,16.79,88.25
Bouhlou,Morocco,34.1333,-4.4,2026-09-17,2026-09-17 10:42:01.151103+00:00,30.8,16.7,0.0,0,11.9,23.4,3,open-meteo,3.83,91.32
Bouhlou,Morocco,34.1333,-4.4,2026-09-18,2026-09-17 10:42:01.151103+00:00,33.2,16.2,0.0,0,15.6,29.5,2,open-meteo,4.9,93.57
Bouhlou,Morocco,34.1333,-4.4,2026-09-19,2026-09-17 10:42:01.151103+00:00,32.7,22.0,0.0,0,33.7,67.3,2,open-meteo,10.94,89.34
Bouhlou,Morocco,34.1333,-4.4,2026-09-20,2026-09-17 10:42:01.151103+00:00,34.8,23.2,0.0,0,26.6,52.6,2,open-meteo,8.59,90.99
Bouhlou,Morocco,34.1333,-4.4,2026-09-21,2026-09-17 10:42:01.151103+00:00,34.6,23.2,0.0,3,24.5,47.9,2,open-meteo,7.85,91.5
Bouhlou,Morocco,34.1333,-4.4,2026-09-22,2026-09-17 10:42:01.151103+00:00,35.7,22.9,0.0,0,12.0,23.8,1,open-meteo,6.68,95.32
Bouhlou,Morocco,34.1333,-4.4,2026-09-23,2026-09-17 10:42:01.151103+00:00,35.9,22.4,0.0,0,17.3,30.6,0,open-meteo,8.82,93.83
Sidi Bounaga,Morocco,30.7106,-8.34,2026-09-17,2026-09-17 10:42:01.256243+00:00,30.4,18.0,0.0,3,23.9,38.9,3,open-meteo,6.88,89.18
Sidi Bounaga,Morocco,30.7106,-8.34,2026-09-18,2026-09-17 10:42:01.256243+00:00,31.5,18.2,0.0,0,24.6,40.7,3,open-meteo,7.15,88.99
Sidi Bounaga,Morocco,30.7106,-8.34,2026-09-19,2026-09-17 10:42:01.256243+00:00,36.0,20.8,0.0,0,27.1,44.6,3,open-meteo,11.85,85.7
Sidi Bounaga,Morocco,30.7106,-8.34,2026-09-20,2026-09-17 10:42:01.256243+00:00,38.1,21.8,0.0,0,16.9,43.2,3,open-meteo,18.83,80.82
Sidi Bounaga,Morocco,30.7106,-8.34,2026-09-21,2026-09-17 10:42:01.256243+00:00,37.4,22.4,0.0,0,28.9,52.2,3,open-meteo,18.43,81.1
Sidi Bounaga,Morocco,30.7106,-8.34,2026-09-22,2026-09-17 10:42:01.256243+00:00,36.3,22.0,0.0,0,26.8,51.8,1,open-meteo,13.73,90.39
Sidi Bounaga,Morocco,30.7106,-8.34,2026-09-23,2026-09-17 10:42:01.256243+00:00,37.0,22.4,0.0,0,22.4,38.9,1,open-meteo,14.69,89.72
Had Laaounate,Morocco,32.6128,-8.2256,2026-09-17,2026-09-17 10:42:01.368649+00:00,27.8,17.4,0.0,0,18.9,35.6,3,open-meteo,5.92,89.86
Had Laaounate,Morocco,32.6128,-8.2256,2026-09-18,2026-09-17 10:42:01.368649+00:00,29.7,16.2,0.0,0,19.2,35.3,3,open-meteo,5.93,89.85
Had Laaounate,Morocco,32.6128,-8.2256,2026-09-19,2026-09-17 10:42:01.368649+00:00,32.3,16.3,0.0,0,18.5,34.2,45,open-meteo,5.73,83.99
Had Laaounate,Morocco,32.6128,-8.2256,2026-09-20,2026-09-17 10:42:01.368649+00:00,35.2,19.6,0.0,0,17.4,34.2,2,open-meteo,6.4,92.52
Had Laaounate,Morocco,32.6128,-8.2256,2026-09-21,2026-09-17 10:42:01.368649+00:00,36.2,19.1,0.0,0,18.2,35.6,45,open-meteo,10.64,80.55
Had Laaounate,Morocco,32.6128,-8.2256,2026-09-22,2026-09-17 10:42:01.368649+00:00,34.8,19.0,0.0,0,17.4,35.6,45,open-meteo,5.74,83.98
Had Laaounate,Morocco,32.6128,-8.2256,2026-09-23,2026-09-17 10:42:01.368649+00:00,34.1,19.0,0.0,0,18.8,37.8,45,open-meteo,6.13,83.71
Bir Gandús,Morocco,21.6157,-16.4687,2026-09-17,2026-09-17 10:42:01.472575+00:00,37.2,23.8,0.0,0,36.2,55.1,0,open-meteo,18.84,86.81
Bir Gandús,Morocco,21.6157,-16.4687,2026-09-18,2026-09-17 10:42:01.472575+00:00,32.3,19.5,0.0,0,35.9,53.3,1,open-meteo,9.82,93.13
Bir Gandús,Morocco,21.6157,-16.4687,2026-09-19,2026-09-17 10:42:01.472575+00:00,33.2,18.6,0.0,0,31.4,47.9,0,open-meteo,8.71,93.9
Bir Gandús,Morocco,21.6157,-16.4687,2026-09-20,2026-09-17 10:42:01.472575+00:00,36.4,19.0,0.0,0,27.4,43.9,0,open-meteo,13.41,90.61
Bir Gandús,Morocco,21.6157,-16.4687,2026-09-21,2026-09-17 10:42:01.472575+00:00,38.3,22.3,0.0,8,26.1,49.3,1,open-meteo,21.39,85.03
Bir Gandús,Morocco,21.6157,-16.4687,2026-09-22,2026-09-17 10:42:01.472575+00:00,38.5,24.1,0.0,16,30.5,50.8,3,open-meteo,22.89,77.98
Bir Gandús,Morocco,21.6157,-16.4687,2026-09-23,2026-09-17 10:42:01.472575+00:00,37.6,23.1,0.6,6,24.9,45.7,51,open-meteo,18.88,79.28
Taghbalt,Morocco,30.62,-5.35,2026-09-17,2026-09-17 10:42:01.573225+00:00,34.0,24.2,0.1,15,15.4,23.8,3,open-meteo,4.44,90.89
Taghbalt,Morocco,30.62,-5.35,2026-09-18,2026-09-17 10:42:01.573225+00:00,34.8,23.3,0.0,3,14.2,21.2,3,open-meteo,3.9,91.27
Taghbalt,Morocco,30.62,-5.35,2026-09-19,2026-09-17 10:42:01.573225+00:00,34.9,25.1,0.0,3,22.4,34.2,3,open-meteo,6.22,89.65
Taghbalt,Morocco,30.62,-5.35,2026-09-20,2026-09-17 10:42:01.573225+00:00,33.9,23.3,0.0,0,26.0,42.8,3,open-meteo,7.53,88.73
Taghbalt,Morocco,30.62,-5.35,2026-09-21,2026-09-17 10:42:01.573225+00:00,33.6,23.4,0.6,23,19.6,31.0,80,open-meteo,6.35,79.06
Taghbalt,Morocco,30.62,-5.35,2026-09-22,2026-09-17 10:42:01.573225+00:00,32.0,21.1,0.6,8,7.9,19.4,3,open-meteo,3.73,91.39
Taghbalt,Morocco,30.62,-5.35,2026-09-23,2026-09-17 10:42:01.573225+00:00,33.9,21.8,0.0,8,7.4,11.9,2,open-meteo,2.12,95.52
Imilchil,Morocco,32.155,-5.6347,2026-09-17,2026-09-17 10:42:01.777243+00:00,23.0,12.2,2.7,73,20.0,35.6,95,open-meteo,9.66,66.24
Imilchil,Morocco,32.155,-5.6347,2026-09-18,2026-09-17 10:42:01.777243+00:00,22.3,11.9,0.7,60,22.6,43.2,3,open-meteo,8.08,88.34
Imilchil,Morocco,32.155,-5.6347,2026-09-19,2026-09-17 10:42:01.777243+00:00,21.7,13.7,2.2,61,22.5,39.2,80,open-meteo,9.67,76.73
Imilchil,Morocco,32.155,-5.6347,2026-09-20,2026-09-17 10:42:01.777243+00:00,23.4,13.4,0.3,50,13.0,32.8,3,open-meteo,5.3,90.29
Imilchil,Morocco,32.155,-5.6347,2026-09-21,2026-09-17 10:42:01.777243+00:00,22.6,13.7,1.2,33,24.5,51.8,3,open-meteo,9.84,87.11
Imilchil,Morocco,32.155,-5.6347,2026-09-22,2026-09-17 10:42:01.777243+00:00,22.1,11.5,0.3,8,21.1,37.4,2,open-meteo,6.78,92.25
Imilchil,Morocco,32.155,-5.6347,2026-09-23,2026-09-17 10:42:01.777243+00:00,23.6,11.9,0.0,5,20.9,41.0,1,open-meteo,6.71,95.3
Mwaline al Oued,Morocco,33.4467,-7.3283,2026-09-17,2026-09-17 10:42:01.875317+00:00,27.4,17.1,0.0,0,16.6,33.1,3,open-meteo,5.39,90.23
Mwaline al Oued,Morocco,33.4467,-7.3283,2026-09-18,2026-09-17 10:42:01.875317+00:00,28.1,15.7,0.0,0,17.0,33.5,45,open-meteo,5.48,84.16
Mwaline al Oued,Morocco,33.4467,-7.3283,2026-09-19,2026-09-17 10:42:01.875317+00:00,30.6,16.0,0.0,0,17.2,34.2,45,open-meteo,5.57,84.1
Mwaline al Oued,Morocco,33.4467,-7.3283,2026-09-20,2026-09-17 10:42:01.875317+00:00,33.6,20.7,0.0,0,17.1,34.2,45,open-meteo,5.56,84.11
Mwaline al Oued,Morocco,33.4467,-7.3283,2026-09-21,2026-09-17 10:42:01.875317+00:00,33.8,19.6,0.0,0,19.1,38.9,45,open-meteo,6.28,83.6
Mwaline al Oued,Morocco,33.4467,-7.3283,2026-09-22,2026-09-17 10:42:01.875317+00:00,32.4,18.7,0.0,0,17.2,33.5,45,open-meteo,5.5,84.15
Mwaline al Oued,Morocco,33.4467,-7.3283,2026-09-23,2026-09-17 10:42:01.875317+00:00,31.2,18.4,0.0,3,18.6,36.4,45,open-meteo,5.97,83.82
Jemaat Oulad Mhamed,Morocco,33.0939,-7.0519,2026-09-17,2026-09-17 10:42:01.962836+00:00,27.0,13.1,0.0,0,17.2,33.5,45,open-meteo,5.5,84.15
Jemaat Oulad Mhamed,Morocco,33.0939,-7.0519,2026-09-18,2026-09-17 10:42:01.962836+00:00,28.7,13.2,0.0,0,17.5,33.8,45,open-meteo,5.57,84.1
Jemaat Oulad Mhamed,Morocco,33.0939,-7.0519,2026-09-19,2026-09-17 10:42:01.962836+00:00,32.2,15.3,0.0,0,16.2,31.0,3,open-meteo,5.12,90.42
Jemaat Oulad Mhamed,Morocco,33.0939,-7.0519,2026-09-20,2026-09-17 10:42:01.962836+00:00,35.1,20.0,0.0,3,17.2,34.2,2,open-meteo,5.97,92.82
Jemaat Oulad Mhamed,Morocco,33.0939,-7.0519,2026-09-21,2026-09-17 10:42:01.962836+00:00,35.7,19.1,0.0,3,20.0,40.3,2,open-meteo,9.33,90.47
Jemaat Oulad Mhamed,Morocco,33.0939,-7.0519,2026-09-22,2026-09-17 10:42:01.962836+00:00,35.4,17.2,0.0,0,18.8,37.4,1,open-meteo,7.69,94.62
Jemaat Oulad Mhamed,Morocco,33.0939,-7.0519,2026-09-23,2026-09-17 10:42:01.962836+00:00,35.2,17.7,0.0,3,19.5,40.7,2,open-meteo,7.31,91.88
Talsint,Morocco,32.6444,-3.4846,2026-09-17,2026-09-17 10:42:02.048550+00:00,26.4,13.6,0.2,50,26.8,63.4,3,open-meteo,9.96,87.03
Talsint,Morocco,32.6444,-3.4846,2026-09-18,2026-09-17 10:42:02.048550+00:00,25.9,12.8,0.2,48,21.1,38.2,3,open-meteo,6.72,89.3
Talsint,Morocco,32.6444,-3.4846,2026-09-19,2026-09-17 10:42:02.048550+00:00,24.5,16.0,4.7,40,26.8,49.3,80,open-meteo,14.55,73.31
Talsint,Morocco,32.6444,-3.4846,2026-09-20,2026-09-17 10:42:02.048550+00:00,23.8,15.3,0.6,25,21.4,38.2,3,open-meteo,7.29,88.9
Talsint,Morocco,32.6444,-3.4846,2026-09-21,2026-09-17 10:42:02.048550+00:00,20.4,15.3,4.2,33,12.2,34.9,95,open-meteo,10.62,65.57
Talsint,Morocco,32.6444,-3.4846,2026-09-22,2026-09-17 10:42:02.048550+00:00,25.6,13.3,0.0,3,16.4,29.9,3,open-meteo,5.04,90.47
Talsint,Morocco,32.6444,-3.4846,2026-09-23,2026-09-17 10:42:02.048550+00:00,26.6,14.3,0.0,8,11.9,26.6,2,open-meteo,4.15,94.09
Tarhjicht,Morocco,29.0565,-9.428,2026-09-17,2026-09-17 10:42:02.146192+00:00,33.0,16.0,0.0,0,22.4,43.9,3,open-meteo,7.19,88.97
Tarhjicht,Morocco,29.0565,-9.428,2026-09-18,2026-09-17 10:42:02.146192+00:00,32.6,13.7,0.0,0,21.8,42.1,3,open-meteo,6.94,89.14
Tarhjicht,Morocco,29.0565,-9.428,2026-09-19,2026-09-17 10:42:02.146192+00:00,35.3,14.8,0.0,0,26.4,49.3,3,open-meteo,9.43,87.4
Tarhjicht,Morocco,29.0565,-9.428,2026-09-20,2026-09-17 10:42:02.146192+00:00,34.8,20.2,0.0,0,25.7,47.9,1,open-meteo,8.0,94.4
Tarhjicht,Morocco,29.0565,-9.428,2026-09-21,2026-09-17 10:42:02.146192+00:00,36.4,22.0,0.0,2,19.1,37.8,0,open-meteo,11.77,91.76
Tarhjicht,Morocco,29.0565,-9.428,2026-09-22,2026-09-17 10:42:02.146192+00:00,35.3,23.3,0.0,7,18.9,42.1,2,open-meteo,7.77,91.56
Tarhjicht,Morocco,29.0565,-9.428,2026-09-23,2026-09-17 10:42:02.146192+00:00,36.6,22.7,0.0,6,14.3,29.9,3,open-meteo,11.18,86.17
Tiddas,Morocco,33.5682,-6.2668,2026-09-17,2026-09-17 10:42:02.248662+00:00,28.2,15.7,0.0,0,16.1,34.2,45,open-meteo,5.43,84.2
Tiddas,Morocco,33.5682,-6.2668,2026-09-18,2026-09-17 10:42:02.248662+00:00,29.8,15.6,0.0,0,17.1,36.0,3,open-meteo,5.74,89.98
Tiddas,Morocco,33.5682,-6.2668,2026-09-19,2026-09-17 10:42:02.248662+00:00,33.8,17.2,0.0,0,15.2,33.1,2,open-meteo,5.21,93.35
Tiddas,Morocco,33.5682,-6.2668,2026-09-20,2026-09-17 10:42:02.248662+00:00,36.0,22.9,0.0,0,17.7,37.1,2,open-meteo,9.92,90.06
Tiddas,Morocco,33.5682,-6.2668,2026-09-21,2026-09-17 10:42:02.248662+00:00,35.7,21.0,0.0,3,19.6,41.8,2,open-meteo,9.43,90.4
Tiddas,Morocco,33.5682,-6.2668,2026-09-22,2026-09-17 10:42:02.248662+00:00,34.7,18.7,0.0,0,15.7,31.3,3,open-meteo,5.09,90.44
Tiddas,Morocco,33.5682,-6.2668,2026-09-23,2026-09-17 10:42:02.248662+00:00,35.1,18.0,0.0,0,19.1,36.7,1,open-meteo,6.46,95.48
Freïja,Morocco,30.4833,-8.7833,2026-09-17,2026-09-17 10:42:02.333895+00:00,30.3,18.7,0.0,0,26.8,47.5,45,open-meteo,8.1,82.33
Freïja,Morocco,30.4833,-8.7833,2026-09-18,2026-09-17 10:42:02.333895+00:00,30.5,18.0,0.0,0,24.9,43.6,2,open-meteo,7.47,91.77
Freïja,Morocco,30.4833,-8.7833,2026-09-19,2026-09-17 10:42:02.333895+00:00,31.4,18.9,0.0,0,25.5,45.7,2,open-meteo,7.76,91.57
Freïja,Morocco,30.4833,-8.7833,2026-09-20,2026-09-17 10:42:02.333895+00:00,33.9,19.7,0.0,3,27.6,50.4,1,open-meteo,8.49,94.06
Freïja,Morocco,30.4833,-8.7833,2026-09-21,2026-09-17 10:42:02.333895+00:00,39.1,22.0,0.0,0,28.3,53.6,1,open-meteo,25.3,82.29
Freïja,Morocco,30.4833,-8.7833,2026-09-22,2026-09-17 10:42:02.333895+00:00,39.8,21.6,0.0,0,26.7,50.8,1,open-meteo,27.62,80.67
Freïja,Morocco,30.4833,-8.7833,2026-09-23,2026-09-17 10:42:02.333895+00:00,40.0,21.3,0.0,0,22.2,42.1,1,open-meteo,26.99,81.11
Douar El Gouzal,Morocco,34.4972,-4.1268,2026-09-17,2026-09-17 10:42:02.436308+00:00,28.1,13.1,0.0,0,14.8,29.9,45,open-meteo,4.84,84.61
Douar El Gouzal,Morocco,34.4972,-4.1268,2026-09-18,2026-09-17 10:42:02.436308+00:00,29.3,14.4,0.0,0,17.8,38.2,3,open-meteo,6.04,89.77
Douar El Gouzal,Morocco,34.4972,-4.1268,2026-09-19,2026-09-17 10:42:02.436308+00:00,28.6,17.9,0.0,0,27.4,54.0,2,open-meteo,8.82,90.83
Douar El Gouzal,Morocco,34.4972,-4.1268,2026-09-20,2026-09-17 10:42:02.436308+00:00,30.4,19.2,0.0,0,22.7,46.8,2,open-meteo,7.52,91.74
Douar El Gouzal,Morocco,34.4972,-4.1268,2026-09-21,2026-09-17 10:42:02.436308+00:00,29.2,18.6,0.0,5,20.3,41.4,2,open-meteo,6.68,92.32
Douar El Gouzal,Morocco,34.4972,-4.1268,2026-09-22,2026-09-17 10:42:02.436308+00:00,30.9,17.7,0.0,0,11.5,28.1,2,open-meteo,4.25,94.02
Douar El Gouzal,Morocco,34.4972,-4.1268,2026-09-23,2026-09-17 10:42:02.436308+00:00,32.1,18.7,0.0,0,14.6,31.7,2,open-meteo,4.99,93.51
’Aïn Leuh,Morocco,33.3044,-5.3399,2026-09-17,2026-09-17 10:42:02.529357+00:00,27.8,15.9,0.0,0,18.2,36.4,3,open-meteo,5.92,89.86
’Aïn Leuh,Morocco,33.3044,-5.3399,2026-09-18,2026-09-17 10:42:02.529357+00:00,27.9,14.6,0.0,0,18.0,36.7,3,open-meteo,5.92,89.86
’Aïn Leuh,Morocco,33.3044,-5.3399,2026-09-19,2026-09-17 10:42:02.529357+00:00,29.7,16.5,0.1,30,17.0,37.1,3,open-meteo,5.97,89.82
’Aïn Leuh,Morocco,33.3044,-5.3399,2026-09-20,2026-09-17 10:42:02.529357+00:00,31.5,20.0,0.0,10,20.5,50.0,3,open-meteo,7.56,88.71
’Aïn Leuh,Morocco,33.3044,-5.3399,2026-09-21,2026-09-17 10:42:02.529357+00:00,30.2,19.9,0.0,18,24.5,46.8,3,open-meteo,7.74,88.58
’Aïn Leuh,Morocco,33.3044,-5.3399,2026-09-22,2026-09-17 10:42:02.529357+00:00,28.0,16.8,0.0,0,17.3,38.5,2,open-meteo,6.01,92.79
’Aïn Leuh,Morocco,33.3044,-5.3399,2026-09-23,2026-09-17 10:42:02.529357+00:00,29.2,18.5,0.0,3,13.4,39.6,2,open-meteo,5.64,93.05
Oulad ’Azzouz,Morocco,32.7693,-6.7543,2026-09-17,2026-09-17 10:42:02.615029+00:00,30.3,16.2,0.0,0,18.3,32.0,3,open-meteo,5.49,90.16
Oulad ’Azzouz,Morocco,32.7693,-6.7543,2026-09-18,2026-09-17 10:42:02.615029+00:00,31.5,16.7,0.0,0,18.2,33.5,3,open-meteo,5.62,90.07
Oulad ’Azzouz,Morocco,32.7693,-6.7543,2026-09-19,2026-09-17 10:42:02.615029+00:00,35.2,19.9,0.0,0,18.4,31.7,3,open-meteo,6.27,89.61
Oulad ’Azzouz,Morocco,32.7693,-6.7543,2026-09-20,2026-09-17 10:42:02.615029+00:00,36.2,24.0,0.0,0,19.4,35.3,2,open-meteo,10.76,89.47
Oulad ’Azzouz,Morocco,32.7693,-6.7543,2026-09-21,2026-09-17 10:42:02.615029+00:00,35.5,21.3,0.0,3,19.3,32.4,2,open-meteo,7.65,91.64
Oulad ’Azzouz,Morocco,32.7693,-6.7543,2026-09-22,2026-09-17 10:42:02.615029+00:00,34.8,20.0,0.0,0,21.5,37.8,2,open-meteo,6.47,92.47
Oulad ’Azzouz,Morocco,32.7693,-6.7543,2026-09-23,2026-09-17 10:42:02.615029+00:00,35.2,20.3,0.0,0,20.1,35.6,1,open-meteo,6.87,95.19
Sidi Dahbi,Morocco,33.05,-7.1833,2026-09-17,2026-09-17 10:42:02.708561+00:00,26.1,12.9,0.0,0,18.6,36.7,45,open-meteo,6.0,83.8
Sidi Dahbi,Morocco,33.05,-7.1833,2026-09-18,2026-09-17 10:42:02.708561+00:00,27.8,14.4,0.0,0,17.3,34.2,3,open-meteo,5.58,90.09
Sidi Dahbi,Morocco,33.05,-7.1833,2026-09-19,2026-09-17 10:42:02.708561+00:00,31.4,16.3,0.0,0,16.3,31.7,2,open-meteo,5.21,93.35
Sidi Dahbi,Morocco,33.05,-7.1833,2026-09-20,2026-09-17 10:42:02.708561+00:00,34.1,21.1,0.0,8,18.3,37.1,2,open-meteo,6.0,92.8
Sidi Dahbi,Morocco,33.05,-7.1833,2026-09-21,2026-09-17 10:42:02.708561+00:00,34.8,20.8,0.0,10,19.9,41.8,2,open-meteo,6.67,92.33
Sidi Dahbi,Morocco,33.05,-7.1833,2026-09-22,2026-09-17 10:42:02.708561+00:00,33.9,18.5,0.0,0,19.3,37.4,1,open-meteo,6.15,95.69
Sidi Dahbi,Morocco,33.05,-7.1833,2026-09-23,2026-09-17 10:42:02.708561+00:00,33.7,19.0,0.0,3,20.2,39.2,1,open-meteo,6.45,95.48
Beni Oulid,Morocco,34.5897,-4.4514,2026-09-17,2026-09-17 10:42:02.795381+00:00,30.9,17.2,0.0,0,13.3,25.2,45,open-meteo,4.18,85.07
Beni Oulid,Morocco,34.5897,-4.4514,2026-09-18,2026-09-17 10:42:02.795381+00:00,33.3,18.9,0.0,0,15.4,33.1,3,open-meteo,5.24,90.33
Beni Oulid,Morocco,34.5897,-4.4514,2026-09-19,2026-09-17 10:42:02.795381+00:00,33.8,23.4,0.0,0,28.6,54.4,1,open-meteo,9.02,93.69
Beni Oulid,Morocco,34.5897,-4.4514,2026-09-20,2026-09-17 10:42:02.795381+00:00,36.0,24.2,0.0,3,21.7,41.4,2,open-meteo,10.85,89.41
Beni Oulid,Morocco,34.5897,-4.4514,2026-09-21,2026-09-17 10:42:02.795381+00:00,34.6,24.3,0.0,8,21.5,39.2,3,open-meteo,6.61,89.37
Beni Oulid,Morocco,34.5897,-4.4514,2026-09-22,2026-09-17 10:42:02.795381+00:00,35.1,23.1,0.0,0,9.0,23.0,3,open-meteo,3.83,91.32
Beni Oulid,Morocco,34.5897,-4.4514,2026-09-23,2026-09-17 10:42:02.795381+00:00,36.1,23.6,0.0,0,13.6,29.2,2,open-meteo,9.02,90.69
Bir Tam Tam,Morocco,33.9831,-4.6397,2026-09-17,2026-09-17 10:42:02.878287+00:00,28.3,16.8,0.0,0,15.0,30.6,45,open-meteo,4.94,84.54
Bir Tam Tam,Morocco,33.9831,-4.6397,2026-09-18,2026-09-17 10:42:02.878287+00:00,31.0,14.9,0.0,0,14.4,30.6,2,open-meteo,4.86,93.6
Bir Tam Tam,Morocco,33.9831,-4.6397,2026-09-19,2026-09-17 10:42:02.878287+00:00,32.3,18.2,0.0,3,26.6,55.1,2,open-meteo,8.84,90.81
Bir Tam Tam,Morocco,33.9831,-4.6397,2026-09-20,2026-09-17 10:42:02.878287+00:00,34.4,20.2,0.0,0,18.8,44.6,2,open-meteo,6.81,92.23
Bir Tam Tam,Morocco,33.9831,-4.6397,2026-09-21,2026-09-17 10:42:02.878287+00:00,34.2,20.4,0.0,5,14.7,36.0,2,open-meteo,5.44,93.19
Bir Tam Tam,Morocco,33.9831,-4.6397,2026-09-22,2026-09-17 10:42:02.878287+00:00,34.5,19.2,0.0,0,13.9,26.6,1,open-meteo,4.4,96.92
Bir Tam Tam,Morocco,33.9831,-4.6397,2026-09-23,2026-09-17 10:42:02.878287+00:00,35.1,16.7,0.0,0,14.2,27.4,0,open-meteo,4.92,96.56
Ksar Lmajaz,Morocco,35.8448,-5.5519,2026-09-17,2026-09-17 10:42:02.961693+00:00,25.7,15.7,0.0,0,10.8,23.4,45,open-meteo,3.69,85.42
Ksar Lmajaz,Morocco,35.8448,-5.5519,2026-09-18,2026-09-17 10:42:02.961693+00:00,26.5,20.8,0.0,3,28.7,55.4,3,open-meteo,9.13,87.61
Ksar Lmajaz,Morocco,35.8448,-5.5519,2026-09-19,2026-09-17 10:42:02.961693+00:00,26.1,22.5,0.0,3,44.8,90.0,2,open-meteo,14.6,86.78
Ksar Lmajaz,Morocco,35.8448,-5.5519,2026-09-20,2026-09-17 10:42:02.961693+00:00,26.7,23.5,0.0,5,45.8,92.2,2,open-meteo,14.95,86.53
Ksar Lmajaz,Morocco,35.8448,-5.5519,2026-09-21,2026-09-17 10:42:02.961693+00:00,26.6,22.7,0.0,0,40.1,80.3,2,open-meteo,13.04,87.87
Ksar Lmajaz,Morocco,35.8448,-5.5519,2026-09-22,2026-09-17 10:42:02.961693+00:00,25.7,22.2,0.0,0,27.4,56.9,2,open-meteo,9.12,90.62
Ksar Lmajaz,Morocco,35.8448,-5.5519,2026-09-23,2026-09-17 10:42:02.961693+00:00,26.1,22.3,0.0,0,19.8,47.2,2,open-meteo,7.2,91.96
Bounaamane,Morocco,29.5283,-9.8044,2026-09-17,2026-09-17 10:42:03.042460+00:00,23.6,17.0,0.0,0,20.3,39.6,45,open-meteo,6.5,83.45
Bounaamane,Morocco,29.5283,-9.8044,2026-09-18,2026-09-17 10:42:03.042460+00:00,25.8,16.6,0.0,0,15.0,31.0,45,open-meteo,4.98,84.51
Bounaamane,Morocco,29.5283,-9.8044,2026-09-19,2026-09-17 10:42:03.042460+00:00,28.5,17.6,0.0,0,10.0,20.5,2,open-meteo,3.3,94.69
Bounaamane,Morocco,29.5283,-9.8044,2026-09-20,2026-09-17 10:42:03.042460+00:00,29.8,19.0,0.0,0,9.4,20.5,2,open-meteo,3.23,94.74
Bounaamane,Morocco,29.5283,-9.8044,2026-09-21,2026-09-17 10:42:03.042460+00:00,34.8,20.3,0.0,0,13.0,27.0,0,open-meteo,4.33,96.97
Bounaamane,Morocco,29.5283,-9.8044,2026-09-22,2026-09-17 10:42:03.042460+00:00,36.9,23.8,0.0,0,15.3,28.8,1,open-meteo,12.39,91.33
Bounaamane,Morocco,29.5283,-9.8044,2026-09-23,2026-09-17 10:42:03.042460+00:00,37.3,22.0,0.0,0,14.6,28.8,0,open-meteo,13.9,90.27
Bni Sidel,Morocco,35.1294,-3.1237,2026-09-17,2026-09-17 10:42:03.146899+00:00,26.8,17.8,0.0,0,18.4,31.7,45,open-meteo,5.47,84.17
Bni Sidel,Morocco,35.1294,-3.1237,2026-09-18,2026-09-17 10:42:03.146899+00:00,27.6,19.9,0.0,0,21.5,37.1,45,open-meteo,6.4,83.52
Bni Sidel,Morocco,35.1294,-3.1237,2026-09-19,2026-09-17 10:42:03.146899+00:00,26.7,21.4,0.0,3,28.7,50.0,3,open-meteo,8.59,87.99
Bni Sidel,Morocco,35.1294,-3.1237,2026-09-20,2026-09-17 10:42:03.146899+00:00,27.4,22.6,0.6,5,28.8,50.8,3,open-meteo,9.48,87.36
Bni Sidel,Morocco,35.1294,-3.1237,2026-09-21,2026-09-17 10:42:03.146899+00:00,26.7,20.6,0.3,8,25.5,44.3,3,open-meteo,8.02,88.39
Bni Sidel,Morocco,35.1294,-3.1237,2026-09-22,2026-09-17 10:42:03.146899+00:00,28.5,19.6,0.0,2,18.9,32.8,45,open-meteo,5.64,84.05
Bni Sidel,Morocco,35.1294,-3.1237,2026-09-23,2026-09-17 10:42:03.146899+00:00,28.8,19.0,0.0,0,16.9,29.9,45,open-meteo,5.1,84.43
Awfouss,Morocco,31.7,-4.1167,2026-09-17,2026-09-17 10:42:03.239400+00:00,33.4,20.5,0.0,18,23.1,41.4,3,open-meteo,7.03,89.08
Awfouss,Morocco,31.7,-4.1167,2026-09-18,2026-09-17 10:42:03.239400+00:00,32.9,19.6,0.0,10,22.5,39.2,3,open-meteo,6.73,89.29
Awfouss,Morocco,31.7,-4.1167,2026-09-19,2026-09-17 10:42:03.239400+00:00,32.6,21.9,1.9,15,23.8,59.8,80,open-meteo,11.49,75.46
Awfouss,Morocco,31.7,-4.1167,2026-09-20,2026-09-17 10:42:03.239400+00:00,30.9,20.3,0.5,13,14.1,29.5,3,open-meteo,5.38,90.23
Awfouss,Morocco,31.7,-4.1167,2026-09-21,2026-09-17 10:42:03.239400+00:00,29.3,21.3,2.4,30,22.2,46.1,3,open-meteo,10.59,86.59
Awfouss,Morocco,31.7,-4.1167,2026-09-22,2026-09-17 10:42:03.239400+00:00,30.6,18.8,0.0,13,7.1,14.4,3,open-meteo,2.33,92.37
Awfouss,Morocco,31.7,-4.1167,2026-09-23,2026-09-17 10:42:03.239400+00:00,31.9,19.8,0.0,13,8.3,13.3,2,open-meteo,2.37,95.34
Smimou,Morocco,31.2301,-9.7025,2026-09-17,2026-09-17 10:42:03.328722+00:00,26.0,19.8,0.0,0,28.4,77.4,3,open-meteo,11.29,86.1
Smimou,Morocco,31.2301,-9.7025,2026-09-18,2026-09-17 10:42:03.328722+00:00,29.2,17.8,0.0,0,23.4,63.0,1,open-meteo,9.22,93.55
Smimou,Morocco,31.2301,-9.7025,2026-09-19,2026-09-17 10:42:03.328722+00:00,30.2,18.5,0.0,0,15.8,35.3,2,open-meteo,5.5,93.15
Smimou,Morocco,31.2301,-9.7025,2026-09-20,2026-09-17 10:42:03.328722+00:00,28.2,20.7,0.0,0,10.6,23.4,2,open-meteo,3.67,94.43
Smimou,Morocco,31.2301,-9.7025,2026-09-21,2026-09-17 10:42:03.328722+00:00,30.4,21.5,0.0,0,9.0,24.8,3,open-meteo,3.61,91.47
Smimou,Morocco,31.2301,-9.7025,2026-09-22,2026-09-17 10:42:03.328722+00:00,25.5,17.7,0.0,0,9.6,18.4,3,open-meteo,3.04,91.87
Smimou,Morocco,31.2301,-9.7025,2026-09-23,2026-09-17 10:42:03.328722+00:00,26.3,15.6,0.0,0,13.9,27.4,0,open-meteo,4.48,96.86
Lambarkiyine,Morocco,33.2,-7.5,2026-09-17,2026-09-17 10:42:03.415998+00:00,28.0,16.9,0.0,0,17.6,31.0,3,open-meteo,5.3,90.29
Lambarkiyine,Morocco,33.2,-7.5,2026-09-18,2026-09-17 10:42:03.415998+00:00,29.6,16.7,0.0,0,17.7,31.3,3,open-meteo,5.34,90.26
Lambarkiyine,Morocco,33.2,-7.5,2026-09-19,2026-09-17 10:42:03.415998+00:00,32.9,16.8,0.0,0,16.6,29.2,2,open-meteo,5.0,93.5
Lambarkiyine,Morocco,33.2,-7.5,2026-09-20,2026-09-17 10:42:03.415998+00:00,35.3,21.3,0.0,0,16.8,32.4,2,open-meteo,6.54,92.42
Lambarkiyine,Morocco,33.2,-7.5,2026-09-21,2026-09-17 10:42:03.415998+00:00,36.4,19.3,0.0,0,19.8,36.4,2,open-meteo,11.71,88.8
Lambarkiyine,Morocco,33.2,-7.5,2026-09-22,2026-09-17 10:42:03.415998+00:00,34.7,18.5,0.0,0,17.9,33.8,1,open-meteo,5.62,96.07
Lambarkiyine,Morocco,33.2,-7.5,2026-09-23,2026-09-17 10:42:03.415998+00:00,33.7,18.9,0.0,0,19.9,36.7,45,open-meteo,6.16,83.69
Aït Ouaoumana,Morocco,32.7128,-5.8042,2026-09-17,2026-09-17 10:42:03.516271+00:00,30.9,14.9,0.0,0,14.8,28.1,3,open-meteo,4.66,90.74
Aït Ouaoumana,Morocco,32.7128,-5.8042,2026-09-18,2026-09-17 10:42:03.516271+00:00,32.1,15.7,0.0,0,13.0,24.8,3,open-meteo,4.11,91.12
Aït Ouaoumana,Morocco,32.7128,-5.8042,2026-09-19,2026-09-17 10:42:03.516271+00:00,35.1,18.6,0.0,0,15.6,28.4,3,open-meteo,5.19,90.37
Aït Ouaoumana,Morocco,32.7128,-5.8042,2026-09-20,2026-09-17 10:42:03.516271+00:00,36.7,21.5,0.0,0,14.1,31.3,2,open-meteo,11.69,88.82
Aït Ouaoumana,Morocco,32.7128,-5.8042,2026-09-21,2026-09-17 10:42:03.516271+00:00,34.8,19.5,0.9,3,14.4,28.1,3,open-meteo,5.81,89.93
Aït Ouaoumana,Morocco,32.7128,-5.8042,2026-09-22,2026-09-17 10:42:03.516271+00:00,33.9,18.9,0.0,0,8.9,19.4,3,open-meteo,3.05,91.86
Aït Ouaoumana,Morocco,32.7128,-5.8042,2026-09-23,2026-09-17 10:42:03.516271+00:00,35.4,19.6,0.0,3,12.2,23.8,1,open-meteo,5.5,96.15
Agadir Melloul,Morocco,30.2249,-7.796,2026-09-17,2026-09-17 10:42:03.604742+00:00,25.8,16.2,0.7,30,18.5,34.2,80,open-meteo,6.67,78.83
Agadir Melloul,Morocco,30.2249,-7.796,2026-09-18,2026-09-17 10:42:03.604742+00:00,26.9,16.2,0.0,13,18.6,31.3,3,open-meteo,5.46,90.18
Agadir Melloul,Morocco,30.2249,-7.796,2026-09-19,2026-09-17 10:42:03.604742+00:00,27.5,17.7,0.0,8,24.6,43.2,3,open-meteo,7.4,88.82
Agadir Melloul,Morocco,30.2249,-7.796,2026-09-20,2026-09-17 10:42:03.604742+00:00,26.5,16.4,0.0,8,20.1,33.5,1,open-meteo,5.86,95.9
Agadir Melloul,Morocco,30.2249,-7.796,2026-09-21,2026-09-17 10:42:03.604742+00:00,27.8,15.9,0.0,13,28.5,51.8,2,open-meteo,8.74,90.88
Agadir Melloul,Morocco,30.2249,-7.796,2026-09-22,2026-09-17 10:42:03.604742+00:00,27.8,16.2,0.0,15,28.0,51.1,2,open-meteo,8.61,90.97
Agadir Melloul,Morocco,30.2249,-7.796,2026-09-23,2026-09-17 10:42:03.604742+00:00,26.7,16.2,0.0,15,14.1,29.9,3,open-meteo,4.75,90.67
Aït Hadi,Morocco,31.3942,-8.7725,2026-09-17,2026-09-17 10:42:03.700417+00:00,28.6,17.9,0.0,0,15.5,24.8,3,open-meteo,4.42,90.91
Aït Hadi,Morocco,31.3942,-8.7725,2026-09-18,2026-09-17 10:42:03.700417+00:00,30.1,17.2,0.0,0,14.5,23.4,2,open-meteo,4.15,94.09
Aït Hadi,Morocco,31.3942,-8.7725,2026-09-19,2026-09-17 10:42:03.700417+00:00,32.8,18.7,0.0,0,16.2,25.6,2,open-meteo,4.58,93.79
Aït Hadi,Morocco,31.3942,-8.7725,2026-09-20,2026-09-17 10:42:03.700417+00:00,34.8,22.4,0.0,8,20.3,32.0,3,open-meteo,5.74,89.98
Aït Hadi,Morocco,31.3942,-8.7725,2026-09-21,2026-09-17 10:42:03.700417+00:00,36.0,22.7,0.0,5,20.0,31.7,1,open-meteo,9.67,93.23
Aït Hadi,Morocco,31.3942,-8.7725,2026-09-22,2026-09-17 10:42:03.700417+00:00,35.4,19.9,0.0,0,20.5,35.6,0,open-meteo,7.72,94.6
Aït Hadi,Morocco,31.3942,-8.7725,2026-09-23,2026-09-17 10:42:03.700417+00:00,34.9,19.8,0.0,0,17.1,26.6,0,open-meteo,4.8,96.64
Imelil,Morocco,31.1264,-7.9178,2026-09-17,2026-09-17 10:42:03.800905+00:00,23.4,14.0,0.9,90,12.0,29.5,3,open-meteo,5.65,90.04
Imelil,Morocco,31.1264,-7.9178,2026-09-18,2026-09-17 10:42:03.800905+00:00,23.0,15.1,0.4,98,12.2,27.4,2,open-meteo,4.8,93.64
Imelil,Morocco,31.1264,-7.9178,2026-09-19,2026-09-17 10:42:03.800905+00:00,25.1,16.0,0.7,90,16.1,33.1,80,open-meteo,6.26,79.12
Imelil,Morocco,31.1264,-7.9178,2026-09-20,2026-09-17 10:42:03.800905+00:00,25.8,16.8,0.6,63,21.7,41.8,3,open-meteo,7.69,88.62
Imelil,Morocco,31.1264,-7.9178,2026-09-21,2026-09-17 10:42:03.800905+00:00,24.2,16.1,4.2,65,20.6,39.2,80,open-meteo,12.1,75.03
Imelil,Morocco,31.1264,-7.9178,2026-09-22,2026-09-17 10:42:03.800905+00:00,24.2,16.0,0.3,29,18.7,38.9,3,open-meteo,6.63,89.36
Imelil,Morocco,31.1264,-7.9178,2026-09-23,2026-09-17 10:42:03.800905+00:00,24.2,17.1,0.9,30,10.9,31.3,80,open-meteo,5.69,79.52
Amarzgane,Morocco,31.05,-7.2167,2026-09-17,2026-09-17 10:42:03.897678+00:00,29.9,18.6,0.5,38,21.1,35.3,3,open-meteo,6.83,89.22
Amarzgane,Morocco,31.05,-7.2167,2026-09-18,2026-09-17 10:42:03.897678+00:00,29.8,17.5,0.1,10,25.2,39.2,3,open-meteo,7.2,88.96
Amarzgane,Morocco,31.05,-7.2167,2026-09-19,2026-09-17 10:42:03.897678+00:00,30.4,19.7,0.1,13,20.5,31.3,3,open-meteo,5.83,89.92
Amarzgane,Morocco,31.05,-7.2167,2026-09-20,2026-09-17 10:42:03.897678+00:00,30.4,18.6,0.0,5,19.8,32.0,3,open-meteo,5.67,90.03
Amarzgane,Morocco,31.05,-7.2167,2026-09-21,2026-09-17 10:42:03.897678+00:00,29.3,19.7,0.6,8,23.3,47.5,80,open-meteo,8.46,77.58
Amarzgane,Morocco,31.05,-7.2167,2026-09-22,2026-09-17 10:42:03.897678+00:00,30.4,17.1,0.0,5,21.6,33.5,2,open-meteo,6.05,92.77
Amarzgane,Morocco,31.05,-7.2167,2026-09-23,2026-09-17 10:42:03.897678+00:00,30.9,16.1,0.0,3,11.5,23.0,1,open-meteo,3.74,97.38
Arbaa Sahel,Morocco,29.5993,-9.877,2026-09-17,2026-09-17 10:42:03.982666+00:00,21.6,18.1,0.0,0,22.1,40.3,3,open-meteo,6.79,89.25
Arbaa Sahel,Morocco,29.5993,-9.877,2026-09-18,2026-09-17 10:42:03.982666+00:00,23.6,17.5,0.0,0,18.4,33.1,3,open-meteo,5.61,90.07
Arbaa Sahel,Morocco,29.5993,-9.877,2026-09-19,2026-09-17 10:42:03.982666+00:00,25.3,18.3,0.0,0,14.7,27.4,2,open-meteo,4.58,93.79
Arbaa Sahel,Morocco,29.5993,-9.877,2026-09-20,2026-09-17 10:42:03.982666+00:00,26.1,17.9,0.0,0,13.7,25.9,2,open-meteo,4.3,93.99
Arbaa Sahel,Morocco,29.5993,-9.877,2026-09-21,2026-09-17 10:42:03.982666+00:00,30.4,18.8,0.0,0,10.5,20.5,1,open-meteo,3.36,97.65
Arbaa Sahel,Morocco,29.5993,-9.877,2026-09-22,2026-09-17 10:42:03.982666+00:00,33.6,20.9,0.0,0,13.0,23.8,0,open-meteo,4.0,97.2
Arbaa Sahel,Morocco,29.5993,-9.877,2026-09-23,2026-09-17 10:42:03.982666+00:00,34.0,21.1,0.0,3,12.7,24.8,1,open-meteo,4.07,97.15
Tissint,Morocco,29.9,-7.3167,2026-09-17,2026-09-17 10:42:04.081533+00:00,36.6,28.2,0.3,5,20.9,31.3,3,open-meteo,12.54,85.22
Tissint,Morocco,29.9,-7.3167,2026-09-18,2026-09-17 10:42:04.081533+00:00,37.5,26.5,0.0,0,13.8,22.3,3,open-meteo,13.96,84.23
Tissint,Morocco,29.9,-7.3167,2026-09-19,2026-09-17 10:42:04.081533+00:00,37.4,27.8,0.0,0,24.6,37.4,2,open-meteo,16.41,85.51
Tissint,Morocco,29.9,-7.3167,2026-09-20,2026-09-17 10:42:04.081533+00:00,36.4,26.0,0.0,0,15.2,24.1,1,open-meteo,9.91,93.06
Tissint,Morocco,29.9,-7.3167,2026-09-21,2026-09-17 10:42:04.081533+00:00,37.5,27.0,0.0,3,12.4,25.2,2,open-meteo,14.07,87.15
Tissint,Morocco,29.9,-7.3167,2026-09-22,2026-09-17 10:42:04.081533+00:00,36.3,24.3,0.0,2,20.0,41.8,2,open-meteo,11.88,88.68
Tissint,Morocco,29.9,-7.3167,2026-09-23,2026-09-17 10:42:04.081533+00:00,36.5,26.2,0.0,0,12.5,22.0,2,open-meteo,9.76,90.17
Brikcha,Morocco,34.9667,-5.5833,2026-09-17,2026-09-17 10:42:04.181629+00:00,28.4,15.8,0.0,0,15.5,28.8,45,open-meteo,4.82,84.63
Brikcha,Morocco,34.9667,-5.5833,2026-09-18,2026-09-17 10:42:04.181629+00:00,30.9,14.2,0.0,0,17.8,32.4,45,open-meteo,5.47,84.17
Brikcha,Morocco,34.9667,-5.5833,2026-09-19,2026-09-17 10:42:04.181629+00:00,34.5,18.5,0.0,0,18.9,36.0,1,open-meteo,5.96,95.83
Brikcha,Morocco,34.9667,-5.5833,2026-09-20,2026-09-17 10:42:04.181629+00:00,36.4,23.5,0.0,0,14.3,26.6,1,open-meteo,10.05,92.97
Brikcha,Morocco,34.9667,-5.5833,2026-09-21,2026-09-17 10:42:04.181629+00:00,36.0,22.4,0.0,3,12.9,23.8,2,open-meteo,7.99,91.41
Brikcha,Morocco,34.9667,-5.5833,2026-09-22,2026-09-17 10:42:04.181629+00:00,34.6,19.9,0.0,0,12.6,27.0,3,open-meteo,4.28,91.0
Brikcha,Morocco,34.9667,-5.5833,2026-09-23,2026-09-17 10:42:04.181629+00:00,35.9,17.9,0.0,0,13.4,27.0,1,open-meteo,7.97,94.42
Mtal,Morocco,32.4908,-8.3781,2026-09-17,2026-09-17 10:42:04.278039+00:00,27.7,17.2,0.0,0,19.3,36.4,2,open-meteo,6.05,92.77
Mtal,Morocco,32.4908,-8.3781,2026-09-18,2026-09-17 10:42:04.278039+00:00,29.7,16.4,0.0,0,19.1,36.0,2,open-meteo,5.99,92.81
Mtal,Morocco,32.4908,-8.3781,2026-09-19,2026-09-17 10:42:04.278039+00:00,32.3,16.5,0.0,0,18.5,34.9,3,open-meteo,5.8,89.94
Mtal,Morocco,32.4908,-8.3781,2026-09-20,2026-09-17 10:42:04.278039+00:00,35.2,20.1,0.0,0,16.9,33.8,2,open-meteo,6.29,92.6
Mtal,Morocco,32.4908,-8.3781,2026-09-21,2026-09-17 10:42:04.278039+00:00,36.2,20.4,0.0,3,17.8,35.3,2,open-meteo,10.56,89.61
Mtal,Morocco,32.4908,-8.3781,2026-09-22,2026-09-17 10:42:04.278039+00:00,35.2,18.6,0.0,0,16.9,34.2,45,open-meteo,6.33,83.57
Mtal,Morocco,32.4908,-8.3781,2026-09-23,2026-09-17 10:42:04.278039+00:00,34.7,18.8,0.0,0,18.5,36.7,45,open-meteo,5.98,83.81
Oulad Saïd,Morocco,32.9633,-7.8115,2026-09-17,2026-09-17 10:42:04.362663+00:00,27.6,16.7,0.0,0,18.0,34.9,3,open-meteo,5.74,89.98
Oulad Saïd,Morocco,32.9633,-7.8115,2026-09-18,2026-09-17 10:42:04.362663+00:00,29.3,16.7,0.0,0,18.0,33.8,3,open-meteo,5.63,90.06
Oulad Saïd,Morocco,32.9633,-7.8115,2026-09-19,2026-09-17 10:42:04.362663+00:00,32.6,17.2,0.0,0,17.5,32.8,2,open-meteo,5.47,93.17
Oulad Saïd,Morocco,32.9633,-7.8115,2026-09-20,2026-09-17 10:42:04.362663+00:00,35.4,21.5,0.0,0,16.8,34.2,2,open-meteo,7.12,92.02
Oulad Saïd,Morocco,32.9633,-7.8115,2026-09-21,2026-09-17 10:42:04.362663+00:00,36.3,20.4,0.0,0,18.2,37.4,2,open-meteo,11.21,89.15
Oulad Saïd,Morocco,32.9633,-7.8115,2026-09-22,2026-09-17 10:42:04.362663+00:00,34.2,18.6,0.0,0,16.8,34.2,45,open-meteo,5.52,84.14
Oulad Saïd,Morocco,32.9633,-7.8115,2026-09-23,2026-09-17 10:42:04.362663+00:00,33.2,18.9,0.0,3,18.1,36.4,45,open-meteo,5.9,83.87
Ait Rami,Morocco,29.9608,-9.4234,2026-09-17,2026-09-17 10:42:04.448602+00:00,26.7,20.8,0.0,0,22.8,38.9,3,open-meteo,6.74,89.28
Ait Rami,Morocco,29.9608,-9.4234,2026-09-18,2026-09-17 10:42:04.448602+00:00,27.3,19.9,0.0,0,19.1,31.0,2,open-meteo,5.49,93.16
Ait Rami,Morocco,29.9608,-9.4234,2026-09-19,2026-09-17 10:42:04.448602+00:00,28.3,20.2,0.0,0,15.9,25.9,2,open-meteo,4.58,93.79
Ait Rami,Morocco,29.9608,-9.4234,2026-09-20,2026-09-17 10:42:04.448602+00:00,28.9,20.8,0.0,0,14.2,23.8,2,open-meteo,4.16,94.09
Ait Rami,Morocco,29.9608,-9.4234,2026-09-21,2026-09-17 10:42:04.448602+00:00,32.6,21.8,0.0,0,14.8,24.1,0,open-meteo,4.26,97.02
Ait Rami,Morocco,29.9608,-9.4234,2026-09-22,2026-09-17 10:42:04.448602+00:00,37.5,22.3,0.0,0,13.5,25.6,0,open-meteo,14.25,90.03
Ait Rami,Morocco,29.9608,-9.4234,2026-09-23,2026-09-17 10:42:04.448602+00:00,36.5,23.0,0.0,3,13.7,24.8,0,open-meteo,10.19,92.87
Sidi el Mokhfi,Morocco,34.6039,-4.7889,2026-09-17,2026-09-17 10:42:04.853359+00:00,29.4,16.0,0.0,0,13.7,25.2,3,open-meteo,4.23,91.04
Sidi el Mokhfi,Morocco,34.6039,-4.7889,2026-09-18,2026-09-17 10:42:04.853359+00:00,32.1,16.0,0.0,0,10.3,18.4,3,open-meteo,3.13,91.81
Sidi el Mokhfi,Morocco,34.6039,-4.7889,2026-09-19,2026-09-17 10:42:04.853359+00:00,34.2,19.1,0.0,0,24.1,45.7,1,open-meteo,7.58,94.69
Sidi el Mokhfi,Morocco,34.6039,-4.7889,2026-09-20,2026-09-17 10:42:04.853359+00:00,36.0,21.5,0.0,0,16.9,32.0,1,open-meteo,9.31,93.48
Sidi el Mokhfi,Morocco,34.6039,-4.7889,2026-09-21,2026-09-17 10:42:04.853359+00:00,34.6,21.1,0.0,5,11.3,23.4,3,open-meteo,3.75,91.38
Sidi el Mokhfi,Morocco,34.6039,-4.7889,2026-09-22,2026-09-17 10:42:04.853359+00:00,35.6,19.9,0.0,0,10.1,19.8,3,open-meteo,5.64,90.05
Sidi el Mokhfi,Morocco,34.6039,-4.7889,2026-09-23,2026-09-17 10:42:04.853359+00:00,36.2,19.7,0.0,0,8.2,19.1,1,open-meteo,7.74,94.58
Aïn Zora,Morocco,34.6575,-3.5331,2026-09-17,2026-09-17 10:42:04.943427+00:00,25.5,15.4,0.0,0,23.3,39.6,3,open-meteo,6.87,89.19
Aïn Zora,Morocco,34.6575,-3.5331,2026-09-18,2026-09-17 10:42:04.943427+00:00,24.7,14.1,0.0,0,23.4,39.2,3,open-meteo,6.85,89.2
Aïn Zora,Morocco,34.6575,-3.5331,2026-09-19,2026-09-17 10:42:04.943427+00:00,25.0,16.5,0.0,5,24.4,40.7,3,open-meteo,7.12,89.02
Aïn Zora,Morocco,34.6575,-3.5331,2026-09-20,2026-09-17 10:42:04.943427+00:00,25.9,18.1,0.0,3,23.5,40.0,3,open-meteo,6.94,89.14
Aïn Zora,Morocco,34.6575,-3.5331,2026-09-21,2026-09-17 10:42:04.943427+00:00,24.6,17.1,0.0,5,21.2,34.9,3,open-meteo,6.14,89.7
Aïn Zora,Morocco,34.6575,-3.5331,2026-09-22,2026-09-17 10:42:04.943427+00:00,28.4,16.4,0.0,0,16.3,31.0,3,open-meteo,5.14,90.4
Aïn Zora,Morocco,34.6575,-3.5331,2026-09-23,2026-09-17 10:42:04.943427+00:00,28.5,18.4,0.0,0,20.8,38.9,1,open-meteo,6.49,95.46
Msemrir,Morocco,31.7025,-5.8119,2026-09-17,2026-09-17 10:42:05.047543+00:00,23.2,11.0,3.8,85,25.0,41.4,81,open-meteo,12.33,71.87
Msemrir,Morocco,31.7025,-5.8119,2026-09-18,2026-09-17 10:42:05.047543+00:00,22.6,11.5,0.2,63,18.5,34.6,3,open-meteo,6.04,89.77
Msemrir,Morocco,31.7025,-5.8119,2026-09-19,2026-09-17 10:42:05.047543+00:00,22.1,12.1,1.1,73,14.4,23.0,80,open-meteo,5.57,79.6
Msemrir,Morocco,31.7025,-5.8119,2026-09-20,2026-09-17 10:42:05.047543+00:00,23.4,12.3,0.6,68,12.6,22.7,2,open-meteo,4.64,93.75
Msemrir,Morocco,31.7025,-5.8119,2026-09-21,2026-09-17 10:42:05.047543+00:00,23.4,12.8,0.6,68,30.5,50.8,3,open-meteo,9.69,87.22
Msemrir,Morocco,31.7025,-5.8119,2026-09-22,2026-09-17 10:42:05.047543+00:00,23.6,13.1,0.3,8,17.4,32.8,3,open-meteo,5.85,89.91
Msemrir,Morocco,31.7025,-5.8119,2026-09-23,2026-09-17 10:42:05.047543+00:00,24.9,13.5,0.3,13,10.0,21.2,80,open-meteo,3.77,80.86
Lehrhi,Morocco,32.835,-5.5851,2026-09-17,2026-09-17 10:42:05.148684+00:00,30.5,17.3,0.0,0,18.8,34.2,3,open-meteo,5.77,89.96
Lehrhi,Morocco,32.835,-5.5851,2026-09-18,2026-09-17 10:42:05.148684+00:00,31.3,16.5,0.0,0,17.6,32.8,3,open-meteo,5.48,90.16
Lehrhi,Morocco,32.835,-5.5851,2026-09-19,2026-09-17 10:42:05.148684+00:00,34.0,22.4,0.0,3,23.5,43.2,3,open-meteo,7.26,88.92
Lehrhi,Morocco,32.835,-5.5851,2026-09-20,2026-09-17 10:42:05.148684+00:00,35.6,23.2,0.0,3,19.8,36.4,3,open-meteo,8.52,88.04
Lehrhi,Morocco,32.835,-5.5851,2026-09-21,2026-09-17 10:42:05.148684+00:00,33.3,22.5,1.5,8,16.4,39.6,80,open-meteo,8.01,77.89
Lehrhi,Morocco,32.835,-5.5851,2026-09-22,2026-09-17 10:42:05.148684+00:00,33.2,18.9,0.0,3,14.2,25.9,2,open-meteo,4.37,93.94
Lehrhi,Morocco,32.835,-5.5851,2026-09-23,2026-09-17 10:42:05.148684+00:00,34.6,18.9,0.0,3,16.0,28.4,2,open-meteo,4.84,93.61
Aït Tagalla,Morocco,31.9167,-6.7167,2026-09-17,2026-09-17 10:42:05.248596+00:00,27.9,13.8,0.0,0,16.1,33.1,3,open-meteo,5.32,90.28
Aït Tagalla,Morocco,31.9167,-6.7167,2026-09-18,2026-09-17 10:42:05.248596+00:00,28.5,14.4,0.0,3,15.2,31.7,3,open-meteo,5.07,90.45
Aït Tagalla,Morocco,31.9167,-6.7167,2026-09-19,2026-09-17 10:42:05.248596+00:00,31.6,18.2,0.0,10,17.1,36.0,3,open-meteo,5.74,89.98
Aït Tagalla,Morocco,31.9167,-6.7167,2026-09-20,2026-09-17 10:42:05.248596+00:00,33.0,21.2,0.3,20,20.3,40.7,80,open-meteo,7.01,78.59
Aït Tagalla,Morocco,31.9167,-6.7167,2026-09-21,2026-09-17 10:42:05.248596+00:00,32.1,20.2,0.0,15,17.7,37.4,3,open-meteo,5.95,89.83
Aït Tagalla,Morocco,31.9167,-6.7167,2026-09-22,2026-09-17 10:42:05.248596+00:00,31.6,19.0,0.0,8,18.7,38.9,2,open-meteo,6.23,92.64
Aït Tagalla,Morocco,31.9167,-6.7167,2026-09-23,2026-09-17 10:42:05.248596+00:00,32.0,19.0,0.0,0,19.0,37.8,1,open-meteo,6.16,95.69
Aklim,Morocco,34.9292,-2.4353,2026-09-17,2026-09-17 10:42:05.350416+00:00,27.5,17.2,0.0,0,17.6,32.0,3,open-meteo,5.4,90.22
Aklim,Morocco,34.9292,-2.4353,2026-09-18,2026-09-17 10:42:05.350416+00:00,27.3,18.6,0.0,3,21.9,39.6,3,open-meteo,6.7,89.31
Aklim,Morocco,34.9292,-2.4353,2026-09-19,2026-09-17 10:42:05.350416+00:00,27.1,20.2,0.0,5,25.3,47.2,45,open-meteo,7.88,82.48
Aklim,Morocco,34.9292,-2.4353,2026-09-20,2026-09-17 10:42:05.350416+00:00,28.3,21.6,0.0,0,23.7,44.3,45,open-meteo,7.39,82.83
Aklim,Morocco,34.9292,-2.4353,2026-09-21,2026-09-17 10:42:05.350416+00:00,27.4,21.0,0.0,5,22.8,41.4,45,open-meteo,6.99,83.11
Aklim,Morocco,34.9292,-2.4353,2026-09-22,2026-09-17 10:42:05.350416+00:00,28.3,20.5,0.0,3,14.6,27.4,45,open-meteo,4.56,84.81
Aklim,Morocco,34.9292,-2.4353,2026-09-23,2026-09-17 10:42:05.350416+00:00,28.6,20.0,0.0,0,11.9,22.7,45,open-meteo,3.76,85.37
El Amim,Morocco,32.2338,-7.2417,2026-09-17,2026-09-17 10:42:05.454592+00:00,31.0,17.4,0.0,0,17.6,29.9,3,open-meteo,5.19,90.37
El Amim,Morocco,32.2338,-7.2417,2026-09-18,2026-09-17 10:42:05.454592+00:00,32.4,18.2,0.0,0,15.8,27.0,3,open-meteo,4.68,90.72
El Amim,Morocco,32.2338,-7.2417,2026-09-19,2026-09-17 10:42:05.454592+00:00,36.6,20.6,0.0,3,16.0,27.4,3,open-meteo,11.14,86.2
El Amim,Morocco,32.2338,-7.2417,2026-09-20,2026-09-17 10:42:05.454592+00:00,38.1,23.4,0.0,5,20.5,35.3,2,open-meteo,18.49,84.06
El Amim,Morocco,32.2338,-7.2417,2026-09-21,2026-09-17 10:42:05.454592+00:00,38.5,23.4,0.0,5,22.1,36.4,3,open-meteo,20.4,79.72
El Amim,Morocco,32.2338,-7.2417,2026-09-22,2026-09-17 10:42:05.454592+00:00,37.6,21.9,0.0,3,13.0,23.4,1,open-meteo,14.37,89.94
El Amim,Morocco,32.2338,-7.2417,2026-09-23,2026-09-17 10:42:05.454592+00:00,37.8,20.7,0.0,0,10.8,21.6,0,open-meteo,14.71,89.7
Matarka,Morocco,33.2611,-2.7031,2026-09-17,2026-09-17 10:42:05.548820+00:00,29.5,14.8,0.4,25,20.9,34.2,3,open-meteo,6.57,89.4
Matarka,Morocco,33.2611,-2.7031,2026-09-18,2026-09-17 10:42:05.548820+00:00,27.6,14.9,0.1,23,18.1,29.5,3,open-meteo,5.35,90.25
Matarka,Morocco,33.2611,-2.7031,2026-09-19,2026-09-17 10:42:05.548820+00:00,28.8,16.1,1.5,64,28.5,50.0,80,open-meteo,10.56,76.11
Matarka,Morocco,33.2611,-2.7031,2026-09-20,2026-09-17 10:42:05.548820+00:00,28.2,16.6,0.3,35,27.4,41.0,3,open-meteo,7.92,88.46
Matarka,Morocco,33.2611,-2.7031,2026-09-21,2026-09-17 10:42:05.548820+00:00,24.9,17.6,1.2,20,8.3,26.6,2,open-meteo,5.3,93.29
Matarka,Morocco,33.2611,-2.7031,2026-09-22,2026-09-17 10:42:05.548820+00:00,27.7,15.1,0.0,3,12.6,20.5,2,open-meteo,3.63,94.46
Matarka,Morocco,33.2611,-2.7031,2026-09-23,2026-09-17 10:42:05.548820+00:00,28.7,15.8,0.0,0,19.1,29.9,1,open-meteo,5.38,96.23
Za’roura,Morocco,35.2167,-5.6667,2026-09-17,2026-09-17 10:42:05.656960+00:00,25.5,14.3,0.0,0,12.8,38.2,3,open-meteo,5.42,90.21
Za’roura,Morocco,35.2167,-5.6667,2026-09-18,2026-09-17 10:42:05.656960+00:00,27.5,15.1,0.0,0,16.2,46.8,3,open-meteo,6.71,89.3
Za’roura,Morocco,35.2167,-5.6667,2026-09-19,2026-09-17 10:42:05.656960+00:00,32.9,18.6,0.0,0,12.2,36.4,1,open-meteo,5.17,96.38
Za’roura,Morocco,35.2167,-5.6667,2026-09-20,2026-09-17 10:42:05.656960+00:00,34.3,21.4,0.0,0,7.4,38.5,2,open-meteo,4.78,93.65
Za’roura,Morocco,35.2167,-5.6667,2026-09-21,2026-09-17 10:42:05.656960+00:00,32.4,20.6,0.0,3,13.4,40.0,1,open-meteo,5.68,96.02
Za’roura,Morocco,35.2167,-5.6667,2026-09-22,2026-09-17 10:42:05.656960+00:00,32.4,20.3,0.0,0,12.1,28.8,2,open-meteo,4.39,93.93
Za’roura,Morocco,35.2167,-5.6667,2026-09-23,2026-09-17 10:42:05.656960+00:00,33.4,18.2,0.0,0,15.0,32.0,2,open-meteo,5.08,93.44
Oulad Khallouf,Morocco,34.71,-2.58,2026-09-17,2026-09-17 10:42:05.761761+00:00,26.1,16.3,0.0,0,20.9,41.0,3,open-meteo,6.71,89.3
Oulad Khallouf,Morocco,34.71,-2.58,2026-09-18,2026-09-17 10:42:05.761761+00:00,25.3,15.2,0.0,0,24.6,49.0,3,open-meteo,7.98,88.41
Oulad Khallouf,Morocco,34.71,-2.58,2026-09-19,2026-09-17 10:42:05.761761+00:00,27.5,17.5,0.3,10,23.8,46.4,80,open-meteo,8.02,77.89
Oulad Khallouf,Morocco,34.71,-2.58,2026-09-20,2026-09-17 10:42:05.761761+00:00,28.4,17.8,0.0,3,17.0,34.9,2,open-meteo,5.62,93.07
Oulad Khallouf,Morocco,34.71,-2.58,2026-09-21,2026-09-17 10:42:05.761761+00:00,26.5,18.3,0.0,5,16.4,36.0,2,open-meteo,5.65,93.04
Oulad Khallouf,Morocco,34.71,-2.58,2026-09-22,2026-09-17 10:42:05.761761+00:00,26.4,16.3,0.0,3,15.5,29.9,45,open-meteo,4.93,84.55
Oulad Khallouf,Morocco,34.71,-2.58,2026-09-23,2026-09-17 10:42:05.761761+00:00,27.1,15.6,0.0,0,17.0,36.7,45,open-meteo,5.79,83.95
Douar Sidi Msour,Morocco,32.2725,-7.1986,2026-09-17,2026-09-17 10:42:05.856218+00:00,31.3,17.4,0.0,0,17.1,31.0,3,open-meteo,5.24,90.33
Douar Sidi Msour,Morocco,32.2725,-7.1986,2026-09-18,2026-09-17 10:42:05.856218+00:00,32.6,18.2,0.0,0,15.3,27.7,3,open-meteo,4.68,90.72
Douar Sidi Msour,Morocco,32.2725,-7.1986,2026-09-19,2026-09-17 10:42:05.856218+00:00,36.9,20.6,0.0,3,14.8,27.4,3,open-meteo,12.19,85.47
Douar Sidi Msour,Morocco,32.2725,-7.1986,2026-09-20,2026-09-17 10:42:05.856218+00:00,38.3,23.5,0.0,5,19.9,35.3,2,open-meteo,19.22,83.55
Douar Sidi Msour,Morocco,32.2725,-7.1986,2026-09-21,2026-09-17 10:42:05.856218+00:00,38.6,23.8,0.0,5,19.7,34.2,3,open-meteo,20.28,79.8
Douar Sidi Msour,Morocco,32.2725,-7.1986,2026-09-22,2026-09-17 10:42:05.856218+00:00,37.7,22.1,0.0,3,13.0,23.4,1,open-meteo,14.77,89.66
Douar Sidi Msour,Morocco,32.2725,-7.1986,2026-09-23,2026-09-17 10:42:05.856218+00:00,37.9,20.8,0.0,0,10.8,21.6,0,open-meteo,15.11,89.42
Outa Bouabane,Morocco,34.2606,-4.4139,2026-09-17,2026-09-17 10:42:05.950456+00:00,28.9,16.2,0.0,0,13.3,29.2,45,open-meteo,4.58,84.79
Outa Bouabane,Morocco,34.2606,-4.4139,2026-09-18,2026-09-17 10:42:05.950456+00:00,31.3,18.1,0.0,0,23.8,67.0,3,open-meteo,9.68,87.22
Outa Bouabane,Morocco,34.2606,-4.4139,2026-09-19,2026-09-17 10:42:05.950456+00:00,29.8,20.4,0.0,0,35.0,82.1,2,open-meteo,12.59,88.19
Outa Bouabane,Morocco,34.2606,-4.4139,2026-09-20,2026-09-17 10:42:05.950456+00:00,32.5,22.1,0.0,0,31.4,76.3,2,open-meteo,11.56,88.91
Outa Bouabane,Morocco,34.2606,-4.4139,2026-09-21,2026-09-17 10:42:05.950456+00:00,31.9,22.1,0.0,3,26.3,69.1,2,open-meteo,10.2,89.86
Outa Bouabane,Morocco,34.2606,-4.4139,2026-09-22,2026-09-17 10:42:05.950456+00:00,33.8,21.2,0.0,0,15.8,56.9,1,open-meteo,7.66,94.64
Outa Bouabane,Morocco,34.2606,-4.4139,2026-09-23,2026-09-17 10:42:05.950456+00:00,34.2,19.6,0.0,0,16.0,30.2,0,open-meteo,5.02,96.49
Had Kourt,Morocco,34.6167,-5.7333,2026-09-17,2026-09-17 10:42:06.044274+00:00,28.5,18.8,0.0,0,13.5,25.9,3,open-meteo,4.28,91.0
Had Kourt,Morocco,34.6167,-5.7333,2026-09-18,2026-09-17 10:42:06.044274+00:00,31.5,15.6,0.0,0,15.2,29.5,3,open-meteo,4.85,90.61
Had Kourt,Morocco,34.6167,-5.7333,2026-09-19,2026-09-17 10:42:06.044274+00:00,36.5,18.6,0.0,0,13.1,25.9,2,open-meteo,10.23,89.84
Had Kourt,Morocco,34.6167,-5.7333,2026-09-20,2026-09-17 10:42:06.044274+00:00,37.9,25.0,0.0,0,18.7,35.6,2,open-meteo,17.5,84.75
Had Kourt,Morocco,34.6167,-5.7333,2026-09-21,2026-09-17 10:42:06.044274+00:00,36.9,22.7,0.0,0,13.5,25.6,1,open-meteo,11.85,91.7
Had Kourt,Morocco,34.6167,-5.7333,2026-09-22,2026-09-17 10:42:06.044274+00:00,35.7,21.0,0.0,0,12.8,28.4,3,open-meteo,7.24,88.93
Had Kourt,Morocco,34.6167,-5.7333,2026-09-23,2026-09-17 10:42:06.044274+00:00,37.1,19.3,0.0,0,12.3,28.1,1,open-meteo,12.75,91.07
Tizoual,Morocco,31.0244,-7.8186,2026-09-17,2026-09-17 10:42:06.142722+00:00,22.1,13.6,0.5,80,28.0,53.6,80,open-meteo,9.53,76.83
Tizoual,Morocco,31.0244,-7.8186,2026-09-18,2026-09-17 10:42:06.142722+00:00,21.6,12.6,0.2,85,14.0,29.5,80,open-meteo,4.97,80.02
Tizoual,Morocco,31.0244,-7.8186,2026-09-19,2026-09-17 10:42:06.142722+00:00,22.2,13.7,0.2,70,19.5,40.3,3,open-meteo,6.73,89.29
Tizoual,Morocco,31.0244,-7.8186,2026-09-20,2026-09-17 10:42:06.142722+00:00,22.7,12.6,0.0,58,18.6,33.1,3,open-meteo,5.64,90.05
Tizoual,Morocco,31.0244,-7.8186,2026-09-21,2026-09-17 10:42:06.142722+00:00,22.2,13.1,4.8,55,16.2,32.4,63,open-meteo,11.67,75.33
Tizoual,Morocco,31.0244,-7.8186,2026-09-22,2026-09-17 10:42:06.142722+00:00,21.3,12.7,0.9,23,13.7,28.4,80,open-meteo,5.75,79.47
Tizoual,Morocco,31.0244,-7.8186,2026-09-23,2026-09-17 10:42:06.142722+00:00,21.3,13.5,0.3,23,12.0,26.6,3,open-meteo,4.56,90.81
Dar El Kebdani,Morocco,35.1173,-3.3317,2026-09-17,2026-09-17 10:42:06.242494+00:00,25.4,18.2,0.0,0,16.7,31.0,3,open-meteo,5.19,90.37
Dar El Kebdani,Morocco,35.1173,-3.3317,2026-09-18,2026-09-17 10:42:06.242494+00:00,27.0,19.0,0.0,3,17.5,31.3,3,open-meteo,5.32,90.28
Dar El Kebdani,Morocco,35.1173,-3.3317,2026-09-19,2026-09-17 10:42:06.242494+00:00,26.6,20.5,0.5,12,22.3,41.8,3,open-meteo,7.63,88.66
Dar El Kebdani,Morocco,35.1173,-3.3317,2026-09-20,2026-09-17 10:42:06.242494+00:00,27.1,21.8,1.4,53,23.4,42.1,80,open-meteo,9.0,77.2
Dar El Kebdani,Morocco,35.1173,-3.3317,2026-09-21,2026-09-17 10:42:06.242494+00:00,26.1,20.1,0.3,18,20.6,38.2,3,open-meteo,6.8,89.24
Dar El Kebdani,Morocco,35.1173,-3.3317,2026-09-22,2026-09-17 10:42:06.242494+00:00,27.6,19.0,0.0,3,16.1,31.0,2,open-meteo,5.11,93.42
Dar El Kebdani,Morocco,35.1173,-3.3317,2026-09-23,2026-09-17 10:42:06.242494+00:00,27.8,18.2,0.0,0,12.5,24.8,45,open-meteo,4.04,85.17
Mhamid el Rhozlane,Morocco,29.8222,-5.7208,2026-09-17,2026-09-17 10:42:06.336643+00:00,37.3,27.4,0.2,18,29.1,50.0,3,open-meteo,18.1,81.33
Mhamid el Rhozlane,Morocco,29.8222,-5.7208,2026-09-18,2026-09-17 10:42:06.336643+00:00,37.1,25.9,0.0,3,16.3,26.3,3,open-meteo,13.07,84.85
Mhamid el Rhozlane,Morocco,29.8222,-5.7208,2026-09-19,2026-09-17 10:42:06.336643+00:00,37.3,27.6,0.0,0,23.4,35.6,2,open-meteo,15.68,86.02
Mhamid el Rhozlane,Morocco,29.8222,-5.7208,2026-09-20,2026-09-17 10:42:06.336643+00:00,35.7,24.9,0.0,0,25.4,38.5,1,open-meteo,9.83,93.12
Mhamid el Rhozlane,Morocco,29.8222,-5.7208,2026-09-21,2026-09-17 10:42:06.336643+00:00,36.5,26.6,0.3,5,24.7,42.1,3,open-meteo,13.7,84.41
Mhamid el Rhozlane,Morocco,29.8222,-5.7208,2026-09-22,2026-09-17 10:42:06.336643+00:00,35.0,24.8,0.3,0,17.0,25.6,3,open-meteo,5.09,90.44
Mhamid el Rhozlane,Morocco,29.8222,-5.7208,2026-09-23,2026-09-17 10:42:06.336643+00:00,35.9,23.8,0.0,3,8.7,16.2,2,open-meteo,6.31,92.58
Tendrara,Morocco,33.05,-2.0,2026-09-17,2026-09-17 10:42:06.441833+00:00,28.6,16.1,0.2,18,21.5,35.3,3,open-meteo,6.48,89.46
Tendrara,Morocco,33.05,-2.0,2026-09-18,2026-09-17 10:42:06.441833+00:00,26.7,13.8,0.5,38,18.4,33.5,45,open-meteo,6.32,83.58
Tendrara,Morocco,33.05,-2.0,2026-09-19,2026-09-17 10:42:06.441833+00:00,25.3,18.1,2.1,73,27.0,68.0,80,open-meteo,12.97,74.42
Tendrara,Morocco,33.05,-2.0,2026-09-20,2026-09-17 10:42:06.441833+00:00,26.2,16.6,1.2,45,25.4,41.0,3,open-meteo,8.88,87.78
Tendrara,Morocco,33.05,-2.0,2026-09-21,2026-09-17 10:42:06.441833+00:00,22.1,15.7,9.6,33,18.5,42.5,95,open-meteo,19.36,59.45
Tendrara,Morocco,33.05,-2.0,2026-09-22,2026-09-17 10:42:06.441833+00:00,26.1,14.5,0.0,8,14.3,27.4,2,open-meteo,4.53,93.83
Tendrara,Morocco,33.05,-2.0,2026-09-23,2026-09-17 10:42:06.441833+00:00,26.7,15.8,0.0,5,16.5,27.7,2,open-meteo,4.83,93.62
Bni Tajjit,Morocco,32.3,-3.45,2026-09-17,2026-09-17 10:42:06.528170+00:00,31.4,16.3,0.1,28,37.5,73.1,3,open-meteo,12.13,85.51
Bni Tajjit,Morocco,32.3,-3.45,2026-09-18,2026-09-17 10:42:06.528170+00:00,30.9,15.5,0.5,28,18.6,32.8,61,open-meteo,6.27,82.11
Bni Tajjit,Morocco,32.3,-3.45,2026-09-19,2026-09-17 10:42:06.528170+00:00,29.5,18.4,1.0,33,20.6,33.8,80,open-meteo,7.29,78.4
Bni Tajjit,Morocco,32.3,-3.45,2026-09-20,2026-09-17 10:42:06.528170+00:00,28.5,17.4,0.0,16,15.9,30.6,3,open-meteo,5.05,90.47
Bni Tajjit,Morocco,32.3,-3.45,2026-09-21,2026-09-17 10:42:06.528170+00:00,25.4,18.7,3.9,43,9.0,24.8,80,open-meteo,8.8,77.34
Bni Tajjit,Morocco,32.3,-3.45,2026-09-22,2026-09-17 10:42:06.528170+00:00,27.0,15.7,0.0,13,7.7,19.4,3,open-meteo,2.9,91.97
Bni Tajjit,Morocco,32.3,-3.45,2026-09-23,2026-09-17 10:42:06.528170+00:00,29.9,16.1,0.0,13,9.8,19.8,3,open-meteo,3.21,91.75
Douar Mzoura,Morocco,32.835,-7.9444,2026-09-17,2026-09-17 10:42:06.618767+00:00,28.0,17.0,0.0,0,18.8,35.6,3,open-meteo,5.91,89.86
Douar Mzoura,Morocco,32.835,-7.9444,2026-09-18,2026-09-17 10:42:06.618767+00:00,29.9,16.7,0.0,0,18.6,34.6,3,open-meteo,5.79,89.95
Douar Mzoura,Morocco,32.835,-7.9444,2026-09-19,2026-09-17 10:42:06.618767+00:00,33.1,17.2,0.0,0,17.4,33.1,3,open-meteo,5.49,90.16
Douar Mzoura,Morocco,32.835,-7.9444,2026-09-20,2026-09-17 10:42:06.618767+00:00,35.3,20.2,0.0,0,17.6,36.0,2,open-meteo,7.0,92.1
Douar Mzoura,Morocco,32.835,-7.9444,2026-09-21,2026-09-17 10:42:06.618767+00:00,36.5,19.8,0.0,0,18.7,37.8,45,open-meteo,12.12,79.52
Douar Mzoura,Morocco,32.835,-7.9444,2026-09-22,2026-09-17 10:42:06.618767+00:00,34.1,19.2,0.0,0,17.0,33.5,45,open-meteo,5.48,84.16
Douar Mzoura,Morocco,32.835,-7.9444,2026-09-23,2026-09-17 10:42:06.618767+00:00,33.6,19.2,0.0,0,18.8,35.6,45,open-meteo,5.91,83.86
Sidi Boushab,Morocco,30.4667,-9.3056,2026-09-17,2026-09-17 10:42:06.706777+00:00,28.8,19.9,0.0,0,30.1,47.9,3,open-meteo,8.55,88.02
Sidi Boushab,Morocco,30.4667,-9.3056,2026-09-18,2026-09-17 10:42:06.706777+00:00,28.2,19.0,0.0,0,27.1,43.2,2,open-meteo,7.71,91.6
Sidi Boushab,Morocco,30.4667,-9.3056,2026-09-19,2026-09-17 10:42:06.706777+00:00,29.2,19.4,0.0,0,30.9,49.3,2,open-meteo,8.79,90.85
Sidi Boushab,Morocco,30.4667,-9.3056,2026-09-20,2026-09-17 10:42:06.706777+00:00,30.0,19.7,0.0,0,28.4,45.7,45,open-meteo,8.12,82.32
Sidi Boushab,Morocco,30.4667,-9.3056,2026-09-21,2026-09-17 10:42:06.706777+00:00,35.4,20.6,0.0,0,26.3,41.0,3,open-meteo,8.99,87.71
Sidi Boushab,Morocco,30.4667,-9.3056,2026-09-22,2026-09-17 10:42:06.706777+00:00,39.5,20.7,0.0,0,29.9,51.1,3,open-meteo,26.85,75.2
Sidi Boushab,Morocco,30.4667,-9.3056,2026-09-23,2026-09-17 10:42:06.706777+00:00,39.7,22.4,0.0,3,23.9,40.7,0,open-meteo,25.86,81.9
Douar Ait Taleb,Morocco,32.3839,-8.1856,2026-09-17,2026-09-17 10:42:06.795162+00:00,27.6,17.0,0.0,0,19.5,34.6,3,open-meteo,5.9,89.87
Douar Ait Taleb,Morocco,32.3839,-8.1856,2026-09-18,2026-09-17 10:42:06.795162+00:00,29.6,16.3,0.0,0,19.9,33.8,1,open-meteo,5.87,95.89
Douar Ait Taleb,Morocco,32.3839,-8.1856,2026-09-19,2026-09-17 10:42:06.795162+00:00,32.3,17.0,0.0,0,20.2,36.0,2,open-meteo,6.12,92.72
Douar Ait Taleb,Morocco,32.3839,-8.1856,2026-09-20,2026-09-17 10:42:06.795162+00:00,35.3,21.5,0.0,3,19.0,35.3,2,open-meteo,7.1,92.03
Douar Ait Taleb,Morocco,32.3839,-8.1856,2026-09-21,2026-09-17 10:42:06.795162+00:00,36.7,21.7,0.0,0,19.9,36.0,2,open-meteo,12.89,87.98
Douar Ait Taleb,Morocco,32.3839,-8.1856,2026-09-22,2026-09-17 10:42:06.795162+00:00,35.8,18.5,0.0,0,18.3,32.4,1,open-meteo,8.73,93.89
Douar Ait Taleb,Morocco,32.3839,-8.1856,2026-09-23,2026-09-17 10:42:06.795162+00:00,35.1,18.1,0.0,0,19.6,36.0,45,open-meteo,6.45,83.48
Jouamaa,Morocco,35.6478,-5.6785,2026-09-17,2026-09-17 10:42:06.886423+00:00,28.3,14.4,0.0,0,14.3,28.1,3,open-meteo,4.6,90.78
Jouamaa,Morocco,35.6478,-5.6785,2026-09-18,2026-09-17 10:42:06.886423+00:00,28.1,17.3,0.0,0,30.6,59.0,3,open-meteo,9.72,87.2
Jouamaa,Morocco,35.6478,-5.6785,2026-09-19,2026-09-17 10:42:06.886423+00:00,27.5,22.4,0.0,0,44.6,90.4,2,open-meteo,14.62,86.77
Jouamaa,Morocco,35.6478,-5.6785,2026-09-20,2026-09-17 10:42:06.886423+00:00,27.8,23.9,0.0,0,45.0,91.8,2,open-meteo,14.8,86.64
Jouamaa,Morocco,35.6478,-5.6785,2026-09-21,2026-09-17 10:42:06.886423+00:00,27.9,23.5,0.0,0,40.0,80.6,2,open-meteo,13.06,87.86
Jouamaa,Morocco,35.6478,-5.6785,2026-09-22,2026-09-17 10:42:06.886423+00:00,28.1,22.2,0.0,0,31.7,63.4,2,open-meteo,10.3,89.79
Jouamaa,Morocco,35.6478,-5.6785,2026-09-23,2026-09-17 10:42:06.886423+00:00,28.9,22.6,0.0,0,25.3,57.2,2,open-meteo,8.88,90.78
Berkine,Morocco,33.9331,-3.8439,2026-09-17,2026-09-17 10:42:06.983636+00:00,27.7,15.9,0.0,0,17.9,33.5,3,open-meteo,5.59,90.09
Berkine,Morocco,33.9331,-3.8439,2026-09-18,2026-09-17 10:42:06.983636+00:00,26.9,14.4,0.0,0,23.6,42.1,3,open-meteo,7.16,88.99
Berkine,Morocco,33.9331,-3.8439,2026-09-19,2026-09-17 10:42:06.983636+00:00,26.0,16.9,0.0,14,21.3,41.0,45,open-meteo,6.76,83.27
Berkine,Morocco,33.9331,-3.8439,2026-09-20,2026-09-17 10:42:06.983636+00:00,28.9,17.9,0.0,5,21.0,37.8,45,open-meteo,6.4,83.52
Berkine,Morocco,33.9331,-3.8439,2026-09-21,2026-09-17 10:42:06.983636+00:00,27.7,18.0,0.0,5,19.4,37.1,45,open-meteo,6.13,83.71
Berkine,Morocco,33.9331,-3.8439,2026-09-22,2026-09-17 10:42:06.983636+00:00,29.6,16.8,0.0,0,16.1,30.2,45,open-meteo,5.03,84.48
Berkine,Morocco,33.9331,-3.8439,2026-09-23,2026-09-17 10:42:06.983636+00:00,30.3,14.8,0.0,0,18.9,38.2,1,open-meteo,6.18,95.67
El Aargub,Morocco,23.5759,-15.8775,2026-09-17,2026-09-17 10:42:07.084527+00:00,27.0,20.3,0.0,0,34.1,52.9,1,open-meteo,9.55,93.31
El Aargub,Morocco,23.5759,-15.8775,2026-09-18,2026-09-17 10:42:07.084527+00:00,25.8,19.3,0.0,0,33.8,53.6,0,open-meteo,9.59,93.29
El Aargub,Morocco,23.5759,-15.8775,2026-09-19,2026-09-17 10:42:07.084527+00:00,26.2,18.8,0.0,0,30.5,48.6,0,open-meteo,8.67,93.93
El Aargub,Morocco,23.5759,-15.8775,2026-09-20,2026-09-17 10:42:07.084527+00:00,27.4,18.5,0.0,0,27.9,44.3,0,open-meteo,7.92,94.46
El Aargub,Morocco,23.5759,-15.8775,2026-09-21,2026-09-17 10:42:07.084527+00:00,27.1,20.6,0.0,9,26.6,43.9,0,open-meteo,7.71,94.6
El Aargub,Morocco,23.5759,-15.8775,2026-09-22,2026-09-17 10:42:07.084527+00:00,26.6,20.5,0.0,10,29.7,46.8,0,open-meteo,8.39,94.13
El Aargub,Morocco,23.5759,-15.8775,2026-09-23,2026-09-17 10:42:07.084527+00:00,28.8,21.0,0.0,7,24.1,41.8,3,open-meteo,7.19,88.97
Boureït,Morocco,34.9983,-4.893,2026-09-17,2026-09-17 10:42:07.182008+00:00,25.3,12.3,0.0,0,13.8,42.5,3,open-meteo,5.98,89.81
Boureït,Morocco,34.9983,-4.893,2026-09-18,2026-09-17 10:42:07.182008+00:00,25.2,13.7,0.0,0,18.0,39.6,3,open-meteo,6.21,89.65
Boureït,Morocco,34.9983,-4.893,2026-09-19,2026-09-17 10:42:07.182008+00:00,24.8,15.0,0.0,0,20.9,42.1,1,open-meteo,6.82,95.23
Boureït,Morocco,34.9983,-4.893,2026-09-20,2026-09-17 10:42:07.182008+00:00,25.7,17.1,0.0,0,18.9,41.4,1,open-meteo,6.5,95.45
Boureït,Morocco,34.9983,-4.893,2026-09-21,2026-09-17 10:42:07.182008+00:00,25.7,16.6,0.0,0,17.6,34.2,2,open-meteo,5.62,93.07
Boureït,Morocco,34.9983,-4.893,2026-09-22,2026-09-17 10:42:07.182008+00:00,23.5,14.9,0.0,0,14.6,29.5,45,open-meteo,4.78,84.65
Boureït,Morocco,34.9983,-4.893,2026-09-23,2026-09-17 10:42:07.182008+00:00,24.2,14.3,0.0,3,15.4,31.7,45,open-meteo,5.1,84.43
Reçani,Morocco,31.2175,-4.2737,2026-09-17,2026-09-17 10:42:07.278598+00:00,34.9,22.3,0.1,13,23.4,39.2,3,open-meteo,6.98,89.11
Reçani,Morocco,31.2175,-4.2737,2026-09-18,2026-09-17 10:42:07.278598+00:00,34.7,21.9,0.0,8,14.4,29.2,3,open-meteo,4.72,90.7
Reçani,Morocco,31.2175,-4.2737,2026-09-19,2026-09-17 10:42:07.278598+00:00,35.2,22.9,0.0,5,33.7,52.9,3,open-meteo,10.3,86.79
Reçani,Morocco,31.2175,-4.2737,2026-09-20,2026-09-17 10:42:07.278598+00:00,33.3,22.0,0.0,8,21.5,50.0,3,open-meteo,7.69,88.62
Reçani,Morocco,31.2175,-4.2737,2026-09-21,2026-09-17 10:42:07.278598+00:00,32.3,22.6,2.1,28,15.5,33.8,80,open-meteo,8.12,77.82
Reçani,Morocco,31.2175,-4.2737,2026-09-22,2026-09-17 10:42:07.278598+00:00,32.7,20.2,0.0,8,8.8,13.7,3,open-meteo,2.47,92.27
Reçani,Morocco,31.2175,-4.2737,2026-09-23,2026-09-17 10:42:07.278598+00:00,33.6,22.2,0.0,5,5.2,10.8,2,open-meteo,1.73,95.79
Bou’nane,Morocco,32.2007,-2.8436,2026-09-17,2026-09-17 10:42:07.363725+00:00,33.7,20.6,0.1,8,27.0,56.5,3,open-meteo,9.16,87.59
Bou’nane,Morocco,32.2007,-2.8436,2026-09-18,2026-09-17 10:42:07.363725+00:00,33.1,20.9,0.0,15,16.5,28.1,3,open-meteo,4.87,90.59
Bou’nane,Morocco,32.2007,-2.8436,2026-09-19,2026-09-17 10:42:07.363725+00:00,31.6,22.0,0.6,45,19.7,34.6,3,open-meteo,6.72,89.3
Bou’nane,Morocco,32.2007,-2.8436,2026-09-20,2026-09-17 10:42:07.363725+00:00,30.6,19.6,0.4,11,11.9,31.7,3,open-meteo,5.19,90.37
Bou’nane,Morocco,32.2007,-2.8436,2026-09-21,2026-09-17 10:42:07.363725+00:00,25.7,20.3,1.2,48,13.1,26.6,80,open-meteo,5.9,79.37
Bou’nane,Morocco,32.2007,-2.8436,2026-09-22,2026-09-17 10:42:07.363725+00:00,30.5,18.4,0.0,15,9.3,14.4,3,open-meteo,2.6,92.18
Bou’nane,Morocco,32.2007,-2.8436,2026-09-23,2026-09-17 10:42:07.363725+00:00,32.0,18.6,0.0,15,11.9,19.1,2,open-meteo,3.4,94.62
Tifariti,Morocco,26.158,-10.567,2026-09-17,2026-09-17 10:42:07.457459+00:00,31.0,17.8,0.0,0,37.4,55.4,2,open-meteo,10.21,89.85
Tifariti,Morocco,26.158,-10.567,2026-09-18,2026-09-17 10:42:07.457459+00:00,29.4,16.2,0.0,0,35.4,54.4,3,open-meteo,9.87,87.09
Tifariti,Morocco,26.158,-10.567,2026-09-19,2026-09-17 10:42:07.457459+00:00,30.5,16.7,0.0,0,23.4,36.4,3,open-meteo,6.57,89.4
Tifariti,Morocco,26.158,-10.567,2026-09-20,2026-09-17 10:42:07.457459+00:00,36.9,18.0,0.0,0,17.2,29.2,0,open-meteo,12.67,91.13
Tifariti,Morocco,26.158,-10.567,2026-09-21,2026-09-17 10:42:07.457459+00:00,39.1,24.8,0.0,9,22.7,40.7,0,open-meteo,23.31,83.68
Tifariti,Morocco,26.158,-10.567,2026-09-22,2026-09-17 10:42:07.457459+00:00,39.0,25.8,0.0,7,17.8,33.1,1,open-meteo,21.54,84.92
Tifariti,Morocco,26.158,-10.567,2026-09-23,2026-09-17 10:42:07.457459+00:00,38.9,24.3,0.0,6,26.3,47.2,3,open-meteo,23.61,77.47
Bir Anzarane,Morocco,23.8883,-14.5306,2026-09-17,2026-09-17 10:42:07.543633+00:00,33.2,22.2,0.0,0,31.4,46.1,1,open-meteo,8.54,94.02
Bir Anzarane,Morocco,23.8883,-14.5306,2026-09-18,2026-09-17 10:42:07.543633+00:00,29.4,18.7,0.0,0,30.7,45.7,0,open-meteo,8.41,94.11
Bir Anzarane,Morocco,23.8883,-14.5306,2026-09-19,2026-09-17 10:42:07.543633+00:00,30.5,17.6,0.0,0,23.8,39.6,0,open-meteo,6.93,95.15
Bir Anzarane,Morocco,23.8883,-14.5306,2026-09-20,2026-09-17 10:42:07.543633+00:00,37.0,18.7,0.0,1,18.9,40.7,0,open-meteo,14.43,89.9
Bir Anzarane,Morocco,23.8883,-14.5306,2026-09-21,2026-09-17 10:42:07.543633+00:00,38.2,23.7,0.0,11,28.3,43.6,0,open-meteo,20.7,85.51
Bir Anzarane,Morocco,23.8883,-14.5306,2026-09-22,2026-09-17 10:42:07.543633+00:00,40.5,24.3,0.0,20,25.6,54.7,1,open-meteo,30.67,78.53
Bir Anzarane,Morocco,23.8883,-14.5306,2026-09-23,2026-09-17 10:42:07.543633+00:00,38.2,25.0,0.0,16,27.0,42.1,3,open-meteo,20.39,79.73
Aïn el Mediour,Morocco,30.4,-8.8833,2026-09-17,2026-09-17 10:42:07.630787+00:00,30.1,19.9,0.0,0,25.1,40.3,3,open-meteo,7.17,88.98
Aïn el Mediour,Morocco,30.4,-8.8833,2026-09-18,2026-09-17 10:42:07.630787+00:00,30.5,18.8,0.0,0,22.7,36.4,2,open-meteo,6.48,92.46
Aïn el Mediour,Morocco,30.4,-8.8833,2026-09-19,2026-09-17 10:42:07.630787+00:00,31.3,19.6,0.0,0,23.4,37.4,2,open-meteo,6.67,92.33
Aïn el Mediour,Morocco,30.4,-8.8833,2026-09-20,2026-09-17 10:42:07.630787+00:00,32.2,20.3,0.0,3,22.5,36.0,2,open-meteo,6.41,92.51
Aïn el Mediour,Morocco,30.4,-8.8833,2026-09-21,2026-09-17 10:42:07.630787+00:00,38.8,23.1,0.0,0,24.8,44.3,2,open-meteo,22.73,81.09
Aïn el Mediour,Morocco,30.4,-8.8833,2026-09-22,2026-09-17 10:42:07.630787+00:00,39.3,22.5,0.0,0,26.6,45.7,2,open-meteo,25.09,79.44
Aïn el Mediour,Morocco,30.4,-8.8833,2026-09-23,2026-09-17 10:42:07.630787+00:00,39.3,21.8,0.0,3,24.2,42.5,0,open-meteo,24.47,82.87
Uad Damran,Morocco,27.4617,-12.9941,2026-09-17,2026-09-17 10:42:07.722254+00:00,28.2,21.0,0.0,2,34.2,51.5,3,open-meteo,9.43,87.4
Uad Damran,Morocco,27.4617,-12.9941,2026-09-18,2026-09-17 10:42:07.722254+00:00,27.7,19.9,0.1,0,28.5,45.0,51,open-meteo,8.2,86.76
Uad Damran,Morocco,27.4617,-12.9941,2026-09-19,2026-09-17 10:42:07.722254+00:00,28.7,18.6,0.0,0,24.8,38.9,1,open-meteo,6.99,95.11
Uad Damran,Morocco,27.4617,-12.9941,2026-09-20,2026-09-17 10:42:07.722254+00:00,31.6,18.9,0.0,0,25.6,40.0,3,open-meteo,7.2,88.96
Uad Damran,Morocco,27.4617,-12.9941,2026-09-21,2026-09-17 10:42:07.722254+00:00,34.4,19.3,0.0,0,28.0,43.2,3,open-meteo,7.82,88.53
Uad Damran,Morocco,27.4617,-12.9941,2026-09-22,2026-09-17 10:42:07.722254+00:00,33.0,20.1,0.0,4,27.8,44.6,3,open-meteo,7.94,88.44
Uad Damran,Morocco,27.4617,-12.9941,2026-09-23,2026-09-17 10:42:07.722254+00:00,31.5,19.1,0.0,4,28.0,42.8,3,open-meteo,7.78,88.55
Lemsid,Morocco,26.55,-13.85,2026-09-17,2026-09-17 10:42:07.814228+00:00,24.6,20.2,0.0,0,29.3,47.9,3,open-meteo,8.45,88.08
Lemsid,Morocco,26.55,-13.85,2026-09-18,2026-09-17 10:42:07.814228+00:00,24.0,19.4,0.0,0,23.6,40.3,3,open-meteo,6.98,89.11
Lemsid,Morocco,26.55,-13.85,2026-09-19,2026-09-17 10:42:07.814228+00:00,24.5,18.6,0.0,0,23.1,39.6,2,open-meteo,6.85,92.2
Lemsid,Morocco,26.55,-13.85,2026-09-20,2026-09-17 10:42:07.814228+00:00,24.8,18.8,0.0,0,24.5,40.0,3,open-meteo,7.06,89.06
Lemsid,Morocco,26.55,-13.85,2026-09-21,2026-09-17 10:42:07.814228+00:00,24.6,19.1,0.0,2,23.4,40.0,3,open-meteo,6.93,89.15
Lemsid,Morocco,26.55,-13.85,2026-09-22,2026-09-17 10:42:07.814228+00:00,24.1,19.6,0.0,6,23.1,39.6,2,open-meteo,6.85,92.2
Lemsid,Morocco,26.55,-13.85,2026-09-23,2026-09-17 10:42:07.814228+00:00,25.4,19.5,0.0,4,23.7,40.3,2,open-meteo,6.99,92.11
Wislane,Morocco,30.225,-8.3801,2026-09-17,2026-09-17 10:42:07.913430+00:00,27.7,17.6,0.0,40,21.5,37.4,3,open-meteo,6.43,89.5
Wislane,Morocco,30.225,-8.3801,2026-09-18,2026-09-17 10:42:07.913430+00:00,29.4,17.1,0.2,18,20.4,34.2,80,open-meteo,6.24,79.13
Wislane,Morocco,30.225,-8.3801,2026-09-19,2026-09-17 10:42:07.913430+00:00,31.2,18.6,0.1,0,16.1,31.7,3,open-meteo,5.32,90.28
Wislane,Morocco,30.225,-8.3801,2026-09-20,2026-09-17 10:42:07.913430+00:00,31.0,19.4,0.0,8,16.5,29.9,2,open-meteo,5.05,93.47
Wislane,Morocco,30.225,-8.3801,2026-09-21,2026-09-17 10:42:07.913430+00:00,31.2,19.6,0.0,8,26.1,45.7,1,open-meteo,7.83,94.52
Wislane,Morocco,30.225,-8.3801,2026-09-22,2026-09-17 10:42:07.913430+00:00,30.9,18.7,0.0,5,24.7,49.7,3,open-meteo,8.06,88.36
Wislane,Morocco,30.225,-8.3801,2026-09-23,2026-09-17 10:42:07.913430+00:00,30.5,18.2,0.0,5,12.1,26.6,3,open-meteo,4.17,91.08
