city,country,latitude,longitude,forecast_date,extracted_at,temperature_max,temperature_min,precipitation_sum,precipitation_probability_max,wind_speed_10m_max,wind_gusts_10m_max,weather_code,source,risk_score,weather_score
Casablanca,Morocco,33.5992,-7.62,2026-09-16,2026-09-16 20:13:10.694734+00:00,25.7,21.2,0.0,0,13.0,36.4,45,open-meteo,5.27,84.31
Casablanca,Morocco,33.5992,-7.62,2026-09-17,2026-09-16 20:13:10.694734+00:00,25.6,20.0,0.0,0,12.2,35.3,3,open-meteo,5.05,90.47
Casablanca,Morocco,33.5992,-7.62,2026-09-18,2026-09-16 20:13:10.694734+00:00,25.0,18.9,0.0,0,13.0,34.9,45,open-meteo,5.12,84.42
Casablanca,Morocco,33.5992,-7.62,2026-09-19,2026-09-16 20:13:10.694734+00:00,26.8,19.0,0.0,0,12.6,32.8,45,open-meteo,4.85,84.61
Casablanca,Morocco,33.5992,-7.62,2026-09-20,2026-09-16 20:13:10.694734+00:00,29.5,21.8,0.0,0,10.5,28.8,2,open-meteo,4.19,94.07
Casablanca,Morocco,33.5992,-7.62,2026-09-21,2026-09-16 20:13:10.694734+00:00,30.2,22.5,0.0,0,12.7,36.0,45,open-meteo,5.19,84.37
Casablanca,Morocco,33.5992,-7.62,2026-09-22,2026-09-16 20:13:10.694734+00:00,29.1,21.7,0.0,0,11.5,30.2,45,open-meteo,4.46,84.88
Tangier,Morocco,35.7767,-5.8039,2026-09-16,2026-09-16 20:13:10.796829+00:00,26.2,17.6,0.0,0,18.8,44.6,3,open-meteo,6.81,89.23
Tangier,Morocco,35.7767,-5.8039,2026-09-17,2026-09-16 20:13:10.796829+00:00,26.5,17.4,0.0,0,10.8,27.0,2,open-meteo,4.05,94.16
Tangier,Morocco,35.7767,-5.8039,2026-09-18,2026-09-16 20:13:10.796829+00:00,28.2,18.9,0.0,0,18.3,43.6,3,open-meteo,6.65,89.34
Tangier,Morocco,35.7767,-5.8039,2026-09-19,2026-09-16 20:13:10.796829+00:00,27.8,22.1,0.0,0,29.8,72.7,1,open-meteo,10.99,92.31
Tangier,Morocco,35.7767,-5.8039,2026-09-20,2026-09-16 20:13:10.796829+00:00,27.9,23.3,0.0,0,31.7,78.5,1,open-meteo,11.81,91.73
Tangier,Morocco,35.7767,-5.8039,2026-09-21,2026-09-16 20:13:10.796829+00:00,26.6,22.6,0.0,0,38.9,74.9,1,open-meteo,12.35,91.35
Tangier,Morocco,35.7767,-5.8039,2026-09-22,2026-09-16 20:13:10.796829+00:00,26.9,21.8,0.0,0,30.6,57.6,1,open-meteo,9.59,93.29
Fès,Morocco,34.0433,-5.0033,2026-09-16,2026-09-16 20:13:10.886692+00:00,31.7,20.5,0.0,0,16.3,40.7,1,open-meteo,6.11,95.72
Fès,Morocco,34.0433,-5.0033,2026-09-17,2026-09-16 20:13:10.886692+00:00,29.0,18.5,0.0,0,11.2,30.2,3,open-meteo,4.42,90.91
Fès,Morocco,34.0433,-5.0033,2026-09-18,2026-09-16 20:13:10.886692+00:00,31.1,17.9,0.0,0,10.5,28.1,3,open-meteo,4.12,91.12
Fès,Morocco,34.0433,-5.0033,2026-09-19,2026-09-16 20:13:10.886692+00:00,34.1,20.8,0.0,0,16.4,41.8,1,open-meteo,6.23,95.64
Fès,Morocco,34.0433,-5.0033,2026-09-20,2026-09-16 20:13:10.886692+00:00,35.3,22.0,0.0,3,16.4,41.8,2,open-meteo,7.43,91.8
Fès,Morocco,34.0433,-5.0033,2026-09-21,2026-09-16 20:13:10.886692+00:00,34.8,21.9,0.0,0,13.9,35.6,1,open-meteo,5.3,96.29
Fès,Morocco,34.0433,-5.0033,2026-09-22,2026-09-16 20:13:10.886692+00:00,35.3,20.7,0.0,0,10.2,25.6,3,open-meteo,5.03,90.48
Marrakech,Morocco,31.6295,-7.9811,2026-09-16,2026-09-16 20:13:10.978034+00:00,34.9,21.9,0.0,0,12.8,36.0,0,open-meteo,5.2,96.36
Marrakech,Morocco,31.6295,-7.9811,2026-09-17,2026-09-16 20:13:10.978034+00:00,30.7,18.8,0.0,0,10.7,32.0,2,open-meteo,4.54,93.82
Marrakech,Morocco,31.6295,-7.9811,2026-09-18,2026-09-16 20:13:10.978034+00:00,31.9,18.9,0.0,0,7.6,22.7,3,open-meteo,3.22,91.75
Marrakech,Morocco,31.6295,-7.9811,2026-09-19,2026-09-16 20:13:10.978034+00:00,35.8,20.8,0.3,0,7.8,24.1,80,open-meteo,6.98,78.61
Marrakech,Morocco,31.6295,-7.9811,2026-09-20,2026-09-16 20:13:10.978034+00:00,39.0,24.2,0.3,23,11.9,36.4,3,open-meteo,21.53,78.93
Marrakech,Morocco,31.6295,-7.9811,2026-09-21,2026-09-16 20:13:10.978034+00:00,37.7,24.1,0.0,3,18.2,31.7,3,open-meteo,16.25,82.62
Marrakech,Morocco,31.6295,-7.9811,2026-09-22,2026-09-16 20:13:10.978034+00:00,37.6,24.2,0.6,3,16.4,29.5,3,open-meteo,16.2,82.66
Sale,Morocco,34.05,-6.8167,2026-09-16,2026-09-16 20:13:11.072003+00:00,25.8,20.7,0.0,0,15.1,38.5,2,open-meteo,5.74,92.98
Sale,Morocco,34.05,-6.8167,2026-09-17,2026-09-16 20:13:11.072003+00:00,25.7,18.7,0.0,0,11.7,31.0,3,open-meteo,4.56,90.81
Sale,Morocco,34.05,-6.8167,2026-09-18,2026-09-16 20:13:11.072003+00:00,25.6,17.9,0.0,0,13.4,33.8,45,open-meteo,5.05,84.47
Sale,Morocco,34.05,-6.8167,2026-09-19,2026-09-16 20:13:11.072003+00:00,29.1,16.8,0.0,0,12.9,33.1,45,open-meteo,4.92,84.56
Sale,Morocco,34.05,-6.8167,2026-09-20,2026-09-16 20:13:11.072003+00:00,35.5,20.0,0.0,0,11.8,30.6,1,open-meteo,6.54,95.42
Sale,Morocco,34.05,-6.8167,2026-09-21,2026-09-16 20:13:11.072003+00:00,29.9,22.4,0.0,0,12.6,30.2,1,open-meteo,4.6,96.78
Sale,Morocco,34.05,-6.8167,2026-09-22,2026-09-16 20:13:11.072003+00:00,27.5,21.0,0.0,0,10.5,24.8,45,open-meteo,3.79,85.35
Meknès,Morocco,33.8833,-5.55,2026-09-16,2026-09-16 20:13:11.163055+00:00,30.6,18.5,0.0,0,15.6,40.3,2,open-meteo,5.98,92.81
Meknès,Morocco,33.8833,-5.55,2026-09-17,2026-09-16 20:13:11.163055+00:00,27.6,17.1,0.0,0,13.6,35.6,45,open-meteo,5.26,84.32
Meknès,Morocco,33.8833,-5.55,2026-09-18,2026-09-16 20:13:11.163055+00:00,29.3,16.2,0.0,0,13.6,34.9,3,open-meteo,5.19,90.37
Meknès,Morocco,33.8833,-5.55,2026-09-19,2026-09-16 20:13:11.163055+00:00,34.1,18.6,0.0,0,11.8,32.4,2,open-meteo,4.72,93.7
Meknès,Morocco,33.8833,-5.55,2026-09-20,2026-09-16 20:13:11.163055+00:00,36.2,20.9,0.0,3,14.8,39.6,2,open-meteo,10.61,89.57
Meknès,Morocco,33.8833,-5.55,2026-09-21,2026-09-16 20:13:11.163055+00:00,35.2,21.1,0.0,0,13.1,37.1,1,open-meteo,6.15,95.69
Meknès,Morocco,33.8833,-5.55,2026-09-22,2026-09-16 20:13:11.163055+00:00,34.3,20.4,0.0,0,13.8,31.3,3,open-meteo,4.86,90.6
Rabat,Morocco,34.0211,-6.8414,2026-09-16,2026-09-16 20:13:11.254949+00:00,25.9,20.7,0.0,0,15.1,38.5,2,open-meteo,5.74,92.98
Rabat,Morocco,34.0211,-6.8414,2026-09-17,2026-09-16 20:13:11.254949+00:00,25.8,18.7,0.0,0,11.7,31.0,3,open-meteo,4.56,90.81
Rabat,Morocco,34.0211,-6.8414,2026-09-18,2026-09-16 20:13:11.254949+00:00,25.7,18.0,0.0,0,13.4,33.8,45,open-meteo,5.05,84.47
Rabat,Morocco,34.0211,-6.8414,2026-09-19,2026-09-16 20:13:11.254949+00:00,29.1,16.8,0.0,0,12.9,33.1,45,open-meteo,4.92,84.56
Rabat,Morocco,34.0211,-6.8414,2026-09-20,2026-09-16 20:13:11.254949+00:00,35.6,20.0,0.0,0,11.8,30.6,1,open-meteo,6.94,95.14
Rabat,Morocco,34.0211,-6.8414,2026-09-21,2026-09-16 20:13:11.254949+00:00,30.0,22.4,0.0,0,12.6,30.2,1,open-meteo,4.6,96.78
Rabat,Morocco,34.0211,-6.8414,2026-09-22,2026-09-16 20:13:11.254949+00:00,27.5,21.0,0.0,0,10.5,24.8,45,open-meteo,3.79,85.35
Agadir,Morocco,30.4214,-9.5831,2026-09-16,2026-09-16 20:13:11.343050+00:00,36.2,24.6,0.0,0,12.7,33.1,1,open-meteo,9.7,93.21
Agadir,Morocco,30.4214,-9.5831,2026-09-17,2026-09-16 20:13:11.343050+00:00,28.6,20.7,0.0,0,13.7,38.2,3,open-meteo,5.53,90.13
Agadir,Morocco,30.4214,-9.5831,2026-09-18,2026-09-16 20:13:11.343050+00:00,27.0,20.1,0.0,0,14.1,39.2,2,open-meteo,5.68,93.02
Agadir,Morocco,30.4214,-9.5831,2026-09-19,2026-09-16 20:13:11.343050+00:00,27.7,21.2,0.0,0,11.5,33.8,2,open-meteo,4.82,93.63
Agadir,Morocco,30.4214,-9.5831,2026-09-20,2026-09-16 20:13:11.343050+00:00,27.6,21.1,0.0,0,13.3,36.7,45,open-meteo,5.33,84.27
Agadir,Morocco,30.4214,-9.5831,2026-09-21,2026-09-16 20:13:11.343050+00:00,36.3,23.0,0.0,0,13.5,28.4,3,open-meteo,9.73,87.19
Agadir,Morocco,30.4214,-9.5831,2026-09-22,2026-09-16 20:13:11.343050+00:00,39.6,26.0,0.0,0,13.0,30.2,3,open-meteo,23.05,77.87
Kenitra,Morocco,34.25,-6.5833,2026-09-16,2026-09-16 20:13:11.430450+00:00,26.6,20.7,0.0,0,16.6,41.4,2,open-meteo,6.22,92.65
Kenitra,Morocco,34.25,-6.5833,2026-09-17,2026-09-16 20:13:11.430450+00:00,26.6,18.7,0.0,0,11.2,28.8,3,open-meteo,4.28,91.0
Kenitra,Morocco,34.25,-6.5833,2026-09-18,2026-09-16 20:13:11.430450+00:00,27.2,16.8,0.0,0,14.2,34.9,45,open-meteo,5.27,84.31
Kenitra,Morocco,34.25,-6.5833,2026-09-19,2026-09-16 20:13:11.430450+00:00,33.0,16.4,0.0,0,14.9,39.2,45,open-meteo,5.78,83.95
Kenitra,Morocco,34.25,-6.5833,2026-09-20,2026-09-16 20:13:11.430450+00:00,37.3,22.1,0.0,0,13.6,33.5,3,open-meteo,14.25,84.03
Kenitra,Morocco,34.25,-6.5833,2026-09-21,2026-09-16 20:13:11.430450+00:00,34.6,21.9,0.0,0,12.4,31.2,0,open-meteo,4.67,96.73
Kenitra,Morocco,34.25,-6.5833,2026-09-22,2026-09-16 20:13:11.430450+00:00,29.0,19.4,0.0,0,11.0,25.9,45,open-meteo,3.97,85.22
Oujda-Angad,Morocco,34.6867,-1.9114,2026-09-16,2026-09-16 20:13:11.524046+00:00,33.1,15.6,0.0,0,19.1,40.3,3,open-meteo,6.42,89.51
Oujda-Angad,Morocco,34.6867,-1.9114,2026-09-17,2026-09-16 20:13:11.524046+00:00,27.6,15.8,0.0,0,17.2,37.1,3,open-meteo,5.86,89.9
Oujda-Angad,Morocco,34.6867,-1.9114,2026-09-18,2026-09-16 20:13:11.524046+00:00,27.9,16.7,0.0,3,19.6,42.1,45,open-meteo,6.66,83.34
Oujda-Angad,Morocco,34.6867,-1.9114,2026-09-19,2026-09-16 20:13:11.524046+00:00,28.6,18.6,0.0,10,20.7,43.9,45,open-meteo,6.98,83.11
Oujda-Angad,Morocco,34.6867,-1.9114,2026-09-20,2026-09-16 20:13:11.524046+00:00,28.4,18.9,0.0,5,20.6,43.6,45,open-meteo,6.93,83.15
Oujda-Angad,Morocco,34.6867,-1.9114,2026-09-21,2026-09-16 20:13:11.524046+00:00,27.7,19.1,0.3,3,19.8,39.2,45,open-meteo,6.8,83.24
Oujda-Angad,Morocco,34.6867,-1.9114,2026-09-22,2026-09-16 20:13:11.524046+00:00,29.4,18.4,0.0,3,18.0,38.2,45,open-meteo,6.07,83.75
Tétouan,Morocco,35.5667,-5.3667,2026-09-16,2026-09-16 20:13:11.618671+00:00,33.6,18.8,0.0,0,25.9,61.2,3,open-meteo,9.36,87.45
Tétouan,Morocco,35.5667,-5.3667,2026-09-17,2026-09-16 20:13:11.618671+00:00,28.1,14.9,0.0,0,10.1,26.6,3,open-meteo,3.92,91.26
Tétouan,Morocco,35.5667,-5.3667,2026-09-18,2026-09-16 20:13:11.618671+00:00,26.7,18.9,0.0,3,18.1,43.9,3,open-meteo,6.65,89.34
Tétouan,Morocco,35.5667,-5.3667,2026-09-19,2026-09-16 20:13:11.618671+00:00,26.5,22.0,0.0,0,30.8,74.2,2,open-meteo,11.27,89.11
Tétouan,Morocco,35.5667,-5.3667,2026-09-20,2026-09-16 20:13:11.618671+00:00,26.1,22.6,0.0,0,31.3,74.5,2,open-meteo,11.36,89.05
Tétouan,Morocco,35.5667,-5.3667,2026-09-21,2026-09-16 20:13:11.618671+00:00,26.3,22.3,0.0,0,32.4,67.7,2,open-meteo,10.82,89.43
Tétouan,Morocco,35.5667,-5.3667,2026-09-22,2026-09-16 20:13:11.618671+00:00,26.8,21.8,0.0,0,24.6,54.4,2,open-meteo,8.52,91.04
Safi,Morocco,32.2833,-9.2333,2026-09-16,2026-09-16 20:13:11.714181+00:00,27.9,21.0,0.0,0,26.8,48.2,2,open-meteo,8.17,91.28
Safi,Morocco,32.2833,-9.2333,2026-09-17,2026-09-16 20:13:11.714181+00:00,25.1,19.5,0.0,0,21.2,38.5,3,open-meteo,6.5,89.45
Safi,Morocco,32.2833,-9.2333,2026-09-18,2026-09-16 20:13:11.714181+00:00,25.9,19.2,0.0,0,22.1,39.2,2,open-meteo,6.68,92.32
Safi,Morocco,32.2833,-9.2333,2026-09-19,2026-09-16 20:13:11.714181+00:00,27.3,18.7,0.0,0,21.5,38.5,2,open-meteo,6.54,92.42
Safi,Morocco,32.2833,-9.2333,2026-09-20,2026-09-16 20:13:11.714181+00:00,26.7,20.1,0.0,0,10.9,20.2,3,open-meteo,3.38,91.63
Safi,Morocco,32.2833,-9.2333,2026-09-21,2026-09-16 20:13:11.714181+00:00,30.1,19.2,0.0,0,10.1,19.4,3,open-meteo,3.2,91.76
Safi,Morocco,32.2833,-9.2333,2026-09-22,2026-09-16 20:13:11.714181+00:00,30.0,18.5,0.0,0,10.6,20.2,45,open-meteo,3.35,85.66
Taourirt,Morocco,34.41,-2.89,2026-09-16,2026-09-16 20:13:11.804546+00:00,35.0,18.9,0.0,0,21.5,34.6,1,open-meteo,6.15,95.69
Taourirt,Morocco,34.41,-2.89,2026-09-17,2026-09-16 20:13:11.804546+00:00,28.6,20.0,0.0,0,23.5,38.5,3,open-meteo,6.79,89.25
Taourirt,Morocco,34.41,-2.89,2026-09-18,2026-09-16 20:13:11.804546+00:00,29.3,19.1,0.0,0,30.0,49.7,45,open-meteo,8.72,81.9
Taourirt,Morocco,34.41,-2.89,2026-09-19,2026-09-16 20:13:11.804546+00:00,29.4,19.7,0.0,0,32.3,54.4,3,open-meteo,9.48,87.36
Taourirt,Morocco,34.41,-2.89,2026-09-20,2026-09-16 20:13:11.804546+00:00,29.3,20.5,0.0,0,28.2,47.9,3,open-meteo,8.31,88.18
Taourirt,Morocco,34.41,-2.89,2026-09-21,2026-09-16 20:13:11.804546+00:00,29.5,20.4,0.0,0,27.2,47.5,3,open-meteo,8.15,88.29
Taourirt,Morocco,34.41,-2.89,2026-09-22,2026-09-16 20:13:11.804546+00:00,31.4,19.8,0.0,0,19.3,32.4,3,open-meteo,5.65,90.04
Temara,Morocco,33.9234,-6.9076,2026-09-16,2026-09-16 20:13:11.892759+00:00,25.6,20.4,0.0,0,15.4,40.0,2,open-meteo,5.93,92.85
Temara,Morocco,33.9234,-6.9076,2026-09-17,2026-09-16 20:13:11.892759+00:00,25.6,18.5,0.0,0,12.0,32.8,3,open-meteo,4.78,90.65
Temara,Morocco,33.9234,-6.9076,2026-09-18,2026-09-16 20:13:11.892759+00:00,25.5,16.9,0.0,0,13.1,33.8,45,open-meteo,5.02,84.49
Temara,Morocco,33.9234,-6.9076,2026-09-19,2026-09-16 20:13:11.892759+00:00,29.0,16.2,0.0,0,12.7,33.1,2,open-meteo,4.9,93.57
Temara,Morocco,33.9234,-6.9076,2026-09-20,2026-09-16 20:13:11.892759+00:00,34.0,19.9,0.0,0,11.8,32.8,2,open-meteo,4.75,93.67
Temara,Morocco,33.9234,-6.9076,2026-09-21,2026-09-16 20:13:11.892759+00:00,29.2,21.6,0.0,0,12.5,26.6,1,open-meteo,4.22,97.05
Temara,Morocco,33.9234,-6.9076,2026-09-22,2026-09-16 20:13:11.892759+00:00,25.7,20.6,0.0,0,10.6,22.3,45,open-meteo,3.55,85.52
Laâyoune,Morocco,27.15,-13.2,2026-09-16,2026-09-16 20:13:11.981664+00:00,34.7,22.3,0.0,0,27.0,52.9,0,open-meteo,8.67,93.93
Laâyoune,Morocco,27.15,-13.2,2026-09-17,2026-09-16 20:13:11.981664+00:00,28.0,21.4,0.3,0,31.7,60.1,51,open-meteo,10.37,85.24
Laâyoune,Morocco,27.15,-13.2,2026-09-18,2026-09-16 20:13:11.981664+00:00,27.9,19.8,0.1,2,28.2,54.7,51,open-meteo,9.13,86.11
Laâyoune,Morocco,27.15,-13.2,2026-09-19,2026-09-16 20:13:11.981664+00:00,28.9,18.5,0.0,0,24.8,48.6,2,open-meteo,7.96,91.43
Laâyoune,Morocco,27.15,-13.2,2026-09-20,2026-09-16 20:13:11.981664+00:00,31.0,19.6,0.0,0,21.5,44.6,3,open-meteo,7.15,88.99
Laâyoune,Morocco,27.15,-13.2,2026-09-21,2026-09-16 20:13:11.981664+00:00,36.5,19.9,0.0,2,23.1,48.2,2,open-meteo,13.71,87.4
Laâyoune,Morocco,27.15,-13.2,2026-09-22,2026-09-16 20:13:11.981664+00:00,33.3,20.9,0.0,2,22.0,44.6,3,open-meteo,7.21,88.95
El Jadid,Morocco,33.2566,-8.5025,2026-09-16,2026-09-16 20:13:12.070305+00:00,25.1,21.6,0.0,0,17.7,32.0,2,open-meteo,5.41,93.21
El Jadid,Morocco,33.2566,-8.5025,2026-09-17,2026-09-16 20:13:12.070305+00:00,25.5,20.8,0.0,0,15.0,27.7,3,open-meteo,4.65,90.74
El Jadid,Morocco,33.2566,-8.5025,2026-09-18,2026-09-16 20:13:12.070305+00:00,25.1,19.8,0.0,0,19.6,34.6,3,open-meteo,5.91,89.86
El Jadid,Morocco,33.2566,-8.5025,2026-09-19,2026-09-16 20:13:12.070305+00:00,25.8,20.8,0.0,0,17.4,31.3,2,open-meteo,5.3,93.29
El Jadid,Morocco,33.2566,-8.5025,2026-09-20,2026-09-16 20:13:12.070305+00:00,27.5,21.5,0.0,0,14.7,28.8,2,open-meteo,4.72,93.7
El Jadid,Morocco,33.2566,-8.5025,2026-09-21,2026-09-16 20:13:12.070305+00:00,28.2,21.9,0.0,0,13.9,28.4,45,open-meteo,4.58,84.79
El Jadid,Morocco,33.2566,-8.5025,2026-09-22,2026-09-16 20:13:12.070305+00:00,27.5,20.6,0.0,0,11.6,24.1,45,open-meteo,3.86,85.3
Ait Melloul,Morocco,30.3342,-9.4972,2026-09-16,2026-09-16 20:13:12.159760+00:00,30.6,21.9,0.0,0,17.6,33.8,1,open-meteo,5.58,96.09
Ait Melloul,Morocco,30.3342,-9.4972,2026-09-17,2026-09-16 20:13:12.159760+00:00,27.4,21.3,0.0,0,16.7,33.8,3,open-meteo,5.47,90.17
Ait Melloul,Morocco,30.3342,-9.4972,2026-09-18,2026-09-16 20:13:12.159760+00:00,26.7,20.2,0.0,0,18.5,37.1,2,open-meteo,6.02,92.79
Ait Melloul,Morocco,30.3342,-9.4972,2026-09-19,2026-09-16 20:13:12.159760+00:00,26.6,20.8,0.0,0,18.8,37.1,3,open-meteo,6.06,89.76
Ait Melloul,Morocco,30.3342,-9.4972,2026-09-20,2026-09-16 20:13:12.159760+00:00,27.2,20.6,0.0,0,18.4,38.2,2,open-meteo,6.12,92.72
Ait Melloul,Morocco,30.3342,-9.4972,2026-09-21,2026-09-16 20:13:12.159760+00:00,36.6,20.2,0.0,0,13.5,28.4,45,open-meteo,10.93,80.35
Ait Melloul,Morocco,30.3342,-9.4972,2026-09-22,2026-09-16 20:13:12.159760+00:00,39.9,26.3,0.0,0,13.0,30.2,3,open-meteo,24.24,77.03
Béni Mellal,Morocco,32.3394,-6.3608,2026-09-16,2026-09-16 20:13:12.246500+00:00,33.1,21.9,0.0,0,18.8,39.6,0,open-meteo,6.31,95.58
Béni Mellal,Morocco,32.3394,-6.3608,2026-09-17,2026-09-16 20:13:12.246500+00:00,30.1,19.4,0.0,0,10.0,25.2,2,open-meteo,3.77,94.36
Béni Mellal,Morocco,32.3394,-6.3608,2026-09-18,2026-09-16 20:13:12.246500+00:00,31.6,18.8,0.0,0,9.6,29.2,3,open-meteo,4.12,91.12
Béni Mellal,Morocco,32.3394,-6.3608,2026-09-19,2026-09-16 20:13:12.246500+00:00,35.7,22.1,0.0,0,14.1,34.9,2,open-meteo,8.05,91.36
Béni Mellal,Morocco,32.3394,-6.3608,2026-09-20,2026-09-16 20:13:12.246500+00:00,37.3,24.9,0.0,3,19.8,45.4,3,open-meteo,16.21,82.65
Béni Mellal,Morocco,32.3394,-6.3608,2026-09-21,2026-09-16 20:13:12.246500+00:00,36.5,25.4,0.9,0,19.1,35.6,3,open-meteo,13.15,84.79
Béni Mellal,Morocco,32.3394,-6.3608,2026-09-22,2026-09-16 20:13:12.246500+00:00,36.5,26.1,0.0,0,19.7,36.7,2,open-meteo,12.13,88.51
Bouskoura,Morocco,33.4489,-7.6486,2026-09-16,2026-09-16 20:13:12.336611+00:00,27.0,20.0,0.0,0,15.3,39.2,45,open-meteo,5.83,83.92
Bouskoura,Morocco,33.4489,-7.6486,2026-09-17,2026-09-16 20:13:12.336611+00:00,26.6,19.0,0.0,0,14.6,37.8,3,open-meteo,5.61,90.07
Bouskoura,Morocco,33.4489,-7.6486,2026-09-18,2026-09-16 20:13:12.336611+00:00,27.1,17.0,0.0,0,16.2,39.2,45,open-meteo,5.95,83.83
Bouskoura,Morocco,33.4489,-7.6486,2026-09-19,2026-09-16 20:13:12.336611+00:00,30.2,18.3,0.0,0,15.4,37.8,45,open-meteo,5.71,84.0
Bouskoura,Morocco,33.4489,-7.6486,2026-09-20,2026-09-16 20:13:12.336611+00:00,34.0,21.4,0.0,0,14.4,37.1,2,open-meteo,5.51,93.14
Bouskoura,Morocco,33.4489,-7.6486,2026-09-21,2026-09-16 20:13:12.336611+00:00,30.7,22.3,0.0,0,12.7,36.0,45,open-meteo,5.19,84.37
Bouskoura,Morocco,33.4489,-7.6486,2026-09-22,2026-09-16 20:13:12.336611+00:00,28.3,20.9,0.0,0,11.5,30.2,45,open-meteo,4.46,84.88
Tiznit,Morocco,29.7,-9.7269,2026-09-16,2026-09-16 20:13:12.430572+00:00,32.1,21.2,0.0,0,21.6,36.7,2,open-meteo,6.37,92.54
Tiznit,Morocco,29.7,-9.7269,2026-09-17,2026-09-16 20:13:12.430572+00:00,23.8,19.8,0.0,0,23.5,38.5,3,open-meteo,6.79,89.25
Tiznit,Morocco,29.7,-9.7269,2026-09-18,2026-09-16 20:13:12.430572+00:00,25.7,19.6,0.0,0,21.2,34.9,2,open-meteo,6.14,92.7
Tiznit,Morocco,29.7,-9.7269,2026-09-19,2026-09-16 20:13:12.430572+00:00,28.0,20.2,0.0,0,13.7,24.1,2,open-meteo,4.12,94.12
Tiznit,Morocco,29.7,-9.7269,2026-09-20,2026-09-16 20:13:12.430572+00:00,28.2,20.7,0.0,0,14.3,25.2,1,open-meteo,4.31,96.98
Tiznit,Morocco,29.7,-9.7269,2026-09-21,2026-09-16 20:13:12.430572+00:00,30.2,22.0,0.0,0,14.2,23.8,3,open-meteo,4.16,91.09
Tiznit,Morocco,29.7,-9.7269,2026-09-22,2026-09-16 20:13:12.430572+00:00,36.4,21.9,0.0,0,11.3,25.2,3,open-meteo,9.53,87.33
Mohammedia,Morocco,33.6833,-7.3833,2026-09-16,2026-09-16 20:13:12.516982+00:00,25.2,20.7,0.0,0,14.9,36.7,2,open-meteo,5.53,93.13
Mohammedia,Morocco,33.6833,-7.3833,2026-09-17,2026-09-16 20:13:12.516982+00:00,25.0,19.4,0.0,0,13.1,32.0,3,open-meteo,4.84,90.61
Mohammedia,Morocco,33.6833,-7.3833,2026-09-18,2026-09-16 20:13:12.516982+00:00,24.4,17.6,0.0,0,13.9,33.5,3,open-meteo,5.09,90.44
Mohammedia,Morocco,33.6833,-7.3833,2026-09-19,2026-09-16 20:13:12.516982+00:00,26.0,17.7,0.0,0,13.4,32.0,45,open-meteo,4.88,84.58
Mohammedia,Morocco,33.6833,-7.3833,2026-09-20,2026-09-16 20:13:12.516982+00:00,29.2,20.3,0.0,0,11.5,28.1,2,open-meteo,4.25,94.02
Mohammedia,Morocco,33.6833,-7.3833,2026-09-21,2026-09-16 20:13:12.516982+00:00,32.3,21.5,0.0,0,16.8,33.8,45,open-meteo,5.48,84.16
Mohammedia,Morocco,33.6833,-7.3833,2026-09-22,2026-09-16 20:13:12.516982+00:00,30.6,20.8,0.0,0,15.4,28.4,45,open-meteo,4.76,84.67
Kouribga,Morocco,32.88,-6.9,2026-09-16,2026-09-16 20:13:12.607324+00:00,31.2,17.9,0.0,0,18.0,33.8,3,open-meteo,5.63,90.06
Kouribga,Morocco,32.88,-6.9,2026-09-17,2026-09-16 20:13:12.607324+00:00,28.7,15.1,0.0,0,18.3,36.4,3,open-meteo,5.93,89.85
Kouribga,Morocco,32.88,-6.9,2026-09-18,2026-09-16 20:13:12.607324+00:00,29.7,15.8,0.0,0,17.8,33.8,3,open-meteo,5.61,90.07
Kouribga,Morocco,32.88,-6.9,2026-09-19,2026-09-16 20:13:12.607324+00:00,34.1,17.6,0.0,0,18.2,37.4,2,open-meteo,6.02,92.79
Kouribga,Morocco,32.88,-6.9,2026-09-20,2026-09-16 20:13:12.607324+00:00,36.9,22.7,0.0,8,13.4,34.2,3,open-meteo,12.69,85.12
Kouribga,Morocco,32.88,-6.9,2026-09-21,2026-09-16 20:13:12.607324+00:00,34.5,22.3,0.6,0,12.7,28.8,3,open-meteo,5.27,90.31
Kouribga,Morocco,32.88,-6.9,2026-09-22,2026-09-16 20:13:12.607324+00:00,34.2,19.7,0.3,0,17.3,39.6,2,open-meteo,6.52,92.44
Settat,Morocco,33.0023,-7.6198,2026-09-16,2026-09-16 20:13:12.697221+00:00,30.4,19.1,0.0,0,17.2,36.7,2,open-meteo,5.82,92.93
Settat,Morocco,33.0023,-7.6198,2026-09-17,2026-09-16 20:13:12.697221+00:00,27.9,17.1,0.0,0,17.7,37.8,45,open-meteo,5.99,83.81
Settat,Morocco,33.0023,-7.6198,2026-09-18,2026-09-16 20:13:12.697221+00:00,29.4,16.4,0.0,0,18.4,38.9,45,open-meteo,6.19,83.67
Settat,Morocco,33.0023,-7.6198,2026-09-19,2026-09-16 20:13:12.697221+00:00,33.4,16.7,0.0,0,17.5,37.1,2,open-meteo,5.9,92.87
Settat,Morocco,33.0023,-7.6198,2026-09-20,2026-09-16 20:13:12.697221+00:00,38.4,21.9,0.3,8,14.6,35.6,3,open-meteo,19.38,80.43
Settat,Morocco,33.0023,-7.6198,2026-09-21,2026-09-16 20:13:12.697221+00:00,35.6,24.2,0.0,0,13.8,28.4,2,open-meteo,6.97,92.12
Settat,Morocco,33.0023,-7.6198,2026-09-22,2026-09-16 20:13:12.697221+00:00,37.0,18.1,0.0,0,18.1,36.0,1,open-meteo,13.86,90.3
Barrechid,Morocco,33.27,-7.5872,2026-09-16,2026-09-16 20:13:12.787116+00:00,29.3,19.5,0.0,0,18.0,33.1,2,open-meteo,5.56,93.11
Barrechid,Morocco,33.27,-7.5872,2026-09-17,2026-09-16 20:13:12.787116+00:00,28.0,17.6,0.0,0,17.6,31.7,3,open-meteo,5.37,90.24
Barrechid,Morocco,33.27,-7.5872,2026-09-18,2026-09-16 20:13:12.787116+00:00,29.3,16.8,0.0,0,19.1,34.6,45,open-meteo,5.85,83.91
Barrechid,Morocco,33.27,-7.5872,2026-09-19,2026-09-16 20:13:12.787116+00:00,33.3,16.7,0.0,0,18.0,32.8,45,open-meteo,5.53,84.13
Barrechid,Morocco,33.27,-7.5872,2026-09-20,2026-09-16 20:13:12.787116+00:00,37.9,20.7,0.0,0,21.0,38.9,2,open-meteo,18.11,84.32
Barrechid,Morocco,33.27,-7.5872,2026-09-21,2026-09-16 20:13:12.787116+00:00,34.2,22.6,0.0,0,18.6,33.1,2,open-meteo,5.64,93.05
Barrechid,Morocco,33.27,-7.5872,2026-09-22,2026-09-16 20:13:12.787116+00:00,34.9,19.8,0.0,0,18.2,33.1,45,open-meteo,5.58,84.09
Ad Dakhla,Morocco,23.7167,-15.95,2026-09-16,2026-09-16 20:13:12.876764+00:00,23.8,22.0,0.0,2,34.8,42.8,0,open-meteo,8.63,93.96
Ad Dakhla,Morocco,23.7167,-15.95,2026-09-17,2026-09-16 20:13:12.876764+00:00,22.0,20.3,0.0,0,43.0,55.1,2,open-meteo,10.88,89.38
Ad Dakhla,Morocco,23.7167,-15.95,2026-09-18,2026-09-16 20:13:12.876764+00:00,21.2,20.4,0.0,0,35.6,44.6,0,open-meteo,8.91,93.76
Ad Dakhla,Morocco,23.7167,-15.95,2026-09-19,2026-09-16 20:13:12.876764+00:00,21.0,20.1,0.0,0,29.9,37.4,1,open-meteo,7.48,94.76
Ad Dakhla,Morocco,23.7167,-15.95,2026-09-20,2026-09-16 20:13:12.876764+00:00,21.4,19.5,0.0,0,31.6,41.0,0,open-meteo,8.05,94.36
Ad Dakhla,Morocco,23.7167,-15.95,2026-09-21,2026-09-16 20:13:12.876764+00:00,21.5,20.3,0.0,9,30.7,40.3,0,open-meteo,7.87,94.49
Ad Dakhla,Morocco,23.7167,-15.95,2026-09-22,2026-09-16 20:13:12.876764+00:00,21.8,19.9,0.0,6,28.1,38.2,0,open-meteo,7.33,94.87
Nador,Morocco,35.1667,-2.9333,2026-09-16,2026-09-16 20:13:12.963904+00:00,29.7,21.6,0.0,0,10.2,25.2,2,open-meteo,3.79,94.35
Nador,Morocco,35.1667,-2.9333,2026-09-17,2026-09-16 20:13:12.963904+00:00,26.9,22.0,0.1,0,14.6,32.4,3,open-meteo,5.2,90.36
Nador,Morocco,35.1667,-2.9333,2026-09-18,2026-09-16 20:13:12.963904+00:00,25.4,21.8,0.1,3,14.8,33.1,3,open-meteo,5.29,90.3
Nador,Morocco,35.1667,-2.9333,2026-09-19,2026-09-16 20:13:12.963904+00:00,25.4,22.7,0.7,0,23.2,50.4,80,open-meteo,8.87,77.29
Nador,Morocco,35.1667,-2.9333,2026-09-20,2026-09-16 20:13:12.963904+00:00,25.1,23.4,3.6,0,21.3,45.0,80,open-meteo,11.96,75.13
Nador,Morocco,35.1667,-2.9333,2026-09-21,2026-09-16 20:13:12.963904+00:00,26.4,22.5,0.75,3,22.2,38.5,3,open-meteo,7.63,88.66
Nador,Morocco,35.1667,-2.9333,2026-09-22,2026-09-16 20:13:12.963904+00:00,27.0,21.2,0.0,0,19.4,34.2,45,open-meteo,5.85,83.91
Inezgane,Morocco,30.3658,-9.5381,2026-09-16,2026-09-16 20:13:13.141591+00:00,31.7,22.3,0.0,0,10.9,31.0,45,open-meteo,4.46,84.88
Inezgane,Morocco,30.3658,-9.5381,2026-09-17,2026-09-16 20:13:13.141591+00:00,27.0,20.8,0.0,0,13.7,38.5,3,open-meteo,5.56,90.11
Inezgane,Morocco,30.3658,-9.5381,2026-09-18,2026-09-16 20:13:13.141591+00:00,25.5,19.8,0.0,0,14.1,40.3,2,open-meteo,5.79,92.95
Inezgane,Morocco,30.3658,-9.5381,2026-09-19,2026-09-16 20:13:13.141591+00:00,25.6,20.6,0.0,0,13.3,38.2,3,open-meteo,5.48,90.16
Inezgane,Morocco,30.3658,-9.5381,2026-09-20,2026-09-16 20:13:13.141591+00:00,26.0,19.9,0.0,0,13.8,40.0,45,open-meteo,5.73,83.99
Inezgane,Morocco,30.3658,-9.5381,2026-09-21,2026-09-16 20:13:13.141591+00:00,36.6,20.4,0.0,0,13.5,28.4,3,open-meteo,10.93,86.35
Inezgane,Morocco,30.3658,-9.5381,2026-09-22,2026-09-16 20:13:13.141591+00:00,39.9,26.3,0.0,0,13.0,30.2,3,open-meteo,24.24,77.03
Larache,Morocco,35.1833,-6.15,2026-09-16,2026-09-16 20:13:13.229673+00:00,26.4,18.0,0.0,0,18.2,34.2,3,open-meteo,5.7,90.01
Larache,Morocco,35.1833,-6.15,2026-09-17,2026-09-16 20:13:13.229673+00:00,25.7,18.1,0.0,0,13.0,24.8,3,open-meteo,4.11,91.12
Larache,Morocco,35.1833,-6.15,2026-09-18,2026-09-16 20:13:13.229673+00:00,26.7,15.1,0.0,0,17.4,33.8,45,open-meteo,5.55,84.11
Larache,Morocco,35.1833,-6.15,2026-09-19,2026-09-16 20:13:13.229673+00:00,34.2,17.2,0.0,0,18.4,35.3,1,open-meteo,5.83,95.92
Larache,Morocco,35.1833,-6.15,2026-09-20,2026-09-16 20:13:13.229673+00:00,37.6,21.9,0.0,0,16.6,33.1,1,open-meteo,15.79,88.95
Larache,Morocco,35.1833,-6.15,2026-09-21,2026-09-16 20:13:13.229673+00:00,33.8,20.9,0.0,0,12.6,23.8,0,open-meteo,3.96,97.23
Larache,Morocco,35.1833,-6.15,2026-09-22,2026-09-16 20:13:13.229673+00:00,33.0,18.7,0.0,0,15.0,28.1,1,open-meteo,4.69,96.72
Al Khmissat,Morocco,33.81,-6.06,2026-09-16,2026-09-16 20:13:13.319107+00:00,31.4,17.9,0.0,0,19.2,39.2,2,open-meteo,6.32,92.58
Al Khmissat,Morocco,33.81,-6.06,2026-09-17,2026-09-16 20:13:13.319107+00:00,28.5,16.4,0.0,0,14.6,30.2,3,open-meteo,4.84,90.61
Al Khmissat,Morocco,33.81,-6.06,2026-09-18,2026-09-16 20:13:13.319107+00:00,29.7,15.9,0.0,0,15.6,32.8,3,open-meteo,5.23,90.34
Al Khmissat,Morocco,33.81,-6.06,2026-09-19,2026-09-16 20:13:13.319107+00:00,34.7,17.7,0.0,0,13.3,27.7,2,open-meteo,4.43,93.9
Al Khmissat,Morocco,33.81,-6.06,2026-09-20,2026-09-16 20:13:13.319107+00:00,38.0,20.5,0.0,5,17.2,38.5,3,open-meteo,18.0,81.4
Al Khmissat,Morocco,33.81,-6.06,2026-09-21,2026-09-16 20:13:13.319107+00:00,37.0,21.3,0.0,3,16.3,31.7,1,open-meteo,13.21,90.75
Al Khmissat,Morocco,33.81,-6.06,2026-09-22,2026-09-16 20:13:13.319107+00:00,35.6,17.9,0.0,3,15.1,30.2,3,open-meteo,7.31,88.88
Guelmim,Morocco,28.9833,-10.0667,2026-09-16,2026-09-16 20:13:13.409731+00:00,34.3,20.1,0.0,0,28.2,46.4,1,open-meteo,8.16,94.29
Guelmim,Morocco,28.9833,-10.0667,2026-09-17,2026-09-16 20:13:13.409731+00:00,24.4,19.0,0.0,0,29.2,48.2,3,open-meteo,8.47,88.07
Guelmim,Morocco,28.9833,-10.0667,2026-09-18,2026-09-16 20:13:13.409731+00:00,26.8,18.0,0.0,0,23.8,41.8,2,open-meteo,7.16,91.99
Guelmim,Morocco,28.9833,-10.0667,2026-09-19,2026-09-16 20:13:13.409731+00:00,29.4,18.2,0.0,0,20.3,35.3,3,open-meteo,6.07,89.75
Guelmim,Morocco,28.9833,-10.0667,2026-09-20,2026-09-16 20:13:13.409731+00:00,33.6,17.2,0.0,0,21.1,39.6,1,open-meteo,6.6,95.38
Guelmim,Morocco,28.9833,-10.0667,2026-09-21,2026-09-16 20:13:13.409731+00:00,39.9,21.9,0.0,0,19.2,34.2,1,open-meteo,25.42,82.21
Guelmim,Morocco,28.9833,-10.0667,2026-09-22,2026-09-16 20:13:13.409731+00:00,36.8,24.7,0.0,0,15.0,35.3,0,open-meteo,12.6,91.18
Ksar El Kebir,Morocco,35.0,-5.9,2026-09-16,2026-09-16 20:13:13.497140+00:00,29.6,19.7,0.0,0,16.4,32.4,3,open-meteo,5.29,90.3
Ksar El Kebir,Morocco,35.0,-5.9,2026-09-17,2026-09-16 20:13:13.497140+00:00,28.7,19.0,0.0,0,15.3,29.5,3,open-meteo,4.86,90.6
Ksar El Kebir,Morocco,35.0,-5.9,2026-09-18,2026-09-16 20:13:13.497140+00:00,30.4,16.5,0.0,0,18.8,36.0,45,open-meteo,5.95,83.83
Ksar El Kebir,Morocco,35.0,-5.9,2026-09-19,2026-09-16 20:13:13.497140+00:00,35.5,18.0,0.0,0,13.8,27.4,45,open-meteo,6.46,83.48
Ksar El Kebir,Morocco,35.0,-5.9,2026-09-20,2026-09-16 20:13:13.497140+00:00,38.3,21.5,0.0,0,8.2,20.9,1,open-meteo,16.31,88.58
Ksar El Kebir,Morocco,35.0,-5.9,2026-09-21,2026-09-16 20:13:13.497140+00:00,37.1,21.7,0.0,0,11.5,25.2,0,open-meteo,12.36,91.35
Ksar El Kebir,Morocco,35.0,-5.9,2026-09-22,2026-09-16 20:13:13.497140+00:00,36.0,20.7,0.0,0,12.0,24.8,1,open-meteo,7.98,94.41
Khénifra,Morocco,32.93,-5.66,2026-09-16,2026-09-16 20:13:13.584853+00:00,31.5,16.1,0.0,0,15.9,32.0,2,open-meteo,5.19,93.37
Khénifra,Morocco,32.93,-5.66,2026-09-17,2026-09-16 20:13:13.584853+00:00,32.0,15.8,0.0,0,17.2,33.1,3,open-meteo,5.46,90.18
Khénifra,Morocco,32.93,-5.66,2026-09-18,2026-09-16 20:13:13.584853+00:00,31.7,15.5,0.0,0,18.4,33.5,3,open-meteo,5.65,90.04
Khénifra,Morocco,32.93,-5.66,2026-09-19,2026-09-16 20:13:13.584853+00:00,34.5,17.8,0.0,3,15.8,32.0,3,open-meteo,5.18,90.37
Khénifra,Morocco,32.93,-5.66,2026-09-20,2026-09-16 20:13:13.584853+00:00,36.2,21.4,0.0,13,15.3,40.3,3,open-meteo,10.74,86.48
Khénifra,Morocco,32.93,-5.66,2026-09-21,2026-09-16 20:13:13.584853+00:00,35.2,19.7,0.0,5,19.5,46.1,3,open-meteo,7.85,88.5
Khénifra,Morocco,32.93,-5.66,2026-09-22,2026-09-16 20:13:13.584853+00:00,33.7,20.1,0.0,5,17.0,31.3,2,open-meteo,5.25,93.33
Skhirate,Morocco,33.85,-7.03,2026-09-16,2026-09-16 20:13:13.675298+00:00,24.8,20.6,0.0,0,15.8,36.0,2,open-meteo,5.58,93.09
Skhirate,Morocco,33.85,-7.03,2026-09-17,2026-09-16 20:13:13.675298+00:00,24.5,19.0,0.0,0,12.5,28.8,3,open-meteo,4.44,90.89
Skhirate,Morocco,33.85,-7.03,2026-09-18,2026-09-16 20:13:13.675298+00:00,24.2,17.4,0.0,0,14.5,31.7,3,open-meteo,4.98,90.51
Skhirate,Morocco,33.85,-7.03,2026-09-19,2026-09-16 20:13:13.675298+00:00,26.3,16.7,0.0,0,13.3,28.8,2,open-meteo,4.54,93.82
Skhirate,Morocco,33.85,-7.03,2026-09-20,2026-09-16 20:13:13.675298+00:00,29.7,19.7,0.0,0,12.1,27.4,2,open-meteo,4.25,94.02
Skhirate,Morocco,33.85,-7.03,2026-09-21,2026-09-16 20:13:13.675298+00:00,27.6,20.8,0.0,0,12.5,26.6,1,open-meteo,4.22,97.05
Skhirate,Morocco,33.85,-7.03,2026-09-22,2026-09-16 20:13:13.675298+00:00,25.8,20.7,0.0,0,10.6,22.3,45,open-meteo,3.55,85.52
Beni Yakhlef,Morocco,33.6555,-7.3221,2026-09-16,2026-09-16 20:13:13.772210+00:00,26.5,19.4,0.0,0,17.9,34.9,2,open-meteo,5.73,92.99
Beni Yakhlef,Morocco,33.6555,-7.3221,2026-09-17,2026-09-16 20:13:13.772210+00:00,26.5,18.6,0.0,0,16.6,31.0,3,open-meteo,5.18,90.37
Beni Yakhlef,Morocco,33.6555,-7.3221,2026-09-18,2026-09-16 20:13:13.772210+00:00,26.2,16.1,0.0,0,18.3,33.5,45,open-meteo,5.64,84.05
Beni Yakhlef,Morocco,33.6555,-7.3221,2026-09-19,2026-09-16 20:13:13.772210+00:00,29.0,16.3,0.0,0,17.5,32.4,45,open-meteo,5.43,84.2
Beni Yakhlef,Morocco,33.6555,-7.3221,2026-09-20,2026-09-16 20:13:13.772210+00:00,32.8,19.9,0.0,0,16.2,29.9,2,open-meteo,5.01,93.49
Beni Yakhlef,Morocco,33.6555,-7.3221,2026-09-21,2026-09-16 20:13:13.772210+00:00,32.1,21.4,0.0,0,16.8,33.8,45,open-meteo,5.48,84.16
Beni Yakhlef,Morocco,33.6555,-7.3221,2026-09-22,2026-09-16 20:13:13.772210+00:00,30.0,20.3,0.0,0,15.4,28.4,45,open-meteo,4.76,84.67
Sidi Yahya Zaer,Morocco,33.7105,-6.8831,2026-09-16,2026-09-16 20:13:13.864046+00:00,27.5,18.5,0.0,0,19.8,42.1,2,open-meteo,6.69,92.32
Sidi Yahya Zaer,Morocco,33.7105,-6.8831,2026-09-17,2026-09-16 20:13:13.864046+00:00,26.6,16.5,0.0,0,16.5,33.8,45,open-meteo,5.44,84.19
Sidi Yahya Zaer,Morocco,33.7105,-6.8831,2026-09-18,2026-09-16 20:13:13.864046+00:00,27.8,15.7,0.0,0,16.6,33.8,45,open-meteo,5.46,84.18
Sidi Yahya Zaer,Morocco,33.7105,-6.8831,2026-09-19,2026-09-16 20:13:13.864046+00:00,32.3,16.3,0.0,0,16.5,33.5,2,open-meteo,5.41,93.21
Sidi Yahya Zaer,Morocco,33.7105,-6.8831,2026-09-20,2026-09-16 20:13:13.864046+00:00,37.3,20.5,0.0,0,20.6,40.7,2,open-meteo,15.84,85.91
Sidi Yahya Zaer,Morocco,33.7105,-6.8831,2026-09-21,2026-09-16 20:13:13.864046+00:00,34.1,20.6,0.0,0,17.9,36.7,1,open-meteo,5.91,95.86
Sidi Yahya Zaer,Morocco,33.7105,-6.8831,2026-09-22,2026-09-16 20:13:13.864046+00:00,32.7,18.0,0.0,0,15.0,30.6,3,open-meteo,4.94,90.54
Ben Guerir,Morocco,32.23,-7.95,2026-09-16,2026-09-16 20:13:13.955661+00:00,33.1,18.9,0.0,0,19.4,38.2,2,open-meteo,6.25,92.62
Ben Guerir,Morocco,32.23,-7.95,2026-09-17,2026-09-16 20:13:13.955661+00:00,29.2,16.8,0.0,0,17.7,36.0,3,open-meteo,5.81,89.93
Ben Guerir,Morocco,32.23,-7.95,2026-09-18,2026-09-16 20:13:13.955661+00:00,30.3,16.4,0.0,0,16.3,33.1,2,open-meteo,5.35,93.25
Ben Guerir,Morocco,32.23,-7.95,2026-09-19,2026-09-16 20:13:13.955661+00:00,34.3,18.1,0.0,0,16.9,34.6,2,open-meteo,5.57,93.1
Ben Guerir,Morocco,32.23,-7.95,2026-09-20,2026-09-16 20:13:13.955661+00:00,38.2,24.4,0.3,10,13.2,27.0,3,open-meteo,17.55,81.72
Ben Guerir,Morocco,32.23,-7.95,2026-09-21,2026-09-16 20:13:13.955661+00:00,36.4,23.8,0.0,0,18.1,32.0,3,open-meteo,11.06,86.26
Ben Guerir,Morocco,32.23,-7.95,2026-09-22,2026-09-16 20:13:13.955661+00:00,37.0,21.8,0.0,0,21.5,39.2,3,open-meteo,14.61,83.77
Ait Ali,Morocco,30.1739,-9.4881,2026-09-16,2026-09-16 20:13:14.050942+00:00,32.1,22.2,0.0,0,25.4,41.4,1,open-meteo,7.31,94.88
Ait Ali,Morocco,30.1739,-9.4881,2026-09-17,2026-09-16 20:13:14.050942+00:00,27.2,20.9,0.0,0,24.9,40.7,3,open-meteo,7.18,88.97
Ait Ali,Morocco,30.1739,-9.4881,2026-09-18,2026-09-16 20:13:14.050942+00:00,26.8,19.9,0.0,0,23.2,37.1,2,open-meteo,6.61,92.37
Ait Ali,Morocco,30.1739,-9.4881,2026-09-19,2026-09-16 20:13:14.050942+00:00,26.9,20.6,0.0,0,20.2,32.8,3,open-meteo,5.8,89.94
Ait Ali,Morocco,30.1739,-9.4881,2026-09-20,2026-09-16 20:13:14.050942+00:00,27.5,20.6,0.0,0,19.2,33.8,2,open-meteo,5.78,92.95
Ait Ali,Morocco,30.1739,-9.4881,2026-09-21,2026-09-16 20:13:14.050942+00:00,32.3,20.6,0.0,0,17.8,31.0,3,open-meteo,5.33,90.27
Ait Ali,Morocco,30.1739,-9.4881,2026-09-22,2026-09-16 20:13:14.050942+00:00,38.1,22.6,0.0,0,17.7,32.0,3,open-meteo,17.81,81.53
My Drarga,Morocco,30.3805,-9.4763,2026-09-16,2026-09-16 20:13:14.157777+00:00,31.9,22.8,0.0,0,15.2,33.8,45,open-meteo,5.28,84.3
My Drarga,Morocco,30.3805,-9.4763,2026-09-17,2026-09-16 20:13:14.157777+00:00,27.7,20.7,0.0,0,17.9,40.3,3,open-meteo,6.27,89.61
My Drarga,Morocco,30.3805,-9.4763,2026-09-18,2026-09-16 20:13:14.157777+00:00,26.8,19.8,0.0,0,18.4,40.3,2,open-meteo,6.33,92.57
My Drarga,Morocco,30.3805,-9.4763,2026-09-19,2026-09-16 20:13:14.157777+00:00,27.3,20.6,0.0,0,15.7,35.3,3,open-meteo,5.49,90.16
My Drarga,Morocco,30.3805,-9.4763,2026-09-20,2026-09-16 20:13:14.157777+00:00,27.5,20.5,0.0,0,16.6,38.2,45,open-meteo,5.9,83.87
My Drarga,Morocco,30.3805,-9.4763,2026-09-21,2026-09-16 20:13:14.157777+00:00,36.5,21.2,0.0,0,13.5,28.4,3,open-meteo,10.53,86.63
My Drarga,Morocco,30.3805,-9.4763,2026-09-22,2026-09-16 20:13:14.157777+00:00,39.8,26.2,0.0,0,13.0,30.2,3,open-meteo,23.84,77.31
Lqoliaa,Morocco,30.2942,-9.4544,2026-09-16,2026-09-16 20:13:14.247073+00:00,32.3,21.7,0.0,0,20.3,42.1,1,open-meteo,6.75,95.27
Lqoliaa,Morocco,30.2942,-9.4544,2026-09-17,2026-09-16 20:13:14.247073+00:00,28.1,21.0,0.0,0,18.4,38.9,3,open-meteo,6.19,89.67
Lqoliaa,Morocco,30.2942,-9.4544,2026-09-18,2026-09-16 20:13:14.247073+00:00,27.6,19.9,0.0,0,19.6,42.5,2,open-meteo,6.7,92.31
Lqoliaa,Morocco,30.2942,-9.4544,2026-09-19,2026-09-16 20:13:14.247073+00:00,27.5,20.6,0.0,0,19.5,42.5,3,open-meteo,6.69,89.32
Lqoliaa,Morocco,30.2942,-9.4544,2026-09-20,2026-09-16 20:13:14.247073+00:00,27.9,20.3,0.0,0,19.5,44.3,2,open-meteo,6.87,92.19
Lqoliaa,Morocco,30.2942,-9.4544,2026-09-21,2026-09-16 20:13:14.247073+00:00,31.2,19.8,0.0,0,16.2,37.1,45,open-meteo,5.73,83.99
Lqoliaa,Morocco,30.2942,-9.4544,2026-09-22,2026-09-16 20:13:14.247073+00:00,38.5,21.2,0.0,0,16.0,35.6,3,open-meteo,19.56,80.31
El Kelaa des Srarhna,Morocco,32.05,-7.4,2026-09-16,2026-09-16 20:13:14.334950+00:00,34.2,20.7,0.0,0,19.3,32.4,2,open-meteo,5.65,93.04
El Kelaa des Srarhna,Morocco,32.05,-7.4,2026-09-17,2026-09-16 20:13:14.334950+00:00,30.5,17.6,0.0,0,16.9,28.8,3,open-meteo,4.99,90.51
El Kelaa des Srarhna,Morocco,32.05,-7.4,2026-09-18,2026-09-16 20:13:14.334950+00:00,31.3,17.8,0.0,0,13.8,24.1,3,open-meteo,4.14,91.1
El Kelaa des Srarhna,Morocco,32.05,-7.4,2026-09-19,2026-09-16 20:13:14.334950+00:00,35.4,19.3,0.0,0,17.7,30.2,2,open-meteo,6.83,92.22
El Kelaa des Srarhna,Morocco,32.05,-7.4,2026-09-20,2026-09-16 20:13:14.334950+00:00,39.0,22.9,0.3,18,19.1,30.6,3,open-meteo,21.85,78.7
El Kelaa des Srarhna,Morocco,32.05,-7.4,2026-09-21,2026-09-16 20:13:14.334950+00:00,34.9,23.2,0.3,5,12.7,23.8,3,open-meteo,4.37,90.94
El Kelaa des Srarhna,Morocco,32.05,-7.4,2026-09-22,2026-09-16 20:13:14.334950+00:00,37.0,20.0,0.0,3,19.9,33.5,3,open-meteo,13.84,84.31
Moulay Abdallah,Morocco,33.1978,-8.5883,2026-09-16,2026-09-16 20:13:14.423619+00:00,25.9,21.5,0.0,0,19.5,31.0,45,open-meteo,5.54,84.12
Moulay Abdallah,Morocco,33.1978,-8.5883,2026-09-17,2026-09-16 20:13:14.423619+00:00,26.1,20.6,0.0,0,17.0,26.6,3,open-meteo,4.79,90.65
Moulay Abdallah,Morocco,33.1978,-8.5883,2026-09-18,2026-09-16 20:13:14.423619+00:00,26.0,19.6,0.0,0,21.1,34.2,3,open-meteo,6.06,89.76
Moulay Abdallah,Morocco,33.1978,-8.5883,2026-09-19,2026-09-16 20:13:14.423619+00:00,26.9,20.7,0.0,0,18.8,30.2,2,open-meteo,5.37,93.24
Moulay Abdallah,Morocco,33.1978,-8.5883,2026-09-20,2026-09-16 20:13:14.423619+00:00,30.0,21.5,0.0,0,16.7,29.5,2,open-meteo,5.04,93.47
Moulay Abdallah,Morocco,33.1978,-8.5883,2026-09-21,2026-09-16 20:13:14.423619+00:00,27.4,21.3,0.0,0,14.4,26.3,45,open-meteo,4.43,84.9
Moulay Abdallah,Morocco,33.1978,-8.5883,2026-09-22,2026-09-16 20:13:14.423619+00:00,27.6,20.4,0.0,0,12.1,23.8,45,open-meteo,3.89,85.28
Tiflet,Morocco,33.9,-6.33,2026-09-16,2026-09-16 20:13:14.510361+00:00,29.4,18.4,0.0,0,19.5,41.0,2,open-meteo,6.54,92.42
Tiflet,Morocco,33.9,-6.33,2026-09-17,2026-09-16 20:13:14.510361+00:00,27.9,16.3,0.0,0,14.4,29.9,45,open-meteo,4.79,84.65
Tiflet,Morocco,33.9,-6.33,2026-09-18,2026-09-16 20:13:14.510361+00:00,29.4,15.9,0.0,0,16.6,34.2,3,open-meteo,5.5,90.15
Tiflet,Morocco,33.9,-6.33,2026-09-19,2026-09-16 20:13:14.510361+00:00,34.4,17.7,0.0,0,16.6,34.2,3,open-meteo,5.5,90.15
Tiflet,Morocco,33.9,-6.33,2026-09-20,2026-09-16 20:13:14.510361+00:00,38.2,21.0,0.0,5,16.9,37.1,3,open-meteo,18.62,80.97
Tiflet,Morocco,33.9,-6.33,2026-09-21,2026-09-16 20:13:14.510361+00:00,37.6,22.7,0.0,0,17.7,36.7,1,open-meteo,16.28,88.6
Tiflet,Morocco,33.9,-6.33,2026-09-22,2026-09-16 20:13:14.510361+00:00,35.3,20.4,0.0,0,15.7,32.4,3,open-meteo,6.4,89.52
Oulad Teïma,Morocco,30.4,-9.21,2026-09-16,2026-09-16 20:13:14.600068+00:00,35.7,21.9,0.0,0,21.1,40.0,1,open-meteo,9.44,93.39
Oulad Teïma,Morocco,30.4,-9.21,2026-09-17,2026-09-16 20:13:14.600068+00:00,30.0,20.0,0.0,0,25.0,48.2,3,open-meteo,7.95,88.43
Oulad Teïma,Morocco,30.4,-9.21,2026-09-18,2026-09-16 20:13:14.600068+00:00,30.0,19.2,0.0,0,22.4,42.5,2,open-meteo,7.05,92.06
Oulad Teïma,Morocco,30.4,-9.21,2026-09-19,2026-09-16 20:13:14.600068+00:00,30.7,20.3,0.0,0,22.9,43.2,2,open-meteo,7.18,91.97
Oulad Teïma,Morocco,30.4,-9.21,2026-09-20,2026-09-16 20:13:14.600068+00:00,30.3,20.0,0.0,0,25.3,48.2,2,open-meteo,7.98,91.41
Oulad Teïma,Morocco,30.4,-9.21,2026-09-21,2026-09-16 20:13:14.600068+00:00,35.7,21.1,0.0,0,23.0,40.7,3,open-meteo,9.75,87.17
Oulad Teïma,Morocco,30.4,-9.21,2026-09-22,2026-09-16 20:13:14.600068+00:00,40.3,21.7,0.0,0,13.6,27.0,3,open-meteo,25.6,76.08
Berkane,Morocco,34.9167,-2.3167,2026-09-16,2026-09-16 20:13:14.692884+00:00,31.6,17.7,0.0,0,12.3,29.2,1,open-meteo,4.46,96.88
Berkane,Morocco,34.9167,-2.3167,2026-09-17,2026-09-16 20:13:14.692884+00:00,25.4,18.3,0.0,0,13.9,29.5,3,open-meteo,4.69,90.72
Berkane,Morocco,34.9167,-2.3167,2026-09-18,2026-09-16 20:13:14.692884+00:00,26.0,17.8,0.0,3,18.5,38.9,3,open-meteo,6.2,89.66
Berkane,Morocco,34.9167,-2.3167,2026-09-19,2026-09-16 20:13:14.692884+00:00,26.2,19.2,0.0,0,24.2,49.0,45,open-meteo,7.92,82.46
Berkane,Morocco,34.9167,-2.3167,2026-09-20,2026-09-16 20:13:14.692884+00:00,26.2,19.6,0.0,0,18.6,39.2,45,open-meteo,6.25,83.62
Berkane,Morocco,34.9167,-2.3167,2026-09-21,2026-09-16 20:13:14.692884+00:00,27.1,19.4,0.0,3,14.6,29.2,45,open-meteo,4.75,84.67
Berkane,Morocco,34.9167,-2.3167,2026-09-22,2026-09-16 20:13:14.692884+00:00,27.4,19.9,0.0,0,13.1,25.6,45,open-meteo,4.2,85.06
Ain El Aouda,Morocco,33.8111,-6.7922,2026-09-16,2026-09-16 20:13:14.791570+00:00,26.9,18.6,0.0,0,20.1,41.0,2,open-meteo,6.61,92.37
Ain El Aouda,Morocco,33.8111,-6.7922,2026-09-17,2026-09-16 20:13:14.791570+00:00,26.7,16.7,0.0,0,15.5,31.3,3,open-meteo,5.07,90.45
Ain El Aouda,Morocco,33.8111,-6.7922,2026-09-18,2026-09-16 20:13:14.791570+00:00,28.0,15.3,0.0,0,16.1,32.0,45,open-meteo,5.21,84.35
Ain El Aouda,Morocco,33.8111,-6.7922,2026-09-19,2026-09-16 20:13:14.791570+00:00,32.4,15.1,0.0,0,16.9,33.5,45,open-meteo,5.46,84.18
Ain El Aouda,Morocco,33.8111,-6.7922,2026-09-20,2026-09-16 20:13:14.791570+00:00,37.2,19.2,0.0,0,17.9,36.0,2,open-meteo,14.64,86.75
Ain El Aouda,Morocco,33.8111,-6.7922,2026-09-21,2026-09-16 20:13:14.791570+00:00,35.2,20.7,0.0,0,17.1,34.9,1,open-meteo,6.43,95.5
Ain El Aouda,Morocco,33.8111,-6.7922,2026-09-22,2026-09-16 20:13:14.791570+00:00,33.4,18.8,0.0,0,15.0,29.2,45,open-meteo,4.8,84.64
Errachidia,Morocco,31.9319,-4.4244,2026-09-16,2026-09-16 20:13:14.879669+00:00,33.3,22.9,0.0,0,19.9,39.6,3,open-meteo,6.45,89.48
Errachidia,Morocco,31.9319,-4.4244,2026-09-17,2026-09-16 20:13:14.879669+00:00,32.2,20.8,0.4,35,17.7,35.3,3,open-meteo,6.28,89.6
Errachidia,Morocco,31.9319,-4.4244,2026-09-18,2026-09-16 20:13:14.879669+00:00,32.4,19.9,0.0,35,16.6,33.1,3,open-meteo,5.39,90.23
Errachidia,Morocco,31.9319,-4.4244,2026-09-19,2026-09-16 20:13:14.879669+00:00,32.2,20.5,0.0,13,8.7,20.2,3,open-meteo,3.11,91.82
Errachidia,Morocco,31.9319,-4.4244,2026-09-20,2026-09-16 20:13:14.879669+00:00,32.4,22.2,0.0,13,8.0,20.2,3,open-meteo,3.02,91.89
Errachidia,Morocco,31.9319,-4.4244,2026-09-21,2026-09-16 20:13:14.879669+00:00,30.4,22.0,2.1,37,17.4,28.4,80,open-meteo,7.81,78.03
Errachidia,Morocco,31.9319,-4.4244,2026-09-22,2026-09-16 20:13:14.879669+00:00,30.6,18.3,0.0,38,14.0,24.5,3,open-meteo,4.2,91.06
Al Fqih Ben Çalah,Morocco,32.507,-6.6886,2026-09-16,2026-09-16 20:13:14.972489+00:00,35.4,18.6,0.0,0,15.1,29.2,3,open-meteo,6.41,89.51
Al Fqih Ben Çalah,Morocco,32.507,-6.6886,2026-09-17,2026-09-16 20:13:14.972489+00:00,33.5,16.4,0.0,0,15.3,28.4,2,open-meteo,4.75,93.67
Al Fqih Ben Çalah,Morocco,32.507,-6.6886,2026-09-18,2026-09-16 20:13:14.972489+00:00,33.7,16.9,0.0,0,9.7,18.7,3,open-meteo,3.08,91.84
Al Fqih Ben Çalah,Morocco,32.507,-6.6886,2026-09-19,2026-09-16 20:13:14.972489+00:00,38.1,18.7,0.0,3,13.0,25.2,2,open-meteo,16.55,85.41
Al Fqih Ben Çalah,Morocco,32.507,-6.6886,2026-09-20,2026-09-16 20:13:14.972489+00:00,40.3,23.4,0.0,8,12.1,25.2,3,open-meteo,25.23,76.34
Al Fqih Ben Çalah,Morocco,32.507,-6.6886,2026-09-21,2026-09-16 20:13:14.972489+00:00,37.5,23.8,0.9,3,15.1,28.8,80,open-meteo,15.97,72.32
Al Fqih Ben Çalah,Morocco,32.507,-6.6886,2026-09-22,2026-09-16 20:13:14.972489+00:00,38.2,19.3,0.0,0,16.2,28.8,1,open-meteo,17.71,87.6
Ad Darwa,Morocco,33.4167,-7.5333,2026-09-16,2026-09-16 20:13:15.060791+00:00,27.8,19.7,0.0,0,16.1,33.1,45,open-meteo,5.32,84.28
Ad Darwa,Morocco,33.4167,-7.5333,2026-09-17,2026-09-16 20:13:15.060791+00:00,27.2,18.4,0.0,0,15.4,31.0,3,open-meteo,5.03,90.48
Ad Darwa,Morocco,33.4167,-7.5333,2026-09-18,2026-09-16 20:13:15.060791+00:00,27.7,16.5,0.0,0,17.5,34.2,45,open-meteo,5.61,84.07
Ad Darwa,Morocco,33.4167,-7.5333,2026-09-19,2026-09-16 20:13:15.060791+00:00,30.8,17.8,0.0,0,16.8,33.1,45,open-meteo,5.41,84.21
Ad Darwa,Morocco,33.4167,-7.5333,2026-09-20,2026-09-16 20:13:15.060791+00:00,35.0,21.2,0.0,0,16.2,32.8,2,open-meteo,5.3,93.29
Ad Darwa,Morocco,33.4167,-7.5333,2026-09-21,2026-09-16 20:13:15.060791+00:00,35.1,22.7,0.0,0,17.7,35.3,2,open-meteo,6.14,92.7
Ad Darwa,Morocco,33.4167,-7.5333,2026-09-22,2026-09-16 20:13:15.060791+00:00,34.5,20.5,0.0,0,17.0,32.4,45,open-meteo,5.37,84.24
Martil,Morocco,35.61,-5.27,2026-09-16,2026-09-16 20:13:15.151202+00:00,32.9,19.8,0.0,0,23.5,54.0,3,open-meteo,8.34,88.16
Martil,Morocco,35.61,-5.27,2026-09-17,2026-09-16 20:13:15.151202+00:00,25.8,16.8,0.0,0,11.9,28.4,3,open-meteo,4.33,90.97
Martil,Morocco,35.61,-5.27,2026-09-18,2026-09-16 20:13:15.151202+00:00,24.8,19.6,0.0,3,16.9,37.8,3,open-meteo,5.89,89.88
Martil,Morocco,35.61,-5.27,2026-09-19,2026-09-16 20:13:15.151202+00:00,24.5,21.9,1.2,3,25.9,57.2,80,open-meteo,10.56,76.11
Martil,Morocco,35.61,-5.27,2026-09-20,2026-09-16 20:13:15.151202+00:00,24.7,22.5,0.6,19,23.8,52.6,80,open-meteo,9.04,77.17
Martil,Morocco,35.61,-5.27,2026-09-21,2026-09-16 20:13:15.151202+00:00,25.2,21.9,0.0,3,28.2,49.0,2,open-meteo,8.42,91.11
Martil,Morocco,35.61,-5.27,2026-09-22,2026-09-16 20:13:15.151202+00:00,25.2,21.5,0.0,0,19.5,34.9,2,open-meteo,5.93,92.85
Sidi Slimane,Morocco,34.26,-5.93,2026-09-16,2026-09-16 20:13:15.240594+00:00,30.6,20.6,0.0,0,20.1,42.1,2,open-meteo,6.72,92.3
Sidi Slimane,Morocco,34.26,-5.93,2026-09-17,2026-09-16 20:13:15.240594+00:00,29.3,19.1,0.0,0,13.5,29.5,3,open-meteo,4.64,90.75
Sidi Slimane,Morocco,34.26,-5.93,2026-09-18,2026-09-16 20:13:15.240594+00:00,31.7,16.8,0.0,0,16.9,37.4,45,open-meteo,5.85,83.91
Sidi Slimane,Morocco,34.26,-5.93,2026-09-19,2026-09-16 20:13:15.240594+00:00,37.1,18.0,0.0,0,15.1,29.9,2,open-meteo,13.28,87.7
Sidi Slimane,Morocco,34.26,-5.93,2026-09-20,2026-09-16 20:13:15.240594+00:00,39.7,23.5,0.0,0,19.1,39.6,2,open-meteo,25.15,79.39
Sidi Slimane,Morocco,34.26,-5.93,2026-09-21,2026-09-16 20:13:15.240594+00:00,38.0,24.2,0.0,0,17.8,35.6,2,open-meteo,17.79,84.55
Sidi Slimane,Morocco,34.26,-5.93,2026-09-22,2026-09-16 20:13:15.240594+00:00,36.8,21.2,0.0,0,13.8,30.6,3,open-meteo,11.98,85.61
Oued Zem,Morocco,32.8619,-6.5711,2026-09-16,2026-09-16 20:13:15.333038+00:00,31.9,18.5,0.0,0,16.5,37.4,3,open-meteo,5.8,89.94
Oued Zem,Morocco,32.8619,-6.5711,2026-09-17,2026-09-16 20:13:15.333038+00:00,30.8,16.0,0.0,0,16.1,32.8,1,open-meteo,5.29,96.3
Oued Zem,Morocco,32.8619,-6.5711,2026-09-18,2026-09-16 20:13:15.333038+00:00,31.1,16.6,0.0,0,16.8,36.7,3,open-meteo,5.77,89.96
Oued Zem,Morocco,32.8619,-6.5711,2026-09-19,2026-09-16 20:13:15.333038+00:00,34.8,18.1,0.0,0,19.8,39.2,2,open-meteo,6.4,92.52
Oued Zem,Morocco,32.8619,-6.5711,2026-09-20,2026-09-16 20:13:15.333038+00:00,36.9,23.1,0.3,8,11.9,41.4,3,open-meteo,13.63,84.46
Oued Zem,Morocco,32.8619,-6.5711,2026-09-21,2026-09-16 20:13:15.333038+00:00,34.5,22.3,0.3,3,15.3,28.1,3,open-meteo,5.12,90.42
Oued Zem,Morocco,32.8619,-6.5711,2026-09-22,2026-09-16 20:13:15.333038+00:00,34.2,20.5,0.0,3,19.7,37.8,2,open-meteo,6.24,92.63
Sa’ada,Morocco,31.6258,-8.1028,2026-09-16,2026-09-16 20:13:15.427667+00:00,35.2,20.9,0.0,0,17.2,33.1,0,open-meteo,6.26,95.62
Sa’ada,Morocco,31.6258,-8.1028,2026-09-17,2026-09-16 20:13:15.427667+00:00,30.9,18.0,0.0,0,14.5,28.4,2,open-meteo,4.65,93.74
Sa’ada,Morocco,31.6258,-8.1028,2026-09-18,2026-09-16 20:13:15.427667+00:00,32.0,17.8,0.0,0,11.2,20.5,3,open-meteo,3.45,91.58
Sa’ada,Morocco,31.6258,-8.1028,2026-09-19,2026-09-16 20:13:15.427667+00:00,35.9,19.6,0.1,3,11.0,20.5,3,open-meteo,7.16,88.99
Sa’ada,Morocco,31.6258,-8.1028,2026-09-20,2026-09-16 20:13:15.427667+00:00,39.2,23.2,0.0,30,11.8,38.5,3,open-meteo,22.13,78.51
Sa’ada,Morocco,31.6258,-8.1028,2026-09-21,2026-09-16 20:13:15.427667+00:00,38.0,23.0,0.0,3,17.1,36.7,3,open-meteo,17.81,81.53
Sa’ada,Morocco,31.6258,-8.1028,2026-09-22,2026-09-16 20:13:15.427667+00:00,37.8,21.4,0.3,3,15.9,34.6,3,open-meteo,17.05,82.06
Douar Ain Chkef,Morocco,33.9636,-5.0281,2026-09-16,2026-09-16 20:13:15.522440+00:00,31.6,20.2,0.0,0,18.1,33.5,1,open-meteo,5.61,96.07
Douar Ain Chkef,Morocco,33.9636,-5.0281,2026-09-17,2026-09-16 20:13:15.522440+00:00,28.7,18.1,0.0,0,13.5,27.4,45,open-meteo,4.43,84.9
Douar Ain Chkef,Morocco,33.9636,-5.0281,2026-09-18,2026-09-16 20:13:15.522440+00:00,30.7,17.8,0.0,0,12.8,25.9,3,open-meteo,4.19,91.07
Douar Ain Chkef,Morocco,33.9636,-5.0281,2026-09-19,2026-09-16 20:13:15.522440+00:00,33.7,19.4,0.0,0,17.9,34.9,1,open-meteo,5.73,95.99
Douar Ain Chkef,Morocco,33.9636,-5.0281,2026-09-20,2026-09-16 20:13:15.522440+00:00,35.1,20.9,0.0,3,18.1,35.3,2,open-meteo,6.19,92.67
Douar Ain Chkef,Morocco,33.9636,-5.0281,2026-09-21,2026-09-16 20:13:15.522440+00:00,34.1,20.9,0.0,0,14.7,33.6,1,open-meteo,5.2,96.36
Douar Ain Chkef,Morocco,33.9636,-5.0281,2026-09-22,2026-09-16 20:13:15.522440+00:00,34.6,20.0,0.0,0,10.2,25.6,3,open-meteo,3.84,91.31
Gueznaia,Morocco,35.7066,-5.9088,2026-09-16,2026-09-16 20:13:15.615064+00:00,23.9,18.1,0.0,0,19.5,34.2,3,open-meteo,5.86,89.9
Gueznaia,Morocco,35.7066,-5.9088,2026-09-17,2026-09-16 20:13:15.615064+00:00,24.3,18.2,0.0,0,16.5,28.8,3,open-meteo,4.94,90.54
Gueznaia,Morocco,35.7066,-5.9088,2026-09-18,2026-09-16 20:13:15.615064+00:00,29.3,17.5,0.0,0,22.8,39.2,2,open-meteo,6.77,92.26
Gueznaia,Morocco,35.7066,-5.9088,2026-09-19,2026-09-16 20:13:15.615064+00:00,28.1,22.3,0.0,0,37.9,68.4,1,open-meteo,11.58,91.89
Gueznaia,Morocco,35.7066,-5.9088,2026-09-20,2026-09-16 20:13:15.615064+00:00,28.0,23.2,0.0,0,42.8,78.8,1,open-meteo,13.23,90.74
Gueznaia,Morocco,35.7066,-5.9088,2026-09-21,2026-09-16 20:13:15.615064+00:00,29.1,22.7,0.0,0,37.1,70.6,1,open-meteo,11.7,91.81
Gueznaia,Morocco,35.7066,-5.9088,2026-09-22,2026-09-16 20:13:15.615064+00:00,30.1,22.4,0.0,0,25.6,48.2,0,open-meteo,8.02,94.39
Sefrou,Morocco,33.83,-4.83,2026-09-16,2026-09-16 20:13:15.704991+00:00,29.6,19.3,0.0,0,16.1,35.3,2,open-meteo,5.54,93.12
Sefrou,Morocco,33.83,-4.83,2026-09-17,2026-09-16 20:13:15.704991+00:00,26.4,17.6,0.0,0,15.6,34.9,3,open-meteo,5.44,90.19
Sefrou,Morocco,33.83,-4.83,2026-09-18,2026-09-16 20:13:15.704991+00:00,27.7,17.1,0.0,0,15.7,35.3,3,open-meteo,5.49,90.16
Sefrou,Morocco,33.83,-4.83,2026-09-19,2026-09-16 20:13:15.704991+00:00,30.9,19.5,0.0,0,18.4,41.0,1,open-meteo,6.4,95.52
Sefrou,Morocco,33.83,-4.83,2026-09-20,2026-09-16 20:13:15.704991+00:00,32.6,22.9,0.0,5,17.3,38.2,2,open-meteo,5.98,92.81
Sefrou,Morocco,33.83,-4.83,2026-09-21,2026-09-16 20:13:15.704991+00:00,31.7,19.1,0.0,0,14.1,28.1,1,open-meteo,4.57,96.8
Sefrou,Morocco,33.83,-4.83,2026-09-22,2026-09-16 20:13:15.704991+00:00,32.0,16.1,0.0,0,14.6,29.2,3,open-meteo,4.75,90.67
Qal’at Mgouna,Morocco,31.2414,-6.1283,2026-09-16,2026-09-16 20:13:15.794926+00:00,30.6,16.7,0.0,0,23.9,37.1,2,open-meteo,6.7,92.31
Qal’at Mgouna,Morocco,31.2414,-6.1283,2026-09-17,2026-09-16 20:13:15.794926+00:00,27.5,17.4,1.4,25,22.7,35.3,80,open-meteo,8.23,77.74
Qal’at Mgouna,Morocco,31.2414,-6.1283,2026-09-18,2026-09-16 20:13:15.794926+00:00,28.6,15.4,0.1,20,31.6,52.6,3,open-meteo,9.34,87.46
Qal’at Mgouna,Morocco,31.2414,-6.1283,2026-09-19,2026-09-16 20:13:15.794926+00:00,28.4,18.3,0.0,20,31.2,48.2,3,open-meteo,8.72,87.9
Qal’at Mgouna,Morocco,31.2414,-6.1283,2026-09-20,2026-09-16 20:13:15.794926+00:00,29.0,19.1,0.0,18,16.8,28.1,3,open-meteo,4.91,90.56
Qal’at Mgouna,Morocco,31.2414,-6.1283,2026-09-21,2026-09-16 20:13:15.794926+00:00,28.4,19.0,0.6,13,16.7,37.4,80,open-meteo,6.63,78.86
Qal’at Mgouna,Morocco,31.2414,-6.1283,2026-09-22,2026-09-16 20:13:15.794926+00:00,30.6,16.1,0.0,13,24.9,38.2,3,open-meteo,6.93,89.15
Taroudannt,Morocco,30.4711,-8.8778,2026-09-16,2026-09-16 20:13:15.883001+00:00,37.6,23.6,0.0,3,22.8,45.0,2,open-meteo,17.75,84.57
Taroudannt,Morocco,30.4711,-8.8778,2026-09-17,2026-09-16 20:13:15.883001+00:00,30.9,19.2,0.0,0,24.5,49.0,45,open-meteo,7.96,82.43
Taroudannt,Morocco,30.4711,-8.8778,2026-09-18,2026-09-16 20:13:15.883001+00:00,31.3,18.7,0.0,0,21.3,42.5,2,open-meteo,6.91,92.16
Taroudannt,Morocco,30.4711,-8.8778,2026-09-19,2026-09-16 20:13:15.883001+00:00,32.9,21.0,0.0,0,20.5,42.5,2,open-meteo,6.81,92.23
Taroudannt,Morocco,30.4711,-8.8778,2026-09-20,2026-09-16 20:13:15.883001+00:00,33.2,21.6,0.0,0,22.4,46.8,2,open-meteo,7.48,91.76
Taroudannt,Morocco,30.4711,-8.8778,2026-09-21,2026-09-16 20:13:15.883001+00:00,40.4,22.9,0.0,0,28.5,50.0,3,open-meteo,30.16,72.89
Taroudannt,Morocco,30.4711,-8.8778,2026-09-22,2026-09-16 20:13:15.883001+00:00,39.0,22.1,0.0,0,12.8,24.1,3,open-meteo,20.01,79.99
Essaouira,Morocco,31.513,-9.7687,2026-09-16,2026-09-16 20:13:15.972279+00:00,25.3,20.2,0.0,0,36.0,67.3,1,open-meteo,11.23,92.14
Essaouira,Morocco,31.513,-9.7687,2026-09-17,2026-09-16 20:13:15.972279+00:00,23.8,19.1,0.0,0,29.2,53.3,1,open-meteo,8.98,93.71
Essaouira,Morocco,31.513,-9.7687,2026-09-18,2026-09-16 20:13:15.972279+00:00,24.2,19.4,0.0,0,29.8,54.0,1,open-meteo,9.12,93.62
Essaouira,Morocco,31.513,-9.7687,2026-09-19,2026-09-16 20:13:15.972279+00:00,24.9,19.1,0.0,0,30.7,55.8,2,open-meteo,9.42,90.41
Essaouira,Morocco,31.513,-9.7687,2026-09-20,2026-09-16 20:13:15.972279+00:00,24.1,19.6,0.0,0,15.5,28.4,2,open-meteo,4.78,93.65
Essaouira,Morocco,31.513,-9.7687,2026-09-21,2026-09-16 20:13:15.972279+00:00,29.5,19.6,0.0,0,9.7,19.1,45,open-meteo,3.12,85.82
Essaouira,Morocco,31.513,-9.7687,2026-09-22,2026-09-16 20:13:15.972279+00:00,31.0,20.6,0.0,0,10.0,22.3,3,open-meteo,3.48,91.56
Azrou,Morocco,33.4344,-5.2213,2026-09-16,2026-09-16 20:13:16.060175+00:00,26.4,14.0,0.0,0,16.5,39.2,1,open-meteo,5.98,95.81
Azrou,Morocco,33.4344,-5.2213,2026-09-17,2026-09-16 20:13:16.060175+00:00,26.4,15.0,0.0,0,16.3,36.4,3,open-meteo,5.68,90.02
Azrou,Morocco,33.4344,-5.2213,2026-09-18,2026-09-16 20:13:16.060175+00:00,26.2,14.3,0.0,0,14.8,34.6,3,open-meteo,5.31,90.28
Azrou,Morocco,33.4344,-5.2213,2026-09-19,2026-09-16 20:13:16.060175+00:00,29.1,16.7,0.0,8,15.8,49.3,3,open-meteo,6.91,89.16
Azrou,Morocco,33.4344,-5.2213,2026-09-20,2026-09-16 20:13:16.060175+00:00,30.0,20.0,0.3,18,18.0,39.2,2,open-meteo,6.57,92.4
Azrou,Morocco,33.4344,-5.2213,2026-09-21,2026-09-16 20:13:16.060175+00:00,29.0,18.2,0.0,5,23.7,59.0,2,open-meteo,8.86,90.8
Azrou,Morocco,33.4344,-5.2213,2026-09-22,2026-09-16 20:13:16.060175+00:00,28.6,17.9,0.0,5,19.1,45.4,3,open-meteo,6.93,89.15
Guercif,Morocco,34.23,-3.36,2026-09-16,2026-09-16 20:13:16.151060+00:00,34.6,18.7,0.0,0,25.6,50.0,1,open-meteo,8.2,94.26
Guercif,Morocco,34.23,-3.36,2026-09-17,2026-09-16 20:13:16.151060+00:00,29.9,20.3,0.0,0,25.7,46.4,3,open-meteo,7.85,88.5
Guercif,Morocco,34.23,-3.36,2026-09-18,2026-09-16 20:13:16.151060+00:00,30.1,18.8,0.0,0,29.7,55.1,3,open-meteo,9.22,87.55
Guercif,Morocco,34.23,-3.36,2026-09-19,2026-09-16 20:13:16.151060+00:00,29.9,20.2,0.0,0,32.7,63.0,3,open-meteo,10.39,86.73
Guercif,Morocco,34.23,-3.36,2026-09-20,2026-09-16 20:13:16.151060+00:00,30.1,21.0,0.0,0,28.4,56.2,3,open-meteo,9.17,87.58
Guercif,Morocco,34.23,-3.36,2026-09-21,2026-09-16 20:13:16.151060+00:00,30.6,20.9,0.0,0,28.5,52.6,3,open-meteo,8.82,87.83
Guercif,Morocco,34.23,-3.36,2026-09-22,2026-09-16 20:13:16.151060+00:00,32.2,20.2,0.0,0,23.7,39.6,3,open-meteo,6.92,89.16
Warzat,Morocco,30.9167,-6.9167,2026-09-16,2026-09-16 20:13:16.238404+00:00,33.2,18.5,0.0,0,22.4,39.6,2,open-meteo,6.76,92.27
Warzat,Morocco,30.9167,-6.9167,2026-09-17,2026-09-16 20:13:16.238404+00:00,31.0,18.7,0.7,30,17.4,34.6,80,open-meteo,6.57,78.9
Warzat,Morocco,30.9167,-6.9167,2026-09-18,2026-09-16 20:13:16.238404+00:00,31.9,17.7,0.5,3,19.0,31.3,80,open-meteo,6.17,79.18
Warzat,Morocco,30.9167,-6.9167,2026-09-19,2026-09-16 20:13:16.238404+00:00,31.3,19.7,0.0,3,11.8,24.8,3,open-meteo,3.96,91.23
Warzat,Morocco,30.9167,-6.9167,2026-09-20,2026-09-16 20:13:16.238404+00:00,32.8,19.2,0.0,3,10.9,21.2,3,open-meteo,3.48,91.56
Warzat,Morocco,30.9167,-6.9167,2026-09-21,2026-09-16 20:13:16.238404+00:00,31.2,20.6,0.0,3,16.0,30.2,3,open-meteo,5.02,90.49
Warzat,Morocco,30.9167,-6.9167,2026-09-22,2026-09-16 20:13:16.238404+00:00,32.2,17.4,0.3,3,31.6,53.3,3,open-meteo,9.68,87.22
Fnidq,Morocco,35.8414,-5.3587,2026-09-16,2026-09-16 20:13:16.327231+00:00,29.7,19.3,0.0,0,29.8,59.0,3,open-meteo,9.62,87.27
Fnidq,Morocco,35.8414,-5.3587,2026-09-17,2026-09-16 20:13:16.327231+00:00,27.7,17.8,0.0,0,10.3,22.3,3,open-meteo,3.52,91.54
Fnidq,Morocco,35.8414,-5.3587,2026-09-18,2026-09-16 20:13:16.327231+00:00,24.7,19.2,0.0,3,15.1,30.2,45,open-meteo,4.91,84.56
Fnidq,Morocco,35.8414,-5.3587,2026-09-19,2026-09-16 20:13:16.327231+00:00,23.9,21.4,2.4,3,21.8,42.5,80,open-meteo,10.18,76.37
Fnidq,Morocco,35.8414,-5.3587,2026-09-20,2026-09-16 20:13:16.327231+00:00,24.3,21.8,3.3,19,26.7,51.1,80,open-meteo,12.85,74.5
Fnidq,Morocco,35.8414,-5.3587,2026-09-21,2026-09-16 20:13:16.327231+00:00,25.2,21.6,0.0,3,28.2,49.0,2,open-meteo,8.42,91.11
Fnidq,Morocco,35.8414,-5.3587,2026-09-22,2026-09-16 20:13:16.327231+00:00,25.2,21.4,0.0,0,19.5,34.9,2,open-meteo,5.93,92.85
Sidi Taibi,Morocco,32.16,-8.58,2026-09-16,2026-09-16 20:13:16.415845+00:00,32.2,18.7,0.0,0,24.5,38.5,2,open-meteo,6.91,92.16
Sidi Taibi,Morocco,32.16,-8.58,2026-09-17,2026-09-16 20:13:16.415845+00:00,28.0,17.2,0.0,0,22.6,35.6,3,open-meteo,6.39,89.53
Sidi Taibi,Morocco,32.16,-8.58,2026-09-18,2026-09-16 20:13:16.415845+00:00,29.7,16.8,0.0,0,20.6,32.4,45,open-meteo,5.82,83.93
Sidi Taibi,Morocco,32.16,-8.58,2026-09-19,2026-09-16 20:13:16.415845+00:00,32.8,16.4,0.0,0,19.1,30.2,45,open-meteo,5.41,84.21
Sidi Taibi,Morocco,32.16,-8.58,2026-09-20,2026-09-16 20:13:16.415845+00:00,38.1,22.6,0.0,8,19.6,42.1,2,open-meteo,19.06,83.66
Sidi Taibi,Morocco,32.16,-8.58,2026-09-21,2026-09-16 20:13:16.415845+00:00,35.7,21.9,0.0,0,16.9,32.4,2,open-meteo,8.15,91.29
Sidi Taibi,Morocco,32.16,-8.58,2026-09-22,2026-09-16 20:13:16.415845+00:00,36.7,19.3,0.0,0,19.8,37.4,3,open-meteo,13.02,84.89
Tan-Tan,Morocco,28.4333,-11.1,2026-09-16,2026-09-16 20:13:16.507244+00:00,30.3,20.8,0.0,0,25.4,46.1,1,open-meteo,7.79,94.55
Tan-Tan,Morocco,28.4333,-11.1,2026-09-17,2026-09-16 20:13:16.507244+00:00,25.6,20.1,0.4,2,31.6,56.2,51,open-meteo,10.1,85.43
Tan-Tan,Morocco,28.4333,-11.1,2026-09-18,2026-09-16 20:13:16.507244+00:00,25.6,19.8,0.0,0,26.6,48.6,1,open-meteo,8.19,94.27
Tan-Tan,Morocco,28.4333,-11.1,2026-09-19,2026-09-16 20:13:16.507244+00:00,25.5,19.6,0.0,0,22.8,42.8,3,open-meteo,7.13,89.01
Tan-Tan,Morocco,28.4333,-11.1,2026-09-20,2026-09-16 20:13:16.507244+00:00,29.8,20.0,0.0,0,16.3,33.5,3,open-meteo,5.39,90.23
Tan-Tan,Morocco,28.4333,-11.1,2026-09-21,2026-09-16 20:13:16.507244+00:00,32.2,18.9,0.0,2,22.2,45.0,1,open-meteo,7.28,94.9
Tan-Tan,Morocco,28.4333,-11.1,2026-09-22,2026-09-16 20:13:16.507244+00:00,33.1,19.0,0.0,0,13.8,36.7,2,open-meteo,5.4,93.22
Sidi Qacem,Morocco,34.21,-5.7,2026-09-16,2026-09-16 20:13:16.594586+00:00,31.4,20.6,0.0,0,19.3,40.7,2,open-meteo,6.48,92.46
Sidi Qacem,Morocco,34.21,-5.7,2026-09-17,2026-09-16 20:13:16.594586+00:00,29.3,19.2,0.0,0,12.8,28.4,3,open-meteo,4.44,90.89
Sidi Qacem,Morocco,34.21,-5.7,2026-09-18,2026-09-16 20:13:16.594586+00:00,31.6,17.7,0.0,0,14.5,32.4,45,open-meteo,5.05,84.47
Sidi Qacem,Morocco,34.21,-5.7,2026-09-19,2026-09-16 20:13:16.594586+00:00,36.6,19.3,0.0,0,14.6,32.0,2,open-meteo,11.43,89.0
Sidi Qacem,Morocco,34.21,-5.7,2026-09-20,2026-09-16 20:13:16.594586+00:00,38.7,24.6,0.0,0,17.0,36.4,1,open-meteo,20.57,85.6
Sidi Qacem,Morocco,34.21,-5.7,2026-09-21,2026-09-16 20:13:16.594586+00:00,37.5,25.2,0.0,0,15.8,33.3,1,open-meteo,15.31,89.28
Sidi Qacem,Morocco,34.21,-5.7,2026-09-22,2026-09-16 20:13:16.594586+00:00,36.8,21.5,0.0,0,13.5,29.9,3,open-meteo,11.88,85.68
Sidi Bibi,Morocco,30.2333,-9.5333,2026-09-16,2026-09-16 20:13:16.687751+00:00,29.6,21.9,0.0,0,19.1,31.3,1,open-meteo,5.52,96.14
Sidi Bibi,Morocco,30.2333,-9.5333,2026-09-17,2026-09-16 20:13:16.687751+00:00,26.3,21.0,0.0,0,21.9,37.1,3,open-meteo,6.45,89.48
Sidi Bibi,Morocco,30.2333,-9.5333,2026-09-18,2026-09-16 20:13:16.687751+00:00,25.7,20.2,0.0,0,20.2,33.5,2,open-meteo,5.88,92.88
Sidi Bibi,Morocco,30.2333,-9.5333,2026-09-19,2026-09-16 20:13:16.687751+00:00,25.7,20.8,0.0,0,18.7,31.0,3,open-meteo,5.44,90.19
Sidi Bibi,Morocco,30.2333,-9.5333,2026-09-20,2026-09-16 20:13:16.687751+00:00,26.5,20.8,0.0,0,18.4,32.0,2,open-meteo,5.5,93.15
Sidi Bibi,Morocco,30.2333,-9.5333,2026-09-21,2026-09-16 20:13:16.687751+00:00,31.1,20.3,0.0,0,16.2,37.1,45,open-meteo,5.73,83.99
Sidi Bibi,Morocco,30.2333,-9.5333,2026-09-22,2026-09-16 20:13:16.687751+00:00,38.5,21.1,0.0,0,16.0,35.6,3,open-meteo,19.56,80.31
M’diq,Morocco,35.68,-5.32,2026-09-16,2026-09-16 20:13:16.775865+00:00,32.7,19.7,0.0,0,23.5,54.0,3,open-meteo,8.34,88.16
M’diq,Morocco,35.68,-5.32,2026-09-17,2026-09-16 20:13:16.775865+00:00,25.6,16.6,0.0,0,11.9,28.4,3,open-meteo,4.33,90.97
M’diq,Morocco,35.68,-5.32,2026-09-18,2026-09-16 20:13:16.775865+00:00,24.7,19.5,0.0,3,16.9,37.8,3,open-meteo,5.89,89.88
M’diq,Morocco,35.68,-5.32,2026-09-19,2026-09-16 20:13:16.775865+00:00,24.4,21.8,1.2,0,25.9,57.2,80,open-meteo,10.56,76.11
M’diq,Morocco,35.68,-5.32,2026-09-20,2026-09-16 20:13:16.775865+00:00,24.6,22.3,0.6,0,23.8,52.6,80,open-meteo,9.04,77.17
M’diq,Morocco,35.68,-5.32,2026-09-21,2026-09-16 20:13:16.775865+00:00,26.5,22.1,0.0,0,32.4,67.7,2,open-meteo,10.82,89.43
M’diq,Morocco,35.68,-5.32,2026-09-22,2026-09-16 20:13:16.775865+00:00,27.1,22.1,0.0,0,24.6,54.4,2,open-meteo,8.52,91.04
Benslimane,Morocco,33.6122,-7.1211,2026-09-16,2026-09-16 20:13:16.870141+00:00,26.8,18.6,0.0,0,19.2,39.2,2,open-meteo,6.32,92.58
Benslimane,Morocco,33.6122,-7.1211,2026-09-17,2026-09-16 20:13:16.870141+00:00,26.3,17.3,0.0,0,17.2,33.8,3,open-meteo,5.53,90.13
Benslimane,Morocco,33.6122,-7.1211,2026-09-18,2026-09-16 20:13:16.870141+00:00,26.9,15.4,0.0,0,18.2,35.6,45,open-meteo,5.84,83.91
Benslimane,Morocco,33.6122,-7.1211,2026-09-19,2026-09-16 20:13:16.870141+00:00,30.3,15.1,0.0,0,18.2,35.6,1,open-meteo,5.84,95.91
Benslimane,Morocco,33.6122,-7.1211,2026-09-20,2026-09-16 20:13:16.870141+00:00,35.0,19.5,0.0,0,19.9,38.5,2,open-meteo,6.34,92.56
Benslimane,Morocco,33.6122,-7.1211,2026-09-21,2026-09-16 20:13:16.870141+00:00,33.6,21.2,0.0,0,18.6,38.9,1,open-meteo,6.22,95.65
Benslimane,Morocco,33.6122,-7.1211,2026-09-22,2026-09-16 20:13:16.870141+00:00,32.4,19.5,0.0,0,16.8,32.8,45,open-meteo,5.38,84.23
Youssoufia,Morocco,32.25,-8.53,2026-09-16,2026-09-16 20:13:16.956816+00:00,32.5,19.4,0.0,0,19.9,40.7,2,open-meteo,6.56,92.41
Youssoufia,Morocco,32.25,-8.53,2026-09-17,2026-09-16 20:13:16.956816+00:00,28.5,17.7,0.0,0,18.7,38.9,3,open-meteo,6.23,89.64
Youssoufia,Morocco,32.25,-8.53,2026-09-18,2026-09-16 20:13:16.956816+00:00,30.1,17.1,0.0,0,17.3,36.0,45,open-meteo,5.76,83.97
Youssoufia,Morocco,32.25,-8.53,2026-09-19,2026-09-16 20:13:16.956816+00:00,33.4,16.4,0.0,0,16.3,34.2,45,open-meteo,5.46,84.18
Youssoufia,Morocco,32.25,-8.53,2026-09-20,2026-09-16 20:13:16.956816+00:00,38.5,22.4,0.0,3,16.8,40.7,2,open-meteo,20.17,82.88
Youssoufia,Morocco,32.25,-8.53,2026-09-21,2026-09-16 20:13:16.956816+00:00,36.3,21.9,0.0,0,17.4,32.8,2,open-meteo,10.65,89.54
Youssoufia,Morocco,32.25,-8.53,2026-09-22,2026-09-16 20:13:16.956816+00:00,37.1,19.9,0.0,0,20.6,37.8,3,open-meteo,14.76,83.67
Midalt,Morocco,32.68,-4.74,2026-09-16,2026-09-16 20:13:17.046288+00:00,27.0,17.0,0.0,0,24.7,45.4,2,open-meteo,7.63,91.66
Midalt,Morocco,32.68,-4.74,2026-09-17,2026-09-16 20:13:17.046288+00:00,29.6,13.9,0.9,13,22.4,44.3,80,open-meteo,8.43,77.6
Midalt,Morocco,32.68,-4.74,2026-09-18,2026-09-16 20:13:17.046288+00:00,27.9,13.4,0.0,5,21.9,40.0,3,open-meteo,6.74,89.28
Midalt,Morocco,32.68,-4.74,2026-09-19,2026-09-16 20:13:17.046288+00:00,28.7,13.2,0.0,23,22.0,37.8,3,open-meteo,6.53,89.43
Midalt,Morocco,32.68,-4.74,2026-09-20,2026-09-16 20:13:17.046288+00:00,28.3,14.8,0.0,23,23.6,47.2,3,open-meteo,7.67,88.63
Midalt,Morocco,32.68,-4.74,2026-09-21,2026-09-16 20:13:17.046288+00:00,30.0,14.8,0.0,5,26.1,44.6,3,open-meteo,7.72,88.6
Midalt,Morocco,32.68,-4.74,2026-09-22,2026-09-16 20:13:17.046288+00:00,28.8,13.7,0.0,5,22.7,36.0,3,open-meteo,6.44,89.49
Aïn Harrouda,Morocco,33.6372,-7.4483,2026-09-16,2026-09-16 20:13:17.134692+00:00,26.0,20.8,0.0,0,14.1,38.2,2,open-meteo,5.58,93.09
Aïn Harrouda,Morocco,33.6372,-7.4483,2026-09-17,2026-09-16 20:13:17.134692+00:00,26.0,19.3,0.0,0,13.0,35.6,3,open-meteo,5.19,90.37
Aïn Harrouda,Morocco,33.6372,-7.4483,2026-09-18,2026-09-16 20:13:17.134692+00:00,25.4,17.6,0.0,0,13.6,35.6,3,open-meteo,5.26,90.32
Aïn Harrouda,Morocco,33.6372,-7.4483,2026-09-19,2026-09-16 20:13:17.134692+00:00,27.3,17.7,0.0,0,12.7,33.8,45,open-meteo,4.97,84.52
Aïn Harrouda,Morocco,33.6372,-7.4483,2026-09-20,2026-09-16 20:13:17.134692+00:00,30.5,20.8,0.0,0,10.9,29.5,2,open-meteo,4.31,93.98
Aïn Harrouda,Morocco,33.6372,-7.4483,2026-09-21,2026-09-16 20:13:17.134692+00:00,30.0,21.7,0.0,0,13.7,33.8,45,open-meteo,5.09,84.44
Aïn Harrouda,Morocco,33.6372,-7.4483,2026-09-22,2026-09-16 20:13:17.134692+00:00,27.6,21.8,0.0,0,11.4,27.4,45,open-meteo,4.17,85.08
Souq Sebt Oulad Nemma,Morocco,32.3,-6.7,2026-09-16,2026-09-16 20:13:17.225821+00:00,35.8,20.6,0.0,0,13.8,24.8,2,open-meteo,7.4,91.82
Souq Sebt Oulad Nemma,Morocco,32.3,-6.7,2026-09-17,2026-09-16 20:13:17.225821+00:00,32.9,17.9,0.0,0,14.0,25.2,3,open-meteo,4.27,91.01
Souq Sebt Oulad Nemma,Morocco,32.3,-6.7,2026-09-18,2026-09-16 20:13:17.225821+00:00,33.8,18.1,0.0,0,11.0,19.1,3,open-meteo,3.29,91.7
Souq Sebt Oulad Nemma,Morocco,32.3,-6.7,2026-09-19,2026-09-16 20:13:17.225821+00:00,38.3,19.4,0.0,0,11.6,20.9,3,open-meteo,16.74,82.28
Souq Sebt Oulad Nemma,Morocco,32.3,-6.7,2026-09-20,2026-09-16 20:13:17.225821+00:00,40.4,22.5,0.0,8,14.3,42.1,3,open-meteo,27.6,74.68
Souq Sebt Oulad Nemma,Morocco,32.3,-6.7,2026-09-21,2026-09-16 20:13:17.225821+00:00,37.7,24.0,0.6,3,12.6,26.6,3,open-meteo,15.84,82.91
Souq Sebt Oulad Nemma,Morocco,32.3,-6.7,2026-09-22,2026-09-16 20:13:17.225821+00:00,38.5,20.5,0.0,0,16.2,29.2,0,open-meteo,18.94,86.74
Mehdya,Morocco,34.2557,-6.6745,2026-09-16,2026-09-16 20:13:17.318201+00:00,26.3,20.8,0.0,0,16.6,37.8,2,open-meteo,5.86,92.9
Mehdya,Morocco,34.2557,-6.6745,2026-09-17,2026-09-16 20:13:17.318201+00:00,26.0,19.0,0.0,0,11.0,26.3,3,open-meteo,4.0,91.2
Mehdya,Morocco,34.2557,-6.6745,2026-09-18,2026-09-16 20:13:17.318201+00:00,26.3,17.4,0.0,0,14.9,32.8,45,open-meteo,5.14,84.4
Mehdya,Morocco,34.2557,-6.6745,2026-09-19,2026-09-16 20:13:17.318201+00:00,32.4,16.9,0.0,0,15.8,34.9,45,open-meteo,5.47,84.17
Mehdya,Morocco,34.2557,-6.6745,2026-09-20,2026-09-16 20:13:17.318201+00:00,35.8,21.8,0.0,0,14.3,32.0,3,open-meteo,8.19,88.27
Mehdya,Morocco,34.2557,-6.6745,2026-09-21,2026-09-16 20:13:17.318201+00:00,34.6,21.9,0.0,0,13.0,30.2,0,open-meteo,4.65,96.74
Mehdya,Morocco,34.2557,-6.6745,2026-09-22,2026-09-16 20:13:17.318201+00:00,29.0,19.4,0.0,0,11.0,25.9,45,open-meteo,3.97,85.22
Ouezzane,Morocco,34.8,-5.6,2026-09-16,2026-09-16 20:13:17.409004+00:00,29.8,17.2,0.0,0,16.4,33.5,3,open-meteo,5.4,90.22
Ouezzane,Morocco,34.8,-5.6,2026-09-17,2026-09-16 20:13:17.409004+00:00,28.6,16.8,0.0,0,15.8,32.0,45,open-meteo,5.18,84.37
Ouezzane,Morocco,34.8,-5.6,2026-09-18,2026-09-16 20:13:17.409004+00:00,30.7,15.5,0.0,0,17.1,33.5,3,open-meteo,5.49,90.16
Ouezzane,Morocco,34.8,-5.6,2026-09-19,2026-09-16 20:13:17.409004+00:00,35.8,17.6,0.0,0,12.9,29.2,1,open-meteo,7.73,94.59
Ouezzane,Morocco,34.8,-5.6,2026-09-20,2026-09-16 20:13:17.409004+00:00,37.4,20.0,0.0,0,13.7,30.2,1,open-meteo,14.33,89.97
Ouezzane,Morocco,34.8,-5.6,2026-09-21,2026-09-16 20:13:17.409004+00:00,36.6,20.2,0.0,0,12.4,28.1,0,open-meteo,10.76,92.47
Ouezzane,Morocco,34.8,-5.6,2026-09-22,2026-09-16 20:13:17.409004+00:00,36.0,19.7,0.0,0,11.3,25.9,1,open-meteo,8.0,94.4
Semara,Morocco,26.7394,-11.6703,2026-09-16,2026-09-16 20:13:17.502894+00:00,38.4,23.5,0.0,0,31.0,52.2,0,open-meteo,22.69,84.12
Semara,Morocco,26.7394,-11.6703,2026-09-17,2026-09-16 20:13:17.502894+00:00,30.8,20.6,0.0,0,29.7,51.5,3,open-meteo,8.86,87.8
Semara,Morocco,26.7394,-11.6703,2026-09-18,2026-09-16 20:13:17.502894+00:00,29.9,19.6,0.0,0,26.0,46.1,3,open-meteo,7.86,88.5
Semara,Morocco,26.7394,-11.6703,2026-09-19,2026-09-16 20:13:17.502894+00:00,31.9,18.1,0.0,0,20.8,35.6,3,open-meteo,6.16,89.69
Semara,Morocco,26.7394,-11.6703,2026-09-20,2026-09-16 20:13:17.502894+00:00,35.4,18.2,0.0,0,19.1,33.5,3,open-meteo,7.34,88.86
Semara,Morocco,26.7394,-11.6703,2026-09-21,2026-09-16 20:13:17.502894+00:00,41.9,23.3,0.0,9,18.7,33.1,2,open-meteo,33.25,73.72
Semara,Morocco,26.7394,-11.6703,2026-09-22,2026-09-16 20:13:17.502894+00:00,40.9,24.7,0.0,2,20.3,48.6,2,open-meteo,31.0,75.3
Ait Ourir,Morocco,31.5644,-7.6628,2026-09-16,2026-09-16 20:13:17.597193+00:00,32.9,20.3,0.0,0,17.0,34.6,1,open-meteo,5.59,96.09
Ait Ourir,Morocco,31.5644,-7.6628,2026-09-17,2026-09-16 20:13:17.597193+00:00,28.9,16.9,0.0,0,10.8,21.6,2,open-meteo,3.51,94.54
Ait Ourir,Morocco,31.5644,-7.6628,2026-09-18,2026-09-16 20:13:17.597193+00:00,30.4,17.3,0.0,0,10.8,21.6,2,open-meteo,3.51,94.54
Ait Ourir,Morocco,31.5644,-7.6628,2026-09-19,2026-09-16 20:13:17.597193+00:00,34.7,19.7,0.8,3,15.0,49.0,80,open-meteo,7.84,78.01
Ait Ourir,Morocco,31.5644,-7.6628,2026-09-20,2026-09-16 20:13:17.597193+00:00,37.2,23.9,0.3,18,12.7,27.4,3,open-meteo,13.53,84.53
Ait Ourir,Morocco,31.5644,-7.6628,2026-09-21,2026-09-16 20:13:17.597193+00:00,36.1,24.2,0.0,5,14.8,30.6,3,open-meteo,9.31,87.48
Ait Ourir,Morocco,31.5644,-7.6628,2026-09-22,2026-09-16 20:13:17.597193+00:00,35.9,22.1,0.0,5,15.9,32.8,3,open-meteo,8.87,87.79
Oulad Tayeb,Morocco,33.9598,-4.9954,2026-09-16,2026-09-16 20:13:17.690732+00:00,31.6,20.2,0.0,0,18.1,33.5,1,open-meteo,5.61,96.07
Oulad Tayeb,Morocco,33.9598,-4.9954,2026-09-17,2026-09-16 20:13:17.690732+00:00,28.7,18.1,0.0,0,13.5,27.4,45,open-meteo,4.43,84.9
Oulad Tayeb,Morocco,33.9598,-4.9954,2026-09-18,2026-09-16 20:13:17.690732+00:00,30.7,17.8,0.0,0,12.8,25.9,3,open-meteo,4.19,91.07
Oulad Tayeb,Morocco,33.9598,-4.9954,2026-09-19,2026-09-16 20:13:17.690732+00:00,33.7,19.3,0.0,0,17.9,34.9,1,open-meteo,5.73,95.99
Oulad Tayeb,Morocco,33.9598,-4.9954,2026-09-20,2026-09-16 20:13:17.690732+00:00,35.0,20.9,0.0,3,18.1,35.3,2,open-meteo,5.79,92.95
Oulad Tayeb,Morocco,33.9598,-4.9954,2026-09-21,2026-09-16 20:13:17.690732+00:00,34.0,20.9,0.0,0,14.7,33.6,1,open-meteo,5.2,96.36
Oulad Tayeb,Morocco,33.9598,-4.9954,2026-09-22,2026-09-16 20:13:17.690732+00:00,34.6,19.9,0.0,0,10.2,25.6,3,open-meteo,3.84,91.31
Tit Mellil,Morocco,33.5533,-7.4822,2026-09-16,2026-09-16 20:13:17.777042+00:00,26.2,20.4,0.0,0,14.0,37.8,45,open-meteo,5.53,84.13
Tit Mellil,Morocco,33.5533,-7.4822,2026-09-17,2026-09-16 20:13:17.777042+00:00,25.9,19.0,0.0,0,13.5,35.6,3,open-meteo,5.25,90.33
Tit Mellil,Morocco,33.5533,-7.4822,2026-09-18,2026-09-16 20:13:17.777042+00:00,25.5,17.3,0.0,0,14.5,37.8,45,open-meteo,5.59,84.09
Tit Mellil,Morocco,33.5533,-7.4822,2026-09-19,2026-09-16 20:13:17.777042+00:00,27.8,17.9,0.0,0,13.5,35.3,45,open-meteo,5.22,84.35
Tit Mellil,Morocco,33.5533,-7.4822,2026-09-20,2026-09-16 20:13:17.777042+00:00,31.2,21.4,0.0,0,11.4,32.0,2,open-meteo,4.62,93.77
Tit Mellil,Morocco,33.5533,-7.4822,2026-09-21,2026-09-16 20:13:17.777042+00:00,30.1,21.7,0.0,0,12.7,36.0,45,open-meteo,5.19,84.37
Tit Mellil,Morocco,33.5533,-7.4822,2026-09-22,2026-09-16 20:13:17.777042+00:00,28.5,21.0,0.0,0,11.5,30.2,45,open-meteo,4.46,84.88
Sidi Bennour,Morocco,32.655,-8.4292,2026-09-16,2026-09-16 20:13:17.864438+00:00,30.9,18.4,0.0,0,20.4,35.6,3,open-meteo,6.11,89.72
Sidi Bennour,Morocco,32.655,-8.4292,2026-09-17,2026-09-16 20:13:17.864438+00:00,28.3,17.7,0.0,0,20.4,36.4,2,open-meteo,6.19,92.67
Sidi Bennour,Morocco,32.655,-8.4292,2026-09-18,2026-09-16 20:13:17.864438+00:00,29.8,16.3,0.0,0,21.2,37.4,45,open-meteo,6.39,83.53
Sidi Bennour,Morocco,32.655,-8.4292,2026-09-19,2026-09-16 20:13:17.864438+00:00,32.7,16.8,0.0,0,19.7,33.8,45,open-meteo,5.84,83.91
Sidi Bennour,Morocco,32.655,-8.4292,2026-09-20,2026-09-16 20:13:17.864438+00:00,38.6,20.2,0.0,3,15.5,28.4,2,open-meteo,19.18,83.57
Sidi Bennour,Morocco,32.655,-8.4292,2026-09-21,2026-09-16 20:13:17.864438+00:00,35.4,21.0,0.0,2,16.3,30.6,2,open-meteo,6.7,92.31
Sidi Bennour,Morocco,32.655,-8.4292,2026-09-22,2026-09-16 20:13:17.864438+00:00,36.8,17.3,0.0,3,17.6,33.1,45,open-meteo,12.71,79.1
Bouznika,Morocco,33.7894,-7.1597,2026-09-16,2026-09-16 20:13:17.953289+00:00,24.3,20.7,0.0,0,17.7,30.6,2,open-meteo,5.27,93.31
Bouznika,Morocco,33.7894,-7.1597,2026-09-17,2026-09-16 20:13:17.953289+00:00,24.0,19.2,0.0,0,13.4,23.8,3,open-meteo,4.06,91.16
Bouznika,Morocco,33.7894,-7.1597,2026-09-18,2026-09-16 20:13:17.953289+00:00,23.5,17.6,0.0,0,14.8,25.9,3,open-meteo,4.44,90.89
Bouznika,Morocco,33.7894,-7.1597,2026-09-19,2026-09-16 20:13:17.953289+00:00,24.9,17.7,0.0,0,14.1,24.5,45,open-meteo,4.21,85.05
Bouznika,Morocco,33.7894,-7.1597,2026-09-20,2026-09-16 20:13:17.953289+00:00,27.6,20.2,0.0,0,11.5,20.5,2,open-meteo,3.49,94.56
Bouznika,Morocco,33.7894,-7.1597,2026-09-21,2026-09-16 20:13:17.953289+00:00,27.2,21.3,0.0,0,16.4,29.2,45,open-meteo,4.97,84.52
Bouznika,Morocco,33.7894,-7.1597,2026-09-22,2026-09-16 20:13:17.953289+00:00,25.6,20.7,0.0,0,12.2,22.7,45,open-meteo,3.79,85.35
Sidi Mohamed Lahmar,Morocco,34.7167,-6.2667,2026-09-16,2026-09-16 20:13:18.051941+00:00,26.4,19.2,0.0,0,19.9,38.5,45,open-meteo,6.34,83.56
Sidi Mohamed Lahmar,Morocco,34.7167,-6.2667,2026-09-17,2026-09-16 20:13:18.051941+00:00,26.4,17.6,0.0,0,13.6,25.9,45,open-meteo,4.29,85.0
Sidi Mohamed Lahmar,Morocco,34.7167,-6.2667,2026-09-18,2026-09-16 20:13:18.051941+00:00,27.4,15.3,0.0,0,20.2,37.1,45,open-meteo,6.24,83.63
Sidi Mohamed Lahmar,Morocco,34.7167,-6.2667,2026-09-19,2026-09-16 20:13:18.051941+00:00,33.9,17.3,0.0,0,18.9,36.7,45,open-meteo,6.03,83.78
Sidi Mohamed Lahmar,Morocco,34.7167,-6.2667,2026-09-20,2026-09-16 20:13:18.051941+00:00,37.7,21.4,0.0,0,18.8,37.4,2,open-meteo,16.89,85.18
Sidi Mohamed Lahmar,Morocco,34.7167,-6.2667,2026-09-21,2026-09-16 20:13:18.051941+00:00,34.0,21.0,0.0,0,17.6,29.9,0,open-meteo,5.19,96.37
Sidi Mohamed Lahmar,Morocco,34.7167,-6.2667,2026-09-22,2026-09-16 20:13:18.051941+00:00,31.5,19.9,0.0,0,15.9,26.6,1,open-meteo,4.65,96.74
Temsia,Morocco,30.3633,-9.4144,2026-09-16,2026-09-16 20:13:18.141536+00:00,32.1,22.6,0.0,0,16.3,36.4,1,open-meteo,5.68,96.02
Temsia,Morocco,30.3633,-9.4144,2026-09-17,2026-09-16 20:13:18.141536+00:00,28.4,20.8,0.0,0,20.1,43.6,3,open-meteo,6.87,89.19
Temsia,Morocco,30.3633,-9.4144,2026-09-18,2026-09-16 20:13:18.141536+00:00,27.7,19.9,0.0,0,20.3,44.6,2,open-meteo,7.0,92.1
Temsia,Morocco,30.3633,-9.4144,2026-09-19,2026-09-16 20:13:18.141536+00:00,28.2,20.8,0.0,0,20.5,43.9,3,open-meteo,6.95,89.13
Temsia,Morocco,30.3633,-9.4144,2026-09-20,2026-09-16 20:13:18.141536+00:00,28.3,20.3,0.0,0,20.3,45.4,2,open-meteo,7.08,92.04
Temsia,Morocco,30.3633,-9.4144,2026-09-21,2026-09-16 20:13:18.141536+00:00,36.2,20.5,0.0,0,23.0,40.7,45,open-meteo,11.75,79.78
Temsia,Morocco,30.3633,-9.4144,2026-09-22,2026-09-16 20:13:18.141536+00:00,40.8,22.2,0.0,0,13.6,27.0,3,open-meteo,27.6,74.68
Biougra,Morocco,30.2144,-9.3708,2026-09-16,2026-09-16 20:13:18.230114+00:00,34.2,23.0,0.0,0,27.7,45.7,1,open-meteo,8.03,94.38
Biougra,Morocco,30.2144,-9.3708,2026-09-17,2026-09-16 20:13:18.230114+00:00,28.2,20.9,0.0,0,30.4,50.4,3,open-meteo,8.84,87.81
Biougra,Morocco,30.2144,-9.3708,2026-09-18,2026-09-16 20:13:18.230114+00:00,27.8,19.9,0.0,0,25.6,42.1,2,open-meteo,7.41,91.81
Biougra,Morocco,30.2144,-9.3708,2026-09-19,2026-09-16 20:13:18.230114+00:00,28.3,20.5,0.0,0,20.1,33.8,2,open-meteo,5.89,92.88
Biougra,Morocco,30.2144,-9.3708,2026-09-20,2026-09-16 20:13:18.230114+00:00,28.6,20.7,0.0,0,20.6,35.3,2,open-meteo,6.11,92.72
Biougra,Morocco,30.2144,-9.3708,2026-09-21,2026-09-16 20:13:18.230114+00:00,33.3,21.2,0.0,0,20.7,35.3,3,open-meteo,6.12,89.72
Biougra,Morocco,30.2144,-9.3708,2026-09-22,2026-09-16 20:13:18.230114+00:00,39.3,21.3,0.0,0,14.3,27.4,3,open-meteo,21.73,78.79
Ourika Wawrmas,Morocco,31.378,-7.8048,2026-09-16,2026-09-16 20:13:18.325183+00:00,31.6,19.9,0.0,0,19.2,35.3,0,open-meteo,5.93,95.85
Ourika Wawrmas,Morocco,31.378,-7.8048,2026-09-17,2026-09-16 20:13:18.325183+00:00,27.8,16.5,0.0,0,14.2,27.0,3,open-meteo,4.47,90.87
Ourika Wawrmas,Morocco,31.378,-7.8048,2026-09-18,2026-09-16 20:13:18.325183+00:00,28.8,16.1,0.0,0,14.0,26.6,1,open-meteo,4.41,96.91
Ourika Wawrmas,Morocco,31.378,-7.8048,2026-09-19,2026-09-16 20:13:18.325183+00:00,32.6,19.2,0.0,8,14.2,33.5,3,open-meteo,5.12,90.42
Ourika Wawrmas,Morocco,31.378,-7.8048,2026-09-20,2026-09-16 20:13:18.325183+00:00,34.9,24.6,0.3,30,16.1,34.2,3,open-meteo,5.83,89.92
Ourika Wawrmas,Morocco,31.378,-7.8048,2026-09-21,2026-09-16 20:13:18.325183+00:00,33.9,24.7,0.0,5,18.2,35.6,3,open-meteo,5.84,89.91
Ourika Wawrmas,Morocco,31.378,-7.8048,2026-09-22,2026-09-16 20:13:18.325183+00:00,33.8,23.2,0.3,5,16.6,33.5,3,open-meteo,5.83,89.92
Beni Enzar,Morocco,35.2569,-2.9342,2026-09-16,2026-09-16 20:13:18.420434+00:00,29.7,21.6,0.0,0,9.4,28.4,2,open-meteo,4.01,94.19
Beni Enzar,Morocco,35.2569,-2.9342,2026-09-17,2026-09-16 20:13:18.420434+00:00,27.1,22.7,0.1,0,12.4,31.3,45,open-meteo,4.81,84.63
Beni Enzar,Morocco,35.2569,-2.9342,2026-09-18,2026-09-16 20:13:18.420434+00:00,25.4,22.8,0.1,10,12.5,35.3,45,open-meteo,5.23,84.34
Beni Enzar,Morocco,35.2569,-2.9342,2026-09-19,2026-09-16 20:13:18.420434+00:00,25.9,23.5,0.6,9,21.7,63.7,3,open-meteo,9.88,87.08
Beni Enzar,Morocco,35.2569,-2.9342,2026-09-20,2026-09-16 20:13:18.420434+00:00,25.6,24.1,2.7,23,19.3,53.3,80,open-meteo,11.34,75.56
Beni Enzar,Morocco,35.2569,-2.9342,2026-09-21,2026-09-16 20:13:18.420434+00:00,26.1,23.4,0.45,5,14.8,48.6,80,open-meteo,7.31,78.38
Beni Enzar,Morocco,35.2569,-2.9342,2026-09-22,2026-09-16 20:13:18.420434+00:00,26.9,22.5,0.0,0,11.8,28.8,45,open-meteo,4.36,84.95
Al Hoceïma,Morocco,35.2472,-3.9322,2026-09-16,2026-09-16 20:13:18.516355+00:00,28.3,19.2,0.0,0,13.8,24.1,2,open-meteo,4.14,94.1
Al Hoceïma,Morocco,35.2472,-3.9322,2026-09-17,2026-09-16 20:13:18.516355+00:00,25.6,19.5,0.2,33,14.8,27.0,3,open-meteo,4.82,90.63
Al Hoceïma,Morocco,35.2472,-3.9322,2026-09-18,2026-09-16 20:13:18.516355+00:00,26.1,19.0,0.0,3,19.2,34.6,45,open-meteo,5.86,83.9
Al Hoceïma,Morocco,35.2472,-3.9322,2026-09-19,2026-09-16 20:13:18.516355+00:00,28.6,18.9,0.0,0,26.8,48.6,1,open-meteo,8.21,94.25
Al Hoceïma,Morocco,35.2472,-3.9322,2026-09-20,2026-09-16 20:13:18.516355+00:00,27.7,22.2,0.0,0,24.7,44.6,3,open-meteo,7.55,88.72
Al Hoceïma,Morocco,35.2472,-3.9322,2026-09-21,2026-09-16 20:13:18.516355+00:00,27.7,20.8,0.0,0,21.5,42.5,2,open-meteo,6.94,92.14
Al Hoceïma,Morocco,35.2472,-3.9322,2026-09-22,2026-09-16 20:13:18.516355+00:00,26.9,19.5,0.0,0,10.7,19.8,2,open-meteo,3.32,94.68
Douar Laouamra,Morocco,31.8,-8.7167,2026-09-16,2026-09-16 20:13:18.617615+00:00,36.0,21.4,0.0,0,26.0,40.7,1,open-meteo,11.32,92.08
Douar Laouamra,Morocco,31.8,-8.7167,2026-09-17,2026-09-16 20:13:18.617615+00:00,31.3,19.3,0.0,0,20.9,32.4,2,open-meteo,5.85,92.91
Douar Laouamra,Morocco,31.8,-8.7167,2026-09-18,2026-09-16 20:13:18.617615+00:00,32.7,19.1,0.0,0,24.2,37.1,1,open-meteo,6.73,95.29
Douar Laouamra,Morocco,31.8,-8.7167,2026-09-19,2026-09-16 20:13:18.617615+00:00,35.8,20.3,0.0,0,14.9,31.0,2,open-meteo,8.16,91.29
Douar Laouamra,Morocco,31.8,-8.7167,2026-09-20,2026-09-16 20:13:18.617615+00:00,39.8,24.3,0.6,5,17.5,30.6,3,open-meteo,25.25,76.32
Douar Laouamra,Morocco,31.8,-8.7167,2026-09-21,2026-09-16 20:13:18.617615+00:00,38.2,23.5,0.0,0,20.1,35.3,3,open-meteo,18.84,80.81
Douar Laouamra,Morocco,31.8,-8.7167,2026-09-22,2026-09-16 20:13:18.617615+00:00,38.6,22.5,0.0,0,20.4,35.3,3,open-meteo,20.48,79.66
Qasbat Tadla,Morocco,32.6,-6.26,2026-09-16,2026-09-16 20:13:18.707410+00:00,34.5,18.7,0.0,0,11.9,20.9,3,open-meteo,3.58,91.49
Qasbat Tadla,Morocco,32.6,-6.26,2026-09-17,2026-09-16 20:13:18.707410+00:00,32.8,17.7,0.0,0,13.4,24.8,1,open-meteo,4.16,97.09
Qasbat Tadla,Morocco,32.6,-6.26,2026-09-18,2026-09-16 20:13:18.707410+00:00,33.6,18.1,0.0,0,13.5,25.6,3,open-meteo,4.25,91.02
Qasbat Tadla,Morocco,32.6,-6.26,2026-09-19,2026-09-16 20:13:18.707410+00:00,37.6,20.3,0.0,0,13.5,24.8,2,open-meteo,14.57,86.8
Qasbat Tadla,Morocco,32.6,-6.26,2026-09-20,2026-09-16 20:13:18.707410+00:00,39.7,23.2,0.0,10,13.3,25.9,3,open-meteo,23.05,77.87
Qasbat Tadla,Morocco,32.6,-6.26,2026-09-21,2026-09-16 20:13:18.707410+00:00,37.6,22.7,0.3,5,14.3,25.9,3,open-meteo,15.18,83.37
Qasbat Tadla,Morocco,32.6,-6.26,2026-09-22,2026-09-16 20:13:18.707410+00:00,37.4,19.1,0.0,3,13.3,25.2,2,open-meteo,13.78,87.35
Aziylal,Morocco,31.96,-6.56,2026-09-16,2026-09-16 20:13:18.799286+00:00,26.9,15.8,0.0,0,17.3,39.2,1,open-meteo,6.08,95.74
Aziylal,Morocco,31.96,-6.56,2026-09-17,2026-09-16 20:13:18.799286+00:00,27.7,15.1,0.0,8,16.1,38.9,3,open-meteo,5.9,89.87
Aziylal,Morocco,31.96,-6.56,2026-09-18,2026-09-16 20:13:18.799286+00:00,26.7,15.4,0.0,0,16.8,36.7,3,open-meteo,5.77,89.96
Aziylal,Morocco,31.96,-6.56,2026-09-19,2026-09-16 20:13:18.799286+00:00,29.0,18.3,0.1,8,17.9,39.2,3,open-meteo,6.29,89.6
Aziylal,Morocco,31.96,-6.56,2026-09-20,2026-09-16 20:13:18.799286+00:00,30.2,20.8,3.6,35,25.5,50.8,80,open-meteo,13.07,74.35
Aziylal,Morocco,31.96,-6.56,2026-09-21,2026-09-16 20:13:18.799286+00:00,28.5,19.3,0.9,8,17.3,34.9,3,open-meteo,6.85,89.2
Aziylal,Morocco,31.96,-6.56,2026-09-22,2026-09-16 20:13:18.799286+00:00,29.3,17.2,0.0,8,22.0,45.0,1,open-meteo,7.25,94.92
Boujad,Morocco,32.7741,-6.3925,2026-09-16,2026-09-16 20:13:18.891553+00:00,33.0,18.8,0.0,0,17.7,31.3,2,open-meteo,5.34,93.26
Boujad,Morocco,32.7741,-6.3925,2026-09-17,2026-09-16 20:13:18.891553+00:00,32.0,17.4,0.0,0,17.7,32.8,1,open-meteo,5.49,96.16
Boujad,Morocco,32.7741,-6.3925,2026-09-18,2026-09-16 20:13:18.891553+00:00,32.1,17.5,0.0,0,17.4,36.4,3,open-meteo,5.82,89.93
Boujad,Morocco,32.7741,-6.3925,2026-09-19,2026-09-16 20:13:18.891553+00:00,35.7,19.3,0.0,0,18.0,32.0,2,open-meteo,8.25,91.22
Boujad,Morocco,32.7741,-6.3925,2026-09-20,2026-09-16 20:13:18.891553+00:00,37.7,23.7,0.0,5,15.6,26.3,3,open-meteo,15.38,83.23
Boujad,Morocco,32.7741,-6.3925,2026-09-21,2026-09-16 20:13:18.891553+00:00,35.0,22.8,0.6,3,17.1,33.1,3,open-meteo,6.25,89.62
Boujad,Morocco,32.7741,-6.3925,2026-09-22,2026-09-16 20:13:18.891553+00:00,34.6,22.8,0.0,3,15.0,28.1,2,open-meteo,4.69,93.72
Al Aaroui,Morocco,35.0104,-3.0073,2026-09-16,2026-09-16 20:13:18.981422+00:00,33.2,17.2,0.0,0,15.6,27.7,2,open-meteo,4.72,93.7
Al Aaroui,Morocco,35.0104,-3.0073,2026-09-17,2026-09-16 20:13:18.981422+00:00,27.5,18.0,0.0,0,19.4,34.2,45,open-meteo,5.85,83.91
Al Aaroui,Morocco,35.0104,-3.0073,2026-09-18,2026-09-16 20:13:18.981422+00:00,26.9,18.0,0.0,0,23.9,42.1,45,open-meteo,7.2,82.96
Al Aaroui,Morocco,35.0104,-3.0073,2026-09-19,2026-09-16 20:13:18.981422+00:00,26.4,20.6,0.0,0,29.5,51.5,45,open-meteo,8.84,81.81
Al Aaroui,Morocco,35.0104,-3.0073,2026-09-20,2026-09-16 20:13:18.981422+00:00,25.7,21.4,0.0,0,25.7,45.0,3,open-meteo,7.71,88.6
Al Aaroui,Morocco,35.0104,-3.0073,2026-09-21,2026-09-16 20:13:18.981422+00:00,27.2,20.8,0.0,3,25.5,46.1,3,open-meteo,7.8,88.54
Al Aaroui,Morocco,35.0104,-3.0073,2026-09-22,2026-09-16 20:13:18.981422+00:00,29.0,19.7,0.0,0,17.9,35.3,2,open-meteo,5.77,92.96
Mrirt,Morocco,33.1654,-5.5634,2026-09-16,2026-09-16 20:13:19.073848+00:00,30.4,14.1,0.0,0,15.4,33.5,2,open-meteo,5.28,93.3
Mrirt,Morocco,33.1654,-5.5634,2026-09-17,2026-09-16 20:13:19.073848+00:00,30.6,15.3,0.0,3,20.3,41.4,2,open-meteo,6.68,92.32
Mrirt,Morocco,33.1654,-5.5634,2026-09-18,2026-09-16 20:13:19.073848+00:00,30.3,14.3,0.0,0,19.4,38.5,3,open-meteo,6.28,89.6
Mrirt,Morocco,33.1654,-5.5634,2026-09-19,2026-09-16 20:13:19.073848+00:00,32.4,15.9,0.0,3,19.0,41.4,3,open-meteo,6.51,89.44
Mrirt,Morocco,33.1654,-5.5634,2026-09-20,2026-09-16 20:13:19.073848+00:00,34.3,19.2,0.0,10,18.7,39.2,3,open-meteo,6.26,89.62
Mrirt,Morocco,33.1654,-5.5634,2026-09-21,2026-09-16 20:13:19.073848+00:00,32.8,18.3,0.0,8,23.3,45.4,2,open-meteo,7.45,91.78
Mrirt,Morocco,33.1654,-5.5634,2026-09-22,2026-09-16 20:13:19.073848+00:00,31.8,16.6,0.0,8,15.5,29.2,3,open-meteo,4.86,90.6
Chefchaouene,Morocco,35.1714,-5.2697,2026-09-16,2026-09-16 20:13:19.161407+00:00,29.2,17.4,0.0,0,20.3,43.9,2,open-meteo,6.93,92.15
Chefchaouene,Morocco,35.1714,-5.2697,2026-09-17,2026-09-16 20:13:19.161407+00:00,28.7,15.0,0.0,0,12.9,28.1,3,open-meteo,4.42,90.91
Chefchaouene,Morocco,35.1714,-5.2697,2026-09-18,2026-09-16 20:13:19.161407+00:00,28.0,15.4,0.0,0,16.9,33.5,3,open-meteo,5.46,90.18
Chefchaouene,Morocco,35.1714,-5.2697,2026-09-19,2026-09-16 20:13:19.161407+00:00,27.7,18.3,0.0,0,18.9,37.8,1,open-meteo,6.14,95.7
Chefchaouene,Morocco,35.1714,-5.2697,2026-09-20,2026-09-16 20:13:19.161407+00:00,28.6,19.7,0.0,0,20.8,39.2,1,open-meteo,6.52,95.44
Chefchaouene,Morocco,35.1714,-5.2697,2026-09-21,2026-09-16 20:13:19.161407+00:00,28.9,19.8,0.0,0,17.7,33.5,0,open-meteo,5.56,96.11
Chefchaouene,Morocco,35.1714,-5.2697,2026-09-22,2026-09-16 20:13:19.161407+00:00,32.1,19.8,0.0,0,13.9,26.3,2,open-meteo,4.37,93.94
Tineghir,Morocco,31.5147,-5.5328,2026-09-16,2026-09-16 20:13:19.272012+00:00,31.7,19.4,0.0,0,28.7,45.7,2,open-meteo,8.16,91.29
Tineghir,Morocco,31.5147,-5.5328,2026-09-17,2026-09-16 20:13:19.272012+00:00,29.7,19.4,0.8,38,21.6,40.0,80,open-meteo,7.77,78.06
Tineghir,Morocco,31.5147,-5.5328,2026-09-18,2026-09-16 20:13:19.272012+00:00,31.0,18.2,0.2,35,28.2,56.2,3,open-meteo,9.41,87.41
Tineghir,Morocco,31.5147,-5.5328,2026-09-19,2026-09-16 20:13:19.272012+00:00,30.2,19.4,0.0,16,13.0,20.9,3,open-meteo,3.72,91.4
Tineghir,Morocco,31.5147,-5.5328,2026-09-20,2026-09-16 20:13:19.272012+00:00,30.4,21.0,0.6,15,12.8,22.7,80,open-meteo,4.67,80.23
Tineghir,Morocco,31.5147,-5.5328,2026-09-21,2026-09-16 20:13:19.272012+00:00,29.8,20.1,1.5,19,19.9,30.6,80,open-meteo,7.55,78.22
Tineghir,Morocco,31.5147,-5.5328,2026-09-22,2026-09-16 20:13:19.272012+00:00,32.3,18.1,0.0,20,24.1,37.4,2,open-meteo,6.75,92.27
Bouknadel,Morocco,34.1766,-6.6893,2026-09-16,2026-09-16 20:13:19.394440+00:00,25.3,20.8,0.0,0,19.7,34.2,2,open-meteo,5.88,92.88
Bouknadel,Morocco,34.1766,-6.6893,2026-09-17,2026-09-16 20:13:19.394440+00:00,25.0,19.2,0.0,0,12.8,22.3,3,open-meteo,3.83,91.32
Bouknadel,Morocco,34.1766,-6.6893,2026-09-18,2026-09-16 20:13:19.394440+00:00,25.1,17.7,0.0,0,16.4,28.4,45,open-meteo,4.89,84.58
Bouknadel,Morocco,34.1766,-6.6893,2026-09-19,2026-09-16 20:13:19.394440+00:00,29.4,17.2,0.0,0,17.3,29.5,45,open-meteo,5.11,84.42
Bouknadel,Morocco,34.1766,-6.6893,2026-09-20,2026-09-16 20:13:19.394440+00:00,34.0,21.6,0.0,0,17.7,31.7,3,open-meteo,5.38,90.23
Bouknadel,Morocco,34.1766,-6.6893,2026-09-21,2026-09-16 20:13:19.394440+00:00,34.1,21.9,0.0,0,15.2,30.2,1,open-meteo,4.92,96.56
Bouknadel,Morocco,34.1766,-6.6893,2026-09-22,2026-09-16 20:13:19.394440+00:00,28.9,19.3,0.0,0,11.0,25.9,45,open-meteo,3.97,85.22
Douar Bni Malek,Morocco,34.7583,-6.0572,2026-09-16,2026-09-16 20:13:19.487817+00:00,28.4,19.2,0.0,0,18.4,36.4,45,open-meteo,5.94,83.84
Douar Bni Malek,Morocco,34.7583,-6.0572,2026-09-17,2026-09-16 20:13:19.487817+00:00,28.1,18.2,0.0,0,14.6,27.0,3,open-meteo,4.52,90.84
Douar Bni Malek,Morocco,34.7583,-6.0572,2026-09-18,2026-09-16 20:13:19.487817+00:00,30.2,15.8,0.0,0,19.7,37.1,45,open-meteo,6.17,83.68
Douar Bni Malek,Morocco,34.7583,-6.0572,2026-09-19,2026-09-16 20:13:19.487817+00:00,35.7,17.7,0.0,0,16.4,31.0,45,open-meteo,7.95,82.43
Douar Bni Malek,Morocco,34.7583,-6.0572,2026-09-20,2026-09-16 20:13:19.487817+00:00,39.3,22.1,0.0,3,16.2,31.3,1,open-meteo,22.35,84.36
Douar Bni Malek,Morocco,34.7583,-6.0572,2026-09-21,2026-09-16 20:13:19.487817+00:00,37.2,24.0,0.0,0,13.3,28.4,0,open-meteo,13.3,90.69
Douar Bni Malek,Morocco,34.7583,-6.0572,2026-09-22,2026-09-16 20:13:19.487817+00:00,35.8,20.5,0.0,0,16.1,30.2,1,open-meteo,8.23,94.24
Had Abdallah Rhiat,Morocco,31.5183,-7.8494,2026-09-16,2026-09-16 20:13:19.576710+00:00,33.6,19.4,0.0,0,18.0,35.3,0,open-meteo,5.78,95.95
Had Abdallah Rhiat,Morocco,31.5183,-7.8494,2026-09-17,2026-09-16 20:13:19.576710+00:00,29.2,17.9,0.0,0,12.4,25.6,2,open-meteo,4.11,94.12
Had Abdallah Rhiat,Morocco,31.5183,-7.8494,2026-09-18,2026-09-16 20:13:19.576710+00:00,30.9,17.8,0.0,0,10.1,20.9,3,open-meteo,3.35,91.66
Had Abdallah Rhiat,Morocco,31.5183,-7.8494,2026-09-19,2026-09-16 20:13:19.576710+00:00,34.4,19.2,0.3,0,22.0,42.5,80,open-meteo,7.4,78.32
Had Abdallah Rhiat,Morocco,31.5183,-7.8494,2026-09-20,2026-09-16 20:13:19.576710+00:00,38.1,21.8,0.0,20,13.5,27.4,3,open-meteo,16.83,82.22
Had Abdallah Rhiat,Morocco,31.5183,-7.8494,2026-09-21,2026-09-16 20:13:19.576710+00:00,37.0,22.7,0.0,5,16.3,30.6,3,open-meteo,13.1,84.83
Had Abdallah Rhiat,Morocco,31.5183,-7.8494,2026-09-22,2026-09-16 20:13:19.576710+00:00,36.9,21.1,0.0,5,15.8,30.2,3,open-meteo,12.59,85.19
Cabo Bojador,Morocco,26.1269,-14.4992,2026-09-16,2026-09-16 20:13:19.669149+00:00,28.9,21.8,0.0,0,29.1,51.8,0,open-meteo,8.82,93.83
Cabo Bojador,Morocco,26.1269,-14.4992,2026-09-17,2026-09-16 20:13:19.669149+00:00,25.5,20.8,0.0,0,32.4,57.6,3,open-meteo,9.81,87.13
Cabo Bojador,Morocco,26.1269,-14.4992,2026-09-18,2026-09-16 20:13:19.669149+00:00,24.7,19.7,0.1,0,24.0,45.7,51,open-meteo,7.7,87.11
Cabo Bojador,Morocco,26.1269,-14.4992,2026-09-19,2026-09-16 20:13:19.669149+00:00,24.9,19.2,0.0,0,22.2,42.8,3,open-meteo,7.05,89.06
Cabo Bojador,Morocco,26.1269,-14.4992,2026-09-20,2026-09-16 20:13:19.669149+00:00,26.1,19.3,0.0,0,26.5,49.7,0,open-meteo,8.28,94.2
Cabo Bojador,Morocco,26.1269,-14.4992,2026-09-21,2026-09-16 20:13:19.669149+00:00,25.3,19.8,0.0,3,26.7,48.2,3,open-meteo,8.16,88.29
Cabo Bojador,Morocco,26.1269,-14.4992,2026-09-22,2026-09-16 20:13:19.669149+00:00,26.0,20.5,0.0,4,26.4,49.0,0,open-meteo,8.2,94.26
Zagora,Morocco,30.3316,-5.8376,2026-09-16,2026-09-16 20:13:20.023835+00:00,36.5,23.2,0.0,0,11.4,19.4,2,open-meteo,9.37,90.44
Zagora,Morocco,30.3316,-5.8376,2026-09-17,2026-09-16 20:13:20.023835+00:00,34.0,26.1,0.2,15,10.5,23.4,80,open-meteo,3.92,80.76
Zagora,Morocco,30.3316,-5.8376,2026-09-18,2026-09-16 20:13:20.023835+00:00,34.7,23.1,0.0,3,15.2,27.7,3,open-meteo,4.67,90.73
Zagora,Morocco,30.3316,-5.8376,2026-09-19,2026-09-16 20:13:20.023835+00:00,35.7,24.8,0.0,0,20.8,32.4,2,open-meteo,8.64,90.95
Zagora,Morocco,30.3316,-5.8376,2026-09-20,2026-09-16 20:13:20.023835+00:00,36.1,25.0,0.0,0,13.5,25.6,3,open-meteo,8.65,87.94
Zagora,Morocco,30.3316,-5.8376,2026-09-21,2026-09-16 20:13:20.023835+00:00,34.7,25.5,0.6,3,10.8,19.8,80,open-meteo,4.13,80.61
Zagora,Morocco,30.3316,-5.8376,2026-09-22,2026-09-16 20:13:20.023835+00:00,35.8,23.1,0.0,3,28.6,44.6,3,open-meteo,11.23,86.14
Azemmour,Morocco,33.2833,-8.3333,2026-09-16,2026-09-16 20:13:20.112955+00:00,26.3,20.4,0.0,0,17.5,32.0,2,open-meteo,5.39,93.23
Azemmour,Morocco,33.2833,-8.3333,2026-09-17,2026-09-16 20:13:20.112955+00:00,26.3,20.2,0.0,0,14.8,28.4,3,open-meteo,4.69,90.72
Azemmour,Morocco,33.2833,-8.3333,2026-09-18,2026-09-16 20:13:20.112955+00:00,26.1,18.5,0.0,0,19.3,34.9,45,open-meteo,5.9,83.87
Azemmour,Morocco,33.2833,-8.3333,2026-09-19,2026-09-16 20:13:20.112955+00:00,27.2,19.8,0.0,0,18.3,33.1,2,open-meteo,5.6,93.08
Azemmour,Morocco,33.2833,-8.3333,2026-09-20,2026-09-16 20:13:20.112955+00:00,29.2,20.5,0.0,0,17.6,32.4,2,open-meteo,5.44,93.19
Azemmour,Morocco,33.2833,-8.3333,2026-09-21,2026-09-16 20:13:20.112955+00:00,28.2,21.2,0.0,0,14.1,28.4,45,open-meteo,4.6,84.78
Azemmour,Morocco,33.2833,-8.3333,2026-09-22,2026-09-16 20:13:20.112955+00:00,27.5,20.7,0.0,0,11.6,24.1,45,open-meteo,3.86,85.3
Mnasra,Morocco,34.7667,-5.5167,2026-09-16,2026-09-16 20:13:20.222488+00:00,29.9,17.7,0.0,0,16.9,33.5,3,open-meteo,5.46,90.18
Mnasra,Morocco,34.7667,-5.5167,2026-09-17,2026-09-16 20:13:20.222488+00:00,28.9,17.3,0.0,0,14.4,27.4,3,open-meteo,4.54,90.82
Mnasra,Morocco,34.7667,-5.5167,2026-09-18,2026-09-16 20:13:20.222488+00:00,31.0,15.8,0.0,0,14.8,29.2,3,open-meteo,4.77,90.66
Mnasra,Morocco,34.7667,-5.5167,2026-09-19,2026-09-16 20:13:20.222488+00:00,35.7,18.3,0.0,0,13.4,26.6,1,open-meteo,7.14,95.0
Mnasra,Morocco,34.7667,-5.5167,2026-09-20,2026-09-16 20:13:20.222488+00:00,37.1,21.4,0.0,0,16.3,32.0,1,open-meteo,13.64,90.45
Mnasra,Morocco,34.7667,-5.5167,2026-09-21,2026-09-16 20:13:20.222488+00:00,35.9,21.9,0.0,0,12.6,26.7,1,open-meteo,7.84,94.51
Mnasra,Morocco,34.7667,-5.5167,2026-09-22,2026-09-16 20:13:20.222488+00:00,35.3,20.5,0.0,0,11.3,24.5,0,open-meteo,5.06,96.46
El Hajeb,Morocco,33.6928,-5.3711,2026-09-16,2026-09-16 20:13:20.328645+00:00,28.9,17.5,0.0,0,18.4,38.9,1,open-meteo,6.19,95.67
El Hajeb,Morocco,33.6928,-5.3711,2026-09-17,2026-09-16 20:13:20.328645+00:00,26.6,16.4,0.0,0,16.3,36.0,2,open-meteo,5.64,93.05
El Hajeb,Morocco,33.6928,-5.3711,2026-09-18,2026-09-16 20:13:20.328645+00:00,27.1,15.3,0.0,0,16.6,35.6,3,open-meteo,5.64,90.05
El Hajeb,Morocco,33.6928,-5.3711,2026-09-19,2026-09-16 20:13:20.328645+00:00,31.0,17.4,0.0,3,19.8,42.1,2,open-meteo,6.69,92.32
El Hajeb,Morocco,33.6928,-5.3711,2026-09-20,2026-09-16 20:13:20.328645+00:00,32.8,22.0,0.3,10,21.5,45.4,3,open-meteo,7.63,88.66
El Hajeb,Morocco,33.6928,-5.3711,2026-09-21,2026-09-16 20:13:20.328645+00:00,32.2,21.0,0.0,3,19.5,38.2,1,open-meteo,6.26,95.62
El Hajeb,Morocco,33.6928,-5.3711,2026-09-22,2026-09-16 20:13:20.328645+00:00,31.6,19.9,0.0,3,17.2,34.9,3,open-meteo,5.64,90.05
Jerada,Morocco,34.31,-2.16,2026-09-16,2026-09-16 20:13:20.418260+00:00,29.9,17.5,0.0,0,19.8,37.4,1,open-meteo,6.22,95.65
Jerada,Morocco,34.31,-2.16,2026-09-17,2026-09-16 20:13:20.418260+00:00,26.5,17.4,0.0,5,16.1,34.2,3,open-meteo,5.43,90.2
Jerada,Morocco,34.31,-2.16,2026-09-18,2026-09-16 20:13:20.418260+00:00,27.5,15.3,0.0,5,23.5,50.8,3,open-meteo,8.02,88.39
Jerada,Morocco,34.31,-2.16,2026-09-19,2026-09-16 20:13:20.418260+00:00,29.4,17.0,0.0,13,25.7,54.0,3,open-meteo,8.61,87.97
Jerada,Morocco,34.31,-2.16,2026-09-20,2026-09-16 20:13:20.418260+00:00,27.6,17.3,0.0,3,21.4,45.7,2,open-meteo,7.25,91.92
Jerada,Morocco,34.31,-2.16,2026-09-21,2026-09-16 20:13:20.418260+00:00,27.9,17.2,0.3,3,20.4,43.6,45,open-meteo,7.31,82.88
Jerada,Morocco,34.31,-2.16,2026-09-22,2026-09-16 20:13:20.418260+00:00,29.7,15.4,0.0,3,19.5,36.7,45,open-meteo,6.11,83.72
El Aïoun,Morocco,34.5726,-2.5127,2026-09-16,2026-09-16 20:13:20.510227+00:00,32.9,15.8,0.0,0,21.1,36.4,1,open-meteo,6.28,95.6
El Aïoun,Morocco,34.5726,-2.5127,2026-09-17,2026-09-16 20:13:20.510227+00:00,28.4,16.1,0.0,0,15.6,25.9,3,open-meteo,4.54,90.82
El Aïoun,Morocco,34.5726,-2.5127,2026-09-18,2026-09-16 20:13:20.510227+00:00,29.0,16.0,0.0,0,21.3,36.4,45,open-meteo,6.3,83.59
El Aïoun,Morocco,34.5726,-2.5127,2026-09-19,2026-09-16 20:13:20.510227+00:00,30.0,18.8,0.0,3,22.4,38.2,3,open-meteo,6.62,89.37
El Aïoun,Morocco,34.5726,-2.5127,2026-09-20,2026-09-16 20:13:20.510227+00:00,29.0,20.0,0.0,0,17.3,33.5,3,open-meteo,5.51,90.14
El Aïoun,Morocco,34.5726,-2.5127,2026-09-21,2026-09-16 20:13:20.510227+00:00,29.4,20.0,0.0,0,18.6,35.6,3,open-meteo,5.89,89.88
El Aïoun,Morocco,34.5726,-2.5127,2026-09-22,2026-09-16 20:13:20.510227+00:00,30.4,19.0,0.3,0,13.3,25.2,45,open-meteo,4.58,84.79
Tameslouht,Morocco,31.5,-8.1,2026-09-16,2026-09-16 20:13:20.600301+00:00,34.5,21.6,0.0,0,19.8,32.8,0,open-meteo,5.75,95.97
Tameslouht,Morocco,31.5,-8.1,2026-09-17,2026-09-16 20:13:20.600301+00:00,30.0,18.3,0.0,0,14.8,25.2,2,open-meteo,4.37,93.94
Tameslouht,Morocco,31.5,-8.1,2026-09-18,2026-09-16 20:13:20.600301+00:00,31.1,18.2,0.0,0,11.6,20.2,3,open-meteo,3.47,91.57
Tameslouht,Morocco,31.5,-8.1,2026-09-19,2026-09-16 20:13:20.600301+00:00,34.6,20.3,0.0,0,10.8,19.4,2,open-meteo,3.29,94.7
Tameslouht,Morocco,31.5,-8.1,2026-09-20,2026-09-16 20:13:20.600301+00:00,38.3,23.8,0.0,23,13.7,32.0,3,open-meteo,18.11,81.32
Tameslouht,Morocco,31.5,-8.1,2026-09-21,2026-09-16 20:13:20.600301+00:00,36.9,24.2,0.0,5,20.7,34.9,3,open-meteo,13.68,84.42
Tameslouht,Morocco,31.5,-8.1,2026-09-22,2026-09-16 20:13:20.600301+00:00,36.7,24.3,0.3,5,16.1,27.4,80,open-meteo,11.95,75.13
Sidi Yahia El Gharb,Morocco,34.3058,-6.3058,2026-09-16,2026-09-16 20:13:20.688152+00:00,27.8,20.2,0.0,0,20.8,39.6,2,open-meteo,6.56,92.41
Sidi Yahia El Gharb,Morocco,34.3058,-6.3058,2026-09-17,2026-09-16 20:13:20.688152+00:00,27.5,17.8,0.0,0,13.8,25.6,3,open-meteo,4.29,91.0
Sidi Yahia El Gharb,Morocco,34.3058,-6.3058,2026-09-18,2026-09-16 20:13:20.688152+00:00,29.4,16.3,0.0,0,18.2,32.8,45,open-meteo,5.55,84.11
Sidi Yahia El Gharb,Morocco,34.3058,-6.3058,2026-09-19,2026-09-16 20:13:20.688152+00:00,35.1,16.4,0.0,0,18.7,34.9,45,open-meteo,6.23,83.64
Sidi Yahia El Gharb,Morocco,34.3058,-6.3058,2026-09-20,2026-09-16 20:13:20.688152+00:00,39.0,23.2,0.0,0,18.5,34.6,3,open-meteo,21.77,78.76
Sidi Yahia El Gharb,Morocco,34.3058,-6.3058,2026-09-21,2026-09-16 20:13:20.688152+00:00,37.9,23.3,0.0,0,19.2,34.6,1,open-meteo,17.46,87.78
Sidi Yahia El Gharb,Morocco,34.3058,-6.3058,2026-09-22,2026-09-16 20:13:20.688152+00:00,35.4,19.0,0.0,0,16.1,30.6,3,open-meteo,6.67,89.33
Taounate,Morocco,34.5358,-4.64,2026-09-16,2026-09-16 20:13:20.790248+00:00,30.3,18.2,0.0,0,18.4,34.6,2,open-meteo,5.76,92.97
Taounate,Morocco,34.5358,-4.64,2026-09-17,2026-09-16 20:13:20.790248+00:00,29.0,16.5,0.0,0,12.6,23.8,45,open-meteo,3.96,85.23
Taounate,Morocco,34.5358,-4.64,2026-09-18,2026-09-16 20:13:20.790248+00:00,30.9,14.5,0.0,0,8.8,16.2,3,open-meteo,2.72,92.1
Taounate,Morocco,34.5358,-4.64,2026-09-19,2026-09-16 20:13:20.790248+00:00,33.5,18.4,0.0,0,21.3,39.2,1,open-meteo,6.58,95.39
Taounate,Morocco,34.5358,-4.64,2026-09-20,2026-09-16 20:13:20.790248+00:00,34.1,20.9,0.0,0,18.9,41.0,3,open-meteo,6.46,89.48
Taounate,Morocco,34.5358,-4.64,2026-09-21,2026-09-16 20:13:20.790248+00:00,32.7,19.8,0.0,0,18.2,34.9,2,open-meteo,5.76,92.97
Taounate,Morocco,34.5358,-4.64,2026-09-22,2026-09-16 20:13:20.790248+00:00,34.0,19.2,0.0,0,7.9,16.9,2,open-meteo,2.68,95.12
Bahharet Oulad Ayyad,Morocco,34.7703,-6.3047,2026-09-16,2026-09-16 20:13:20.881154+00:00,25.0,19.8,0.0,0,19.3,34.6,45,open-meteo,5.87,83.89
Bahharet Oulad Ayyad,Morocco,34.7703,-6.3047,2026-09-17,2026-09-16 20:13:20.881154+00:00,25.1,18.4,0.0,0,12.9,22.7,3,open-meteo,3.88,91.28
Bahharet Oulad Ayyad,Morocco,34.7703,-6.3047,2026-09-18,2026-09-16 20:13:20.881154+00:00,24.9,15.7,0.0,0,19.4,33.1,45,open-meteo,5.74,83.98
Bahharet Oulad Ayyad,Morocco,34.7703,-6.3047,2026-09-19,2026-09-16 20:13:20.881154+00:00,29.8,17.9,0.0,0,18.2,31.7,45,open-meteo,5.45,84.18
Bahharet Oulad Ayyad,Morocco,34.7703,-6.3047,2026-09-20,2026-09-16 20:13:20.881154+00:00,34.4,21.3,0.0,0,18.1,33.1,2,open-meteo,5.57,93.1
Bahharet Oulad Ayyad,Morocco,34.7703,-6.3047,2026-09-21,2026-09-16 20:13:20.881154+00:00,33.9,20.9,0.0,0,17.6,29.5,0,open-meteo,5.15,96.39
Bahharet Oulad Ayyad,Morocco,34.7703,-6.3047,2026-09-22,2026-09-16 20:13:20.881154+00:00,31.4,19.9,0.0,0,15.9,26.6,1,open-meteo,4.65,96.74
Chichaoua,Morocco,31.5333,-8.7667,2026-09-16,2026-09-16 20:13:21.003496+00:00,35.4,21.4,0.0,0,23.4,37.8,1,open-meteo,8.3,94.19
Chichaoua,Morocco,31.5333,-8.7667,2026-09-17,2026-09-16 20:13:21.003496+00:00,30.3,18.6,0.0,0,18.4,30.6,2,open-meteo,5.36,93.25
Chichaoua,Morocco,31.5333,-8.7667,2026-09-18,2026-09-16 20:13:21.003496+00:00,31.4,18.4,0.0,0,16.4,26.6,3,open-meteo,4.71,90.7
Chichaoua,Morocco,31.5333,-8.7667,2026-09-19,2026-09-16 20:13:21.003496+00:00,34.3,19.2,0.0,0,20.0,32.4,2,open-meteo,5.74,92.98
Chichaoua,Morocco,31.5333,-8.7667,2026-09-20,2026-09-16 20:13:21.003496+00:00,35.9,22.7,0.0,5,22.4,38.5,3,open-meteo,10.25,86.82
Chichaoua,Morocco,31.5333,-8.7667,2026-09-21,2026-09-16 20:13:21.003496+00:00,36.8,23.1,0.0,0,20.5,36.4,3,open-meteo,13.4,84.62
Chichaoua,Morocco,31.5333,-8.7667,2026-09-22,2026-09-16 20:13:21.003496+00:00,37.3,22.7,1.2,0,13.4,27.7,80,open-meteo,15.24,72.83
Al ’Attawia,Morocco,31.83,-7.31,2026-09-16,2026-09-16 20:13:21.092196+00:00,33.1,18.7,0.0,0,17.2,33.1,1,open-meteo,5.46,96.18
Al ’Attawia,Morocco,31.83,-7.31,2026-09-17,2026-09-16 20:13:21.092196+00:00,29.1,16.9,0.0,0,14.4,29.5,45,open-meteo,4.75,84.67
Al ’Attawia,Morocco,31.83,-7.31,2026-09-18,2026-09-16 20:13:21.092196+00:00,30.3,16.8,0.0,0,13.4,25.6,3,open-meteo,4.23,91.04
Al ’Attawia,Morocco,31.83,-7.31,2026-09-19,2026-09-16 20:13:21.092196+00:00,34.4,18.7,0.0,0,15.1,28.1,2,open-meteo,4.7,93.71
Al ’Attawia,Morocco,31.83,-7.31,2026-09-20,2026-09-16 20:13:21.092196+00:00,37.3,21.9,0.0,13,21.0,48.6,3,open-meteo,16.68,82.32
Al ’Attawia,Morocco,31.83,-7.31,2026-09-21,2026-09-16 20:13:21.092196+00:00,34.3,22.4,0.3,3,12.6,27.0,80,open-meteo,4.67,80.23
Al ’Attawia,Morocco,31.83,-7.31,2026-09-22,2026-09-16 20:13:21.092196+00:00,35.9,18.6,0.0,3,19.3,34.9,2,open-meteo,9.5,90.35
Tabount,Morocco,30.9014,-6.9217,2026-09-16,2026-09-16 20:13:21.179866+00:00,33.5,19.5,0.0,0,22.4,36.0,2,open-meteo,6.4,92.52
Tabount,Morocco,30.9014,-6.9217,2026-09-17,2026-09-16 20:13:21.179866+00:00,31.0,19.7,0.9,30,18.1,34.6,80,open-meteo,6.92,78.66
Tabount,Morocco,30.9014,-6.9217,2026-09-18,2026-09-16 20:13:21.179866+00:00,31.9,18.4,0.3,3,13.3,22.0,80,open-meteo,4.26,80.52
Tabount,Morocco,30.9014,-6.9217,2026-09-19,2026-09-16 20:13:21.179866+00:00,31.6,20.3,0.0,3,12.7,26.3,3,open-meteo,4.22,91.05
Tabount,Morocco,30.9014,-6.9217,2026-09-20,2026-09-16 20:13:21.179866+00:00,32.5,20.2,0.0,3,19.3,31.0,3,open-meteo,5.51,90.14
Tabount,Morocco,30.9014,-6.9217,2026-09-21,2026-09-16 20:13:21.179866+00:00,31.1,21.3,0.0,3,16.0,30.2,3,open-meteo,5.02,90.49
Tabount,Morocco,30.9014,-6.9217,2026-09-22,2026-09-16 20:13:21.179866+00:00,32.1,17.3,0.3,3,31.6,53.3,3,open-meteo,9.68,87.22
Bellaa,Morocco,30.0314,-9.5542,2026-09-16,2026-09-16 20:13:21.291310+00:00,30.8,21.6,0.0,0,20.1,35.3,1,open-meteo,6.04,95.77
Bellaa,Morocco,30.0314,-9.5542,2026-09-17,2026-09-16 20:13:21.291310+00:00,26.4,20.8,0.0,0,21.0,36.7,3,open-meteo,6.3,89.59
Bellaa,Morocco,30.0314,-9.5542,2026-09-18,2026-09-16 20:13:21.291310+00:00,26.1,19.9,0.0,0,19.7,34.6,2,open-meteo,5.92,92.86
Bellaa,Morocco,30.0314,-9.5542,2026-09-19,2026-09-16 20:13:21.291310+00:00,26.6,20.5,0.0,0,17.7,32.4,3,open-meteo,5.45,90.18
Bellaa,Morocco,30.0314,-9.5542,2026-09-20,2026-09-16 20:13:21.291310+00:00,27.5,20.4,0.0,0,17.8,34.2,2,open-meteo,5.64,93.05
Bellaa,Morocco,30.0314,-9.5542,2026-09-21,2026-09-16 20:13:21.291310+00:00,33.7,20.5,0.0,0,15.3,24.5,3,open-meteo,4.36,90.95
Bellaa,Morocco,30.0314,-9.5542,2026-09-22,2026-09-16 20:13:21.291310+00:00,38.2,24.5,0.0,0,12.6,27.7,3,open-meteo,17.15,81.99
Zaïo,Morocco,34.9396,-2.7334,2026-09-16,2026-09-16 20:13:21.402105+00:00,34.0,19.2,0.0,0,12.4,27.0,2,open-meteo,4.25,94.02
Zaïo,Morocco,34.9396,-2.7334,2026-09-17,2026-09-16 20:13:21.402105+00:00,27.4,19.2,0.0,0,14.4,31.3,3,open-meteo,4.93,90.55
Zaïo,Morocco,34.9396,-2.7334,2026-09-18,2026-09-16 20:13:21.402105+00:00,27.8,18.7,0.0,3,16.6,35.6,45,open-meteo,5.64,84.05
Zaïo,Morocco,34.9396,-2.7334,2026-09-19,2026-09-16 20:13:21.402105+00:00,27.6,20.3,0.0,0,26.6,54.0,3,open-meteo,8.73,87.89
Zaïo,Morocco,34.9396,-2.7334,2026-09-20,2026-09-16 20:13:21.402105+00:00,27.4,21.2,0.0,0,24.0,46.4,3,open-meteo,7.64,88.65
Zaïo,Morocco,34.9396,-2.7334,2026-09-21,2026-09-16 20:13:21.402105+00:00,27.8,20.5,0.0,3,26.7,47.9,3,open-meteo,8.13,88.31
Zaïo,Morocco,34.9396,-2.7334,2026-09-22,2026-09-16 20:13:21.402105+00:00,28.8,19.7,0.0,0,19.5,34.9,45,open-meteo,5.93,83.85
Zoumi,Morocco,34.8,-5.35,2026-09-16,2026-09-16 20:13:22.059442+00:00,29.4,17.4,0.0,0,18.2,38.9,2,open-meteo,6.17,92.68
Zoumi,Morocco,34.8,-5.35,2026-09-17,2026-09-16 20:13:22.059442+00:00,28.6,16.9,0.0,0,14.8,31.7,45,open-meteo,5.02,84.49
Zoumi,Morocco,34.8,-5.35,2026-09-18,2026-09-16 20:13:22.059442+00:00,30.7,16.1,0.0,0,12.7,31.3,3,open-meteo,4.72,90.7
Zoumi,Morocco,34.8,-5.35,2026-09-19,2026-09-16 20:13:22.059442+00:00,34.4,19.6,0.0,0,16.4,42.8,1,open-meteo,6.33,95.57
Zoumi,Morocco,34.8,-5.35,2026-09-20,2026-09-16 20:13:22.059442+00:00,36.0,22.5,0.0,0,17.5,43.9,1,open-meteo,10.58,92.59
Zoumi,Morocco,34.8,-5.35,2026-09-21,2026-09-16 20:13:22.059442+00:00,35.2,22.2,0.0,0,12.6,42.1,1,open-meteo,6.59,95.39
Zoumi,Morocco,34.8,-5.35,2026-09-22,2026-09-16 20:13:22.059442+00:00,34.7,19.9,0.0,0,11.3,24.5,0,open-meteo,3.86,97.3
Aguelmous,Morocco,33.1324,-5.8366,2026-09-16,2026-09-16 20:13:22.155519+00:00,29.5,15.9,0.0,0,16.6,33.1,1,open-meteo,5.39,96.23
Aguelmous,Morocco,33.1324,-5.8366,2026-09-17,2026-09-16 20:13:22.155519+00:00,29.7,16.0,0.0,0,17.8,35.6,1,open-meteo,5.79,95.95
Aguelmous,Morocco,33.1324,-5.8366,2026-09-18,2026-09-16 20:13:22.155519+00:00,29.6,15.5,0.0,0,17.4,37.1,3,open-meteo,5.88,89.88
Aguelmous,Morocco,33.1324,-5.8366,2026-09-19,2026-09-16 20:13:22.155519+00:00,32.1,16.3,0.0,3,18.8,39.2,3,open-meteo,6.27,89.61
Aguelmous,Morocco,33.1324,-5.8366,2026-09-20,2026-09-16 20:13:22.155519+00:00,33.0,20.4,0.0,15,27.2,53.6,3,open-meteo,8.76,87.87
Aguelmous,Morocco,33.1324,-5.8366,2026-09-21,2026-09-16 20:13:22.155519+00:00,32.7,19.4,0.3,5,22.6,45.4,3,open-meteo,7.76,88.57
Aguelmous,Morocco,33.1324,-5.8366,2026-09-22,2026-09-16 20:13:22.155519+00:00,31.3,18.6,0.0,5,19.3,37.4,3,open-meteo,6.15,89.69
Mograne,Morocco,34.4497,-6.3562,2026-09-16,2026-09-16 20:13:23.251333+00:00,26.4,19.6,0.0,0,22.3,42.8,45,open-meteo,7.07,83.05
Mograne,Morocco,34.4497,-6.3562,2026-09-17,2026-09-16 20:13:23.251333+00:00,26.4,18.2,0.0,0,14.6,27.0,45,open-meteo,4.52,84.84
Mograne,Morocco,34.4497,-6.3562,2026-09-18,2026-09-16 20:13:23.251333+00:00,27.6,16.4,0.0,0,19.5,36.4,45,open-meteo,6.08,83.74
Mograne,Morocco,34.4497,-6.3562,2026-09-19,2026-09-16 20:13:23.251333+00:00,33.9,16.7,0.0,0,21.3,39.6,45,open-meteo,6.62,83.37
Mograne,Morocco,34.4497,-6.3562,2026-09-20,2026-09-16 20:13:23.251333+00:00,38.1,22.4,0.0,0,23.4,43.9,1,open-meteo,19.72,86.2
Mograne,Morocco,34.4497,-6.3562,2026-09-21,2026-09-16 20:13:23.251333+00:00,35.7,20.5,0.0,0,22.3,40.0,1,open-meteo,9.59,93.29
Mograne,Morocco,34.4497,-6.3562,2026-09-22,2026-09-16 20:13:23.251333+00:00,31.5,18.4,0.0,0,14.3,27.0,3,open-meteo,4.49,90.86
Zawyat an Nwaçer,Morocco,33.3611,-7.6114,2026-09-16,2026-09-16 20:13:23.343222+00:00,27.4,19.7,0.0,0,16.3,36.4,45,open-meteo,5.68,84.02
Zawyat an Nwaçer,Morocco,33.3611,-7.6114,2026-09-17,2026-09-16 20:13:23.343222+00:00,26.9,18.4,0.0,0,15.7,34.2,3,open-meteo,5.38,90.23
Zawyat an Nwaçer,Morocco,33.3611,-7.6114,2026-09-18,2026-09-16 20:13:23.343222+00:00,27.7,16.8,0.0,0,17.5,36.4,45,open-meteo,5.83,83.92
Zawyat an Nwaçer,Morocco,33.3611,-7.6114,2026-09-19,2026-09-16 20:13:23.343222+00:00,31.3,18.0,0.0,0,16.3,34.6,45,open-meteo,5.5,84.15
Zawyat an Nwaçer,Morocco,33.3611,-7.6114,2026-09-20,2026-09-16 20:13:23.343222+00:00,35.2,21.1,0.0,0,16.7,36.0,2,open-meteo,6.49,92.46
Zawyat an Nwaçer,Morocco,33.3611,-7.6114,2026-09-21,2026-09-16 20:13:23.343222+00:00,32.9,22.4,0.0,0,16.7,37.1,2,open-meteo,5.8,92.94
Zawyat an Nwaçer,Morocco,33.3611,-7.6114,2026-09-22,2026-09-16 20:13:23.343222+00:00,31.8,20.1,0.0,0,15.3,33.1,45,open-meteo,5.22,84.35
Asilah,Morocco,35.4667,-6.0333,2026-09-16,2026-09-16 20:13:23.831611+00:00,24.8,18.9,0.0,0,19.8,35.6,3,open-meteo,6.04,89.77
Asilah,Morocco,35.4667,-6.0333,2026-09-17,2026-09-16 20:13:23.831611+00:00,24.2,18.5,0.0,0,14.0,25.9,3,open-meteo,4.34,90.96
Asilah,Morocco,35.4667,-6.0333,2026-09-18,2026-09-16 20:13:23.831611+00:00,28.0,16.2,0.0,0,24.1,43.6,45,open-meteo,7.37,82.84
Asilah,Morocco,35.4667,-6.0333,2026-09-19,2026-09-16 20:13:23.831611+00:00,29.5,22.4,0.0,0,34.6,63.7,1,open-meteo,10.7,92.51
Asilah,Morocco,35.4667,-6.0333,2026-09-20,2026-09-16 20:13:23.831611+00:00,30.0,23.7,0.0,0,33.8,64.4,0,open-meteo,10.66,92.54
Asilah,Morocco,35.4667,-6.0333,2026-09-21,2026-09-16 20:13:23.831611+00:00,35.7,23.1,0.0,0,21.7,40.0,0,open-meteo,9.51,93.34
Asilah,Morocco,35.4667,-6.0333,2026-09-22,2026-09-16 20:13:23.831611+00:00,35.0,22.1,0.0,0,14.3,28.4,1,open-meteo,4.63,96.76
Douar Oulad Hssine,Morocco,33.0681,-8.5108,2026-09-16,2026-09-16 20:13:24.921101+00:00,27.2,20.4,0.0,0,18.8,33.1,45,open-meteo,5.66,84.04
Douar Oulad Hssine,Morocco,33.0681,-8.5108,2026-09-17,2026-09-16 20:13:24.921101+00:00,26.7,19.1,0.0,0,17.1,30.2,3,open-meteo,5.16,90.39
Douar Oulad Hssine,Morocco,33.0681,-8.5108,2026-09-18,2026-09-16 20:13:24.921101+00:00,27.7,18.0,0.0,0,21.6,37.8,45,open-meteo,6.48,83.46
Douar Oulad Hssine,Morocco,33.0681,-8.5108,2026-09-19,2026-09-16 20:13:24.921101+00:00,29.3,19.0,0.0,0,17.6,31.3,2,open-meteo,5.33,93.27
Douar Oulad Hssine,Morocco,33.0681,-8.5108,2026-09-20,2026-09-16 20:13:24.921101+00:00,32.8,21.0,0.0,0,16.9,30.2,2,open-meteo,5.13,93.41
Douar Oulad Hssine,Morocco,33.0681,-8.5108,2026-09-21,2026-09-16 20:13:24.921101+00:00,27.7,21.3,0.0,0,13.4,26.3,45,open-meteo,4.31,84.98
Douar Oulad Hssine,Morocco,33.0681,-8.5108,2026-09-22,2026-09-16 20:13:24.921101+00:00,27.4,20.1,0.0,0,12.1,23.8,45,open-meteo,3.89,85.28
Dabouziya,Morocco,33.2172,-8.419,2026-09-16,2026-09-16 20:13:25.089214+00:00,26.1,20.8,0.0,0,19.1,34.6,45,open-meteo,5.85,83.91
Dabouziya,Morocco,33.2172,-8.419,2026-09-17,2026-09-16 20:13:25.089214+00:00,26.3,19.5,0.0,0,17.2,31.3,3,open-meteo,5.28,90.3
Dabouziya,Morocco,33.2172,-8.419,2026-09-18,2026-09-16 20:13:25.089214+00:00,26.4,18.6,0.0,0,20.9,38.2,3,open-meteo,6.43,89.5
Dabouziya,Morocco,33.2172,-8.419,2026-09-19,2026-09-16 20:13:25.089214+00:00,27.6,19.6,0.0,0,18.7,33.8,2,open-meteo,5.72,93.0
Dabouziya,Morocco,33.2172,-8.419,2026-09-20,2026-09-16 20:13:25.089214+00:00,29.9,20.9,0.0,0,16.3,32.0,2,open-meteo,5.24,93.33
Dabouziya,Morocco,33.2172,-8.419,2026-09-21,2026-09-16 20:13:25.089214+00:00,27.9,21.4,0.0,0,13.7,28.4,45,open-meteo,4.55,84.81
Dabouziya,Morocco,33.2172,-8.419,2026-09-22,2026-09-16 20:13:25.089214+00:00,27.2,20.4,0.0,0,11.6,24.1,45,open-meteo,3.86,85.3
Lalla Mimouna,Morocco,34.85,-6.0669,2026-09-16,2026-09-16 20:13:25.621656+00:00,27.4,19.3,0.0,0,18.3,36.4,45,open-meteo,5.93,83.85
Lalla Mimouna,Morocco,34.85,-6.0669,2026-09-17,2026-09-16 20:13:25.621656+00:00,27.4,18.4,0.0,0,13.8,26.3,3,open-meteo,4.36,90.95
Lalla Mimouna,Morocco,34.85,-6.0669,2026-09-18,2026-09-16 20:13:25.621656+00:00,30.0,16.1,0.0,0,19.1,36.7,45,open-meteo,6.06,83.76
Lalla Mimouna,Morocco,34.85,-6.0669,2026-09-19,2026-09-16 20:13:25.621656+00:00,35.0,18.3,0.0,0,14.1,26.6,45,open-meteo,4.42,84.91
Lalla Mimouna,Morocco,34.85,-6.0669,2026-09-20,2026-09-16 20:13:25.621656+00:00,38.1,21.8,0.0,0,15.2,30.2,1,open-meteo,17.32,87.88
Lalla Mimouna,Morocco,34.85,-6.0669,2026-09-21,2026-09-16 20:13:25.621656+00:00,36.9,22.1,0.0,0,16.0,29.9,0,open-meteo,12.59,91.19
Lalla Mimouna,Morocco,34.85,-6.0669,2026-09-22,2026-09-16 20:13:25.621656+00:00,34.0,19.8,0.0,0,18.1,33.8,1,open-meteo,5.64,96.05
Aourir,Morocco,30.5252,-9.6116,2026-09-16,2026-09-16 20:13:25.720633+00:00,37.1,22.9,0.0,0,37.6,67.0,0,open-meteo,19.8,86.14
Aourir,Morocco,30.5252,-9.6116,2026-09-17,2026-09-16 20:13:25.720633+00:00,28.9,18.7,0.0,0,14.9,27.7,3,open-meteo,4.63,90.76
Aourir,Morocco,30.5252,-9.6116,2026-09-18,2026-09-16 20:13:25.720633+00:00,25.9,17.7,0.0,0,11.9,26.6,2,open-meteo,4.15,94.09
Aourir,Morocco,30.5252,-9.6116,2026-09-19,2026-09-16 20:13:25.720633+00:00,26.0,18.8,0.0,0,9.7,24.8,45,open-meteo,3.69,85.42
Aourir,Morocco,30.5252,-9.6116,2026-09-20,2026-09-16 20:13:25.720633+00:00,25.8,19.4,0.0,0,10.4,22.3,2,open-meteo,3.53,94.53
Aourir,Morocco,30.5252,-9.6116,2026-09-21,2026-09-16 20:13:25.720633+00:00,31.1,20.0,0.0,0,10.9,25.2,3,open-meteo,3.88,91.28
Aourir,Morocco,30.5252,-9.6116,2026-09-22,2026-09-16 20:13:25.720633+00:00,36.3,22.9,0.0,0,9.3,28.8,3,open-meteo,9.24,87.53
Arbaoua,Morocco,34.9132,-5.9308,2026-09-16,2026-09-16 20:13:25.820107+00:00,28.5,19.3,0.0,0,17.1,32.8,3,open-meteo,5.42,90.21
Arbaoua,Morocco,34.9132,-5.9308,2026-09-17,2026-09-16 20:13:25.820107+00:00,28.1,18.1,0.0,0,14.6,27.0,3,open-meteo,4.52,90.84
Arbaoua,Morocco,34.9132,-5.9308,2026-09-18,2026-09-16 20:13:25.820107+00:00,29.7,15.0,0.0,0,18.7,34.9,45,open-meteo,5.83,83.92
Arbaoua,Morocco,34.9132,-5.9308,2026-09-19,2026-09-16 20:13:25.820107+00:00,34.5,18.2,0.0,0,14.1,26.3,45,open-meteo,4.39,84.93
Arbaoua,Morocco,34.9132,-5.9308,2026-09-20,2026-09-16 20:13:25.820107+00:00,37.7,22.8,0.0,0,10.1,25.9,1,open-meteo,14.65,89.74
Arbaoua,Morocco,34.9132,-5.9308,2026-09-21,2026-09-16 20:13:25.820107+00:00,36.6,23.0,0.0,0,10.2,24.8,2,open-meteo,10.16,89.89
Arbaoua,Morocco,34.9132,-5.9308,2026-09-22,2026-09-16 20:13:25.820107+00:00,36.2,20.0,0.0,0,11.2,24.5,0,open-meteo,8.65,93.94
Imzouren,Morocco,35.1464,-3.8506,2026-09-16,2026-09-16 20:13:25.996480+00:00,29.6,20.8,0.0,0,13.0,22.7,2,open-meteo,3.9,94.27
Imzouren,Morocco,35.1464,-3.8506,2026-09-17,2026-09-16 20:13:25.996480+00:00,25.8,18.4,0.0,0,15.5,28.4,3,open-meteo,4.78,90.65
Imzouren,Morocco,35.1464,-3.8506,2026-09-18,2026-09-16 20:13:25.996480+00:00,26.6,18.9,0.0,3,18.4,32.8,45,open-meteo,5.58,84.09
Imzouren,Morocco,35.1464,-3.8506,2026-09-19,2026-09-16 20:13:25.996480+00:00,29.9,18.6,0.0,0,25.0,48.2,3,open-meteo,7.95,88.43
Imzouren,Morocco,35.1464,-3.8506,2026-09-20,2026-09-16 20:13:25.996480+00:00,28.9,20.8,0.0,0,23.1,41.0,2,open-meteo,6.99,92.11
Imzouren,Morocco,35.1464,-3.8506,2026-09-21,2026-09-16 20:13:25.996480+00:00,30.0,19.6,0.0,0,16.8,33.8,2,open-meteo,5.48,93.16
Imzouren,Morocco,35.1464,-3.8506,2026-09-22,2026-09-16 20:13:25.996480+00:00,29.5,19.3,0.0,0,11.6,23.4,2,open-meteo,3.79,94.35
Mediouna,Morocco,33.4556,-7.5208,2026-09-16,2026-09-16 20:13:26.097865+00:00,28.1,19.5,0.0,0,16.9,32.0,2,open-meteo,5.31,93.28
Mediouna,Morocco,33.4556,-7.5208,2026-09-17,2026-09-16 20:13:26.097865+00:00,27.5,18.2,0.0,0,16.0,29.9,3,open-meteo,4.99,90.51
Mediouna,Morocco,33.4556,-7.5208,2026-09-18,2026-09-16 20:13:26.097865+00:00,27.9,16.3,0.0,0,18.3,33.5,45,open-meteo,5.64,84.05
Mediouna,Morocco,33.4556,-7.5208,2026-09-19,2026-09-16 20:13:26.097865+00:00,31.1,17.4,0.0,0,18.2,32.8,45,open-meteo,5.55,84.11
Mediouna,Morocco,33.4556,-7.5208,2026-09-20,2026-09-16 20:13:26.097865+00:00,35.5,21.1,0.0,0,18.0,32.8,2,open-meteo,7.53,91.73
Mediouna,Morocco,33.4556,-7.5208,2026-09-21,2026-09-16 20:13:26.097865+00:00,31.3,22.1,0.0,0,12.7,36.0,45,open-meteo,5.19,84.37
Mediouna,Morocco,33.4556,-7.5208,2026-09-22,2026-09-16 20:13:26.097865+00:00,28.1,20.6,0.0,0,11.5,30.2,45,open-meteo,4.46,84.88
Demnat,Morocco,31.7311,-7.0361,2026-09-16,2026-09-16 20:13:26.772361+00:00,30.2,17.4,0.0,0,17.6,33.8,1,open-meteo,5.58,96.09
Demnat,Morocco,31.7311,-7.0361,2026-09-17,2026-09-16 20:13:26.772361+00:00,26.2,15.4,0.0,0,13.5,27.4,3,open-meteo,4.43,90.9
Demnat,Morocco,31.7311,-7.0361,2026-09-18,2026-09-16 20:13:26.772361+00:00,27.9,14.8,0.0,0,12.3,23.8,3,open-meteo,3.92,91.26
Demnat,Morocco,31.7311,-7.0361,2026-09-19,2026-09-16 20:13:26.772361+00:00,32.1,18.3,0.0,0,14.7,28.8,3,open-meteo,4.72,90.7
Demnat,Morocco,31.7311,-7.0361,2026-09-20,2026-09-16 20:13:26.772361+00:00,34.8,21.8,0.0,20,13.4,37.4,3,open-meteo,5.42,90.21
Demnat,Morocco,31.7311,-7.0361,2026-09-21,2026-09-16 20:13:26.772361+00:00,32.3,22.4,0.0,5,11.8,27.0,3,open-meteo,4.18,91.07
Demnat,Morocco,31.7311,-7.0361,2026-09-22,2026-09-16 20:13:26.772361+00:00,33.1,19.8,0.0,5,19.5,38.9,2,open-meteo,6.33,92.57
Ben Ahmed,Morocco,33.0714,-7.2436,2026-09-16,2026-09-16 20:13:26.922843+00:00,29.3,16.8,0.0,0,19.9,38.5,2,open-meteo,6.34,92.56
Ben Ahmed,Morocco,33.0714,-7.2436,2026-09-17,2026-09-16 20:13:26.922843+00:00,26.8,13.8,0.0,0,18.7,35.6,45,open-meteo,5.9,83.87
Ben Ahmed,Morocco,33.0714,-7.2436,2026-09-18,2026-09-16 20:13:26.922843+00:00,28.1,14.4,0.0,0,17.6,33.5,3,open-meteo,5.55,90.11
Ben Ahmed,Morocco,33.0714,-7.2436,2026-09-19,2026-09-16 20:13:26.922843+00:00,32.6,16.3,0.0,0,16.9,31.7,2,open-meteo,5.28,93.3
Ben Ahmed,Morocco,33.0714,-7.2436,2026-09-20,2026-09-16 20:13:26.922843+00:00,36.9,22.0,0.3,13,20.0,39.2,3,open-meteo,14.42,83.91
Ben Ahmed,Morocco,33.0714,-7.2436,2026-09-21,2026-09-16 20:13:26.922843+00:00,33.9,22.4,0.6,2,15.5,29.2,80,open-meteo,5.66,79.54
Ben Ahmed,Morocco,33.0714,-7.2436,2026-09-22,2026-09-16 20:13:26.922843+00:00,35.3,17.7,0.0,0,20.4,40.0,2,open-meteo,7.75,91.58
Aït Faska,Morocco,31.5058,-7.7161,2026-09-16,2026-09-16 20:13:27.267884+00:00,32.9,20.6,0.0,0,17.4,35.6,1,open-meteo,5.74,95.98
Aït Faska,Morocco,31.5058,-7.7161,2026-09-17,2026-09-16 20:13:27.267884+00:00,28.9,16.7,0.0,0,10.3,22.3,2,open-meteo,3.52,94.54
Aït Faska,Morocco,31.5058,-7.7161,2026-09-18,2026-09-16 20:13:27.267884+00:00,30.3,17.1,0.0,0,11.9,24.5,2,open-meteo,3.94,94.24
Aït Faska,Morocco,31.5058,-7.7161,2026-09-19,2026-09-16 20:13:27.267884+00:00,34.4,20.3,0.6,3,12.6,54.7,80,open-meteo,7.85,78.0
Aït Faska,Morocco,31.5058,-7.7161,2026-09-20,2026-09-16 20:13:27.267884+00:00,37.1,24.7,0.0,18,10.7,25.2,3,open-meteo,12.26,85.42
Aït Faska,Morocco,31.5058,-7.7161,2026-09-21,2026-09-16 20:13:27.267884+00:00,36.5,24.7,0.0,5,14.8,29.5,3,open-meteo,10.8,86.44
Aït Faska,Morocco,31.5058,-7.7161,2026-09-22,2026-09-16 20:13:27.267884+00:00,36.3,23.0,0.0,5,14.9,31.0,3,open-meteo,10.16,86.89
Aïn Taoujdat,Morocco,33.9333,-5.2167,2026-09-16,2026-09-16 20:13:27.380269+00:00,31.6,19.7,0.0,0,18.9,36.4,1,open-meteo,6.0,95.8
Aïn Taoujdat,Morocco,33.9333,-5.2167,2026-09-17,2026-09-16 20:13:27.380269+00:00,27.5,17.5,0.0,0,14.7,28.4,45,open-meteo,4.68,84.72
Aïn Taoujdat,Morocco,33.9333,-5.2167,2026-09-18,2026-09-16 20:13:27.380269+00:00,29.9,16.7,0.0,0,14.7,28.8,3,open-meteo,4.72,90.7
Aïn Taoujdat,Morocco,33.9333,-5.2167,2026-09-19,2026-09-16 20:13:27.380269+00:00,33.9,18.3,0.0,0,16.6,31.7,2,open-meteo,5.25,93.33
Aïn Taoujdat,Morocco,33.9333,-5.2167,2026-09-20,2026-09-16 20:13:27.380269+00:00,35.3,19.9,0.0,5,18.5,34.6,2,open-meteo,6.97,92.12
Aïn Taoujdat,Morocco,33.9333,-5.2167,2026-09-21,2026-09-16 20:13:27.380269+00:00,35.1,20.0,0.0,0,13.6,26.0,1,open-meteo,4.7,96.71
Aïn Taoujdat,Morocco,33.9333,-5.2167,2026-09-22,2026-09-16 20:13:27.380269+00:00,34.7,19.1,0.0,0,14.5,26.6,3,open-meteo,4.47,90.87
Ksebia,Morocco,34.2933,-6.1594,2026-09-16,2026-09-16 20:13:27.473062+00:00,28.4,20.1,0.0,0,22.0,42.5,2,open-meteo,7.0,92.1
Ksebia,Morocco,34.2933,-6.1594,2026-09-17,2026-09-16 20:13:27.473062+00:00,28.0,17.4,0.0,0,14.8,27.7,3,open-meteo,4.62,90.77
Ksebia,Morocco,34.2933,-6.1594,2026-09-18,2026-09-16 20:13:27.473062+00:00,30.2,16.2,0.0,0,18.1,33.8,45,open-meteo,5.64,84.05
Ksebia,Morocco,34.2933,-6.1594,2026-09-19,2026-09-16 20:13:27.473062+00:00,36.0,16.6,0.0,0,16.9,35.3,2,open-meteo,9.64,90.25
Ksebia,Morocco,34.2933,-6.1594,2026-09-20,2026-09-16 20:13:27.473062+00:00,39.2,23.1,0.0,0,21.1,40.0,3,open-meteo,23.44,77.59
Ksebia,Morocco,34.2933,-6.1594,2026-09-21,2026-09-16 20:13:27.473062+00:00,37.8,23.2,0.0,0,19.9,36.4,1,open-meteo,17.33,87.87
Ksebia,Morocco,34.2933,-6.1594,2026-09-22,2026-09-16 20:13:27.473062+00:00,35.3,18.9,0.0,0,16.1,30.6,3,open-meteo,6.27,89.61
Dar Bel Hamri,Morocco,34.1889,-5.9697,2026-09-16,2026-09-16 20:13:28.480443+00:00,30.9,20.7,0.0,0,21.3,39.2,2,open-meteo,6.58,92.39
Dar Bel Hamri,Morocco,34.1889,-5.9697,2026-09-17,2026-09-16 20:13:28.480443+00:00,29.2,18.9,0.0,0,15.0,28.1,3,open-meteo,4.69,90.72
Dar Bel Hamri,Morocco,34.1889,-5.9697,2026-09-18,2026-09-16 20:13:28.480443+00:00,31.6,16.6,0.0,0,18.9,36.7,45,open-meteo,6.03,83.78
Dar Bel Hamri,Morocco,34.1889,-5.9697,2026-09-19,2026-09-16 20:13:28.480443+00:00,37.1,18.2,0.0,0,16.5,31.7,2,open-meteo,13.63,87.46
Dar Bel Hamri,Morocco,34.1889,-5.9697,2026-09-20,2026-09-16 20:13:28.480443+00:00,39.9,22.3,0.0,0,17.1,31.3,3,open-meteo,24.87,76.59
Dar Bel Hamri,Morocco,34.1889,-5.9697,2026-09-21,2026-09-16 20:13:28.480443+00:00,38.0,23.5,0.0,0,17.0,32.9,2,open-meteo,17.41,84.81
Dar Bel Hamri,Morocco,34.1889,-5.9697,2026-09-22,2026-09-16 20:13:28.480443+00:00,36.7,21.1,0.0,0,13.8,30.6,3,open-meteo,11.59,85.89
Sidi Smai’il,Morocco,32.8167,-8.5,2026-09-16,2026-09-16 20:13:28.639040+00:00,29.1,19.4,0.0,0,18.8,32.8,3,open-meteo,5.63,90.06
Sidi Smai’il,Morocco,32.8167,-8.5,2026-09-17,2026-09-16 20:13:28.639040+00:00,27.3,18.8,0.0,0,18.1,32.0,3,open-meteo,5.46,90.18
Sidi Smai’il,Morocco,32.8167,-8.5,2026-09-18,2026-09-16 20:13:28.639040+00:00,28.8,17.0,0.0,0,20.9,36.7,3,open-meteo,6.28,89.6
Sidi Smai’il,Morocco,32.8167,-8.5,2026-09-19,2026-09-16 20:13:28.639040+00:00,31.1,17.7,0.0,0,17.6,30.6,3,open-meteo,5.26,90.32
Sidi Smai’il,Morocco,32.8167,-8.5,2026-09-20,2026-09-16 20:13:28.639040+00:00,36.6,21.2,0.0,0,16.7,30.2,2,open-meteo,11.51,88.94
Sidi Smai’il,Morocco,32.8167,-8.5,2026-09-21,2026-09-16 20:13:28.639040+00:00,32.0,20.3,0.0,0,14.8,26.6,45,open-meteo,4.51,84.84
Sidi Smai’il,Morocco,32.8167,-8.5,2026-09-22,2026-09-16 20:13:28.639040+00:00,33.1,18.4,0.0,3,15.6,29.2,45,open-meteo,4.87,84.59
Moulay Bousselham,Morocco,34.8786,-6.2933,2026-09-16,2026-09-16 20:13:30.605906+00:00,24.7,19.0,0.0,0,18.6,31.0,45,open-meteo,5.43,84.2
Moulay Bousselham,Morocco,34.8786,-6.2933,2026-09-17,2026-09-16 20:13:30.605906+00:00,24.7,18.3,0.0,0,13.2,22.3,3,open-meteo,3.88,91.28
Moulay Bousselham,Morocco,34.8786,-6.2933,2026-09-18,2026-09-16 20:13:30.605906+00:00,24.6,15.3,0.0,0,19.5,32.4,45,open-meteo,5.68,84.02
Moulay Bousselham,Morocco,34.8786,-6.2933,2026-09-19,2026-09-16 20:13:30.605906+00:00,29.2,17.6,0.0,0,16.3,27.4,45,open-meteo,4.78,84.65
Moulay Bousselham,Morocco,34.8786,-6.2933,2026-09-20,2026-09-16 20:13:30.605906+00:00,34.4,20.1,0.0,0,16.1,27.4,3,open-meteo,4.75,90.67
Moulay Bousselham,Morocco,34.8786,-6.2933,2026-09-21,2026-09-16 20:13:30.605906+00:00,34.9,20.6,0.0,0,18.7,33.1,0,open-meteo,5.65,96.04
Moulay Bousselham,Morocco,34.8786,-6.2933,2026-09-22,2026-09-16 20:13:30.605906+00:00,33.0,19.0,0.0,0,18.1,34.2,1,open-meteo,5.68,96.02
Mechraa Bel Ksiri,Morocco,34.56,-5.95,2026-09-16,2026-09-16 20:13:30.707024+00:00,29.4,19.2,0.0,0,19.2,36.7,45,open-meteo,6.07,83.75
Mechraa Bel Ksiri,Morocco,34.56,-5.95,2026-09-17,2026-09-16 20:13:30.707024+00:00,28.9,18.1,0.0,0,14.3,26.6,3,open-meteo,4.45,90.88
Mechraa Bel Ksiri,Morocco,34.56,-5.95,2026-09-18,2026-09-16 20:13:30.707024+00:00,31.2,16.0,0.0,0,18.6,34.6,45,open-meteo,5.79,83.95
Mechraa Bel Ksiri,Morocco,34.56,-5.95,2026-09-19,2026-09-16 20:13:30.707024+00:00,36.6,17.7,0.0,0,16.2,30.2,45,open-meteo,11.45,79.98
Mechraa Bel Ksiri,Morocco,34.56,-5.95,2026-09-20,2026-09-16 20:13:30.707024+00:00,38.9,24.0,0.0,0,22.8,43.6,1,open-meteo,22.81,84.03
Mechraa Bel Ksiri,Morocco,34.56,-5.95,2026-09-21,2026-09-16 20:13:30.707024+00:00,37.9,23.1,0.0,0,21.1,39.4,0,open-meteo,18.18,87.27
Mechraa Bel Ksiri,Morocco,34.56,-5.95,2026-09-22,2026-09-16 20:13:30.707024+00:00,37.0,21.8,0.0,0,12.3,28.8,3,open-meteo,12.42,85.31
Souk et Tnine Jorf el Mellah,Morocco,34.4945,-5.5047,2026-09-16,2026-09-16 20:13:30.809918+00:00,31.3,19.8,0.0,0,19.9,37.1,2,open-meteo,6.2,92.66
Souk et Tnine Jorf el Mellah,Morocco,34.4945,-5.5047,2026-09-17,2026-09-16 20:13:30.809918+00:00,29.8,19.4,0.0,0,13.0,23.8,3,open-meteo,4.0,91.2
Souk et Tnine Jorf el Mellah,Morocco,34.4945,-5.5047,2026-09-18,2026-09-16 20:13:30.809918+00:00,32.1,16.5,0.0,0,11.2,20.9,45,open-meteo,3.49,85.56
Souk et Tnine Jorf el Mellah,Morocco,34.4945,-5.5047,2026-09-19,2026-09-16 20:13:30.809918+00:00,36.8,19.1,0.0,0,18.7,34.9,2,open-meteo,13.03,87.88
Souk et Tnine Jorf el Mellah,Morocco,34.4945,-5.5047,2026-09-20,2026-09-16 20:13:30.809918+00:00,38.2,24.2,0.0,0,22.1,42.1,1,open-meteo,19.77,86.16
Souk et Tnine Jorf el Mellah,Morocco,34.4945,-5.5047,2026-09-21,2026-09-16 20:13:30.809918+00:00,37.2,24.6,0.0,0,20.1,38.0,0,open-meteo,15.11,89.42
Souk et Tnine Jorf el Mellah,Morocco,34.4945,-5.5047,2026-09-22,2026-09-16 20:13:30.809918+00:00,37.2,23.1,0.0,0,15.7,30.2,3,open-meteo,13.78,84.35
Zeghanghane,Morocco,35.1575,-3.0017,2026-09-16,2026-09-16 20:13:30.928945+00:00,32.4,18.6,0.0,0,11.2,21.2,1,open-meteo,3.52,97.54
Zeghanghane,Morocco,35.1575,-3.0017,2026-09-17,2026-09-16 20:13:30.928945+00:00,27.6,19.6,0.0,0,16.4,32.4,3,open-meteo,5.29,90.3
Zeghanghane,Morocco,35.1575,-3.0017,2026-09-18,2026-09-16 20:13:30.928945+00:00,26.7,19.3,0.0,3,20.1,38.5,45,open-meteo,6.36,83.55
Zeghanghane,Morocco,35.1575,-3.0017,2026-09-19,2026-09-16 20:13:30.928945+00:00,25.9,21.5,0.2,0,27.7,55.1,3,open-meteo,9.24,87.53
Zeghanghane,Morocco,35.1575,-3.0017,2026-09-20,2026-09-16 20:13:30.928945+00:00,25.7,22.2,1.2,3,23.7,43.2,80,open-meteo,8.88,77.28
Zeghanghane,Morocco,35.1575,-3.0017,2026-09-21,2026-09-16 20:13:30.928945+00:00,26.1,21.7,0.6,3,21.6,39.2,2,open-meteo,7.42,91.81
Zeghanghane,Morocco,35.1575,-3.0017,2026-09-22,2026-09-16 20:13:30.928945+00:00,27.4,20.5,0.0,0,19.0,34.6,45,open-meteo,5.84,83.91
Bni Frassen,Morocco,34.3819,-4.3761,2026-09-16,2026-09-16 20:13:31.022896+00:00,31.7,20.5,0.0,0,19.8,38.9,2,open-meteo,6.37,92.54
Bni Frassen,Morocco,34.3819,-4.3761,2026-09-17,2026-09-16 20:13:31.022896+00:00,30.3,17.6,0.0,0,13.0,25.2,3,open-meteo,4.15,91.09
Bni Frassen,Morocco,34.3819,-4.3761,2026-09-18,2026-09-16 20:13:31.022896+00:00,31.9,19.2,0.0,0,19.1,42.8,3,open-meteo,6.67,89.33
Bni Frassen,Morocco,34.3819,-4.3761,2026-09-19,2026-09-16 20:13:31.022896+00:00,31.9,21.4,0.0,0,29.9,59.8,2,open-meteo,9.72,90.2
Bni Frassen,Morocco,34.3819,-4.3761,2026-09-20,2026-09-16 20:13:31.022896+00:00,32.0,22.3,0.0,0,29.5,61.9,1,open-meteo,9.88,93.08
Bni Frassen,Morocco,34.3819,-4.3761,2026-09-21,2026-09-16 20:13:31.022896+00:00,32.4,22.1,0.0,0,25.8,53.1,1,open-meteo,8.54,94.02
Bni Frassen,Morocco,34.3819,-4.3761,2026-09-22,2026-09-16 20:13:31.022896+00:00,34.7,22.0,0.0,0,14.2,27.7,2,open-meteo,4.54,93.82
Oulad Barhil,Morocco,30.6408,-8.475,2026-09-16,2026-09-16 20:13:31.116939+00:00,37.2,22.5,0.0,0,25.2,45.7,1,open-meteo,16.52,88.44
Oulad Barhil,Morocco,30.6408,-8.475,2026-09-17,2026-09-16 20:13:31.116939+00:00,30.9,18.1,0.0,3,29.8,53.6,3,open-meteo,9.09,87.64
Oulad Barhil,Morocco,30.6408,-8.475,2026-09-18,2026-09-16 20:13:31.116939+00:00,31.1,18.1,0.0,0,27.6,49.7,3,open-meteo,8.42,88.11
Oulad Barhil,Morocco,30.6408,-8.475,2026-09-19,2026-09-16 20:13:31.116939+00:00,36.3,20.8,0.1,3,23.2,40.7,3,open-meteo,12.3,85.39
Oulad Barhil,Morocco,30.6408,-8.475,2026-09-20,2026-09-16 20:13:31.116939+00:00,38.1,23.0,0.0,0,25.3,46.8,3,open-meteo,20.24,79.83
Oulad Barhil,Morocco,30.6408,-8.475,2026-09-21,2026-09-16 20:13:31.116939+00:00,38.8,21.2,0.0,0,30.1,54.4,3,open-meteo,24.4,76.92
Oulad Barhil,Morocco,30.6408,-8.475,2026-09-22,2026-09-16 20:13:31.116939+00:00,37.2,19.8,0.0,0,17.3,30.6,3,open-meteo,14.02,84.19
Bir Jdid,Morocco,33.3737,-8.0002,2026-09-16,2026-09-16 20:13:31.215483+00:00,26.2,20.2,0.0,0,17.5,34.6,45,open-meteo,5.65,84.04
Bir Jdid,Morocco,33.3737,-8.0002,2026-09-17,2026-09-16 20:13:31.215483+00:00,25.9,18.7,0.0,0,17.3,34.2,3,open-meteo,5.58,90.09
Bir Jdid,Morocco,33.3737,-8.0002,2026-09-18,2026-09-16 20:13:31.215483+00:00,26.2,17.8,0.0,0,18.4,36.0,3,open-meteo,5.9,89.87
Bir Jdid,Morocco,33.3737,-8.0002,2026-09-19,2026-09-16 20:13:31.215483+00:00,27.7,18.7,0.0,0,17.8,34.2,45,open-meteo,5.64,84.05
Bir Jdid,Morocco,33.3737,-8.0002,2026-09-20,2026-09-16 20:13:31.215483+00:00,30.7,20.8,0.0,0,15.4,29.5,2,open-meteo,4.88,93.58
Bir Jdid,Morocco,33.3737,-8.0002,2026-09-21,2026-09-16 20:13:31.215483+00:00,29.9,21.7,0.0,0,14.8,30.6,45,open-meteo,4.91,84.56
Bir Jdid,Morocco,33.3737,-8.0002,2026-09-22,2026-09-16 20:13:31.215483+00:00,28.6,19.9,0.0,0,13.9,27.0,45,open-meteo,4.44,84.89
Bou Arfa,Morocco,32.531,-1.9631,2026-09-16,2026-09-16 20:13:31.345926+00:00,29.5,18.6,0.0,0,14.7,24.1,2,open-meteo,4.25,94.02
Bou Arfa,Morocco,32.531,-1.9631,2026-09-17,2026-09-16 20:13:31.345926+00:00,31.6,17.2,0.0,15,24.5,63.4,3,open-meteo,9.4,87.42
Bou Arfa,Morocco,32.531,-1.9631,2026-09-18,2026-09-16 20:13:31.345926+00:00,28.4,17.5,0.4,14,16.6,26.6,3,open-meteo,5.27,90.31
Bou Arfa,Morocco,32.531,-1.9631,2026-09-19,2026-09-16 20:13:31.345926+00:00,30.0,17.6,0.0,18,20.1,32.8,3,open-meteo,5.79,89.95
Bou Arfa,Morocco,32.531,-1.9631,2026-09-20,2026-09-16 20:13:31.345926+00:00,30.8,17.5,0.6,13,17.7,31.0,3,open-meteo,6.11,89.72
Bou Arfa,Morocco,32.531,-1.9631,2026-09-21,2026-09-16 20:13:31.345926+00:00,27.3,18.5,1.5,23,13.7,23.8,3,open-meteo,6.09,89.74
Bou Arfa,Morocco,32.531,-1.9631,2026-09-22,2026-09-16 20:13:31.345926+00:00,27.6,16.0,0.0,23,9.1,13.7,3,open-meteo,2.51,92.24
Oulad Zemam,Morocco,32.35,-6.6333,2026-09-16,2026-09-16 20:13:31.439041+00:00,35.8,19.6,0.0,0,13.8,24.8,1,open-meteo,7.4,94.82
Oulad Zemam,Morocco,32.35,-6.6333,2026-09-17,2026-09-16 20:13:31.439041+00:00,33.2,17.3,0.0,0,13.2,24.5,3,open-meteo,4.1,91.13
Oulad Zemam,Morocco,32.35,-6.6333,2026-09-18,2026-09-16 20:13:31.439041+00:00,34.0,17.5,0.0,0,9.7,17.6,3,open-meteo,2.97,91.92
Oulad Zemam,Morocco,32.35,-6.6333,2026-09-19,2026-09-16 20:13:31.439041+00:00,38.4,18.4,0.0,0,12.8,23.8,2,open-meteo,17.58,84.69
Oulad Zemam,Morocco,32.35,-6.6333,2026-09-20,2026-09-16 20:13:31.439041+00:00,40.5,21.8,0.0,8,14.1,41.4,3,open-meteo,27.9,74.47
Oulad Zemam,Morocco,32.35,-6.6333,2026-09-21,2026-09-16 20:13:31.439041+00:00,38.0,23.3,1.2,3,15.0,27.7,3,open-meteo,18.25,81.22
Oulad Zemam,Morocco,32.35,-6.6333,2026-09-22,2026-09-16 20:13:31.439041+00:00,38.5,22.4,0.0,0,16.3,29.5,1,open-meteo,18.99,86.71
Taza,Morocco,35.0639,-5.2025,2026-09-16,2026-09-16 20:13:31.534830+00:00,27.9,14.7,0.0,0,15.5,30.6,2,open-meteo,5.0,93.5
Taza,Morocco,35.0639,-5.2025,2026-09-17,2026-09-16 20:13:31.534830+00:00,26.8,14.1,0.0,0,13.3,25.9,3,open-meteo,4.25,91.02
Taza,Morocco,35.0639,-5.2025,2026-09-18,2026-09-16 20:13:31.534830+00:00,28.3,15.1,0.0,0,12.8,24.8,3,open-meteo,4.08,91.14
Taza,Morocco,35.0639,-5.2025,2026-09-19,2026-09-16 20:13:31.534830+00:00,29.7,19.2,0.0,0,15.5,28.8,1,open-meteo,4.82,96.63
Taza,Morocco,35.0639,-5.2025,2026-09-20,2026-09-16 20:13:31.534830+00:00,30.3,20.5,0.0,0,15.1,26.6,1,open-meteo,4.55,96.81
Taza,Morocco,35.0639,-5.2025,2026-09-21,2026-09-16 20:13:31.534830+00:00,28.0,19.9,0.0,0,16.2,31.7,0,open-meteo,5.19,96.37
Taza,Morocco,35.0639,-5.2025,2026-09-22,2026-09-16 20:13:31.534830+00:00,30.7,18.3,0.0,0,13.9,26.3,2,open-meteo,4.37,93.94
Selouane,Morocco,35.0708,-2.9392,2026-09-16,2026-09-16 20:13:31.628506+00:00,33.2,17.4,0.0,0,16.6,29.2,45,open-meteo,5.0,84.5
Selouane,Morocco,35.0708,-2.9392,2026-09-17,2026-09-16 20:13:31.628506+00:00,27.4,19.3,0.0,0,20.4,35.3,3,open-meteo,6.08,89.74
Selouane,Morocco,35.0708,-2.9392,2026-09-18,2026-09-16 20:13:31.628506+00:00,26.5,19.1,0.0,3,23.5,40.7,45,open-meteo,7.01,83.09
Selouane,Morocco,35.0708,-2.9392,2026-09-19,2026-09-16 20:13:31.628506+00:00,26.6,21.1,0.2,0,29.7,51.5,3,open-meteo,9.13,87.61
Selouane,Morocco,35.0708,-2.9392,2026-09-20,2026-09-16 20:13:31.628506+00:00,26.2,22.2,0.6,3,26.0,45.0,3,open-meteo,8.55,88.02
Selouane,Morocco,35.0708,-2.9392,2026-09-21,2026-09-16 20:13:31.628506+00:00,26.3,21.7,0.0,3,21.6,39.2,3,open-meteo,6.62,89.37
Selouane,Morocco,35.0708,-2.9392,2026-09-22,2026-09-16 20:13:31.628506+00:00,27.6,20.7,0.0,0,19.0,34.6,45,open-meteo,5.84,83.91
Fritissa,Morocco,33.6962,-3.438,2026-09-16,2026-09-16 20:13:31.730150+00:00,32.2,19.1,0.0,0,27.8,45.7,1,open-meteo,8.04,94.37
Fritissa,Morocco,33.6962,-3.438,2026-09-17,2026-09-16 20:13:31.730150+00:00,28.7,18.3,0.0,3,27.8,43.6,3,open-meteo,7.83,88.52
Fritissa,Morocco,33.6962,-3.438,2026-09-18,2026-09-16 20:13:31.730150+00:00,28.3,16.8,0.0,0,29.8,47.2,3,open-meteo,8.45,88.08
Fritissa,Morocco,33.6962,-3.438,2026-09-19,2026-09-16 20:13:31.730150+00:00,30.0,18.1,0.0,10,29.5,46.4,3,open-meteo,8.33,88.17
Fritissa,Morocco,33.6962,-3.438,2026-09-20,2026-09-16 20:13:31.730150+00:00,28.5,18.8,0.0,6,29.2,45.4,3,open-meteo,8.19,88.27
Fritissa,Morocco,33.6962,-3.438,2026-09-21,2026-09-16 20:13:31.730150+00:00,28.0,18.8,0.0,5,25.8,44.3,3,open-meteo,7.66,88.64
Fritissa,Morocco,33.6962,-3.438,2026-09-22,2026-09-16 20:13:31.730150+00:00,30.5,17.5,0.0,3,18.7,29.9,45,open-meteo,5.33,84.27
Tahannawt,Morocco,31.3514,-7.9508,2026-09-16,2026-09-16 20:13:31.828425+00:00,30.8,18.7,0.0,0,18.8,36.0,1,open-meteo,5.95,95.83
Tahannawt,Morocco,31.3514,-7.9508,2026-09-17,2026-09-16 20:13:31.828425+00:00,26.6,15.4,0.0,0,13.7,27.0,2,open-meteo,4.41,93.91
Tahannawt,Morocco,31.3514,-7.9508,2026-09-18,2026-09-16 20:13:31.828425+00:00,28.1,15.2,0.0,0,13.1,25.9,2,open-meteo,4.23,94.04
Tahannawt,Morocco,31.3514,-7.9508,2026-09-19,2026-09-16 20:13:31.828425+00:00,31.5,18.7,0.0,10,15.2,29.2,3,open-meteo,4.82,90.63
Tahannawt,Morocco,31.3514,-7.9508,2026-09-20,2026-09-16 20:13:31.828425+00:00,34.4,23.2,0.0,33,14.3,28.8,3,open-meteo,4.67,90.73
Tahannawt,Morocco,31.3514,-7.9508,2026-09-21,2026-09-16 20:13:31.828425+00:00,34.2,23.2,0.0,5,18.2,32.0,3,open-meteo,5.47,90.17
Tahannawt,Morocco,31.3514,-7.9508,2026-09-22,2026-09-16 20:13:31.828425+00:00,33.7,22.5,0.6,10,16.0,30.6,3,open-meteo,5.86,89.9
Sidi Allal el Bahraoui,Morocco,33.983,-6.417,2026-09-16,2026-09-16 20:13:31.923302+00:00,28.8,19.7,0.0,0,19.5,38.2,2,open-meteo,6.26,92.62
Sidi Allal el Bahraoui,Morocco,33.983,-6.417,2026-09-17,2026-09-16 20:13:31.923302+00:00,27.9,17.0,0.0,0,13.9,27.0,3,open-meteo,4.44,90.89
Sidi Allal el Bahraoui,Morocco,33.983,-6.417,2026-09-18,2026-09-16 20:13:31.923302+00:00,29.8,16.1,0.0,0,16.7,32.0,45,open-meteo,5.29,84.3
Sidi Allal el Bahraoui,Morocco,33.983,-6.417,2026-09-19,2026-09-16 20:13:31.923302+00:00,35.1,16.6,0.0,0,18.3,37.1,3,open-meteo,6.4,89.52
Sidi Allal el Bahraoui,Morocco,33.983,-6.417,2026-09-20,2026-09-16 20:13:31.923302+00:00,39.1,20.8,0.0,3,18.6,36.0,3,open-meteo,22.33,78.37
Sidi Allal el Bahraoui,Morocco,33.983,-6.417,2026-09-21,2026-09-16 20:13:31.923302+00:00,38.1,23.6,0.0,0,17.0,36.0,0,open-meteo,18.13,87.31
Sidi Allal el Bahraoui,Morocco,33.983,-6.417,2026-09-22,2026-09-16 20:13:31.923302+00:00,35.6,20.8,0.0,0,15.8,32.4,3,open-meteo,7.62,88.67
El Mansouria,Morocco,33.75,-7.3,2026-09-16,2026-09-16 20:13:32.014363+00:00,24.6,21.0,0.0,0,17.1,29.9,2,open-meteo,5.13,93.41
El Mansouria,Morocco,33.75,-7.3,2026-09-17,2026-09-16 20:13:32.014363+00:00,24.4,19.7,0.0,0,13.7,24.5,3,open-meteo,4.16,91.09
El Mansouria,Morocco,33.75,-7.3,2026-09-18,2026-09-16 20:13:32.014363+00:00,23.8,17.8,0.0,0,15.3,26.3,45,open-meteo,4.54,84.82
El Mansouria,Morocco,33.75,-7.3,2026-09-19,2026-09-16 20:13:32.014363+00:00,25.1,18.1,0.0,0,14.8,25.2,45,open-meteo,4.37,84.94
El Mansouria,Morocco,33.75,-7.3,2026-09-20,2026-09-16 20:13:32.014363+00:00,27.9,20.6,0.0,0,11.8,22.3,2,open-meteo,3.71,94.4
El Mansouria,Morocco,33.75,-7.3,2026-09-21,2026-09-16 20:13:32.014363+00:00,27.5,21.5,0.0,0,15.8,29.9,45,open-meteo,4.96,84.53
El Mansouria,Morocco,33.75,-7.3,2026-09-22,2026-09-16 20:13:32.014363+00:00,26.4,20.8,0.0,0,12.6,23.8,45,open-meteo,3.96,85.23
Arfoud,Morocco,31.4361,-4.2328,2026-09-16,2026-09-16 20:13:32.121752+00:00,35.0,23.9,0.0,3,10.4,18.4,3,open-meteo,3.14,91.8
Arfoud,Morocco,31.4361,-4.2328,2026-09-17,2026-09-16 20:13:32.121752+00:00,33.8,22.0,0.4,33,18.3,31.0,3,open-meteo,5.92,89.86
Arfoud,Morocco,31.4361,-4.2328,2026-09-18,2026-09-16 20:13:32.121752+00:00,33.6,20.3,0.0,5,15.8,26.6,3,open-meteo,4.63,90.76
Arfoud,Morocco,31.4361,-4.2328,2026-09-19,2026-09-16 20:13:32.121752+00:00,33.9,22.3,0.0,5,17.8,29.5,2,open-meteo,5.18,93.37
Arfoud,Morocco,31.4361,-4.2328,2026-09-20,2026-09-16 20:13:32.121752+00:00,33.6,23.1,0.3,5,11.5,19.1,80,open-meteo,3.75,80.88
Arfoud,Morocco,31.4361,-4.2328,2026-09-21,2026-09-16 20:13:32.121752+00:00,33.4,22.6,0.9,10,18.1,32.0,3,open-meteo,6.66,89.34
Arfoud,Morocco,31.4361,-4.2328,2026-09-22,2026-09-16 20:13:32.121752+00:00,33.4,19.6,0.0,13,7.8,13.7,2,open-meteo,2.34,95.36
Sabaa Aiyoun,Morocco,33.9031,-5.3786,2026-09-16,2026-09-16 20:13:32.214781+00:00,31.1,18.3,0.0,0,18.8,36.4,1,open-meteo,5.99,95.81
Sabaa Aiyoun,Morocco,33.9031,-5.3786,2026-09-17,2026-09-16 20:13:32.214781+00:00,28.5,16.3,0.0,0,13.3,25.9,45,open-meteo,4.25,85.02
Sabaa Aiyoun,Morocco,33.9031,-5.3786,2026-09-18,2026-09-16 20:13:32.214781+00:00,29.6,16.4,0.0,0,14.5,28.1,3,open-meteo,4.62,90.77
Sabaa Aiyoun,Morocco,33.9031,-5.3786,2026-09-19,2026-09-16 20:13:32.214781+00:00,33.5,18.2,0.0,0,19.7,36.4,3,open-meteo,6.1,89.73
Sabaa Aiyoun,Morocco,33.9031,-5.3786,2026-09-20,2026-09-16 20:13:32.214781+00:00,35.3,19.6,0.0,3,19.8,40.7,2,open-meteo,7.74,91.58
Sabaa Aiyoun,Morocco,33.9031,-5.3786,2026-09-21,2026-09-16 20:13:32.214781+00:00,34.8,19.7,0.0,0,15.4,28.4,1,open-meteo,4.76,96.67
Sabaa Aiyoun,Morocco,33.9031,-5.3786,2026-09-22,2026-09-16 20:13:32.214781+00:00,34.2,20.9,0.0,0,15.3,27.7,3,open-meteo,4.68,90.72
Ej Jem’a Ghemat,Morocco,31.4278,-7.7922,2026-09-16,2026-09-16 20:13:32.313730+00:00,32.3,19.0,0.0,0,17.7,34.2,0,open-meteo,5.63,96.06
Ej Jem’a Ghemat,Morocco,31.4278,-7.7922,2026-09-17,2026-09-16 20:13:32.313730+00:00,28.2,17.0,0.0,0,11.9,23.4,2,open-meteo,3.83,94.32
Ej Jem’a Ghemat,Morocco,31.4278,-7.7922,2026-09-18,2026-09-16 20:13:32.313730+00:00,29.5,16.8,0.0,0,12.3,24.1,2,open-meteo,3.95,94.23
Ej Jem’a Ghemat,Morocco,31.4278,-7.7922,2026-09-19,2026-09-16 20:13:32.313730+00:00,33.3,18.7,0.4,8,16.7,45.7,80,open-meteo,7.19,78.47
Ej Jem’a Ghemat,Morocco,31.4278,-7.7922,2026-09-20,2026-09-16 20:13:32.313730+00:00,36.6,22.4,0.0,30,13.5,27.7,3,open-meteo,10.86,86.4
Ej Jem’a Ghemat,Morocco,31.4278,-7.7922,2026-09-21,2026-09-16 20:13:32.313730+00:00,34.6,22.8,0.0,5,18.2,35.6,3,open-meteo,5.84,89.91
Ej Jem’a Ghemat,Morocco,31.4278,-7.7922,2026-09-22,2026-09-16 20:13:32.313730+00:00,34.5,23.9,0.3,5,16.6,33.5,3,open-meteo,5.83,89.92
Tahla,Morocco,34.05,-4.42,2026-09-16,2026-09-16 20:13:32.402796+00:00,31.4,19.3,0.0,0,17.7,33.8,2,open-meteo,5.59,93.09
Tahla,Morocco,34.05,-4.42,2026-09-17,2026-09-16 20:13:32.402796+00:00,28.9,16.8,0.0,0,13.0,24.8,45,open-meteo,4.11,85.12
Tahla,Morocco,34.05,-4.42,2026-09-18,2026-09-16 20:13:32.402796+00:00,31.2,16.3,0.0,0,14.1,27.0,3,open-meteo,4.46,90.88
Tahla,Morocco,34.05,-4.42,2026-09-19,2026-09-16 20:13:32.402796+00:00,32.4,20.0,0.0,0,25.5,49.7,2,open-meteo,8.16,91.29
Tahla,Morocco,34.05,-4.42,2026-09-20,2026-09-16 20:13:32.402796+00:00,33.5,21.6,0.0,3,24.2,47.9,1,open-meteo,7.81,94.53
Tahla,Morocco,34.05,-4.42,2026-09-21,2026-09-16 20:13:32.402796+00:00,32.3,20.9,0.0,0,15.9,32.0,1,open-meteo,5.19,96.37
Tahla,Morocco,34.05,-4.42,2026-09-22,2026-09-16 20:13:32.402796+00:00,33.6,20.5,0.0,0,10.9,20.9,2,open-meteo,3.45,94.58
Aïn Cheggag,Morocco,33.8635,-5.0599,2026-09-16,2026-09-16 20:13:32.490276+00:00,30.6,19.3,0.0,0,17.7,33.5,1,open-meteo,5.56,96.11
Aïn Cheggag,Morocco,33.8635,-5.0599,2026-09-17,2026-09-16 20:13:32.490276+00:00,27.5,17.2,0.0,0,15.0,28.4,45,open-meteo,4.71,84.7
Aïn Cheggag,Morocco,33.8635,-5.0599,2026-09-18,2026-09-16 20:13:32.490276+00:00,29.2,16.9,0.0,0,15.2,28.4,3,open-meteo,4.74,90.68
Aïn Cheggag,Morocco,33.8635,-5.0599,2026-09-19,2026-09-16 20:13:32.490276+00:00,32.7,18.4,0.0,0,18.0,33.8,2,open-meteo,5.63,93.06
Aïn Cheggag,Morocco,33.8635,-5.0599,2026-09-20,2026-09-16 20:13:32.490276+00:00,34.2,20.3,0.0,8,18.4,34.2,2,open-meteo,5.72,93.0
Aïn Cheggag,Morocco,33.8635,-5.0599,2026-09-21,2026-09-16 20:13:32.490276+00:00,33.3,20.1,0.0,0,15.6,30.6,1,open-meteo,5.01,96.49
Aïn Cheggag,Morocco,33.8635,-5.0599,2026-09-22,2026-09-16 20:13:32.490276+00:00,32.9,20.6,0.0,0,17.1,32.0,3,open-meteo,5.34,90.26
Rich,Morocco,32.2593,-4.4991,2026-09-16,2026-09-16 20:13:32.581040+00:00,30.7,16.6,0.0,0,25.6,41.0,3,open-meteo,7.3,88.89
Rich,Morocco,32.2593,-4.4991,2026-09-17,2026-09-16 20:13:32.581040+00:00,29.8,14.3,0.0,65,27.1,51.5,3,open-meteo,8.54,88.02
Rich,Morocco,32.2593,-4.4991,2026-09-18,2026-09-16 20:13:32.581040+00:00,29.7,13.5,0.2,63,25.5,53.3,80,open-meteo,8.78,77.35
Rich,Morocco,32.2593,-4.4991,2026-09-19,2026-09-16 20:13:32.581040+00:00,29.4,14.6,0.0,33,12.7,19.8,3,open-meteo,3.57,91.5
Rich,Morocco,32.2593,-4.4991,2026-09-20,2026-09-16 20:13:32.581040+00:00,29.5,19.0,0.5,28,8.0,23.4,80,open-meteo,4.01,80.69
Rich,Morocco,32.2593,-4.4991,2026-09-21,2026-09-16 20:13:32.581040+00:00,28.1,17.2,2.35,37,17.2,29.2,80,open-meteo,8.2,77.76
Rich,Morocco,32.2593,-4.4991,2026-09-22,2026-09-16 20:13:32.581040+00:00,28.6,14.3,0.0,38,12.6,24.5,3,open-meteo,4.03,91.18
Missour,Morocco,33.05,-3.9908,2026-09-16,2026-09-16 20:13:32.672906+00:00,32.4,18.0,0.0,0,21.4,33.5,0,open-meteo,6.02,95.79
Missour,Morocco,33.05,-3.9908,2026-09-17,2026-09-16 20:13:32.672906+00:00,31.4,17.0,0.2,18,24.2,45.4,80,open-meteo,7.83,78.02
Missour,Morocco,33.05,-3.9908,2026-09-18,2026-09-16 20:13:32.672906+00:00,30.5,15.7,0.0,15,31.3,50.0,3,open-meteo,8.91,87.76
Missour,Morocco,33.05,-3.9908,2026-09-19,2026-09-16 20:13:32.672906+00:00,32.5,16.9,0.0,15,28.7,50.8,3,open-meteo,8.67,87.93
Missour,Morocco,33.05,-3.9908,2026-09-20,2026-09-16 20:13:32.672906+00:00,31.3,18.3,0.0,20,24.5,42.1,3,open-meteo,7.27,88.91
Missour,Morocco,33.05,-3.9908,2026-09-21,2026-09-16 20:13:32.672906+00:00,30.2,18.3,0.0,8,26.2,40.3,3,open-meteo,7.31,88.88
Missour,Morocco,33.05,-3.9908,2026-09-22,2026-09-16 20:13:32.672906+00:00,30.5,17.0,0.0,10,8.5,20.5,3,open-meteo,3.11,91.82
Safsaf,Morocco,34.5581,-6.0078,2026-09-16,2026-09-16 20:13:32.763537+00:00,29.2,19.3,0.0,0,19.7,38.5,45,open-meteo,6.31,83.58
Safsaf,Morocco,34.5581,-6.0078,2026-09-17,2026-09-16 20:13:32.763537+00:00,28.7,18.0,0.0,0,14.3,27.0,3,open-meteo,4.49,90.86
Safsaf,Morocco,34.5581,-6.0078,2026-09-18,2026-09-16 20:13:32.763537+00:00,31.0,16.0,0.0,0,19.0,35.6,45,open-meteo,5.94,83.84
Safsaf,Morocco,34.5581,-6.0078,2026-09-19,2026-09-16 20:13:32.763537+00:00,36.4,17.4,0.0,0,16.2,31.0,45,open-meteo,10.72,80.5
Safsaf,Morocco,34.5581,-6.0078,2026-09-20,2026-09-16 20:13:32.763537+00:00,39.0,23.6,0.0,0,22.8,44.3,1,open-meteo,23.28,83.7
Safsaf,Morocco,34.5581,-6.0078,2026-09-21,2026-09-16 20:13:32.763537+00:00,37.9,23.2,0.0,0,21.1,40.0,0,open-meteo,18.24,87.23
Safsaf,Morocco,34.5581,-6.0078,2026-09-22,2026-09-16 20:13:32.763537+00:00,37.1,21.9,0.0,0,12.3,28.8,3,open-meteo,12.82,85.03
Douar Olad. Salem,Morocco,32.8739,-8.8589,2026-09-16,2026-09-16 20:13:32.854875+00:00,26.2,20.6,0.0,0,22.4,42.8,2,open-meteo,7.08,92.04
Douar Olad. Salem,Morocco,32.8739,-8.8589,2026-09-17,2026-09-16 20:13:32.854875+00:00,26.1,19.0,0.0,0,17.9,34.6,3,open-meteo,5.7,90.01
Douar Olad. Salem,Morocco,32.8739,-8.8589,2026-09-18,2026-09-16 20:13:32.854875+00:00,26.2,18.6,0.0,0,23.0,43.2,3,open-meteo,7.2,88.96
Douar Olad. Salem,Morocco,32.8739,-8.8589,2026-09-19,2026-09-16 20:13:32.854875+00:00,27.1,19.2,0.0,0,18.0,34.6,2,open-meteo,5.71,93.0
Douar Olad. Salem,Morocco,32.8739,-8.8589,2026-09-20,2026-09-16 20:13:32.854875+00:00,30.5,21.0,0.0,0,16.2,31.3,2,open-meteo,5.16,93.39
Douar Olad. Salem,Morocco,32.8739,-8.8589,2026-09-21,2026-09-16 20:13:32.854875+00:00,28.0,20.6,0.0,0,14.2,26.7,45,open-meteo,4.45,84.88
Douar Olad. Salem,Morocco,32.8739,-8.8589,2026-09-22,2026-09-16 20:13:32.854875+00:00,27.4,19.8,0.0,0,10.2,20.5,45,open-meteo,3.33,85.67
Oulad Hassoune,Morocco,31.6503,-7.8361,2026-09-16,2026-09-16 20:13:32.948588+00:00,34.6,19.8,0.0,0,16.5,33.5,0,open-meteo,5.41,96.21
Oulad Hassoune,Morocco,31.6503,-7.8361,2026-09-17,2026-09-16 20:13:32.948588+00:00,30.4,18.3,0.0,0,12.7,26.3,2,open-meteo,4.22,94.05
Oulad Hassoune,Morocco,31.6503,-7.8361,2026-09-18,2026-09-16 20:13:32.948588+00:00,31.8,18.9,0.0,0,9.5,19.1,2,open-meteo,3.1,94.83
Oulad Hassoune,Morocco,31.6503,-7.8361,2026-09-19,2026-09-16 20:13:32.948588+00:00,35.8,19.5,0.5,0,18.2,34.2,80,open-meteo,9.56,76.81
Oulad Hassoune,Morocco,31.6503,-7.8361,2026-09-20,2026-09-16 20:13:32.948588+00:00,38.7,22.5,0.3,20,15.0,30.6,3,open-meteo,20.14,79.9
Oulad Hassoune,Morocco,31.6503,-7.8361,2026-09-21,2026-09-16 20:13:32.948588+00:00,37.8,22.9,0.0,0,16.3,30.6,3,open-meteo,16.3,82.59
Oulad Hassoune,Morocco,31.6503,-7.8361,2026-09-22,2026-09-16 20:13:32.948588+00:00,37.7,21.9,0.0,3,15.8,30.2,3,open-meteo,15.8,82.94
Hairel Nhai,Morocco,35.6108,-5.9186,2026-09-16,2026-09-16 20:13:33.039941+00:00,25.1,18.7,0.0,0,20.4,38.9,3,open-meteo,6.44,89.49
Hairel Nhai,Morocco,35.6108,-5.9186,2026-09-17,2026-09-16 20:13:33.039941+00:00,25.1,18.5,0.0,0,17.1,31.7,3,open-meteo,5.31,90.28
Hairel Nhai,Morocco,35.6108,-5.9186,2026-09-18,2026-09-16 20:13:33.039941+00:00,30.5,16.4,0.0,0,24.8,47.2,45,open-meteo,7.82,82.53
Hairel Nhai,Morocco,35.6108,-5.9186,2026-09-19,2026-09-16 20:13:33.039941+00:00,28.9,22.7,0.0,0,38.3,76.3,1,open-meteo,12.42,91.31
Hairel Nhai,Morocco,35.6108,-5.9186,2026-09-20,2026-09-16 20:13:33.039941+00:00,28.9,23.5,0.0,0,42.8,86.0,1,open-meteo,13.95,90.23
Hairel Nhai,Morocco,35.6108,-5.9186,2026-09-21,2026-09-16 20:13:33.039941+00:00,29.2,23.1,0.0,0,37.0,70.8,1,open-meteo,11.71,91.8
Hairel Nhai,Morocco,35.6108,-5.9186,2026-09-22,2026-09-16 20:13:33.039941+00:00,30.2,22.5,0.0,0,25.6,48.2,0,open-meteo,8.02,94.39
Sidi Lmokhtar,Morocco,31.57,-9.01,2026-09-16,2026-09-16 20:13:33.136124+00:00,34.9,21.1,0.0,0,24.3,39.6,0,open-meteo,7.0,95.1
Sidi Lmokhtar,Morocco,31.57,-9.01,2026-09-17,2026-09-16 20:13:33.136124+00:00,29.4,18.2,0.0,0,22.4,37.1,2,open-meteo,6.51,92.44
Sidi Lmokhtar,Morocco,31.57,-9.01,2026-09-18,2026-09-16 20:13:33.136124+00:00,31.2,17.8,0.0,0,19.1,31.3,3,open-meteo,5.52,90.14
Sidi Lmokhtar,Morocco,31.57,-9.01,2026-09-19,2026-09-16 20:13:33.136124+00:00,34.0,18.7,0.0,0,14.8,28.1,2,open-meteo,4.66,93.74
Sidi Lmokhtar,Morocco,31.57,-9.01,2026-09-20,2026-09-16 20:13:33.136124+00:00,36.2,23.2,0.0,0,17.7,33.8,3,open-meteo,10.39,86.73
Sidi Lmokhtar,Morocco,31.57,-9.01,2026-09-21,2026-09-16 20:13:33.136124+00:00,35.3,22.9,0.0,0,19.1,34.6,1,open-meteo,7.05,95.06
Sidi Lmokhtar,Morocco,31.57,-9.01,2026-09-22,2026-09-16 20:13:33.136124+00:00,36.6,21.2,0.0,0,21.2,35.6,3,open-meteo,12.61,85.17
Lamzoudia,Morocco,31.5833,-8.4833,2026-09-16,2026-09-16 20:13:33.235773+00:00,35.4,22.4,0.0,0,23.4,37.1,0,open-meteo,8.23,94.24
Lamzoudia,Morocco,31.5833,-8.4833,2026-09-17,2026-09-16 20:13:33.235773+00:00,30.5,18.8,0.0,0,20.5,31.7,2,open-meteo,5.73,92.99
Lamzoudia,Morocco,31.5833,-8.4833,2026-09-18,2026-09-16 20:13:33.235773+00:00,31.3,18.4,0.0,0,15.4,23.8,3,open-meteo,4.31,90.98
Lamzoudia,Morocco,31.5833,-8.4833,2026-09-19,2026-09-16 20:13:33.235773+00:00,34.8,20.0,0.0,3,14.0,22.3,3,open-meteo,3.98,91.21
Lamzoudia,Morocco,31.5833,-8.4833,2026-09-20,2026-09-16 20:13:33.235773+00:00,39.0,24.1,0.3,10,20.2,38.2,3,open-meteo,22.75,78.07
Lamzoudia,Morocco,31.5833,-8.4833,2026-09-21,2026-09-16 20:13:33.235773+00:00,37.7,23.9,0.0,3,21.1,34.2,3,open-meteo,16.86,82.2
Lamzoudia,Morocco,31.5833,-8.4833,2026-09-22,2026-09-16 20:13:33.235773+00:00,37.7,21.5,0.3,3,21.2,32.8,3,open-meteo,17.13,82.01
Douar Toulal,Morocco,33.8951,-5.6021,2026-09-16,2026-09-16 20:13:33.337907+00:00,30.8,18.7,0.0,0,17.7,39.2,2,open-meteo,6.13,92.71
Douar Toulal,Morocco,33.8951,-5.6021,2026-09-17,2026-09-16 20:13:33.337907+00:00,28.0,17.3,0.0,0,15.2,34.9,45,open-meteo,5.39,84.23
Douar Toulal,Morocco,33.8951,-5.6021,2026-09-18,2026-09-16 20:13:33.337907+00:00,29.5,16.2,0.0,0,14.9,34.6,3,open-meteo,5.32,90.28
Douar Toulal,Morocco,33.8951,-5.6021,2026-09-19,2026-09-16 20:13:33.337907+00:00,34.7,18.6,0.0,0,11.9,27.0,2,open-meteo,4.19,94.07
Douar Toulal,Morocco,33.8951,-5.6021,2026-09-20,2026-09-16 20:13:33.337907+00:00,36.9,21.3,0.0,5,15.9,35.3,2,open-meteo,13.12,87.82
Douar Toulal,Morocco,33.8951,-5.6021,2026-09-21,2026-09-16 20:13:33.337907+00:00,35.8,21.6,0.0,0,16.6,32.8,1,open-meteo,8.55,94.02
Douar Toulal,Morocco,33.8951,-5.6021,2026-09-22,2026-09-16 20:13:33.337907+00:00,34.7,21.0,0.0,0,15.8,30.6,3,open-meteo,5.04,90.47
Douar Oulad Aj-jabri,Morocco,32.2567,-6.7839,2026-09-16,2026-09-16 20:13:33.437023+00:00,35.8,20.5,0.0,0,15.8,28.1,1,open-meteo,7.98,94.41
Douar Oulad Aj-jabri,Morocco,32.2567,-6.7839,2026-09-17,2026-09-16 20:13:33.437023+00:00,32.7,17.8,0.0,0,15.2,26.6,3,open-meteo,4.56,90.81
Douar Oulad Aj-jabri,Morocco,32.2567,-6.7839,2026-09-18,2026-09-16 20:13:33.437023+00:00,33.6,18.0,0.0,0,12.0,20.5,2,open-meteo,3.55,94.52
Douar Oulad Aj-jabri,Morocco,32.2567,-6.7839,2026-09-19,2026-09-16 20:13:33.437023+00:00,38.2,18.9,0.0,0,12.0,21.2,3,open-meteo,16.42,82.51
Douar Oulad Aj-jabri,Morocco,32.2567,-6.7839,2026-09-20,2026-09-16 20:13:33.437023+00:00,40.6,22.5,0.0,8,16.0,34.9,3,open-meteo,27.89,74.48
Douar Oulad Aj-jabri,Morocco,32.2567,-6.7839,2026-09-21,2026-09-16 20:13:33.437023+00:00,37.8,24.1,0.6,3,12.6,26.6,3,open-meteo,16.23,82.64
Douar Oulad Aj-jabri,Morocco,32.2567,-6.7839,2026-09-22,2026-09-16 20:13:33.437023+00:00,38.5,20.6,0.0,0,16.2,29.2,0,open-meteo,18.94,86.74
Echemmaia Est,Morocco,32.0706,-8.6533,2026-09-16,2026-09-16 20:13:33.530233+00:00,33.0,19.0,0.0,0,24.1,41.4,2,open-meteo,7.15,91.99
Echemmaia Est,Morocco,32.0706,-8.6533,2026-09-17,2026-09-16 20:13:33.530233+00:00,28.7,17.7,0.0,0,22.2,38.5,3,open-meteo,6.62,89.37
Echemmaia Est,Morocco,32.0706,-8.6533,2026-09-18,2026-09-16 20:13:33.530233+00:00,30.4,17.1,0.0,0,19.9,33.8,2,open-meteo,5.87,92.89
Echemmaia Est,Morocco,32.0706,-8.6533,2026-09-19,2026-09-16 20:13:33.530233+00:00,33.4,17.5,0.0,0,18.0,31.7,2,open-meteo,5.42,93.21
Echemmaia Est,Morocco,32.0706,-8.6533,2026-09-20,2026-09-16 20:13:33.530233+00:00,38.6,22.6,0.0,8,22.1,39.6,3,open-meteo,21.12,79.22
Echemmaia Est,Morocco,32.0706,-8.6533,2026-09-21,2026-09-16 20:13:33.530233+00:00,35.8,22.4,0.0,3,16.9,32.4,3,open-meteo,8.55,88.02
Echemmaia Est,Morocco,32.0706,-8.6533,2026-09-22,2026-09-16 20:13:33.530233+00:00,36.8,19.5,0.0,3,19.8,37.4,3,open-meteo,13.41,84.61
Ouaoula,Morocco,31.8075,-6.7821,2026-09-16,2026-09-16 20:13:33.628521+00:00,30.9,17.5,0.0,0,17.8,33.5,1,open-meteo,5.58,96.09
Ouaoula,Morocco,31.8075,-6.7821,2026-09-17,2026-09-16 20:13:33.628521+00:00,28.5,15.5,0.0,0,18.5,37.1,2,open-meteo,6.02,92.79
Ouaoula,Morocco,31.8075,-6.7821,2026-09-18,2026-09-16 20:13:33.628521+00:00,29.3,15.5,0.0,0,15.8,29.9,2,open-meteo,4.96,93.53
Ouaoula,Morocco,31.8075,-6.7821,2026-09-19,2026-09-16 20:13:33.628521+00:00,32.9,19.4,0.0,8,18.1,35.3,3,open-meteo,5.79,89.95
Ouaoula,Morocco,31.8075,-6.7821,2026-09-20,2026-09-16 20:13:33.628521+00:00,34.1,21.6,0.3,30,20.5,46.8,3,open-meteo,7.64,88.65
Ouaoula,Morocco,31.8075,-6.7821,2026-09-21,2026-09-16 20:13:33.628521+00:00,33.0,23.0,0.3,0,15.5,29.3,3,open-meteo,5.27,90.31
Ouaoula,Morocco,31.8075,-6.7821,2026-09-22,2026-09-16 20:13:33.628521+00:00,33.3,21.6,0.3,0,21.3,45.7,80,open-meteo,7.63,78.16
Khenichet-sur Ouerrha,Morocco,34.4383,-5.6844,2026-09-16,2026-09-16 20:13:33.727287+00:00,31.1,20.0,0.0,0,20.7,37.8,3,open-meteo,6.37,89.54
Khenichet-sur Ouerrha,Morocco,34.4383,-5.6844,2026-09-17,2026-09-16 20:13:33.727287+00:00,29.8,19.1,0.0,0,13.7,25.2,3,open-meteo,4.23,91.04
Khenichet-sur Ouerrha,Morocco,34.4383,-5.6844,2026-09-18,2026-09-16 20:13:33.727287+00:00,32.3,16.5,0.0,0,15.6,28.4,45,open-meteo,4.79,84.65
Khenichet-sur Ouerrha,Morocco,34.4383,-5.6844,2026-09-19,2026-09-16 20:13:33.727287+00:00,37.1,18.2,0.0,0,20.2,36.7,2,open-meteo,14.6,86.78
Khenichet-sur Ouerrha,Morocco,34.4383,-5.6844,2026-09-20,2026-09-16 20:13:33.727287+00:00,38.9,24.1,0.0,0,25.0,47.5,1,open-meteo,23.47,83.57
Khenichet-sur Ouerrha,Morocco,34.4383,-5.6844,2026-09-21,2026-09-16 20:13:33.727287+00:00,37.9,24.6,0.0,0,24.3,43.6,0,open-meteo,19.0,86.7
Khenichet-sur Ouerrha,Morocco,34.4383,-5.6844,2026-09-22,2026-09-16 20:13:33.727287+00:00,37.6,23.5,0.0,0,15.0,28.8,3,open-meteo,15.16,83.39
Sidi Abdelkader,Morocco,33.0494,-8.6886,2026-09-16,2026-09-16 20:13:33.824153+00:00,26.0,20.8,0.0,0,19.5,36.4,45,open-meteo,6.08,83.74
Sidi Abdelkader,Morocco,33.0494,-8.6886,2026-09-17,2026-09-16 20:13:33.824153+00:00,25.7,19.5,0.0,0,16.1,31.0,3,open-meteo,5.11,90.42
Sidi Abdelkader,Morocco,33.0494,-8.6886,2026-09-18,2026-09-16 20:13:33.824153+00:00,25.8,18.7,0.0,0,20.2,37.4,45,open-meteo,6.27,83.61
Sidi Abdelkader,Morocco,33.0494,-8.6886,2026-09-19,2026-09-16 20:13:33.824153+00:00,26.7,19.6,0.0,0,16.6,31.0,2,open-meteo,5.18,93.37
Sidi Abdelkader,Morocco,33.0494,-8.6886,2026-09-20,2026-09-16 20:13:33.824153+00:00,30.5,21.2,0.0,0,15.5,29.5,2,open-meteo,4.89,93.58
Sidi Abdelkader,Morocco,33.0494,-8.6886,2026-09-21,2026-09-16 20:13:33.824153+00:00,28.7,20.9,0.0,0,14.1,26.4,45,open-meteo,4.4,84.92
Sidi Abdelkader,Morocco,33.0494,-8.6886,2026-09-22,2026-09-16 20:13:33.824153+00:00,29.4,19.5,0.0,0,13.5,25.9,45,open-meteo,4.28,85.0
Oulad Yaïch,Morocco,32.4167,-6.3333,2026-09-16,2026-09-16 20:13:33.923868+00:00,34.9,21.7,0.0,0,13.0,24.8,2,open-meteo,4.11,94.12
Oulad Yaïch,Morocco,32.4167,-6.3333,2026-09-17,2026-09-16 20:13:33.923868+00:00,32.2,18.1,0.0,0,12.5,23.0,45,open-meteo,3.86,85.3
Oulad Yaïch,Morocco,32.4167,-6.3333,2026-09-18,2026-09-16 20:13:33.923868+00:00,33.4,18.6,0.0,0,7.8,16.2,3,open-meteo,2.6,92.18
Oulad Yaïch,Morocco,32.4167,-6.3333,2026-09-19,2026-09-16 20:13:33.923868+00:00,37.8,20.7,0.0,0,12.3,29.5,3,open-meteo,15.69,83.02
Oulad Yaïch,Morocco,32.4167,-6.3333,2026-09-20,2026-09-16 20:13:33.923868+00:00,39.7,24.7,0.0,5,15.7,43.9,3,open-meteo,25.15,76.39
Oulad Yaïch,Morocco,32.4167,-6.3333,2026-09-21,2026-09-16 20:13:33.923868+00:00,36.6,25.2,0.9,3,19.1,35.6,3,open-meteo,13.55,84.52
Oulad Yaïch,Morocco,32.4167,-6.3333,2026-09-22,2026-09-16 20:13:33.923868+00:00,36.6,26.2,0.0,3,19.7,36.7,2,open-meteo,12.53,88.23
Had Oulad Issa,Morocco,32.9307,-8.682,2026-09-16,2026-09-16 20:13:34.023054+00:00,26.8,20.1,0.0,0,19.9,37.8,45,open-meteo,6.27,83.61
Had Oulad Issa,Morocco,32.9307,-8.682,2026-09-17,2026-09-16 20:13:34.023054+00:00,26.0,18.8,0.0,0,18.0,34.2,3,open-meteo,5.67,90.03
Had Oulad Issa,Morocco,32.9307,-8.682,2026-09-18,2026-09-16 20:13:34.023054+00:00,26.6,17.7,0.0,0,21.3,40.0,45,open-meteo,6.66,83.34
Had Oulad Issa,Morocco,32.9307,-8.682,2026-09-19,2026-09-16 20:13:34.023054+00:00,27.6,18.8,0.0,0,16.9,31.7,2,open-meteo,5.28,93.3
Had Oulad Issa,Morocco,32.9307,-8.682,2026-09-20,2026-09-16 20:13:34.023054+00:00,32.6,21.0,0.0,0,15.7,30.2,2,open-meteo,4.98,93.51
Had Oulad Issa,Morocco,32.9307,-8.682,2026-09-21,2026-09-16 20:13:34.023054+00:00,30.9,20.4,0.0,0,14.1,25.9,45,open-meteo,4.35,84.95
Had Oulad Issa,Morocco,32.9307,-8.682,2026-09-22,2026-09-16 20:13:34.023054+00:00,31.8,19.0,0.0,0,14.4,27.0,45,open-meteo,4.5,84.85
Oulad Said,Morocco,32.632,-8.8456,2026-09-16,2026-09-16 20:13:34.120765+00:00,28.2,19.4,0.0,0,20.9,38.2,2,open-meteo,6.43,92.5
Oulad Said,Morocco,32.632,-8.8456,2026-09-17,2026-09-16 20:13:34.120765+00:00,26.6,18.3,0.0,0,19.5,35.6,3,open-meteo,6.0,89.8
Oulad Said,Morocco,32.632,-8.8456,2026-09-18,2026-09-16 20:13:34.120765+00:00,27.8,18.1,0.0,0,21.2,38.9,3,open-meteo,6.54,89.42
Oulad Said,Morocco,32.632,-8.8456,2026-09-19,2026-09-16 20:13:34.120765+00:00,29.1,18.0,0.0,0,18.0,32.8,3,open-meteo,5.53,90.13
Oulad Said,Morocco,32.632,-8.8456,2026-09-20,2026-09-16 20:13:34.120765+00:00,34.3,20.9,0.0,0,14.0,26.6,2,open-meteo,4.41,93.91
Oulad Said,Morocco,32.632,-8.8456,2026-09-21,2026-09-16 20:13:34.120765+00:00,32.4,20.4,0.0,0,14.6,27.0,45,open-meteo,4.52,84.84
Oulad Said,Morocco,32.632,-8.8456,2026-09-22,2026-09-16 20:13:34.120765+00:00,32.5,18.1,0.0,0,14.5,27.4,45,open-meteo,4.55,84.81
Zawyat ech Cheïkh,Morocco,32.6541,-5.9214,2026-09-16,2026-09-16 20:13:34.220684+00:00,32.1,17.5,0.0,0,11.2,21.6,3,open-meteo,3.56,91.51
Zawyat ech Cheïkh,Morocco,32.6541,-5.9214,2026-09-17,2026-09-16 20:13:34.220684+00:00,30.9,15.6,0.0,0,13.8,25.2,1,open-meteo,4.25,97.02
Zawyat ech Cheïkh,Morocco,32.6541,-5.9214,2026-09-18,2026-09-16 20:13:34.220684+00:00,31.7,15.4,0.0,0,10.8,20.5,3,open-meteo,3.4,91.62
Zawyat ech Cheïkh,Morocco,32.6541,-5.9214,2026-09-19,2026-09-16 20:13:34.220684+00:00,35.5,17.9,0.0,0,17.2,30.6,2,open-meteo,7.21,91.95
Zawyat ech Cheïkh,Morocco,32.6541,-5.9214,2026-09-20,2026-09-16 20:13:34.220684+00:00,37.4,21.0,0.0,13,11.6,29.9,3,open-meteo,14.04,84.17
Zawyat ech Cheïkh,Morocco,32.6541,-5.9214,2026-09-21,2026-09-16 20:13:34.220684+00:00,35.9,20.6,0.6,5,14.4,26.6,3,open-meteo,8.86,87.8
Zawyat ech Cheïkh,Morocco,32.6541,-5.9214,2026-09-22,2026-09-16 20:13:34.220684+00:00,35.2,21.2,0.0,5,16.3,29.2,2,open-meteo,5.76,92.97
Imi-n-Tanout,Morocco,31.177,-8.8504,2026-09-16,2026-09-16 20:13:34.320979+00:00,30.8,19.7,0.0,0,26.9,47.2,1,open-meteo,8.08,94.34
Imi-n-Tanout,Morocco,31.177,-8.8504,2026-09-17,2026-09-16 20:13:34.320979+00:00,25.8,16.2,0.0,0,19.1,34.2,45,open-meteo,5.81,83.93
Imi-n-Tanout,Morocco,31.177,-8.8504,2026-09-18,2026-09-16 20:13:34.320979+00:00,27.3,16.2,0.0,0,17.1,30.2,3,open-meteo,5.16,90.39
Imi-n-Tanout,Morocco,31.177,-8.8504,2026-09-19,2026-09-16 20:13:34.320979+00:00,30.3,20.3,0.0,3,15.9,31.0,2,open-meteo,5.09,93.44
Imi-n-Tanout,Morocco,31.177,-8.8504,2026-09-20,2026-09-16 20:13:34.320979+00:00,33.3,24.2,0.9,35,20.3,34.6,80,open-meteo,7.2,78.46
Imi-n-Tanout,Morocco,31.177,-8.8504,2026-09-21,2026-09-16 20:13:34.320979+00:00,33.3,24.7,0.6,5,20.5,37.8,1,open-meteo,7.14,95.0
Imi-n-Tanout,Morocco,31.177,-8.8504,2026-09-22,2026-09-16 20:13:34.320979+00:00,33.0,24.2,1.2,5,12.0,20.9,80,open-meteo,5.19,79.87
Bourdoud,Morocco,34.5922,-4.5492,2026-09-16,2026-09-16 20:13:34.421125+00:00,31.7,20.0,0.0,0,19.8,37.8,2,open-meteo,6.25,92.62
Bourdoud,Morocco,34.5922,-4.5492,2026-09-17,2026-09-16 20:13:34.421125+00:00,30.3,17.9,0.0,0,13.5,25.6,45,open-meteo,4.25,85.02
Bourdoud,Morocco,34.5922,-4.5492,2026-09-18,2026-09-16 20:13:34.421125+00:00,32.2,17.1,0.0,0,11.1,21.6,3,open-meteo,3.55,91.52
Bourdoud,Morocco,34.5922,-4.5492,2026-09-19,2026-09-16 20:13:34.421125+00:00,34.5,21.7,0.0,0,22.0,41.8,1,open-meteo,6.93,95.15
Bourdoud,Morocco,34.5922,-4.5492,2026-09-20,2026-09-16 20:13:34.421125+00:00,35.1,23.2,0.0,3,19.6,42.5,3,open-meteo,7.1,89.03
Bourdoud,Morocco,34.5922,-4.5492,2026-09-21,2026-09-16 20:13:34.421125+00:00,33.0,22.2,0.0,0,16.2,31.7,2,open-meteo,5.19,93.37
Bourdoud,Morocco,34.5922,-4.5492,2026-09-22,2026-09-16 20:13:34.421125+00:00,34.3,21.2,0.0,0,10.0,20.9,1,open-meteo,3.34,97.66
Ain Aicha,Morocco,34.4,-4.6619,2026-09-16,2026-09-16 20:13:34.520800+00:00,31.3,19.8,0.0,0,18.4,35.3,2,open-meteo,5.83,92.92
Ain Aicha,Morocco,34.4,-4.6619,2026-09-17,2026-09-16 20:13:34.520800+00:00,29.6,17.2,0.0,0,12.7,24.8,3,open-meteo,4.07,91.15
Ain Aicha,Morocco,34.4,-4.6619,2026-09-18,2026-09-16 20:13:34.520800+00:00,31.7,16.5,0.0,0,17.7,33.5,3,open-meteo,5.56,90.11
Ain Aicha,Morocco,34.4,-4.6619,2026-09-19,2026-09-16 20:13:34.520800+00:00,33.2,21.6,0.0,0,30.4,61.2,2,open-meteo,9.92,90.06
Ain Aicha,Morocco,34.4,-4.6619,2026-09-20,2026-09-16 20:13:34.520800+00:00,33.1,22.5,0.0,0,28.5,56.5,1,open-meteo,9.21,93.55
Ain Aicha,Morocco,34.4,-4.6619,2026-09-21,2026-09-16 20:13:34.520800+00:00,32.3,22.3,0.0,0,25.2,50.8,3,open-meteo,8.23,88.24
Ain Aicha,Morocco,34.4,-4.6619,2026-09-22,2026-09-16 20:13:34.520800+00:00,34.5,21.0,0.0,0,14.2,27.4,1,open-meteo,4.51,96.84
Sebt Gzoula,Morocco,32.1219,-9.0889,2026-09-16,2026-09-16 20:13:34.617013+00:00,32.2,20.4,0.0,0,20.4,38.2,2,open-meteo,6.37,92.54
Sebt Gzoula,Morocco,32.1219,-9.0889,2026-09-17,2026-09-16 20:13:34.617013+00:00,28.0,18.3,0.0,0,19.1,36.0,2,open-meteo,5.99,92.81
Sebt Gzoula,Morocco,32.1219,-9.0889,2026-09-18,2026-09-16 20:13:34.617013+00:00,30.2,18.1,0.0,0,18.9,35.6,1,open-meteo,5.92,95.86
Sebt Gzoula,Morocco,32.1219,-9.0889,2026-09-19,2026-09-16 20:13:34.617013+00:00,32.3,18.2,0.0,0,15.6,29.5,2,open-meteo,4.9,93.57
Sebt Gzoula,Morocco,32.1219,-9.0889,2026-09-20,2026-09-16 20:13:34.617013+00:00,33.3,22.6,0.0,0,19.2,36.4,3,open-meteo,6.04,89.77
Sebt Gzoula,Morocco,32.1219,-9.0889,2026-09-21,2026-09-16 20:13:34.617013+00:00,31.4,20.4,0.0,0,11.8,22.3,3,open-meteo,3.71,91.4
Sebt Gzoula,Morocco,32.1219,-9.0889,2026-09-22,2026-09-16 20:13:34.617013+00:00,31.0,19.0,0.0,0,12.7,23.4,3,open-meteo,3.93,91.25
Douar Ouled Ayad,Morocco,32.4167,-7.1,2026-09-16,2026-09-16 20:13:34.706284+00:00,35.5,20.9,0.0,0,16.6,30.2,3,open-meteo,7.1,89.03
Douar Ouled Ayad,Morocco,32.4167,-7.1,2026-09-17,2026-09-16 20:13:34.706284+00:00,32.8,16.6,0.0,0,14.8,27.4,3,open-meteo,4.59,90.79
Douar Ouled Ayad,Morocco,32.4167,-7.1,2026-09-18,2026-09-16 20:13:34.706284+00:00,33.3,17.5,0.0,0,14.1,25.6,3,open-meteo,4.32,90.98
Douar Ouled Ayad,Morocco,32.4167,-7.1,2026-09-19,2026-09-16 20:13:34.706284+00:00,37.8,18.4,0.0,0,13.1,23.8,2,open-meteo,15.22,86.35
Douar Ouled Ayad,Morocco,32.4167,-7.1,2026-09-20,2026-09-16 20:13:34.706284+00:00,40.4,23.1,0.0,5,11.6,21.6,3,open-meteo,25.21,76.35
Douar Ouled Ayad,Morocco,32.4167,-7.1,2026-09-21,2026-09-16 20:13:34.706284+00:00,37.9,24.2,0.6,3,14.0,24.5,3,open-meteo,16.6,82.38
Douar Ouled Ayad,Morocco,32.4167,-7.1,2026-09-22,2026-09-16 20:13:34.706284+00:00,38.0,20.1,0.0,3,20.8,34.6,1,open-meteo,18.06,87.36
Tamorot,Morocco,34.9363,-4.7794,2026-09-16,2026-09-16 20:13:34.801872+00:00,26.5,15.5,0.0,0,23.4,44.3,1,open-meteo,7.36,94.85
Tamorot,Morocco,34.9363,-4.7794,2026-09-17,2026-09-16 20:13:34.801872+00:00,26.4,13.5,0.0,0,14.0,27.4,3,open-meteo,4.49,90.86
Tamorot,Morocco,34.9363,-4.7794,2026-09-18,2026-09-16 20:13:34.801872+00:00,26.1,12.6,0.0,0,14.0,28.1,3,open-meteo,4.56,90.81
Tamorot,Morocco,34.9363,-4.7794,2026-09-19,2026-09-16 20:13:34.801872+00:00,26.0,16.2,0.0,0,17.9,42.1,1,open-meteo,6.45,95.48
Tamorot,Morocco,34.9363,-4.7794,2026-09-20,2026-09-16 20:13:34.801872+00:00,26.8,16.8,0.0,0,16.3,34.2,1,open-meteo,5.46,96.18
Tamorot,Morocco,34.9363,-4.7794,2026-09-21,2026-09-16 20:13:34.801872+00:00,27.4,16.6,0.0,0,13.4,29.2,1,open-meteo,4.6,96.78
Tamorot,Morocco,34.9363,-4.7794,2026-09-22,2026-09-16 20:13:34.801872+00:00,29.7,17.1,0.0,0,10.8,22.3,1,open-meteo,3.58,97.49
Douar ’Ayn Dfali,Morocco,33.9536,-4.4527,2026-09-16,2026-09-16 20:13:34.897270+00:00,30.0,19.6,0.0,0,16.7,37.1,1,open-meteo,5.8,95.94
Douar ’Ayn Dfali,Morocco,33.9536,-4.4527,2026-09-17,2026-09-16 20:13:34.897270+00:00,27.5,16.6,0.0,0,16.3,35.3,3,open-meteo,5.57,90.1
Douar ’Ayn Dfali,Morocco,33.9536,-4.4527,2026-09-18,2026-09-16 20:13:34.897270+00:00,29.5,16.9,0.0,0,18.3,39.2,3,open-meteo,6.21,89.65
Douar ’Ayn Dfali,Morocco,33.9536,-4.4527,2026-09-19,2026-09-16 20:13:34.897270+00:00,33.2,20.2,0.0,0,15.1,34.2,2,open-meteo,5.31,93.28
Douar ’Ayn Dfali,Morocco,33.9536,-4.4527,2026-09-20,2026-09-16 20:13:34.897270+00:00,34.0,22.4,0.0,5,15.3,39.6,2,open-meteo,5.87,92.89
Douar ’Ayn Dfali,Morocco,33.9536,-4.4527,2026-09-21,2026-09-16 20:13:34.897270+00:00,31.4,21.2,0.0,0,14.5,29.3,2,open-meteo,4.74,93.68
Douar ’Ayn Dfali,Morocco,33.9536,-4.4527,2026-09-22,2026-09-16 20:13:34.897270+00:00,32.4,17.1,0.0,0,12.4,24.8,3,open-meteo,4.03,91.18
Ain Dfali,Morocco,34.5984,-5.5473,2026-09-16,2026-09-16 20:13:34.989241+00:00,30.9,19.2,0.0,0,18.4,35.6,2,open-meteo,5.86,92.9
Ain Dfali,Morocco,34.5984,-5.5473,2026-09-17,2026-09-16 20:13:34.989241+00:00,30.0,18.8,0.0,0,12.2,23.8,3,open-meteo,3.91,91.26
Ain Dfali,Morocco,34.5984,-5.5473,2026-09-18,2026-09-16 20:13:34.989241+00:00,32.3,16.4,0.0,0,13.6,25.9,45,open-meteo,4.29,85.0
Ain Dfali,Morocco,34.5984,-5.5473,2026-09-19,2026-09-16 20:13:34.989241+00:00,36.9,18.5,0.0,0,15.4,29.9,2,open-meteo,12.51,88.24
Ain Dfali,Morocco,34.5984,-5.5473,2026-09-20,2026-09-16 20:13:34.989241+00:00,38.2,23.8,0.0,0,18.9,37.4,1,open-meteo,18.9,86.77
Ain Dfali,Morocco,34.5984,-5.5473,2026-09-21,2026-09-16 20:13:34.989241+00:00,37.1,24.4,0.0,0,16.1,32.9,1,open-meteo,13.7,90.41
Ain Dfali,Morocco,34.5984,-5.5473,2026-09-22,2026-09-16 20:13:34.989241+00:00,36.8,22.0,0.0,0,12.1,25.6,1,open-meteo,11.27,92.11
Foum el Anser,Morocco,32.3717,-6.2614,2026-09-16,2026-09-16 20:13:35.081427+00:00,31.9,21.7,0.0,0,20.5,37.4,1,open-meteo,6.3,95.59
Foum el Anser,Morocco,32.3717,-6.2614,2026-09-17,2026-09-16 20:13:35.081427+00:00,29.5,20.1,0.0,0,10.1,22.0,2,open-meteo,3.46,94.58
Foum el Anser,Morocco,32.3717,-6.2614,2026-09-18,2026-09-16 20:13:35.081427+00:00,30.9,19.2,0.0,0,11.8,24.8,3,open-meteo,3.96,91.23
Foum el Anser,Morocco,32.3717,-6.2614,2026-09-19,2026-09-16 20:13:35.081427+00:00,34.6,22.9,0.0,0,21.9,40.7,2,open-meteo,6.81,92.23
Foum el Anser,Morocco,32.3717,-6.2614,2026-09-20,2026-09-16 20:13:35.081427+00:00,36.1,26.9,0.0,3,23.5,39.2,3,open-meteo,11.26,86.12
Foum el Anser,Morocco,32.3717,-6.2614,2026-09-21,2026-09-16 20:13:35.081427+00:00,35.6,26.6,0.9,0,19.1,35.6,3,open-meteo,9.55,87.31
Foum el Anser,Morocco,32.3717,-6.2614,2026-09-22,2026-09-16 20:13:35.081427+00:00,35.6,25.2,0.0,0,19.7,36.7,2,open-meteo,8.53,91.03
Souk Tlet El Gharb,Morocco,34.6211,-6.1336,2026-09-16,2026-09-16 20:13:35.178671+00:00,27.9,19.2,0.0,0,19.9,38.5,45,open-meteo,6.34,83.56
Souk Tlet El Gharb,Morocco,34.6211,-6.1336,2026-09-17,2026-09-16 20:13:35.178671+00:00,27.9,17.8,0.0,0,14.1,26.6,3,open-meteo,4.42,90.91
Souk Tlet El Gharb,Morocco,34.6211,-6.1336,2026-09-18,2026-09-16 20:13:35.178671+00:00,29.7,15.8,0.0,0,19.9,37.1,45,open-meteo,6.2,83.66
Souk Tlet El Gharb,Morocco,34.6211,-6.1336,2026-09-19,2026-09-16 20:13:35.178671+00:00,35.6,17.3,0.0,0,18.4,34.6,45,open-meteo,8.16,82.29
Souk Tlet El Gharb,Morocco,34.6211,-6.1336,2026-09-20,2026-09-16 20:13:35.178671+00:00,38.9,22.6,0.0,0,21.0,41.4,1,open-meteo,22.36,84.35
Souk Tlet El Gharb,Morocco,34.6211,-6.1336,2026-09-21,2026-09-16 20:13:35.178671+00:00,37.9,21.5,0.0,0,19.4,36.0,0,open-meteo,17.62,87.67
Souk Tlet El Gharb,Morocco,34.6211,-6.1336,2026-09-22,2026-09-16 20:13:35.178671+00:00,35.0,20.7,0.0,0,18.2,32.8,2,open-meteo,5.55,93.11
Setti Fatma,Morocco,31.2256,-7.6758,2026-09-16,2026-09-16 20:13:35.274924+00:00,25.4,16.9,0.0,0,18.5,36.7,0,open-meteo,5.98,95.81
Setti Fatma,Morocco,31.2256,-7.6758,2026-09-17,2026-09-16 20:13:35.274924+00:00,25.5,17.0,2.0,10,10.0,22.7,80,open-meteo,6.19,79.17
Setti Fatma,Morocco,31.2256,-7.6758,2026-09-18,2026-09-16 20:13:35.274924+00:00,24.4,17.5,0.6,5,11.2,24.5,80,open-meteo,4.65,80.24
Setti Fatma,Morocco,31.2256,-7.6758,2026-09-19,2026-09-16 20:13:35.274924+00:00,26.2,18.8,1.5,40,12.3,29.9,80,open-meteo,6.53,78.93
Setti Fatma,Morocco,31.2256,-7.6758,2026-09-20,2026-09-16 20:13:35.274924+00:00,27.4,20.2,0.3,40,21.3,43.6,3,open-meteo,7.42,88.81
Setti Fatma,Morocco,31.2256,-7.6758,2026-09-21,2026-09-16 20:13:35.274924+00:00,29.4,19.9,0.0,32,22.1,46.8,3,open-meteo,7.44,88.79
Setti Fatma,Morocco,31.2256,-7.6758,2026-09-22,2026-09-16 20:13:35.274924+00:00,29.0,20.8,0.0,33,21.3,44.6,3,open-meteo,7.12,89.02
Skoura,Morocco,31.0672,-6.5397,2026-09-16,2026-09-16 20:13:35.372949+00:00,32.5,18.1,0.0,0,17.3,27.0,2,open-meteo,4.86,93.6
Skoura,Morocco,31.0672,-6.5397,2026-09-17,2026-09-16 20:13:35.372949+00:00,30.0,18.9,0.9,33,17.0,27.7,80,open-meteo,6.1,79.23
Skoura,Morocco,31.0672,-6.5397,2026-09-18,2026-09-16 20:13:35.372949+00:00,31.2,17.2,0.1,3,21.6,42.1,3,open-meteo,7.04,89.07
Skoura,Morocco,31.0672,-6.5397,2026-09-19,2026-09-16 20:13:35.372949+00:00,30.7,21.1,0.0,10,23.6,37.4,3,open-meteo,6.69,89.32
Skoura,Morocco,31.0672,-6.5397,2026-09-20,2026-09-16 20:13:35.372949+00:00,31.8,21.3,0.0,10,20.9,32.8,3,open-meteo,5.89,89.88
Skoura,Morocco,31.0672,-6.5397,2026-09-21,2026-09-16 20:13:35.372949+00:00,30.0,21.2,0.6,3,15.1,31.7,80,open-meteo,5.86,79.4
Skoura,Morocco,31.0672,-6.5397,2026-09-22,2026-09-16 20:13:35.372949+00:00,32.8,16.3,0.0,3,28.2,43.6,3,open-meteo,7.89,88.48
Oulad Salmane,Morocco,34.3443,-6.4944,2026-09-16,2026-09-16 20:13:35.463716+00:00,25.8,20.0,0.0,0,20.2,38.9,2,open-meteo,6.42,92.51
Oulad Salmane,Morocco,34.3443,-6.4944,2026-09-17,2026-09-16 20:13:35.463716+00:00,25.5,18.4,0.0,0,12.8,24.8,45,open-meteo,4.08,85.14
Oulad Salmane,Morocco,34.3443,-6.4944,2026-09-18,2026-09-16 20:13:35.463716+00:00,26.0,16.4,0.0,0,18.2,34.2,45,open-meteo,5.7,84.01
Oulad Salmane,Morocco,34.3443,-6.4944,2026-09-19,2026-09-16 20:13:35.463716+00:00,31.7,16.6,0.0,0,19.7,39.2,45,open-meteo,6.38,83.53
Oulad Salmane,Morocco,34.3443,-6.4944,2026-09-20,2026-09-16 20:13:35.463716+00:00,35.7,22.5,0.0,0,19.1,36.4,3,open-meteo,8.83,87.82
Oulad Salmane,Morocco,34.3443,-6.4944,2026-09-21,2026-09-16 20:13:35.463716+00:00,36.3,21.4,0.0,0,18.4,33.5,1,open-meteo,10.85,92.41
Oulad Salmane,Morocco,34.3443,-6.4944,2026-09-22,2026-09-16 20:13:35.463716+00:00,31.2,18.4,0.0,0,14.0,25.9,3,open-meteo,4.34,90.96
Zegzel,Morocco,34.8407,-2.3543,2026-09-16,2026-09-16 20:13:35.557373+00:00,31.9,20.1,0.0,0,14.2,28.4,1,open-meteo,4.61,96.77
Zegzel,Morocco,34.8407,-2.3543,2026-09-17,2026-09-16 20:13:35.557373+00:00,25.0,18.4,0.0,0,15.1,27.7,3,open-meteo,4.66,90.74
Zegzel,Morocco,34.8407,-2.3543,2026-09-18,2026-09-16 20:13:35.557373+00:00,25.4,17.7,0.0,3,20.8,38.2,45,open-meteo,6.42,83.51
Zegzel,Morocco,34.8407,-2.3543,2026-09-19,2026-09-16 20:13:35.557373+00:00,25.7,18.3,0.0,0,23.9,44.6,45,open-meteo,7.45,82.78
Zegzel,Morocco,34.8407,-2.3543,2026-09-20,2026-09-16 20:13:35.557373+00:00,26.1,18.8,0.0,0,15.5,31.0,45,open-meteo,5.04,84.47
Zegzel,Morocco,34.8407,-2.3543,2026-09-21,2026-09-16 20:13:35.557373+00:00,25.7,18.8,0.0,3,14.6,29.2,45,open-meteo,4.75,84.67
Zegzel,Morocco,34.8407,-2.3543,2026-09-22,2026-09-16 20:13:35.557373+00:00,25.9,18.4,0.0,3,13.1,25.6,45,open-meteo,4.2,85.06
Ayt Mohamed,Morocco,31.8803,-6.4711,2026-09-16,2026-09-16 20:13:35.654639+00:00,24.3,13.4,0.0,0,17.2,32.4,1,open-meteo,5.39,96.23
Ayt Mohamed,Morocco,31.8803,-6.4711,2026-09-17,2026-09-16 20:13:35.654639+00:00,25.7,13.7,0.3,55,15.1,36.7,80,open-meteo,5.96,79.33
Ayt Mohamed,Morocco,31.8803,-6.4711,2026-09-18,2026-09-16 20:13:35.654639+00:00,24.9,14.6,0.0,15,19.9,36.0,3,open-meteo,6.09,89.74
Ayt Mohamed,Morocco,31.8803,-6.4711,2026-09-19,2026-09-16 20:13:35.654639+00:00,26.9,16.1,0.0,45,16.6,34.6,3,open-meteo,5.54,90.12
Ayt Mohamed,Morocco,31.8803,-6.4711,2026-09-20,2026-09-16 20:13:35.654639+00:00,27.5,17.5,2.1,53,13.7,43.9,61,open-meteo,8.9,80.27
Ayt Mohamed,Morocco,31.8803,-6.4711,2026-09-21,2026-09-16 20:13:35.654639+00:00,25.4,16.9,1.05,8,17.2,39.6,80,open-meteo,7.51,78.24
Ayt Mohamed,Morocco,31.8803,-6.4711,2026-09-22,2026-09-16 20:13:35.654639+00:00,26.6,14.2,0.0,8,24.3,52.2,2,open-meteo,8.26,91.22
Douar Imoukkane,Morocco,35.0601,-4.839,2026-09-16,2026-09-16 20:13:35.749370+00:00,30.3,19.7,0.0,0,19.8,40.0,2,open-meteo,6.48,92.46
Douar Imoukkane,Morocco,35.0601,-4.839,2026-09-17,2026-09-16 20:13:35.749370+00:00,27.6,15.6,0.0,0,12.7,25.2,3,open-meteo,4.11,91.12
Douar Imoukkane,Morocco,35.0601,-4.839,2026-09-18,2026-09-16 20:13:35.749370+00:00,25.5,14.9,0.0,0,13.7,26.6,45,open-meteo,4.37,84.94
Douar Imoukkane,Morocco,35.0601,-4.839,2026-09-19,2026-09-16 20:13:35.749370+00:00,25.9,16.9,0.0,0,16.5,31.3,45,open-meteo,5.19,84.37
Douar Imoukkane,Morocco,35.0601,-4.839,2026-09-20,2026-09-16 20:13:35.749370+00:00,25.9,17.6,0.0,0,15.3,29.9,45,open-meteo,4.9,84.57
Douar Imoukkane,Morocco,35.0601,-4.839,2026-09-21,2026-09-16 20:13:35.749370+00:00,24.0,17.8,0.0,0,12.7,28.1,45,open-meteo,4.4,84.92
Douar Imoukkane,Morocco,35.0601,-4.839,2026-09-22,2026-09-16 20:13:35.749370+00:00,24.3,16.0,0.0,0,11.3,28.4,2,open-meteo,4.25,94.02
El Ghiate,Morocco,32.0331,-9.1625,2026-09-16,2026-09-16 20:13:35.847032+00:00,31.6,20.0,0.0,0,21.4,40.0,2,open-meteo,6.68,92.32
El Ghiate,Morocco,32.0331,-9.1625,2026-09-17,2026-09-16 20:13:35.847032+00:00,26.2,18.3,0.0,0,21.3,40.3,2,open-meteo,6.69,92.32
El Ghiate,Morocco,32.0331,-9.1625,2026-09-18,2026-09-16 20:13:35.847032+00:00,27.7,18.1,0.0,0,20.9,38.9,2,open-meteo,6.5,92.45
El Ghiate,Morocco,32.0331,-9.1625,2026-09-19,2026-09-16 20:13:35.847032+00:00,30.2,18.0,0.0,0,17.9,33.8,2,open-meteo,5.62,93.07
El Ghiate,Morocco,32.0331,-9.1625,2026-09-20,2026-09-16 20:13:35.847032+00:00,30.0,21.9,0.0,0,17.8,34.6,3,open-meteo,5.69,90.02
El Ghiate,Morocco,32.0331,-9.1625,2026-09-21,2026-09-16 20:13:35.847032+00:00,33.1,19.6,0.0,0,16.6,32.4,3,open-meteo,5.32,90.28
El Ghiate,Morocco,32.0331,-9.1625,2026-09-22,2026-09-16 20:13:35.847032+00:00,34.1,21.2,0.0,0,17.3,33.5,3,open-meteo,5.51,90.14
Douar Azla,Morocco,35.5564,-5.2453,2026-09-16,2026-09-16 20:13:35.945330+00:00,33.0,20.2,0.0,0,15.5,30.2,3,open-meteo,4.96,90.53
Douar Azla,Morocco,35.5564,-5.2453,2026-09-17,2026-09-16 20:13:35.945330+00:00,25.7,17.0,0.0,0,10.7,20.2,3,open-meteo,3.36,91.65
Douar Azla,Morocco,35.5564,-5.2453,2026-09-18,2026-09-16 20:13:35.945330+00:00,25.1,19.7,0.0,0,18.9,31.7,3,open-meteo,5.53,90.13
Douar Azla,Morocco,35.5564,-5.2453,2026-09-19,2026-09-16 20:13:35.945330+00:00,24.9,22.2,0.8,0,31.4,55.1,80,open-meteo,10.5,76.15
Douar Azla,Morocco,35.5564,-5.2453,2026-09-20,2026-09-16 20:13:35.945330+00:00,25.0,22.7,0.3,0,30.5,52.2,2,open-meteo,9.43,90.4
Douar Azla,Morocco,35.5564,-5.2453,2026-09-21,2026-09-16 20:13:35.945330+00:00,28.3,22.6,0.0,0,24.0,63.7,2,open-meteo,9.37,90.44
Douar Azla,Morocco,35.5564,-5.2453,2026-09-22,2026-09-16 20:13:35.945330+00:00,29.4,21.7,0.0,0,15.0,46.4,2,open-meteo,6.51,92.44
Ait Bouziyane,Morocco,33.8167,-5.2749,2026-09-16,2026-09-16 20:13:36.044185+00:00,30.7,18.1,0.0,0,18.3,36.0,1,open-meteo,5.89,95.88
Ait Bouziyane,Morocco,33.8167,-5.2749,2026-09-17,2026-09-16 20:13:36.044185+00:00,27.2,15.4,0.0,0,14.4,27.4,45,open-meteo,4.54,84.82
Ait Bouziyane,Morocco,33.8167,-5.2749,2026-09-18,2026-09-16 20:13:36.044185+00:00,28.2,16.4,0.0,0,16.8,30.6,3,open-meteo,5.16,90.39
Ait Bouziyane,Morocco,33.8167,-5.2749,2026-09-19,2026-09-16 20:13:36.044185+00:00,32.3,18.0,0.0,0,18.6,34.6,2,open-meteo,5.79,92.95
Ait Bouziyane,Morocco,33.8167,-5.2749,2026-09-20,2026-09-16 20:13:36.044185+00:00,34.3,20.1,0.0,5,19.5,35.6,2,open-meteo,6.0,92.8
Ait Bouziyane,Morocco,33.8167,-5.2749,2026-09-21,2026-09-16 20:13:36.044185+00:00,33.3,20.3,0.0,3,13.3,25.1,1,open-meteo,4.17,97.08
Ait Bouziyane,Morocco,33.8167,-5.2749,2026-09-22,2026-09-16 20:13:36.044185+00:00,32.9,17.3,0.0,3,14.5,26.6,3,open-meteo,4.47,90.87
Had Beni Chiker,Morocco,35.2735,-3.0151,2026-09-16,2026-09-16 20:13:36.143356+00:00,29.3,19.2,0.0,0,12.2,26.3,45,open-meteo,4.16,85.09
Had Beni Chiker,Morocco,35.2735,-3.0151,2026-09-17,2026-09-16 20:13:36.143356+00:00,25.9,20.9,0.0,0,12.9,27.4,3,open-meteo,4.35,90.95
Had Beni Chiker,Morocco,35.2735,-3.0151,2026-09-18,2026-09-16 20:13:36.143356+00:00,25.0,20.7,0.0,10,18.7,37.1,45,open-meteo,6.05,83.77
Had Beni Chiker,Morocco,35.2735,-3.0151,2026-09-19,2026-09-16 20:13:36.143356+00:00,25.2,21.9,0.0,9,27.9,56.5,3,open-meteo,9.14,87.6
Had Beni Chiker,Morocco,35.2735,-3.0151,2026-09-20,2026-09-16 20:13:36.143356+00:00,25.3,22.7,0.6,23,27.3,55.4,3,open-meteo,9.75,87.17
Had Beni Chiker,Morocco,35.2735,-3.0151,2026-09-21,2026-09-16 20:13:36.143356+00:00,25.3,22.4,0.0,5,19.5,48.6,2,open-meteo,7.3,91.89
Had Beni Chiker,Morocco,35.2735,-3.0151,2026-09-22,2026-09-16 20:13:36.143356+00:00,26.0,21.6,0.0,0,11.8,28.8,45,open-meteo,4.36,84.95
Sidi Ifni,Morocco,29.3798,-10.173,2026-09-16,2026-09-16 20:13:36.343398+00:00,26.2,20.4,0.0,0,10.3,25.9,0,open-meteo,3.88,97.28
Sidi Ifni,Morocco,29.3798,-10.173,2026-09-17,2026-09-16 20:13:36.343398+00:00,22.2,19.5,0.5,18,20.3,39.6,51,open-meteo,7.16,87.49
Sidi Ifni,Morocco,29.3798,-10.173,2026-09-18,2026-09-16 20:13:36.343398+00:00,21.7,17.8,0.0,0,14.0,31.3,1,open-meteo,4.88,96.58
Sidi Ifni,Morocco,29.3798,-10.173,2026-09-19,2026-09-16 20:13:36.343398+00:00,22.9,19.4,0.0,0,15.9,33.1,3,open-meteo,5.3,90.29
Sidi Ifni,Morocco,29.3798,-10.173,2026-09-20,2026-09-16 20:13:36.343398+00:00,22.2,19.0,0.0,0,10.1,25.6,3,open-meteo,3.82,91.33
Sidi Ifni,Morocco,29.3798,-10.173,2026-09-21,2026-09-16 20:13:36.343398+00:00,26.0,21.5,0.0,0,8.3,25.2,1,open-meteo,3.56,97.51
Sidi Ifni,Morocco,29.3798,-10.173,2026-09-22,2026-09-16 20:13:36.343398+00:00,26.5,23.6,0.0,0,11.7,30.2,0,open-meteo,4.48,96.86
Haddada,Morocco,34.222,-6.511,2026-09-16,2026-09-16 20:13:37.835108+00:00,27.3,20.6,0.0,0,19.9,39.6,2,open-meteo,6.45,92.48
Haddada,Morocco,34.222,-6.511,2026-09-17,2026-09-16 20:13:37.835108+00:00,27.3,18.3,0.0,0,13.2,26.6,3,open-meteo,4.31,90.98
Haddada,Morocco,34.222,-6.511,2026-09-18,2026-09-16 20:13:37.835108+00:00,28.3,16.5,0.0,0,16.4,32.4,45,open-meteo,5.29,84.3
Haddada,Morocco,34.222,-6.511,2026-09-19,2026-09-16 20:13:37.835108+00:00,34.5,16.1,0.0,0,18.5,36.7,45,open-meteo,5.98,83.81
Haddada,Morocco,34.222,-6.511,2026-09-20,2026-09-16 20:13:37.835108+00:00,38.8,22.4,0.0,0,16.5,31.7,3,open-meteo,20.43,79.7
Haddada,Morocco,34.222,-6.511,2026-09-21,2026-09-16 20:13:37.835108+00:00,34.5,21.8,0.0,0,14.7,30.2,0,open-meteo,4.86,96.6
Haddada,Morocco,34.222,-6.511,2026-09-22,2026-09-16 20:13:37.835108+00:00,28.9,19.3,0.0,0,11.0,25.9,45,open-meteo,3.97,85.22
Asni,Morocco,31.1676,-7.9126,2026-09-16,2026-09-16 20:13:37.924908+00:00,22.3,13.4,0.0,0,20.3,39.2,1,open-meteo,6.46,95.48
Asni,Morocco,31.1676,-7.9126,2026-09-17,2026-09-16 20:13:37.924908+00:00,22.7,13.8,1.1,88,11.0,26.6,80,open-meteo,5.5,79.65
Asni,Morocco,31.1676,-7.9126,2026-09-18,2026-09-16 20:13:37.924908+00:00,21.8,14.1,1.1,100,11.7,24.8,80,open-meteo,5.41,79.71
Asni,Morocco,31.1676,-7.9126,2026-09-19,2026-09-16 20:13:37.924908+00:00,23.8,15.1,0.3,90,13.9,29.5,3,open-meteo,5.09,90.44
Asni,Morocco,31.1676,-7.9126,2026-09-20,2026-09-16 20:13:37.924908+00:00,25.1,16.3,0.6,70,10.7,24.5,3,open-meteo,4.59,90.79
Asni,Morocco,31.1676,-7.9126,2026-09-21,2026-09-16 20:13:37.924908+00:00,23.6,16.3,0.9,37,18.8,39.2,3,open-meteo,7.47,88.77
Asni,Morocco,31.1676,-7.9126,2026-09-22,2026-09-16 20:13:37.924908+00:00,22.4,15.4,2.1,38,23.5,81.4,80,open-meteo,13.88,73.78
Tnine Lgharbia,Morocco,32.5719,-8.8569,2026-09-16,2026-09-16 20:13:38.015031+00:00,28.8,19.3,0.0,0,20.5,37.8,2,open-meteo,6.34,92.56
Tnine Lgharbia,Morocco,32.5719,-8.8569,2026-09-17,2026-09-16 20:13:38.015031+00:00,26.9,18.3,0.0,0,19.5,36.4,2,open-meteo,6.08,92.74
Tnine Lgharbia,Morocco,32.5719,-8.8569,2026-09-18,2026-09-16 20:13:38.015031+00:00,28.3,17.8,0.0,0,20.9,38.2,3,open-meteo,6.43,89.5
Tnine Lgharbia,Morocco,32.5719,-8.8569,2026-09-19,2026-09-16 20:13:38.015031+00:00,29.7,17.7,0.0,0,18.0,33.5,3,open-meteo,5.6,90.08
Tnine Lgharbia,Morocco,32.5719,-8.8569,2026-09-20,2026-09-16 20:13:38.015031+00:00,34.9,20.9,0.0,0,13.6,26.3,2,open-meteo,4.33,93.97
Tnine Lgharbia,Morocco,32.5719,-8.8569,2026-09-21,2026-09-16 20:13:38.015031+00:00,32.3,20.3,0.0,0,14.6,27.0,45,open-meteo,4.52,84.84
Tnine Lgharbia,Morocco,32.5719,-8.8569,2026-09-22,2026-09-16 20:13:38.015031+00:00,32.4,18.0,0.0,0,14.5,27.4,45,open-meteo,4.55,84.81
Arbi’a Tighadwiyn,Morocco,31.4279,-7.5253,2026-09-16,2026-09-16 20:13:38.106640+00:00,29.8,18.4,0.0,0,17.9,37.1,1,open-meteo,5.95,95.83
Arbi’a Tighadwiyn,Morocco,31.4279,-7.5253,2026-09-17,2026-09-16 20:13:38.106640+00:00,26.5,16.7,0.0,5,12.7,29.5,3,open-meteo,4.54,90.82
Arbi’a Tighadwiyn,Morocco,31.4279,-7.5253,2026-09-18,2026-09-16 20:13:38.106640+00:00,27.9,16.5,0.0,3,12.5,28.8,1,open-meteo,4.44,96.89
Arbi’a Tighadwiyn,Morocco,31.4279,-7.5253,2026-09-19,2026-09-16 20:13:38.106640+00:00,31.3,19.7,0.5,35,14.6,38.9,80,open-meteo,6.38,79.03
Arbi’a Tighadwiyn,Morocco,31.4279,-7.5253,2026-09-20,2026-09-16 20:13:38.106640+00:00,34.0,22.6,0.0,35,20.9,40.7,3,open-meteo,6.68,89.32
Arbi’a Tighadwiyn,Morocco,31.4279,-7.5253,2026-09-21,2026-09-16 20:13:38.106640+00:00,32.0,23.6,0.0,38,21.0,44.3,3,open-meteo,7.05,89.06
Arbi’a Tighadwiyn,Morocco,31.4279,-7.5253,2026-09-22,2026-09-16 20:13:38.106640+00:00,31.6,22.8,0.0,38,22.3,46.8,3,open-meteo,7.47,88.77
Sidi Allal Tazi,Morocco,34.5197,-6.3236,2026-09-16,2026-09-16 20:13:38.201326+00:00,26.5,19.4,0.0,0,21.0,41.4,45,open-meteo,6.77,83.26
Sidi Allal Tazi,Morocco,34.5197,-6.3236,2026-09-17,2026-09-16 20:13:38.201326+00:00,26.4,18.1,0.0,0,13.8,26.3,3,open-meteo,4.36,90.95
Sidi Allal Tazi,Morocco,34.5197,-6.3236,2026-09-18,2026-09-16 20:13:38.201326+00:00,27.8,16.2,0.0,0,19.4,36.4,45,open-meteo,6.07,83.75
Sidi Allal Tazi,Morocco,34.5197,-6.3236,2026-09-19,2026-09-16 20:13:38.201326+00:00,33.8,16.8,0.0,0,19.5,36.4,45,open-meteo,6.08,83.74
Sidi Allal Tazi,Morocco,34.5197,-6.3236,2026-09-20,2026-09-16 20:13:38.201326+00:00,37.9,22.4,0.0,0,23.0,43.6,1,open-meteo,18.83,86.82
Sidi Allal Tazi,Morocco,34.5197,-6.3236,2026-09-21,2026-09-16 20:13:38.201326+00:00,35.7,20.5,0.0,0,22.0,40.7,1,open-meteo,9.62,93.27
Sidi Allal Tazi,Morocco,34.5197,-6.3236,2026-09-22,2026-09-16 20:13:38.201326+00:00,31.5,18.4,0.0,0,14.3,27.0,3,open-meteo,4.49,90.86
Tlet Ighoud,Morocco,31.8586,-8.8842,2026-09-16,2026-09-16 20:13:38.295219+00:00,34.6,20.6,0.0,0,28.2,47.9,0,open-meteo,8.31,94.18
Tlet Ighoud,Morocco,31.8586,-8.8842,2026-09-17,2026-09-16 20:13:38.295219+00:00,30.0,18.3,0.0,0,20.9,35.6,2,open-meteo,6.17,92.68
Tlet Ighoud,Morocco,31.8586,-8.8842,2026-09-18,2026-09-16 20:13:38.295219+00:00,31.6,18.2,0.0,0,24.5,45.7,1,open-meteo,7.63,94.66
Tlet Ighoud,Morocco,31.8586,-8.8842,2026-09-19,2026-09-16 20:13:38.295219+00:00,34.8,19.9,0.0,0,12.7,27.4,2,open-meteo,4.33,93.97
Tlet Ighoud,Morocco,31.8586,-8.8842,2026-09-20,2026-09-16 20:13:38.295219+00:00,37.3,25.3,0.0,3,19.9,34.2,3,open-meteo,15.11,83.42
Tlet Ighoud,Morocco,31.8586,-8.8842,2026-09-21,2026-09-16 20:13:38.295219+00:00,36.6,23.8,0.0,3,19.3,35.6,3,open-meteo,12.37,85.34
Tlet Ighoud,Morocco,31.8586,-8.8842,2026-09-22,2026-09-16 20:13:38.295219+00:00,37.2,22.4,0.0,3,21.9,37.4,3,open-meteo,15.28,83.3
Imouzzer Kandar,Morocco,33.73,-5.01,2026-09-16,2026-09-16 20:13:39.821584+00:00,25.7,16.1,0.0,0,19.5,41.8,2,open-meteo,6.62,92.37
Imouzzer Kandar,Morocco,33.73,-5.01,2026-09-17,2026-09-16 20:13:39.821584+00:00,23.2,15.4,0.0,0,15.9,33.5,3,open-meteo,5.34,90.26
Imouzzer Kandar,Morocco,33.73,-5.01,2026-09-18,2026-09-16 20:13:39.821584+00:00,23.9,14.7,0.0,0,16.2,34.2,3,open-meteo,5.45,90.18
Imouzzer Kandar,Morocco,33.73,-5.01,2026-09-19,2026-09-16 20:13:39.821584+00:00,27.3,17.0,0.1,20,18.9,41.4,1,open-meteo,6.64,95.35
Imouzzer Kandar,Morocco,33.73,-5.01,2026-09-20,2026-09-16 20:13:39.821584+00:00,29.3,20.6,0.0,20,19.1,38.9,3,open-meteo,6.28,89.6
Imouzzer Kandar,Morocco,33.73,-5.01,2026-09-21,2026-09-16 20:13:39.821584+00:00,28.1,17.8,0.0,0,22.9,44.3,1,open-meteo,7.29,94.9
Imouzzer Kandar,Morocco,33.73,-5.01,2026-09-22,2026-09-16 20:13:39.821584+00:00,27.3,17.5,0.0,0,20.0,38.9,3,open-meteo,6.39,89.53
Station des Essais M.V.A.,Morocco,34.9134,-2.5117,2026-09-16,2026-09-16 20:13:39.949441+00:00,34.1,18.4,0.0,0,16.8,32.0,2,open-meteo,5.3,93.29
Station des Essais M.V.A.,Morocco,34.9134,-2.5117,2026-09-17,2026-09-16 20:13:39.949441+00:00,27.1,18.4,0.0,0,18.1,31.3,3,open-meteo,5.39,90.23
Station des Essais M.V.A.,Morocco,34.9134,-2.5117,2026-09-18,2026-09-16 20:13:39.949441+00:00,27.8,18.7,0.0,3,22.4,38.9,45,open-meteo,6.69,83.32
Station des Essais M.V.A.,Morocco,34.9134,-2.5117,2026-09-19,2026-09-16 20:13:39.949441+00:00,27.3,20.4,0.0,0,30.3,54.0,3,open-meteo,9.19,87.57
Station des Essais M.V.A.,Morocco,34.9134,-2.5117,2026-09-20,2026-09-16 20:13:39.949441+00:00,27.4,20.8,0.0,0,25.5,44.6,2,open-meteo,7.65,91.64
Station des Essais M.V.A.,Morocco,34.9134,-2.5117,2026-09-21,2026-09-16 20:13:39.949441+00:00,27.7,20.4,0.0,3,20.4,38.2,45,open-meteo,6.37,83.54
Station des Essais M.V.A.,Morocco,34.9134,-2.5117,2026-09-22,2026-09-16 20:13:39.949441+00:00,28.3,21.0,0.0,0,16.9,31.3,45,open-meteo,5.24,84.33
Oualidia,Morocco,32.7314,-9.0339,2026-09-16,2026-09-16 20:13:41.041913+00:00,24.7,20.4,0.0,0,22.0,37.8,2,open-meteo,6.53,92.43
Oualidia,Morocco,32.7314,-9.0339,2026-09-17,2026-09-16 20:13:41.041913+00:00,24.7,19.1,0.0,0,15.6,27.7,2,open-meteo,4.72,93.7
Oualidia,Morocco,32.7314,-9.0339,2026-09-18,2026-09-16 20:13:41.041913+00:00,24.4,19.3,0.0,0,20.6,35.6,3,open-meteo,6.14,89.7
Oualidia,Morocco,32.7314,-9.0339,2026-09-19,2026-09-16 20:13:41.041913+00:00,25.1,19.2,0.0,0,16.6,28.8,2,open-meteo,4.96,93.53
Oualidia,Morocco,32.7314,-9.0339,2026-09-20,2026-09-16 20:13:41.041913+00:00,27.2,20.6,0.0,0,13.7,22.7,45,open-meteo,3.98,85.21
Oualidia,Morocco,32.7314,-9.0339,2026-09-21,2026-09-16 20:13:41.041913+00:00,27.0,20.4,0.0,0,14.2,25.2,45,open-meteo,4.29,85.0
Oualidia,Morocco,32.7314,-9.0339,2026-09-22,2026-09-16 20:13:41.041913+00:00,26.6,19.4,0.0,0,9.3,18.4,45,open-meteo,3.0,85.9
Boumia,Morocco,32.7167,-5.1,2026-09-16,2026-09-16 20:13:41.222140+00:00,25.5,15.0,0.0,0,19.8,34.2,1,open-meteo,5.9,95.87
Boumia,Morocco,32.7167,-5.1,2026-09-17,2026-09-16 20:13:41.222140+00:00,27.9,11.9,0.0,10,29.2,51.1,3,open-meteo,8.76,87.87
Boumia,Morocco,32.7167,-5.1,2026-09-18,2026-09-16 20:13:41.222140+00:00,26.6,13.0,0.0,0,24.6,44.3,3,open-meteo,7.51,88.74
Boumia,Morocco,32.7167,-5.1,2026-09-19,2026-09-16 20:13:41.222140+00:00,27.4,12.9,0.0,20,16.6,28.4,3,open-meteo,4.92,90.56
Boumia,Morocco,32.7167,-5.1,2026-09-20,2026-09-16 20:13:41.222140+00:00,29.3,14.3,0.3,25,11.3,22.0,3,open-meteo,4.01,91.19
Boumia,Morocco,32.7167,-5.1,2026-09-21,2026-09-16 20:13:41.222140+00:00,29.0,14.9,0.0,8,24.7,44.3,45,open-meteo,7.52,82.74
Boumia,Morocco,32.7167,-5.1,2026-09-22,2026-09-16 20:13:41.222140+00:00,28.1,14.0,0.0,8,19.2,33.5,3,open-meteo,5.75,89.97
Oulad Embarek,Morocco,32.2988,-6.4845,2026-09-16,2026-09-16 20:13:43.956840+00:00,35.6,20.4,0.0,0,14.3,27.0,1,open-meteo,6.89,95.18
Oulad Embarek,Morocco,32.2988,-6.4845,2026-09-17,2026-09-16 20:13:43.956840+00:00,32.4,17.8,0.0,0,12.0,19.8,45,open-meteo,3.48,85.56
Oulad Embarek,Morocco,32.2988,-6.4845,2026-09-18,2026-09-16 20:13:43.956840+00:00,33.8,17.7,0.0,0,8.9,17.3,3,open-meteo,2.84,92.01
Oulad Embarek,Morocco,32.2988,-6.4845,2026-09-19,2026-09-16 20:13:43.956840+00:00,38.1,19.7,0.0,0,10.3,20.2,2,open-meteo,15.71,86.0
Oulad Embarek,Morocco,32.2988,-6.4845,2026-09-20,2026-09-16 20:13:43.956840+00:00,40.0,22.2,0.0,8,19.7,47.2,3,open-meteo,27.18,74.97
Oulad Embarek,Morocco,32.2988,-6.4845,2026-09-21,2026-09-16 20:13:43.956840+00:00,36.9,23.4,1.05,2,16.9,32.8,3,open-meteo,14.39,83.93
Oulad Embarek,Morocco,32.2988,-6.4845,2026-09-22,2026-09-16 20:13:43.956840+00:00,37.2,26.1,0.0,0,19.5,35.6,2,open-meteo,14.8,86.64
Caidat Sidi Boubker El Haj,Morocco,34.9147,-6.0733,2026-09-16,2026-09-16 20:13:44.044020+00:00,26.7,18.2,0.0,0,18.7,38.2,3,open-meteo,6.16,89.69
Caidat Sidi Boubker El Haj,Morocco,34.9147,-6.0733,2026-09-17,2026-09-16 20:13:44.044020+00:00,26.8,17.5,0.0,0,13.2,26.3,3,open-meteo,4.28,91.0
Caidat Sidi Boubker El Haj,Morocco,34.9147,-6.0733,2026-09-18,2026-09-16 20:13:44.044020+00:00,29.2,15.3,0.0,0,19.5,38.2,45,open-meteo,6.26,83.62
Caidat Sidi Boubker El Haj,Morocco,34.9147,-6.0733,2026-09-19,2026-09-16 20:13:44.044020+00:00,34.3,18.4,0.0,0,15.1,30.2,2,open-meteo,4.91,93.56
Caidat Sidi Boubker El Haj,Morocco,34.9147,-6.0733,2026-09-20,2026-09-16 20:13:44.044020+00:00,37.0,21.6,0.0,0,14.1,31.7,1,open-meteo,12.93,90.95
Caidat Sidi Boubker El Haj,Morocco,34.9147,-6.0733,2026-09-21,2026-09-16 20:13:44.044020+00:00,36.2,22.2,0.0,0,16.0,29.9,0,open-meteo,9.79,93.15
Caidat Sidi Boubker El Haj,Morocco,34.9147,-6.0733,2026-09-22,2026-09-16 20:13:44.044020+00:00,33.3,19.1,0.0,0,18.1,33.8,1,open-meteo,5.64,96.05
Awlouz,Morocco,30.7,-8.15,2026-09-16,2026-09-16 20:13:44.130673+00:00,35.9,23.5,0.0,0,21.5,42.5,1,open-meteo,10.54,92.62
Awlouz,Morocco,30.7,-8.15,2026-09-17,2026-09-16 20:13:44.130673+00:00,31.9,19.2,0.0,8,19.6,34.6,3,open-meteo,5.91,89.86
Awlouz,Morocco,30.7,-8.15,2026-09-18,2026-09-16 20:13:44.130673+00:00,33.4,18.6,0.0,3,20.1,41.8,3,open-meteo,6.69,89.32
Awlouz,Morocco,30.7,-8.15,2026-09-19,2026-09-16 20:13:44.130673+00:00,36.0,20.5,0.0,5,15.5,31.0,3,open-meteo,9.04,87.67
Awlouz,Morocco,30.7,-8.15,2026-09-20,2026-09-16 20:13:44.130673+00:00,37.4,23.0,0.0,0,21.7,37.1,3,open-meteo,16.02,82.79
Awlouz,Morocco,30.7,-8.15,2026-09-21,2026-09-16 20:13:44.130673+00:00,36.8,22.7,0.0,0,30.1,58.3,2,open-meteo,16.79,85.25
Awlouz,Morocco,30.7,-8.15,2026-09-22,2026-09-16 20:13:44.130673+00:00,35.2,22.3,0.0,0,16.0,37.4,3,open-meteo,6.54,89.42
Amizmiz,Morocco,31.21,-8.25,2026-09-16,2026-09-16 20:13:44.233011+00:00,30.4,19.2,0.0,0,20.4,36.0,1,open-meteo,6.15,95.69
Amizmiz,Morocco,31.21,-8.25,2026-09-17,2026-09-16 20:13:44.233011+00:00,25.6,16.1,0.0,0,12.4,24.5,2,open-meteo,4.0,94.2
Amizmiz,Morocco,31.21,-8.25,2026-09-18,2026-09-16 20:13:44.233011+00:00,27.3,15.6,0.0,0,13.8,24.5,2,open-meteo,4.17,94.08
Amizmiz,Morocco,31.21,-8.25,2026-09-19,2026-09-16 20:13:44.233011+00:00,30.5,18.8,0.0,8,17.4,32.0,2,open-meteo,5.38,93.23
Amizmiz,Morocco,31.21,-8.25,2026-09-20,2026-09-16 20:13:44.233011+00:00,33.5,22.2,0.6,35,16.9,26.3,80,open-meteo,5.54,79.62
Amizmiz,Morocco,31.21,-8.25,2026-09-21,2026-09-16 20:13:44.233011+00:00,32.1,23.2,0.0,8,19.9,38.5,3,open-meteo,6.34,89.56
Amizmiz,Morocco,31.21,-8.25,2026-09-22,2026-09-16 20:13:44.233011+00:00,31.8,22.8,0.6,8,20.3,37.4,3,open-meteo,7.08,89.04
Chouafaa,Morocco,34.9468,-6.1667,2026-09-16,2026-09-16 20:13:44.952270+00:00,25.5,18.2,0.0,0,19.0,36.7,45,open-meteo,6.04,83.77
Chouafaa,Morocco,34.9468,-6.1667,2026-09-17,2026-09-16 20:13:44.952270+00:00,25.7,17.3,0.0,0,14.0,26.6,3,open-meteo,4.41,90.91
Chouafaa,Morocco,34.9468,-6.1667,2026-09-18,2026-09-16 20:13:44.952270+00:00,26.4,15.0,0.0,0,19.9,37.8,45,open-meteo,6.27,83.61
Chouafaa,Morocco,34.9468,-6.1667,2026-09-19,2026-09-16 20:13:44.952270+00:00,31.9,17.5,0.0,0,15.3,29.9,2,open-meteo,4.9,93.57
Chouafaa,Morocco,34.9468,-6.1667,2026-09-20,2026-09-16 20:13:44.952270+00:00,36.1,20.5,0.0,0,15.8,30.6,2,open-meteo,9.44,90.39
Chouafaa,Morocco,34.9468,-6.1667,2026-09-21,2026-09-16 20:13:44.952270+00:00,34.9,21.0,0.0,0,14.9,28.4,0,open-meteo,4.7,96.71
Chouafaa,Morocco,34.9468,-6.1667,2026-09-22,2026-09-16 20:13:44.952270+00:00,33.8,20.4,0.0,0,16.7,32.4,1,open-meteo,5.33,96.27
Tighedouine,Morocco,31.4236,-7.5208,2026-09-16,2026-09-16 20:13:45.036681+00:00,29.3,17.8,0.0,0,17.9,37.1,1,open-meteo,5.95,95.83
Tighedouine,Morocco,31.4236,-7.5208,2026-09-17,2026-09-16 20:13:45.036681+00:00,26.0,16.2,0.0,5,12.7,29.5,3,open-meteo,4.54,90.82
Tighedouine,Morocco,31.4236,-7.5208,2026-09-18,2026-09-16 20:13:45.036681+00:00,27.3,16.0,0.0,3,12.5,28.8,1,open-meteo,4.44,96.89
Tighedouine,Morocco,31.4236,-7.5208,2026-09-19,2026-09-16 20:13:45.036681+00:00,30.7,19.2,0.5,35,14.6,38.9,80,open-meteo,6.38,79.03
Tighedouine,Morocco,31.4236,-7.5208,2026-09-20,2026-09-16 20:13:45.036681+00:00,33.5,22.1,0.0,35,20.9,40.7,3,open-meteo,6.68,89.32
Tighedouine,Morocco,31.4236,-7.5208,2026-09-21,2026-09-16 20:13:45.036681+00:00,31.4,23.0,0.0,38,21.0,44.3,3,open-meteo,7.05,89.06
Tighedouine,Morocco,31.4236,-7.5208,2026-09-22,2026-09-16 20:13:45.036681+00:00,31.0,22.2,0.0,38,22.3,46.8,3,open-meteo,7.47,88.77
Ait Ben Daoudi,Morocco,31.6345,-7.644,2026-09-16,2026-09-16 20:13:45.126564+00:00,33.7,20.0,0.0,0,15.9,31.0,0,open-meteo,5.09,96.44
Ait Ben Daoudi,Morocco,31.6345,-7.644,2026-09-17,2026-09-16 20:13:45.126564+00:00,29.6,17.9,0.0,0,10.6,21.6,2,open-meteo,3.49,94.56
Ait Ben Daoudi,Morocco,31.6345,-7.644,2026-09-18,2026-09-16 20:13:45.126564+00:00,31.2,17.9,0.0,0,9.2,19.1,2,open-meteo,3.06,94.86
Ait Ben Daoudi,Morocco,31.6345,-7.644,2026-09-19,2026-09-16 20:13:45.126564+00:00,35.5,19.8,0.1,3,18.2,33.8,3,open-meteo,7.79,88.55
Ait Ben Daoudi,Morocco,31.6345,-7.644,2026-09-20,2026-09-16 20:13:45.126564+00:00,38.0,23.1,0.3,18,10.2,31.0,3,open-meteo,16.78,82.25
Ait Ben Daoudi,Morocco,31.6345,-7.644,2026-09-21,2026-09-16 20:13:45.126564+00:00,36.8,23.9,0.0,3,14.8,30.6,3,open-meteo,12.11,85.52
Ait Ben Daoudi,Morocco,31.6345,-7.644,2026-09-22,2026-09-16 20:13:45.126564+00:00,36.5,22.8,0.0,3,15.9,32.8,3,open-meteo,11.27,86.11
Alnif,Morocco,31.1183,-5.1135,2026-09-16,2026-09-16 20:13:45.209748+00:00,34.2,22.9,0.0,3,17.2,34.6,3,open-meteo,5.61,90.07
Alnif,Morocco,31.1183,-5.1135,2026-09-17,2026-09-16 20:13:45.209748+00:00,32.6,23.1,0.6,28,16.8,34.6,3,open-meteo,6.36,89.55
Alnif,Morocco,31.1183,-5.1135,2026-09-18,2026-09-16 20:13:45.209748+00:00,33.2,21.3,0.0,13,23.3,52.6,3,open-meteo,8.17,88.28
Alnif,Morocco,31.1183,-5.1135,2026-09-19,2026-09-16 20:13:45.209748+00:00,33.3,22.0,0.0,8,17.9,29.2,3,open-meteo,5.16,90.39
Alnif,Morocco,31.1183,-5.1135,2026-09-20,2026-09-16 20:13:45.209748+00:00,33.6,23.6,0.0,8,13.6,29.2,3,open-meteo,4.62,90.77
Alnif,Morocco,31.1183,-5.1135,2026-09-21,2026-09-16 20:13:45.209748+00:00,32.3,24.1,1.65,10,9.7,22.0,3,open-meteo,5.61,90.07
Alnif,Morocco,31.1183,-5.1135,2026-09-22,2026-09-16 20:13:45.209748+00:00,33.2,20.5,0.0,18,11.0,22.3,3,open-meteo,3.6,91.48
Karia Ba Mohamed,Morocco,34.3667,-5.2,2026-09-16,2026-09-16 20:13:45.292343+00:00,31.8,19.5,0.0,0,19.1,36.4,2,open-meteo,6.03,92.78
Karia Ba Mohamed,Morocco,34.3667,-5.2,2026-09-17,2026-09-16 20:13:45.292343+00:00,29.7,18.9,0.0,0,12.7,24.1,3,open-meteo,4.0,91.2
Karia Ba Mohamed,Morocco,34.3667,-5.2,2026-09-18,2026-09-16 20:13:45.292343+00:00,32.1,17.4,0.0,0,10.1,19.1,3,open-meteo,3.17,91.78
Karia Ba Mohamed,Morocco,34.3667,-5.2,2026-09-19,2026-09-16 20:13:45.292343+00:00,36.2,21.6,0.0,0,20.9,37.8,1,open-meteo,11.19,92.17
Karia Ba Mohamed,Morocco,34.3667,-5.2,2026-09-20,2026-09-16 20:13:45.292343+00:00,37.1,23.6,0.0,0,20.7,38.9,1,open-meteo,14.88,89.58
Karia Ba Mohamed,Morocco,34.3667,-5.2,2026-09-21,2026-09-16 20:13:45.292343+00:00,36.0,23.7,0.0,0,19.3,36.4,0,open-meteo,10.05,92.97
Karia Ba Mohamed,Morocco,34.3667,-5.2,2026-09-22,2026-09-16 20:13:45.292343+00:00,37.0,22.8,0.0,0,13.9,27.0,3,open-meteo,12.44,85.29
Saka,Morocco,34.6167,-3.4167,2026-09-16,2026-09-16 20:13:45.397155+00:00,31.8,19.5,0.0,0,19.7,34.2,2,open-meteo,5.88,92.88
Saka,Morocco,34.6167,-3.4167,2026-09-17,2026-09-16 20:13:45.397155+00:00,26.0,17.4,0.0,0,22.2,34.9,3,open-meteo,6.26,89.62
Saka,Morocco,34.6167,-3.4167,2026-09-18,2026-09-16 20:13:45.397155+00:00,26.0,15.7,0.0,0,25.2,40.3,3,open-meteo,7.18,88.97
Saka,Morocco,34.6167,-3.4167,2026-09-19,2026-09-16 20:13:45.397155+00:00,26.0,17.1,0.0,0,26.8,42.1,3,open-meteo,7.56,88.71
Saka,Morocco,34.6167,-3.4167,2026-09-20,2026-09-16 20:13:45.397155+00:00,25.3,18.5,0.0,0,25.8,44.3,3,open-meteo,7.66,88.64
Saka,Morocco,34.6167,-3.4167,2026-09-21,2026-09-16 20:13:45.397155+00:00,26.5,17.9,0.0,0,27.2,47.2,3,open-meteo,8.12,88.32
Saka,Morocco,34.6167,-3.4167,2026-09-22,2026-09-16 20:13:45.397155+00:00,28.9,17.8,0.0,0,15.9,28.1,3,open-meteo,4.8,90.64
Sidi Abdel Aziz,Morocco,33.0102,-8.6482,2026-09-16,2026-09-16 20:13:46.122525+00:00,27.1,20.2,0.0,0,18.8,34.6,45,open-meteo,5.81,83.93
Sidi Abdel Aziz,Morocco,33.0102,-8.6482,2026-09-17,2026-09-16 20:13:46.122525+00:00,26.3,18.7,0.0,0,17.6,32.4,3,open-meteo,5.44,90.19
Sidi Abdel Aziz,Morocco,33.0102,-8.6482,2026-09-18,2026-09-16 20:13:46.122525+00:00,27.0,17.9,0.0,0,20.2,37.1,3,open-meteo,6.24,89.63
Sidi Abdel Aziz,Morocco,33.0102,-8.6482,2026-09-19,2026-09-16 20:13:46.122525+00:00,28.1,19.0,0.0,0,16.4,30.2,2,open-meteo,5.07,93.45
Sidi Abdel Aziz,Morocco,33.0102,-8.6482,2026-09-20,2026-09-16 20:13:46.122525+00:00,33.1,20.9,0.0,0,16.2,30.2,3,open-meteo,5.04,90.47
Sidi Abdel Aziz,Morocco,33.0102,-8.6482,2026-09-21,2026-09-16 20:13:46.122525+00:00,28.2,20.6,0.0,0,14.1,26.3,45,open-meteo,4.39,84.93
Sidi Abdel Aziz,Morocco,33.0102,-8.6482,2026-09-22,2026-09-16 20:13:46.122525+00:00,28.9,19.1,0.0,0,13.5,25.9,45,open-meteo,4.28,85.0
Outat Oulad Al Haj,Morocco,33.3335,-3.7077,2026-09-16,2026-09-16 20:13:46.226017+00:00,31.9,18.3,0.0,0,16.7,27.0,1,open-meteo,4.79,96.65
Outat Oulad Al Haj,Morocco,33.3335,-3.7077,2026-09-17,2026-09-16 20:13:46.226017+00:00,30.0,17.4,0.2,15,33.3,52.6,3,open-meteo,9.69,87.22
Outat Oulad Al Haj,Morocco,33.3335,-3.7077,2026-09-18,2026-09-16 20:13:46.226017+00:00,30.0,16.6,0.0,0,37.6,58.3,3,open-meteo,10.53,86.63
Outat Oulad Al Haj,Morocco,33.3335,-3.7077,2026-09-19,2026-09-16 20:13:46.226017+00:00,32.1,17.5,0.0,21,39.6,61.9,3,open-meteo,11.14,86.2
Outat Oulad Al Haj,Morocco,33.3335,-3.7077,2026-09-20,2026-09-16 20:13:46.226017+00:00,29.2,18.9,0.0,20,36.2,56.9,3,open-meteo,10.21,86.85
Outat Oulad Al Haj,Morocco,33.3335,-3.7077,2026-09-21,2026-09-16 20:13:46.226017+00:00,29.9,18.6,0.0,5,24.9,44.3,45,open-meteo,7.54,82.72
Outat Oulad Al Haj,Morocco,33.3335,-3.7077,2026-09-22,2026-09-16 20:13:46.226017+00:00,31.4,18.9,0.0,8,16.3,30.6,3,open-meteo,5.1,90.43
Sidi Rahal,Morocco,33.4774,-7.9364,2026-09-16,2026-09-16 20:13:46.311894+00:00,26.0,20.5,0.0,0,16.2,32.8,45,open-meteo,5.3,84.29
Sidi Rahal,Morocco,33.4774,-7.9364,2026-09-17,2026-09-16 20:13:46.311894+00:00,26.0,19.2,0.0,0,16.1,32.4,3,open-meteo,5.25,90.33
Sidi Rahal,Morocco,33.4774,-7.9364,2026-09-18,2026-09-16 20:13:46.311894+00:00,25.9,18.4,0.0,0,16.9,32.4,3,open-meteo,5.35,90.25
Sidi Rahal,Morocco,33.4774,-7.9364,2026-09-19,2026-09-16 20:13:46.311894+00:00,27.0,19.6,0.0,0,16.5,32.0,45,open-meteo,5.26,84.32
Sidi Rahal,Morocco,33.4774,-7.9364,2026-09-20,2026-09-16 20:13:46.311894+00:00,29.3,21.2,0.0,0,14.0,27.0,2,open-meteo,4.45,93.88
Sidi Rahal,Morocco,33.4774,-7.9364,2026-09-21,2026-09-16 20:13:46.311894+00:00,30.4,22.3,0.0,0,14.9,30.6,45,open-meteo,4.92,84.56
Sidi Rahal,Morocco,33.4774,-7.9364,2026-09-22,2026-09-16 20:13:46.311894+00:00,29.2,20.5,0.0,0,13.9,27.0,45,open-meteo,4.44,84.89
Tamallalt,Morocco,31.8288,-7.5262,2026-09-16,2026-09-16 20:13:46.395260+00:00,33.8,20.2,0.0,0,18.1,32.0,1,open-meteo,5.46,96.18
Tamallalt,Morocco,31.8288,-7.5262,2026-09-17,2026-09-16 20:13:46.395260+00:00,29.9,17.1,0.0,0,14.2,27.0,3,open-meteo,4.47,90.87
Tamallalt,Morocco,31.8288,-7.5262,2026-09-18,2026-09-16 20:13:46.395260+00:00,31.1,17.5,0.0,0,12.3,22.3,2,open-meteo,3.77,94.36
Tamallalt,Morocco,31.8288,-7.5262,2026-09-19,2026-09-16 20:13:46.395260+00:00,35.3,19.3,0.0,0,16.2,29.5,2,open-meteo,6.17,92.68
Tamallalt,Morocco,31.8288,-7.5262,2026-09-20,2026-09-16 20:13:46.395260+00:00,38.1,22.7,0.3,23,19.1,36.7,3,open-meteo,18.86,80.8
Tamallalt,Morocco,31.8288,-7.5262,2026-09-21,2026-09-16 20:13:46.395260+00:00,35.9,23.7,0.0,5,16.8,28.1,3,open-meteo,8.51,88.04
Tamallalt,Morocco,31.8288,-7.5262,2026-09-22,2026-09-16 20:13:46.395260+00:00,36.9,23.0,0.0,5,23.5,38.2,3,open-meteo,14.36,83.95
El Gara,Morocco,33.2819,-7.2319,2026-09-16,2026-09-16 20:13:46.478658+00:00,29.6,18.6,0.0,0,17.1,34.2,2,open-meteo,5.56,93.11
El Gara,Morocco,33.2819,-7.2319,2026-09-17,2026-09-16 20:13:46.478658+00:00,27.9,16.5,0.0,0,16.6,32.4,3,open-meteo,5.32,90.28
El Gara,Morocco,33.2819,-7.2319,2026-09-18,2026-09-16 20:13:46.478658+00:00,29.0,15.0,0.0,0,17.5,33.8,45,open-meteo,5.57,84.1
El Gara,Morocco,33.2819,-7.2319,2026-09-19,2026-09-16 20:13:46.478658+00:00,33.2,15.6,0.0,0,16.7,32.0,1,open-meteo,5.29,96.3
El Gara,Morocco,33.2819,-7.2319,2026-09-20,2026-09-16 20:13:46.478658+00:00,38.2,19.9,0.0,3,18.7,38.5,2,open-meteo,18.99,83.71
El Gara,Morocco,33.2819,-7.2319,2026-09-21,2026-09-16 20:13:46.478658+00:00,35.8,22.5,0.0,0,18.9,36.4,1,open-meteo,9.2,93.56
El Gara,Morocco,33.2819,-7.2319,2026-09-22,2026-09-16 20:13:46.478658+00:00,36.2,20.1,0.0,0,19.2,36.7,2,open-meteo,10.87,89.39
Douar Lamrabih,Morocco,34.4759,-5.4445,2026-09-16,2026-09-16 20:13:46.564960+00:00,31.6,20.2,0.0,0,19.8,37.4,3,open-meteo,6.22,89.65
Douar Lamrabih,Morocco,34.4759,-5.4445,2026-09-17,2026-09-16 20:13:46.564960+00:00,30.1,19.4,0.0,0,12.7,24.5,3,open-meteo,4.04,91.17
Douar Lamrabih,Morocco,34.4759,-5.4445,2026-09-18,2026-09-16 20:13:46.564960+00:00,32.4,16.8,0.0,0,11.5,21.6,45,open-meteo,3.6,85.48
Douar Lamrabih,Morocco,34.4759,-5.4445,2026-09-19,2026-09-16 20:13:46.564960+00:00,37.0,19.4,0.0,0,18.7,35.6,2,open-meteo,13.9,87.27
Douar Lamrabih,Morocco,34.4759,-5.4445,2026-09-20,2026-09-16 20:13:46.564960+00:00,38.3,24.9,0.0,0,22.4,42.5,1,open-meteo,20.25,85.82
Douar Lamrabih,Morocco,34.4759,-5.4445,2026-09-21,2026-09-16 20:13:46.564960+00:00,37.3,25.0,0.0,0,20.1,38.0,0,open-meteo,15.51,89.14
Douar Lamrabih,Morocco,34.4759,-5.4445,2026-09-22,2026-09-16 20:13:46.564960+00:00,37.3,23.2,0.0,0,15.7,30.2,3,open-meteo,14.18,84.07
Sidi Jaber,Morocco,32.3534,-6.4336,2026-09-16,2026-09-16 20:13:46.649204+00:00,35.6,21.0,0.0,0,12.8,24.1,1,open-meteo,6.41,95.51
Sidi Jaber,Morocco,32.3534,-6.4336,2026-09-17,2026-09-16 20:13:46.649204+00:00,32.6,17.6,0.0,0,11.2,20.9,45,open-meteo,3.49,85.56
Sidi Jaber,Morocco,32.3534,-6.4336,2026-09-18,2026-09-16 20:13:46.649204+00:00,33.8,18.0,0.0,0,8.4,17.3,3,open-meteo,2.78,92.05
Sidi Jaber,Morocco,32.3534,-6.4336,2026-09-19,2026-09-16 20:13:46.649204+00:00,38.3,19.0,0.0,0,14.3,27.4,3,open-meteo,17.73,81.59
Sidi Jaber,Morocco,32.3534,-6.4336,2026-09-20,2026-09-16 20:13:46.649204+00:00,40.3,21.5,0.0,8,17.5,51.8,3,open-meteo,28.57,74.0
Sidi Jaber,Morocco,32.3534,-6.4336,2026-09-21,2026-09-16 20:13:46.649204+00:00,37.7,23.1,1.2,2,15.0,27.7,3,open-meteo,17.05,82.06
Sidi Jaber,Morocco,32.3534,-6.4336,2026-09-22,2026-09-16 20:13:46.649204+00:00,38.2,22.1,0.0,0,16.3,29.5,1,open-meteo,17.79,87.55
Sidi Chiker,Morocco,31.7453,-8.7069,2026-09-16,2026-09-16 20:13:46.732125+00:00,36.2,21.6,0.0,0,23.1,38.2,1,open-meteo,11.51,91.94
Sidi Chiker,Morocco,31.7453,-8.7069,2026-09-17,2026-09-16 20:13:46.732125+00:00,31.4,19.3,0.0,0,19.1,31.0,2,open-meteo,5.49,93.16
Sidi Chiker,Morocco,31.7453,-8.7069,2026-09-18,2026-09-16 20:13:46.732125+00:00,32.6,19.0,0.0,0,21.4,34.9,2,open-meteo,6.17,92.68
Sidi Chiker,Morocco,31.7453,-8.7069,2026-09-19,2026-09-16 20:13:46.732125+00:00,35.7,20.2,0.0,0,13.3,24.8,2,open-meteo,6.94,92.14
Sidi Chiker,Morocco,31.7453,-8.7069,2026-09-20,2026-09-16 20:13:46.732125+00:00,38.4,24.1,0.3,5,22.1,40.3,3,open-meteo,20.79,79.45
Sidi Chiker,Morocco,31.7453,-8.7069,2026-09-21,2026-09-16 20:13:46.732125+00:00,38.1,23.5,0.0,0,20.1,35.3,3,open-meteo,18.44,81.09
Sidi Chiker,Morocco,31.7453,-8.7069,2026-09-22,2026-09-16 20:13:46.732125+00:00,38.6,22.4,0.0,0,20.4,35.3,3,open-meteo,20.48,79.66
Tidili Masfiywat,Morocco,31.45,-7.6,2026-09-16,2026-09-16 20:13:46.817267+00:00,29.7,18.9,0.0,0,18.5,36.7,1,open-meteo,5.98,95.81
Tidili Masfiywat,Morocco,31.45,-7.6,2026-09-17,2026-09-16 20:13:46.817267+00:00,26.5,16.2,0.1,0,10.9,23.8,2,open-meteo,3.88,94.28
Tidili Masfiywat,Morocco,31.45,-7.6,2026-09-18,2026-09-16 20:13:46.817267+00:00,27.7,16.2,0.0,0,13.1,25.6,1,open-meteo,4.2,97.06
Tidili Masfiywat,Morocco,31.45,-7.6,2026-09-19,2026-09-16 20:13:46.817267+00:00,30.9,20.0,1.6,10,11.8,35.3,61,open-meteo,7.14,81.5
Tidili Masfiywat,Morocco,31.45,-7.6,2026-09-20,2026-09-16 20:13:46.817267+00:00,33.7,22.8,0.0,20,12.7,31.0,3,open-meteo,4.69,90.72
Tidili Masfiywat,Morocco,31.45,-7.6,2026-09-21,2026-09-16 20:13:46.817267+00:00,33.0,24.1,0.0,38,16.8,32.0,3,open-meteo,5.3,90.29
Tidili Masfiywat,Morocco,31.45,-7.6,2026-09-22,2026-09-16 20:13:46.817267+00:00,32.8,23.3,0.3,38,18.3,36.0,3,open-meteo,6.29,89.6
Afourar,Morocco,32.2083,-6.5403,2026-09-16,2026-09-16 20:13:46.901018+00:00,35.0,22.9,0.0,0,17.2,32.0,1,open-meteo,5.35,96.25
Afourar,Morocco,32.2083,-6.5403,2026-09-17,2026-09-16 20:13:46.901018+00:00,31.8,19.3,0.0,0,12.2,23.4,2,open-meteo,3.87,94.29
Afourar,Morocco,32.2083,-6.5403,2026-09-18,2026-09-16 20:13:46.901018+00:00,33.2,18.9,0.0,0,11.5,21.2,3,open-meteo,3.56,91.51
Afourar,Morocco,32.2083,-6.5403,2026-09-19,2026-09-16 20:13:46.901018+00:00,37.5,21.8,0.0,0,15.0,27.4,2,open-meteo,14.62,86.77
Afourar,Morocco,32.2083,-6.5403,2026-09-20,2026-09-16 20:13:46.901018+00:00,39.5,26.1,0.0,8,19.0,41.8,3,open-meteo,24.56,76.81
Afourar,Morocco,32.2083,-6.5403,2026-09-21,2026-09-16 20:13:46.901018+00:00,36.6,26.8,1.05,2,16.9,32.8,3,open-meteo,13.19,84.77
Afourar,Morocco,32.2083,-6.5403,2026-09-22,2026-09-16 20:13:46.901018+00:00,36.9,25.8,0.0,0,19.5,35.6,2,open-meteo,13.6,87.48
Oulad Fraj,Morocco,33.0196,-8.1809,2026-09-16,2026-09-16 20:13:46.984792+00:00,28.9,19.8,0.0,0,18.2,32.0,2,open-meteo,5.47,93.17
Oulad Fraj,Morocco,33.0196,-8.1809,2026-09-17,2026-09-16 20:13:46.984792+00:00,27.4,18.8,0.0,0,17.7,31.3,3,open-meteo,5.34,90.26
Oulad Fraj,Morocco,33.0196,-8.1809,2026-09-18,2026-09-16 20:13:46.984792+00:00,29.0,17.4,0.0,0,20.6,36.0,45,open-meteo,6.17,83.68
Oulad Fraj,Morocco,33.0196,-8.1809,2026-09-19,2026-09-16 20:13:46.984792+00:00,31.7,18.1,0.0,0,18.4,31.7,45,open-meteo,5.47,84.17
Oulad Fraj,Morocco,33.0196,-8.1809,2026-09-20,2026-09-16 20:13:46.984792+00:00,36.8,21.7,0.0,0,18.4,33.1,2,open-meteo,12.81,88.03
Oulad Fraj,Morocco,33.0196,-8.1809,2026-09-21,2026-09-16 20:13:46.984792+00:00,33.1,21.7,0.0,0,15.3,27.4,45,open-meteo,4.65,84.74
Oulad Fraj,Morocco,33.0196,-8.1809,2026-09-22,2026-09-16 20:13:46.984792+00:00,34.3,19.5,0.0,0,17.7,32.0,45,open-meteo,5.41,84.21
Tarhzirt,Morocco,32.4173,-6.15,2026-09-16,2026-09-16 20:13:47.067202+00:00,29.2,17.5,0.0,0,19.6,38.2,1,open-meteo,6.27,95.61
Tarhzirt,Morocco,32.4173,-6.15,2026-09-17,2026-09-16 20:13:47.067202+00:00,27.1,16.6,0.0,0,12.2,24.1,2,open-meteo,3.94,94.24
Tarhzirt,Morocco,32.4173,-6.15,2026-09-18,2026-09-16 20:13:47.067202+00:00,28.3,16.2,0.0,0,16.3,31.3,3,open-meteo,5.17,90.38
Tarhzirt,Morocco,32.4173,-6.15,2026-09-19,2026-09-16 20:13:47.067202+00:00,31.8,20.0,0.0,3,18.6,36.7,2,open-meteo,6.0,92.8
Tarhzirt,Morocco,32.4173,-6.15,2026-09-20,2026-09-16 20:13:47.067202+00:00,33.8,23.5,0.3,30,20.2,32.8,3,open-meteo,6.2,89.66
Tarhzirt,Morocco,32.4173,-6.15,2026-09-21,2026-09-16 20:13:47.067202+00:00,29.9,21.7,0.75,3,17.9,39.6,3,open-meteo,7.2,88.96
Tarhzirt,Morocco,32.4173,-6.15,2026-09-22,2026-09-16 20:13:47.067202+00:00,29.8,19.9,0.0,3,19.8,40.0,2,open-meteo,6.48,92.46
Bni Bouayach,Morocco,35.1056,-3.8503,2026-09-16,2026-09-16 20:13:47.153367+00:00,29.3,20.5,0.0,0,13.0,22.7,2,open-meteo,3.9,94.27
Bni Bouayach,Morocco,35.1056,-3.8503,2026-09-17,2026-09-16 20:13:47.153367+00:00,25.5,18.1,0.0,0,15.5,28.4,3,open-meteo,4.78,90.65
Bni Bouayach,Morocco,35.1056,-3.8503,2026-09-18,2026-09-16 20:13:47.153367+00:00,26.3,18.6,0.0,3,18.4,32.8,45,open-meteo,5.58,84.09
Bni Bouayach,Morocco,35.1056,-3.8503,2026-09-19,2026-09-16 20:13:47.153367+00:00,29.6,18.3,0.0,0,25.0,48.2,3,open-meteo,7.95,88.43
Bni Bouayach,Morocco,35.1056,-3.8503,2026-09-20,2026-09-16 20:13:47.153367+00:00,28.6,20.5,0.0,0,23.1,41.0,2,open-meteo,6.99,92.11
Bni Bouayach,Morocco,35.1056,-3.8503,2026-09-21,2026-09-16 20:13:47.153367+00:00,29.7,19.3,0.0,0,16.8,33.8,2,open-meteo,5.48,93.16
Bni Bouayach,Morocco,35.1056,-3.8503,2026-09-22,2026-09-16 20:13:47.153367+00:00,29.2,19.0,0.0,0,11.6,23.4,2,open-meteo,3.79,94.35
El Ksiba,Morocco,32.5681,-6.0308,2026-09-16,2026-09-16 20:13:47.287929+00:00,29.9,18.5,0.0,0,18.3,38.5,1,open-meteo,6.14,95.7
El Ksiba,Morocco,32.5681,-6.0308,2026-09-17,2026-09-16 20:13:47.287929+00:00,28.5,18.1,0.0,0,11.7,25.6,1,open-meteo,4.02,97.19
El Ksiba,Morocco,32.5681,-6.0308,2026-09-18,2026-09-16 20:13:47.287929+00:00,29.3,17.5,0.0,0,14.9,31.3,3,open-meteo,4.99,90.51
El Ksiba,Morocco,32.5681,-6.0308,2026-09-19,2026-09-16 20:13:47.287929+00:00,32.8,19.8,0.0,0,18.1,37.4,3,open-meteo,6.0,89.8
El Ksiba,Morocco,32.5681,-6.0308,2026-09-20,2026-09-16 20:13:47.287929+00:00,34.7,22.8,1.8,13,20.1,39.6,3,open-meteo,8.87,87.79
El Ksiba,Morocco,32.5681,-6.0308,2026-09-21,2026-09-16 20:13:47.287929+00:00,33.7,21.9,0.6,3,14.4,26.6,3,open-meteo,5.26,90.32
El Ksiba,Morocco,32.5681,-6.0308,2026-09-22,2026-09-16 20:13:47.287929+00:00,33.0,19.0,0.0,3,16.3,29.2,2,open-meteo,4.96,93.53
Had Zraqtane,Morocco,31.45,-7.4,2026-09-16,2026-09-16 20:13:50.651011+00:00,26.6,14.4,0.0,0,17.3,34.9,1,open-meteo,5.65,96.04
Had Zraqtane,Morocco,31.45,-7.4,2026-09-17,2026-09-16 20:13:50.651011+00:00,27.3,13.6,0.1,30,13.0,33.8,3,open-meteo,5.14,90.4
Had Zraqtane,Morocco,31.45,-7.4,2026-09-18,2026-09-16 20:13:50.651011+00:00,26.6,15.7,0.0,5,15.8,32.0,3,open-meteo,5.18,90.37
Had Zraqtane,Morocco,31.45,-7.4,2026-09-19,2026-09-16 20:13:50.651011+00:00,29.2,17.2,0.4,70,28.6,56.9,80,open-meteo,9.8,76.64
Had Zraqtane,Morocco,31.45,-7.4,2026-09-20,2026-09-16 20:13:50.651011+00:00,30.2,19.1,0.0,43,25.3,50.0,3,open-meteo,8.16,88.29
Had Zraqtane,Morocco,31.45,-7.4,2026-09-21,2026-09-16 20:13:50.651011+00:00,28.6,19.5,0.0,38,21.5,52.2,3,open-meteo,7.91,88.46
Had Zraqtane,Morocco,31.45,-7.4,2026-09-22,2026-09-16 20:13:50.651011+00:00,28.3,18.3,0.0,38,27.0,63.4,3,open-meteo,9.71,87.2
Tamri,Morocco,30.695,-9.825,2026-09-16,2026-09-16 20:13:50.741503+00:00,33.4,24.2,0.0,0,28.5,58.7,0,open-meteo,9.43,93.4
Tamri,Morocco,30.695,-9.825,2026-09-17,2026-09-16 20:13:50.741503+00:00,26.2,20.9,0.0,0,29.6,59.0,3,open-meteo,9.6,87.28
Tamri,Morocco,30.695,-9.825,2026-09-18,2026-09-16 20:13:50.741503+00:00,27.1,20.3,0.0,0,17.3,34.2,1,open-meteo,5.58,96.09
Tamri,Morocco,30.695,-9.825,2026-09-19,2026-09-16 20:13:50.741503+00:00,28.7,21.0,0.0,0,11.8,24.5,45,open-meteo,3.93,85.25
Tamri,Morocco,30.695,-9.825,2026-09-20,2026-09-16 20:13:50.741503+00:00,28.1,21.9,0.0,0,12.3,26.3,1,open-meteo,4.17,97.08
Tamri,Morocco,30.695,-9.825,2026-09-21,2026-09-16 20:13:50.741503+00:00,33.4,22.1,0.0,0,9.3,18.7,3,open-meteo,3.03,91.88
Tamri,Morocco,30.695,-9.825,2026-09-22,2026-09-16 20:13:50.741503+00:00,37.2,24.9,0.0,0,7.7,17.6,3,open-meteo,11.52,85.94
Jnane Bouih,Morocco,32.0308,-8.7894,2026-09-16,2026-09-16 20:13:50.829833+00:00,33.0,19.1,0.0,0,26.0,51.5,1,open-meteo,8.4,94.12
Jnane Bouih,Morocco,32.0308,-8.7894,2026-09-17,2026-09-16 20:13:50.829833+00:00,28.3,17.8,0.0,0,23.7,40.7,3,open-meteo,7.03,89.08
Jnane Bouih,Morocco,32.0308,-8.7894,2026-09-18,2026-09-16 20:13:50.829833+00:00,30.3,17.3,0.0,0,20.3,40.3,2,open-meteo,6.57,92.4
Jnane Bouih,Morocco,32.0308,-8.7894,2026-09-19,2026-09-16 20:13:50.829833+00:00,33.3,18.3,0.0,0,15.8,28.1,2,open-meteo,4.79,93.65
Jnane Bouih,Morocco,32.0308,-8.7894,2026-09-20,2026-09-16 20:13:50.829833+00:00,36.2,24.5,0.0,10,27.2,46.1,3,open-meteo,12.81,85.03
Jnane Bouih,Morocco,32.0308,-8.7894,2026-09-21,2026-09-16 20:13:50.829833+00:00,36.8,22.2,0.0,3,18.4,31.7,3,open-meteo,12.67,85.13
Jnane Bouih,Morocco,32.0308,-8.7894,2026-09-22,2026-09-16 20:13:50.829833+00:00,37.6,22.1,0.0,3,20.7,34.9,3,open-meteo,16.48,82.46
Imi n’Oulaoun,Morocco,31.4224,-6.5641,2026-09-16,2026-09-16 20:13:50.914086+00:00,18.2,10.8,0.0,3,14.1,37.8,3,open-meteo,5.54,90.12
Imi n’Oulaoun,Morocco,31.4224,-6.5641,2026-09-17,2026-09-16 20:13:50.914086+00:00,17.0,10.0,1.6,88,19.4,46.4,80,open-meteo,9.2,77.06
Imi n’Oulaoun,Morocco,31.4224,-6.5641,2026-09-18,2026-09-16 20:13:50.914086+00:00,17.0,8.9,2.0,80,10.7,27.0,95,open-meteo,6.7,68.31
Imi n’Oulaoun,Morocco,31.4224,-6.5641,2026-09-19,2026-09-16 20:13:50.914086+00:00,16.4,9.3,2.4,88,14.5,31.0,80,open-meteo,8.11,77.82
Imi n’Oulaoun,Morocco,31.4224,-6.5641,2026-09-20,2026-09-16 20:13:50.914086+00:00,17.4,10.3,0.6,65,17.9,35.6,3,open-meteo,6.6,89.38
Imi n’Oulaoun,Morocco,31.4224,-6.5641,2026-09-21,2026-09-16 20:13:50.914086+00:00,16.5,10.5,4.5,30,16.1,64.1,95,open-meteo,14.42,62.91
Imi n’Oulaoun,Morocco,31.4224,-6.5641,2026-09-22,2026-09-16 20:13:50.914086+00:00,17.4,9.8,0.6,30,34.8,76.7,3,open-meteo,12.82,85.03
Nzalat Laadam,Morocco,32.0806,-7.93,2026-09-16,2026-09-16 20:13:50.999677+00:00,34.5,20.2,0.0,0,20.0,33.1,2,open-meteo,5.81,92.93
Nzalat Laadam,Morocco,32.0806,-7.93,2026-09-17,2026-09-16 20:13:50.999677+00:00,30.2,17.7,0.0,0,17.7,29.9,3,open-meteo,5.2,90.36
Nzalat Laadam,Morocco,32.0806,-7.93,2026-09-18,2026-09-16 20:13:50.999677+00:00,31.4,17.1,0.0,0,16.6,27.0,1,open-meteo,4.78,96.65
Nzalat Laadam,Morocco,32.0806,-7.93,2026-09-19,2026-09-16 20:13:50.999677+00:00,35.5,19.0,0.0,0,17.2,29.2,2,open-meteo,7.07,92.05
Nzalat Laadam,Morocco,32.0806,-7.93,2026-09-20,2026-09-16 20:13:50.999677+00:00,39.0,24.0,0.3,10,13.7,30.6,3,open-meteo,21.17,79.18
Nzalat Laadam,Morocco,32.0806,-7.93,2026-09-21,2026-09-16 20:13:50.999677+00:00,37.4,24.7,0.0,3,16.0,27.4,2,open-meteo,14.34,86.96
Nzalat Laadam,Morocco,32.0806,-7.93,2026-09-22,2026-09-16 20:13:50.999677+00:00,37.7,21.7,0.0,3,23.3,38.2,3,open-meteo,17.53,81.73
Oulmes,Morocco,33.4167,-6.0167,2026-09-16,2026-09-16 20:13:51.083987+00:00,27.9,14.3,0.0,0,18.2,38.5,1,open-meteo,6.13,95.71
Oulmes,Morocco,33.4167,-6.0167,2026-09-17,2026-09-16 20:13:51.083987+00:00,26.5,12.6,0.0,0,19.4,40.7,3,open-meteo,6.5,89.45
Oulmes,Morocco,33.4167,-6.0167,2026-09-18,2026-09-16 20:13:51.083987+00:00,26.6,13.1,0.0,0,16.8,36.4,3,open-meteo,5.74,89.98
Oulmes,Morocco,33.4167,-6.0167,2026-09-19,2026-09-16 20:13:51.083987+00:00,30.6,15.8,0.0,0,16.9,35.3,2,open-meteo,5.64,93.05
Oulmes,Morocco,33.4167,-6.0167,2026-09-20,2026-09-16 20:13:51.083987+00:00,32.4,18.5,0.6,10,17.3,41.8,80,open-meteo,7.14,78.5
Oulmes,Morocco,33.4167,-6.0167,2026-09-21,2026-09-16 20:13:51.083987+00:00,33.0,18.5,0.0,5,22.1,43.6,2,open-meteo,7.12,92.02
Oulmes,Morocco,33.4167,-6.0167,2026-09-22,2026-09-16 20:13:51.083987+00:00,32.0,16.4,0.0,5,18.7,38.5,3,open-meteo,6.19,89.67
Tata,Morocco,29.7428,-7.9725,2026-09-16,2026-09-16 20:13:51.172356+00:00,38.0,27.2,0.0,3,12.3,19.8,2,open-meteo,15.52,86.14
Tata,Morocco,29.7428,-7.9725,2026-09-17,2026-09-16 20:13:51.172356+00:00,36.2,27.7,0.2,8,21.4,33.1,3,open-meteo,11.05,86.27
Tata,Morocco,29.7428,-7.9725,2026-09-18,2026-09-16 20:13:51.172356+00:00,36.4,25.4,0.1,3,11.8,19.8,2,open-meteo,9.19,90.57
Tata,Morocco,29.7428,-7.9725,2026-09-19,2026-09-16 20:13:51.172356+00:00,36.1,27.0,0.0,0,24.6,38.5,2,open-meteo,11.33,89.07
Tata,Morocco,29.7428,-7.9725,2026-09-20,2026-09-16 20:13:51.172356+00:00,36.4,26.1,0.0,0,25.3,39.2,2,open-meteo,12.68,88.12
Tata,Morocco,29.7428,-7.9725,2026-09-21,2026-09-16 20:13:51.172356+00:00,38.8,25.7,0.0,0,26.1,42.1,3,open-meteo,22.67,78.13
Tata,Morocco,29.7428,-7.9725,2026-09-22,2026-09-16 20:13:51.172356+00:00,35.6,26.4,0.6,3,25.3,43.6,3,open-meteo,10.72,86.5
Ait Bousarane,Morocco,31.7318,-7.0876,2026-09-16,2026-09-16 20:13:51.258733+00:00,30.0,17.2,0.0,0,17.6,33.8,1,open-meteo,5.58,96.09
Ait Bousarane,Morocco,31.7318,-7.0876,2026-09-17,2026-09-16 20:13:51.258733+00:00,26.0,15.2,0.0,0,13.5,27.4,3,open-meteo,4.43,90.9
Ait Bousarane,Morocco,31.7318,-7.0876,2026-09-18,2026-09-16 20:13:51.258733+00:00,27.7,14.6,0.0,0,12.3,23.8,3,open-meteo,3.92,91.26
Ait Bousarane,Morocco,31.7318,-7.0876,2026-09-19,2026-09-16 20:13:51.258733+00:00,31.9,18.1,0.0,0,14.7,28.8,3,open-meteo,4.72,90.7
Ait Bousarane,Morocco,31.7318,-7.0876,2026-09-20,2026-09-16 20:13:51.258733+00:00,34.6,21.6,0.0,25,13.4,37.4,3,open-meteo,5.42,90.21
Ait Bousarane,Morocco,31.7318,-7.0876,2026-09-21,2026-09-16 20:13:51.258733+00:00,32.1,22.8,0.0,5,15.2,31.0,3,open-meteo,5.0,90.5
Ait Bousarane,Morocco,31.7318,-7.0876,2026-09-22,2026-09-16 20:13:51.258733+00:00,32.9,22.0,0.0,5,20.9,39.6,3,open-meteo,6.57,89.4
Al Brouj,Morocco,32.5131,-7.1957,2026-09-16,2026-09-16 20:13:51.356460+00:00,34.6,20.1,0.0,0,17.6,31.3,3,open-meteo,5.33,90.27
Al Brouj,Morocco,32.5131,-7.1957,2026-09-17,2026-09-16 20:13:51.356460+00:00,31.8,16.0,0.0,0,16.2,29.9,3,open-meteo,5.01,90.49
Al Brouj,Morocco,32.5131,-7.1957,2026-09-18,2026-09-16 20:13:51.356460+00:00,32.5,16.8,0.0,0,15.8,28.4,3,open-meteo,4.81,90.63
Al Brouj,Morocco,32.5131,-7.1957,2026-09-19,2026-09-16 20:13:51.356460+00:00,37.0,18.3,0.0,0,15.2,26.3,2,open-meteo,12.53,88.23
Al Brouj,Morocco,32.5131,-7.1957,2026-09-20,2026-09-16 20:13:51.356460+00:00,39.6,23.5,0.3,5,11.8,28.4,80,open-meteo,23.12,67.32
Al Brouj,Morocco,32.5131,-7.1957,2026-09-21,2026-09-16 20:13:51.356460+00:00,37.3,23.9,0.6,3,14.7,29.2,3,open-meteo,14.76,83.67
Al Brouj,Morocco,32.5131,-7.1957,2026-09-22,2026-09-16 20:13:51.356460+00:00,37.3,19.7,0.0,0,20.1,35.3,1,open-meteo,15.24,89.33
Jdour,Morocco,32.1269,-8.7633,2026-09-16,2026-09-16 20:13:51.447364+00:00,31.7,18.2,0.0,0,20.9,40.7,2,open-meteo,6.68,92.32
Jdour,Morocco,32.1269,-8.7633,2026-09-17,2026-09-16 20:13:51.447364+00:00,27.2,16.9,0.0,0,20.0,39.6,45,open-meteo,6.46,83.48
Jdour,Morocco,32.1269,-8.7633,2026-09-18,2026-09-16 20:13:51.447364+00:00,29.2,16.4,0.0,0,17.8,34.6,2,open-meteo,5.69,93.02
Jdour,Morocco,32.1269,-8.7633,2026-09-19,2026-09-16 20:13:51.447364+00:00,32.1,16.7,0.0,0,16.6,32.4,2,open-meteo,5.32,93.28
Jdour,Morocco,32.1269,-8.7633,2026-09-20,2026-09-16 20:13:51.447364+00:00,36.2,22.6,0.0,3,19.9,41.0,3,open-meteo,11.39,86.03
Jdour,Morocco,32.1269,-8.7633,2026-09-21,2026-09-16 20:13:51.447364+00:00,34.6,20.9,0.0,0,16.1,32.8,3,open-meteo,5.29,90.3
Jdour,Morocco,32.1269,-8.7633,2026-09-22,2026-09-16 20:13:51.447364+00:00,35.4,17.4,0.0,3,18.4,36.4,3,open-meteo,7.54,88.72
Douar Ait Sidi Daoud,Morocco,31.6347,-7.6444,2026-09-16,2026-09-16 20:13:51.534806+00:00,33.7,20.0,0.0,0,15.9,31.0,0,open-meteo,5.09,96.44
Douar Ait Sidi Daoud,Morocco,31.6347,-7.6444,2026-09-17,2026-09-16 20:13:51.534806+00:00,29.6,17.9,0.0,0,10.6,21.6,2,open-meteo,3.49,94.56
Douar Ait Sidi Daoud,Morocco,31.6347,-7.6444,2026-09-18,2026-09-16 20:13:51.534806+00:00,31.2,17.9,0.0,0,9.2,19.1,2,open-meteo,3.06,94.86
Douar Ait Sidi Daoud,Morocco,31.6347,-7.6444,2026-09-19,2026-09-16 20:13:51.534806+00:00,35.5,19.8,0.1,3,18.2,33.8,3,open-meteo,7.79,88.55
Douar Ait Sidi Daoud,Morocco,31.6347,-7.6444,2026-09-20,2026-09-16 20:13:51.534806+00:00,38.0,23.1,0.3,18,10.2,31.0,3,open-meteo,16.78,82.25
Douar Ait Sidi Daoud,Morocco,31.6347,-7.6444,2026-09-21,2026-09-16 20:13:51.534806+00:00,36.8,23.9,0.0,3,14.8,30.6,3,open-meteo,12.11,85.52
Douar Ait Sidi Daoud,Morocco,31.6347,-7.6444,2026-09-22,2026-09-16 20:13:51.534806+00:00,36.5,22.8,0.0,3,15.9,32.8,3,open-meteo,11.27,86.11
Tamgrout,Morocco,30.2612,-5.682,2026-09-16,2026-09-16 20:13:51.625067+00:00,37.2,23.9,0.0,0,11.9,16.2,2,open-meteo,11.91,88.66
Tamgrout,Morocco,30.2612,-5.682,2026-09-17,2026-09-16 20:13:51.625067+00:00,34.3,25.8,0.2,13,13.3,29.5,3,open-meteo,4.88,90.58
Tamgrout,Morocco,30.2612,-5.682,2026-09-18,2026-09-16 20:13:51.625067+00:00,35.1,22.9,0.0,3,11.5,16.6,3,open-meteo,3.5,91.55
Tamgrout,Morocco,30.2612,-5.682,2026-09-19,2026-09-16 20:13:51.625067+00:00,35.6,24.8,0.0,0,20.3,31.7,2,open-meteo,8.11,91.32
Tamgrout,Morocco,30.2612,-5.682,2026-09-20,2026-09-16 20:13:51.625067+00:00,36.2,25.3,0.0,0,16.0,26.3,2,open-meteo,9.43,90.4
Tamgrout,Morocco,30.2612,-5.682,2026-09-21,2026-09-16 20:13:51.625067+00:00,36.1,25.2,0.0,3,10.5,33.1,3,open-meteo,9.02,87.69
Tamgrout,Morocco,30.2612,-5.682,2026-09-22,2026-09-16 20:13:51.625067+00:00,35.6,23.4,0.3,3,21.5,38.9,3,open-meteo,9.38,87.43
Laaouama,Morocco,35.7167,-5.8,2026-09-16,2026-09-16 20:13:51.708052+00:00,27.1,17.6,0.0,0,22.7,41.4,3,open-meteo,6.98,89.11
Laaouama,Morocco,35.7167,-5.8,2026-09-17,2026-09-16 20:13:51.708052+00:00,27.0,17.3,0.0,0,11.6,23.0,3,open-meteo,3.75,91.38
Laaouama,Morocco,35.7167,-5.8,2026-09-18,2026-09-16 20:13:51.708052+00:00,29.5,17.8,0.0,0,24.2,44.3,3,open-meteo,7.46,88.78
Laaouama,Morocco,35.7167,-5.8,2026-09-19,2026-09-16 20:13:51.708052+00:00,28.3,22.3,0.0,0,38.2,72.4,1,open-meteo,12.02,91.59
Laaouama,Morocco,35.7167,-5.8,2026-09-20,2026-09-16 20:13:51.708052+00:00,28.2,23.0,0.0,0,42.5,81.4,1,open-meteo,13.45,90.58
Laaouama,Morocco,35.7167,-5.8,2026-09-21,2026-09-16 20:13:51.708052+00:00,26.6,22.5,0.0,0,38.9,74.9,1,open-meteo,12.35,91.35
Laaouama,Morocco,35.7167,-5.8,2026-09-22,2026-09-16 20:13:51.708052+00:00,26.7,21.6,0.0,0,30.6,57.6,1,open-meteo,9.59,93.29
’Ali Ben Sliman,Morocco,31.9543,-7.1738,2026-09-16,2026-09-16 20:13:51.791670+00:00,33.9,17.9,0.0,0,18.1,34.9,1,open-meteo,5.75,95.97
’Ali Ben Sliman,Morocco,31.9543,-7.1738,2026-09-17,2026-09-16 20:13:51.791670+00:00,30.2,16.9,0.0,0,16.4,30.6,3,open-meteo,5.11,90.42
’Ali Ben Sliman,Morocco,31.9543,-7.1738,2026-09-18,2026-09-16 20:13:51.791670+00:00,31.2,16.6,0.0,0,14.2,27.0,3,open-meteo,4.47,90.87
’Ali Ben Sliman,Morocco,31.9543,-7.1738,2026-09-19,2026-09-16 20:13:51.791670+00:00,35.4,18.0,0.0,0,16.6,32.0,2,open-meteo,6.87,92.19
’Ali Ben Sliman,Morocco,31.9543,-7.1738,2026-09-20,2026-09-16 20:13:51.791670+00:00,38.1,21.1,0.3,20,21.6,53.3,3,open-meteo,20.83,79.42
’Ali Ben Sliman,Morocco,31.9543,-7.1738,2026-09-21,2026-09-16 20:13:51.791670+00:00,35.9,21.7,0.3,3,11.8,27.4,3,open-meteo,8.21,88.25
’Ali Ben Sliman,Morocco,31.9543,-7.1738,2026-09-22,2026-09-16 20:13:51.791670+00:00,37.1,21.8,0.0,3,20.9,37.1,1,open-meteo,14.72,89.7
Douar Lamjaara,Morocco,34.6147,-5.2886,2026-09-16,2026-09-16 20:13:51.874108+00:00,31.0,19.4,0.0,0,19.3,37.1,2,open-meteo,6.12,92.72
Douar Lamjaara,Morocco,34.6147,-5.2886,2026-09-17,2026-09-16 20:13:51.874108+00:00,29.9,18.4,0.0,0,13.1,25.9,3,open-meteo,4.23,91.04
Douar Lamjaara,Morocco,34.6147,-5.2886,2026-09-18,2026-09-16 20:13:51.874108+00:00,32.0,17.2,0.0,0,12.1,23.4,3,open-meteo,3.85,91.3
Douar Lamjaara,Morocco,34.6147,-5.2886,2026-09-19,2026-09-16 20:13:51.874108+00:00,36.3,21.9,0.0,0,21.1,40.7,1,open-meteo,11.91,91.66
Douar Lamjaara,Morocco,34.6147,-5.2886,2026-09-20,2026-09-16 20:13:51.874108+00:00,37.1,24.3,0.0,0,17.7,38.9,1,open-meteo,14.5,89.85
Douar Lamjaara,Morocco,34.6147,-5.2886,2026-09-21,2026-09-16 20:13:51.874108+00:00,36.8,24.2,0.0,0,14.1,35.3,2,open-meteo,12.49,88.26
Douar Lamjaara,Morocco,34.6147,-5.2886,2026-09-22,2026-09-16 20:13:51.874108+00:00,36.6,21.3,0.0,0,9.5,21.6,1,open-meteo,9.75,93.17
Agourai,Morocco,33.6333,-5.5833,2026-09-16,2026-09-16 20:13:51.961673+00:00,29.1,17.4,0.0,0,18.5,38.2,1,open-meteo,6.13,95.71
Agourai,Morocco,33.6333,-5.5833,2026-09-17,2026-09-16 20:13:51.961673+00:00,26.5,15.9,0.0,0,19.8,40.0,2,open-meteo,6.48,92.46
Agourai,Morocco,33.6333,-5.5833,2026-09-18,2026-09-16 20:13:51.961673+00:00,27.1,15.7,0.0,0,17.7,35.6,3,open-meteo,5.77,89.96
Agourai,Morocco,33.6333,-5.5833,2026-09-19,2026-09-16 20:13:51.961673+00:00,31.3,18.0,0.0,0,19.1,38.5,2,open-meteo,6.24,92.63
Agourai,Morocco,33.6333,-5.5833,2026-09-20,2026-09-16 20:13:51.961673+00:00,34.6,23.4,0.6,8,17.0,38.5,3,open-meteo,6.78,89.25
Agourai,Morocco,33.6333,-5.5833,2026-09-21,2026-09-16 20:13:51.961673+00:00,33.2,20.9,0.0,0,21.9,43.6,1,open-meteo,7.1,95.03
Agourai,Morocco,33.6333,-5.5833,2026-09-22,2026-09-16 20:13:51.961673+00:00,32.0,19.4,0.0,0,18.7,38.2,3,open-meteo,6.16,89.69
Mahbés,Morocco,27.4728,-8.9875,2026-09-16,2026-09-16 20:13:52.049440+00:00,38.6,24.7,0.0,0,34.1,49.0,0,open-meteo,23.56,83.51
Mahbés,Morocco,27.4728,-8.9875,2026-09-17,2026-09-16 20:13:52.049440+00:00,33.8,19.8,0.0,0,29.7,43.6,0,open-meteo,8.07,94.35
Mahbés,Morocco,27.4728,-8.9875,2026-09-18,2026-09-16 20:13:52.049440+00:00,33.9,16.0,0.0,0,29.3,43.6,0,open-meteo,8.02,94.39
Mahbés,Morocco,27.4728,-8.9875,2026-09-19,2026-09-16 20:13:52.049440+00:00,34.6,18.7,0.0,0,17.5,27.0,0,open-meteo,4.89,96.58
Mahbés,Morocco,27.4728,-8.9875,2026-09-20,2026-09-16 20:13:52.049440+00:00,35.6,20.1,0.0,0,18.6,24.8,0,open-meteo,7.21,94.95
Mahbés,Morocco,27.4728,-8.9875,2026-09-21,2026-09-16 20:13:52.049440+00:00,38.1,26.5,0.0,0,19.4,30.2,1,open-meteo,17.85,87.5
Mahbés,Morocco,27.4728,-8.9875,2026-09-22,2026-09-16 20:13:52.049440+00:00,37.4,24.8,0.0,4,21.5,33.8,1,open-meteo,15.67,89.03
Douar Ait Ouallal,Morocco,33.95,-5.3,2026-09-16,2026-09-16 20:13:52.140647+00:00,32.2,19.4,0.0,0,17.7,34.9,1,open-meteo,5.7,96.01
Douar Ait Ouallal,Morocco,33.95,-5.3,2026-09-17,2026-09-16 20:13:52.140647+00:00,28.0,17.2,0.0,0,13.4,26.3,45,open-meteo,4.31,84.98
Douar Ait Ouallal,Morocco,33.95,-5.3,2026-09-18,2026-09-16 20:13:52.140647+00:00,30.0,17.1,0.0,0,14.1,27.7,3,open-meteo,4.53,90.83
Douar Ait Ouallal,Morocco,33.95,-5.3,2026-09-19,2026-09-16 20:13:52.140647+00:00,34.2,18.7,0.0,0,15.8,31.0,3,open-meteo,5.08,90.44
Douar Ait Ouallal,Morocco,33.95,-5.3,2026-09-20,2026-09-16 20:13:52.140647+00:00,35.8,19.9,0.0,0,17.6,34.2,2,open-meteo,8.82,90.83
Douar Ait Ouallal,Morocco,33.95,-5.3,2026-09-21,2026-09-16 20:13:52.140647+00:00,35.0,20.0,0.0,0,12.8,25.4,1,open-meteo,4.14,97.1
Douar Ait Ouallal,Morocco,33.95,-5.3,2026-09-22,2026-09-16 20:13:52.140647+00:00,34.9,19.6,0.0,0,12.9,25.2,3,open-meteo,4.13,91.11
Laatatra,Morocco,32.6314,-8.4147,2026-09-16,2026-09-16 20:13:52.262460+00:00,30.9,18.4,0.0,0,20.4,35.6,3,open-meteo,6.11,89.72
Laatatra,Morocco,32.6314,-8.4147,2026-09-17,2026-09-16 20:13:52.262460+00:00,28.3,17.7,0.0,0,20.4,36.4,2,open-meteo,6.19,92.67
Laatatra,Morocco,32.6314,-8.4147,2026-09-18,2026-09-16 20:13:52.262460+00:00,29.8,16.3,0.0,0,21.2,37.4,45,open-meteo,6.39,83.53
Laatatra,Morocco,32.6314,-8.4147,2026-09-19,2026-09-16 20:13:52.262460+00:00,32.7,16.8,0.0,0,19.7,33.8,45,open-meteo,5.84,83.91
Laatatra,Morocco,32.6314,-8.4147,2026-09-20,2026-09-16 20:13:52.262460+00:00,38.6,20.2,0.0,3,15.5,28.4,2,open-meteo,19.18,83.57
Laatatra,Morocco,32.6314,-8.4147,2026-09-21,2026-09-16 20:13:52.262460+00:00,35.4,21.0,0.0,2,16.3,30.6,2,open-meteo,6.7,92.31
Laatatra,Morocco,32.6314,-8.4147,2026-09-22,2026-09-16 20:13:52.262460+00:00,36.8,17.3,0.0,3,17.6,33.1,45,open-meteo,12.71,79.1
Sidi Yakoub,Morocco,31.6667,-7.0667,2026-09-16,2026-09-16 20:13:52.359658+00:00,27.0,15.9,0.0,0,18.6,35.6,1,open-meteo,5.89,95.88
Sidi Yakoub,Morocco,31.6667,-7.0667,2026-09-17,2026-09-16 20:13:52.359658+00:00,24.5,14.8,0.0,3,11.6,24.5,3,open-meteo,3.9,91.27
Sidi Yakoub,Morocco,31.6667,-7.0667,2026-09-18,2026-09-16 20:13:52.359658+00:00,25.5,14.3,0.0,3,13.5,26.6,3,open-meteo,4.35,90.95
Sidi Yakoub,Morocco,31.6667,-7.0667,2026-09-19,2026-09-16 20:13:52.359658+00:00,29.0,18.1,0.0,35,14.7,33.8,3,open-meteo,5.22,90.35
Sidi Yakoub,Morocco,31.6667,-7.0667,2026-09-20,2026-09-16 20:13:52.359658+00:00,31.4,21.1,0.0,43,16.8,36.4,3,open-meteo,5.74,89.98
Sidi Yakoub,Morocco,31.6667,-7.0667,2026-09-21,2026-09-16 20:13:52.359658+00:00,29.4,20.9,0.0,5,18.5,39.2,3,open-meteo,6.23,89.64
Sidi Yakoub,Morocco,31.6667,-7.0667,2026-09-22,2026-09-16 20:13:52.359658+00:00,29.7,19.9,0.0,5,24.7,52.6,3,open-meteo,8.35,88.16
Moul El Bergui,Morocco,32.5113,-8.9849,2026-09-16,2026-09-16 20:13:52.488720+00:00,28.8,19.9,0.0,0,21.3,38.9,2,open-meteo,6.55,92.41
Moul El Bergui,Morocco,32.5113,-8.9849,2026-09-17,2026-09-16 20:13:52.488720+00:00,26.7,18.4,0.0,0,19.6,36.4,3,open-meteo,6.09,89.74
Moul El Bergui,Morocco,32.5113,-8.9849,2026-09-18,2026-09-16 20:13:52.488720+00:00,28.2,18.6,0.0,0,20.9,38.5,3,open-meteo,6.46,89.48
Moul El Bergui,Morocco,32.5113,-8.9849,2026-09-19,2026-09-16 20:13:52.488720+00:00,29.4,18.0,0.0,0,18.2,33.5,3,open-meteo,5.62,90.07
Moul El Bergui,Morocco,32.5113,-8.9849,2026-09-20,2026-09-16 20:13:52.488720+00:00,34.4,21.2,0.0,0,12.4,23.8,2,open-meteo,3.93,94.25
Moul El Bergui,Morocco,32.5113,-8.9849,2026-09-21,2026-09-16 20:13:52.488720+00:00,32.5,20.6,0.0,0,13.0,24.8,45,open-meteo,4.11,85.12
Moul El Bergui,Morocco,32.5113,-8.9849,2026-09-22,2026-09-16 20:13:52.488720+00:00,32.8,18.4,0.0,0,13.2,25.2,45,open-meteo,4.17,85.08
Malloussa,Morocco,35.7369,-5.6319,2026-09-16,2026-09-16 20:13:52.584241+00:00,28.7,18.4,0.0,0,27.8,59.8,3,open-meteo,9.46,87.38
Malloussa,Morocco,35.7369,-5.6319,2026-09-17,2026-09-16 20:13:52.584241+00:00,27.0,15.5,0.0,0,11.8,36.7,3,open-meteo,5.15,90.39
Malloussa,Morocco,35.7369,-5.6319,2026-09-18,2026-09-16 20:13:52.584241+00:00,27.6,19.4,0.0,0,26.6,57.2,3,open-meteo,9.04,87.67
Malloussa,Morocco,35.7369,-5.6319,2026-09-19,2026-09-16 20:13:52.584241+00:00,26.4,21.7,0.0,0,41.2,91.8,2,open-meteo,14.33,86.97
Malloussa,Morocco,35.7369,-5.6319,2026-09-20,2026-09-16 20:13:52.584241+00:00,26.5,22.4,0.0,0,43.9,99.0,2,open-meteo,15.39,86.23
Malloussa,Morocco,35.7369,-5.6319,2026-09-21,2026-09-16 20:13:52.584241+00:00,26.0,21.8,0.0,0,40.1,89.3,2,open-meteo,13.94,87.24
Malloussa,Morocco,35.7369,-5.6319,2026-09-22,2026-09-16 20:13:52.584241+00:00,26.5,21.0,0.0,0,30.6,63.7,2,open-meteo,10.2,89.86
Sidi al Ghandour,Morocco,33.8536,-6.0597,2026-09-16,2026-09-16 20:13:52.672016+00:00,30.6,18.2,0.0,0,19.0,36.7,2,open-meteo,6.04,92.77
Sidi al Ghandour,Morocco,33.8536,-6.0597,2026-09-17,2026-09-16 20:13:52.672016+00:00,27.7,15.8,0.0,0,15.5,31.0,45,open-meteo,5.04,84.47
Sidi al Ghandour,Morocco,33.8536,-6.0597,2026-09-18,2026-09-16 20:13:52.672016+00:00,29.1,15.8,0.0,0,16.9,33.5,3,open-meteo,5.46,90.18
Sidi al Ghandour,Morocco,33.8536,-6.0597,2026-09-19,2026-09-16 20:13:52.672016+00:00,34.2,17.9,0.0,0,14.4,28.1,2,open-meteo,4.61,93.77
Sidi al Ghandour,Morocco,33.8536,-6.0597,2026-09-20,2026-09-16 20:13:52.672016+00:00,37.7,20.8,0.0,3,18.0,37.8,3,open-meteo,16.83,82.22
Sidi al Ghandour,Morocco,33.8536,-6.0597,2026-09-21,2026-09-16 20:13:52.672016+00:00,36.7,21.9,0.0,3,15.7,30.6,1,open-meteo,11.82,91.73
Sidi al Ghandour,Morocco,33.8536,-6.0597,2026-09-22,2026-09-16 20:13:52.672016+00:00,35.0,16.9,0.0,3,15.5,30.6,3,open-meteo,5.0,90.5
Aït Majdane,Morocco,31.8514,-6.9658,2026-09-16,2026-09-16 20:13:52.756674+00:00,31.3,17.4,0.0,0,17.7,34.6,1,open-meteo,5.67,96.03
Aït Majdane,Morocco,31.8514,-6.9658,2026-09-17,2026-09-16 20:13:52.756674+00:00,27.7,15.4,0.0,0,17.1,35.3,3,open-meteo,5.67,90.03
Aït Majdane,Morocco,31.8514,-6.9658,2026-09-18,2026-09-16 20:13:52.756674+00:00,29.2,14.9,0.0,0,15.0,29.5,2,open-meteo,4.83,93.62
Aït Majdane,Morocco,31.8514,-6.9658,2026-09-19,2026-09-16 20:13:52.756674+00:00,33.7,19.5,0.0,0,17.9,34.9,3,open-meteo,5.73,89.99
Aït Majdane,Morocco,31.8514,-6.9658,2026-09-20,2026-09-16 20:13:52.756674+00:00,34.9,22.3,0.3,20,17.3,40.3,3,open-meteo,6.59,89.39
Aït Majdane,Morocco,31.8514,-6.9658,2026-09-21,2026-09-16 20:13:52.756674+00:00,33.8,23.0,0.0,5,12.2,29.5,3,open-meteo,4.47,90.87
Aït Majdane,Morocco,31.8514,-6.9658,2026-09-22,2026-09-16 20:13:52.756674+00:00,34.7,19.7,0.0,5,20.2,41.0,2,open-meteo,6.62,92.37
Ribat Al Khayr,Morocco,33.82,-4.41,2026-09-16,2026-09-16 20:13:52.840407+00:00,28.0,16.3,0.0,0,16.3,33.8,1,open-meteo,5.42,96.21
Ribat Al Khayr,Morocco,33.82,-4.41,2026-09-17,2026-09-16 20:13:52.840407+00:00,26.2,15.4,0.0,0,20.5,41.8,3,open-meteo,6.74,89.28
Ribat Al Khayr,Morocco,33.82,-4.41,2026-09-18,2026-09-16 20:13:52.840407+00:00,27.3,13.8,0.0,0,20.0,40.7,3,open-meteo,6.57,89.4
Ribat Al Khayr,Morocco,33.82,-4.41,2026-09-19,2026-09-16 20:13:52.840407+00:00,31.5,15.9,0.3,3,16.1,33.5,3,open-meteo,5.76,89.97
Ribat Al Khayr,Morocco,33.82,-4.41,2026-09-20,2026-09-16 20:13:52.840407+00:00,32.5,18.4,0.0,8,16.9,39.2,2,open-meteo,6.03,92.78
Ribat Al Khayr,Morocco,33.82,-4.41,2026-09-21,2026-09-16 20:13:52.840407+00:00,30.5,17.2,0.0,0,17.9,40.0,2,open-meteo,6.24,92.63
Ribat Al Khayr,Morocco,33.82,-4.41,2026-09-22,2026-09-16 20:13:52.840407+00:00,30.4,17.0,0.0,0,18.0,38.2,3,open-meteo,6.07,89.75
Aït Bouchta,Morocco,35.0009,-3.8728,2026-09-16,2026-09-16 20:13:52.923254+00:00,28.8,16.4,0.0,0,12.6,27.0,3,open-meteo,4.28,91.0
Aït Bouchta,Morocco,35.0009,-3.8728,2026-09-17,2026-09-16 20:13:52.923254+00:00,22.8,14.8,0.0,3,12.6,24.1,45,open-meteo,3.99,85.21
Aït Bouchta,Morocco,35.0009,-3.8728,2026-09-18,2026-09-16 20:13:52.923254+00:00,23.9,15.2,0.0,5,14.4,28.4,3,open-meteo,4.64,90.75
Aït Bouchta,Morocco,35.0009,-3.8728,2026-09-19,2026-09-16 20:13:52.923254+00:00,26.3,15.7,0.0,0,15.8,31.3,2,open-meteo,5.11,93.42
Aït Bouchta,Morocco,35.0009,-3.8728,2026-09-20,2026-09-16 20:13:52.923254+00:00,26.1,17.8,0.0,0,11.4,23.0,3,open-meteo,3.73,91.39
Aït Bouchta,Morocco,35.0009,-3.8728,2026-09-21,2026-09-16 20:13:52.923254+00:00,25.7,17.1,0.0,0,14.5,28.8,2,open-meteo,4.69,93.72
Aït Bouchta,Morocco,35.0009,-3.8728,2026-09-22,2026-09-16 20:13:52.923254+00:00,25.0,14.8,0.0,0,10.0,19.8,3,open-meteo,3.23,91.74
Sahel,Morocco,34.9667,-4.55,2026-09-16,2026-09-16 20:13:53.007879+00:00,30.4,20.3,0.0,0,28.9,58.0,1,open-meteo,9.41,93.41
Sahel,Morocco,34.9667,-4.55,2026-09-17,2026-09-16 20:13:53.007879+00:00,25.6,15.5,0.0,0,13.4,28.4,3,open-meteo,4.51,90.84
Sahel,Morocco,34.9667,-4.55,2026-09-18,2026-09-16 20:13:53.007879+00:00,24.4,14.0,0.0,3,14.7,28.4,3,open-meteo,4.68,90.72
Sahel,Morocco,34.9667,-4.55,2026-09-19,2026-09-16 20:13:53.007879+00:00,25.1,14.5,0.0,0,13.8,30.2,3,open-meteo,4.75,90.67
Sahel,Morocco,34.9667,-4.55,2026-09-20,2026-09-16 20:13:53.007879+00:00,25.7,15.9,0.0,0,12.2,24.1,2,open-meteo,3.94,94.24
Sahel,Morocco,34.9667,-4.55,2026-09-21,2026-09-16 20:13:53.007879+00:00,23.5,14.9,0.0,0,14.6,28.8,45,open-meteo,4.71,84.7
Sahel,Morocco,34.9667,-4.55,2026-09-22,2026-09-16 20:13:53.007879+00:00,24.1,16.5,0.0,0,12.9,28.4,1,open-meteo,4.45,96.88
Ikniwn,Morocco,31.1717,-5.6489,2026-09-16,2026-09-16 20:13:53.100350+00:00,26.1,15.8,0.0,8,13.7,24.1,3,open-meteo,4.12,91.12
Ikniwn,Morocco,31.1717,-5.6489,2026-09-17,2026-09-16 20:13:53.100350+00:00,23.6,16.1,0.9,55,20.1,36.7,80,open-meteo,7.38,78.33
Ikniwn,Morocco,31.1717,-5.6489,2026-09-18,2026-09-16 20:13:53.100350+00:00,24.0,15.2,0.5,75,14.3,26.6,3,open-meteo,5.11,90.42
Ikniwn,Morocco,31.1717,-5.6489,2026-09-19,2026-09-16 20:13:53.100350+00:00,24.0,14.7,0.0,38,13.8,24.8,3,open-meteo,4.21,91.05
Ikniwn,Morocco,31.1717,-5.6489,2026-09-20,2026-09-16 20:13:53.100350+00:00,24.0,15.6,0.0,38,11.8,22.3,3,open-meteo,3.71,91.4
Ikniwn,Morocco,31.1717,-5.6489,2026-09-21,2026-09-16 20:13:53.100350+00:00,23.9,16.2,4.5,30,23.1,42.8,95,open-meteo,13.17,63.78
Ikniwn,Morocco,31.1717,-5.6489,2026-09-22,2026-09-16 20:13:53.100350+00:00,25.7,15.8,0.0,30,17.4,37.4,3,open-meteo,5.92,89.86
Aït Tamlil,Morocco,31.4953,-6.8654,2026-09-16,2026-09-16 20:13:53.232948+00:00,20.6,11.8,0.0,0,23.7,49.3,1,open-meteo,7.89,94.48
Aït Tamlil,Morocco,31.4953,-6.8654,2026-09-17,2026-09-16 20:13:53.232948+00:00,22.0,13.4,2.5,78,20.0,45.0,80,open-meteo,10.33,76.27
Aït Tamlil,Morocco,31.4953,-6.8654,2026-09-18,2026-09-16 20:13:53.232948+00:00,22.0,12.8,0.4,68,17.9,39.2,3,open-meteo,6.69,89.32
Aït Tamlil,Morocco,31.4953,-6.8654,2026-09-19,2026-09-16 20:13:53.232948+00:00,21.9,14.1,0.3,33,23.5,48.2,3,open-meteo,8.16,88.29
Aït Tamlil,Morocco,31.4953,-6.8654,2026-09-20,2026-09-16 20:13:53.232948+00:00,22.9,15.3,0.0,38,23.9,47.9,3,open-meteo,7.78,88.55
Aït Tamlil,Morocco,31.4953,-6.8654,2026-09-21,2026-09-16 20:13:53.232948+00:00,21.7,14.0,1.05,50,19.0,40.3,3,open-meteo,7.81,88.53
Aït Tamlil,Morocco,31.4953,-6.8654,2026-09-22,2026-09-16 20:13:53.232948+00:00,21.8,11.6,0.0,50,32.7,72.7,2,open-meteo,11.36,89.05
Bou Izakarn,Morocco,29.1754,-9.7064,2026-09-16,2026-09-16 20:13:53.316539+00:00,35.9,21.7,0.0,0,32.1,54.4,1,open-meteo,13.05,90.86
Bou Izakarn,Morocco,29.1754,-9.7064,2026-09-17,2026-09-16 20:13:53.316539+00:00,27.9,18.4,0.0,0,39.6,64.1,2,open-meteo,11.36,89.05
Bou Izakarn,Morocco,29.1754,-9.7064,2026-09-18,2026-09-16 20:13:53.316539+00:00,31.0,16.9,0.0,0,26.5,46.4,1,open-meteo,7.95,94.43
Bou Izakarn,Morocco,29.1754,-9.7064,2026-09-19,2026-09-16 20:13:53.316539+00:00,32.7,16.6,0.0,4,17.7,34.2,3,open-meteo,5.63,90.06
Bou Izakarn,Morocco,29.1754,-9.7064,2026-09-20,2026-09-16 20:13:53.316539+00:00,35.5,19.6,0.0,2,20.3,42.5,0,open-meteo,8.79,93.85
Bou Izakarn,Morocco,29.1754,-9.7064,2026-09-21,2026-09-16 20:13:53.316539+00:00,38.1,24.6,0.0,2,17.2,38.5,2,open-meteo,18.4,84.12
Bou Izakarn,Morocco,29.1754,-9.7064,2026-09-22,2026-09-16 20:13:53.316539+00:00,37.0,25.7,0.0,6,16.7,38.9,0,open-meteo,13.98,90.21
Lamrasla,Morocco,32.0247,-8.9153,2026-09-16,2026-09-16 20:13:53.400423+00:00,31.2,17.6,0.0,0,21.2,43.9,2,open-meteo,7.04,92.07
Lamrasla,Morocco,32.0247,-8.9153,2026-09-17,2026-09-16 20:13:53.400423+00:00,26.3,16.2,0.0,0,20.0,41.4,3,open-meteo,6.64,89.35
Lamrasla,Morocco,32.0247,-8.9153,2026-09-18,2026-09-16 20:13:53.400423+00:00,28.5,15.6,0.0,0,17.0,34.9,2,open-meteo,5.62,93.07
Lamrasla,Morocco,32.0247,-8.9153,2026-09-19,2026-09-16 20:13:53.400423+00:00,31.3,17.1,0.0,0,13.0,28.8,2,open-meteo,4.51,93.84
Lamrasla,Morocco,32.0247,-8.9153,2026-09-20,2026-09-16 20:13:53.400423+00:00,34.4,22.9,0.0,8,19.3,40.7,3,open-meteo,6.48,89.46
Lamrasla,Morocco,32.0247,-8.9153,2026-09-21,2026-09-16 20:13:53.400423+00:00,34.7,20.7,0.0,0,16.5,33.8,3,open-meteo,5.44,90.19
Lamrasla,Morocco,32.0247,-8.9153,2026-09-22,2026-09-16 20:13:53.400423+00:00,36.1,23.1,0.0,0,19.1,37.1,3,open-meteo,10.5,86.65
Sidi Redouane,Morocco,34.6833,-5.45,2026-09-16,2026-09-16 20:13:53.485633+00:00,30.8,19.0,0.0,0,17.6,34.2,3,open-meteo,5.62,90.07
Sidi Redouane,Morocco,34.6833,-5.45,2026-09-17,2026-09-16 20:13:53.485633+00:00,29.7,18.3,0.0,0,12.9,24.8,3,open-meteo,4.09,91.14
Sidi Redouane,Morocco,34.6833,-5.45,2026-09-18,2026-09-16 20:13:53.485633+00:00,31.9,16.7,0.0,0,13.6,25.9,45,open-meteo,4.29,85.0
Sidi Redouane,Morocco,34.6833,-5.45,2026-09-19,2026-09-16 20:13:53.485633+00:00,36.3,20.1,0.0,0,14.6,29.9,1,open-meteo,10.01,92.99
Sidi Redouane,Morocco,34.6833,-5.45,2026-09-20,2026-09-16 20:13:53.485633+00:00,37.4,24.0,0.0,0,17.9,34.9,1,open-meteo,15.33,89.27
Sidi Redouane,Morocco,34.6833,-5.45,2026-09-21,2026-09-16 20:13:53.485633+00:00,36.7,24.2,0.0,0,14.8,30.6,1,open-meteo,11.71,91.8
Sidi Redouane,Morocco,34.6833,-5.45,2026-09-22,2026-09-16 20:13:53.485633+00:00,36.4,21.6,0.0,0,12.1,25.6,1,open-meteo,9.67,93.23
Zaouïa Aït Ishak,Morocco,32.76,-5.7233,2026-09-16,2026-09-16 20:13:53.568684+00:00,30.9,17.0,0.0,0,14.9,29.2,2,open-meteo,4.78,93.65
Zaouïa Aït Ishak,Morocco,32.76,-5.7233,2026-09-17,2026-09-16 20:13:53.568684+00:00,30.0,16.5,0.0,0,17.4,32.8,2,open-meteo,5.45,93.18
Zaouïa Aït Ishak,Morocco,32.76,-5.7233,2026-09-18,2026-09-16 20:13:53.568684+00:00,30.6,15.8,0.0,0,16.3,31.0,3,open-meteo,5.14,90.4
Zaouïa Aït Ishak,Morocco,32.76,-5.7233,2026-09-19,2026-09-16 20:13:53.568684+00:00,33.8,18.3,0.0,0,19.6,36.0,2,open-meteo,6.05,92.77
Zaouïa Aït Ishak,Morocco,32.76,-5.7233,2026-09-20,2026-09-16 20:13:53.568684+00:00,35.9,23.3,0.3,5,18.7,43.2,3,open-meteo,10.66,86.54
Zaouïa Aït Ishak,Morocco,32.76,-5.7233,2026-09-21,2026-09-16 20:13:53.568684+00:00,33.7,21.3,0.0,13,21.4,45.0,3,open-meteo,7.18,88.97
Zaouïa Aït Ishak,Morocco,32.76,-5.7233,2026-09-22,2026-09-16 20:13:53.568684+00:00,32.7,22.8,0.0,13,19.0,36.4,1,open-meteo,6.02,95.79
Douar Oulad Mbarek,Morocco,34.2957,-4.2885,2026-09-16,2026-09-16 20:13:53.659199+00:00,29.8,18.8,0.0,0,21.3,50.4,1,open-meteo,7.7,94.61
Douar Oulad Mbarek,Morocco,34.2957,-4.2885,2026-09-17,2026-09-16 20:13:53.659199+00:00,28.3,16.0,0.0,0,13.1,33.1,45,open-meteo,4.95,84.53
Douar Oulad Mbarek,Morocco,34.2957,-4.2885,2026-09-18,2026-09-16 20:13:53.659199+00:00,29.4,17.8,0.0,0,21.7,61.9,3,open-meteo,8.9,87.77
Douar Oulad Mbarek,Morocco,34.2957,-4.2885,2026-09-19,2026-09-16 20:13:53.659199+00:00,29.1,19.1,0.0,0,32.8,85.3,2,open-meteo,12.63,88.16
Douar Oulad Mbarek,Morocco,34.2957,-4.2885,2026-09-20,2026-09-16 20:13:53.659199+00:00,29.3,20.1,0.0,0,33.1,83.9,2,open-meteo,12.53,88.23
Douar Oulad Mbarek,Morocco,34.2957,-4.2885,2026-09-21,2026-09-16 20:13:53.659199+00:00,28.3,20.0,0.0,0,28.2,75.6,1,open-meteo,11.09,92.24
Douar Oulad Mbarek,Morocco,34.2957,-4.2885,2026-09-22,2026-09-16 20:13:53.659199+00:00,31.2,18.2,0.0,0,12.4,24.5,1,open-meteo,4.0,97.2
Arbaa Laaounate,Morocco,32.7446,-8.1942,2026-09-16,2026-09-16 20:13:53.741634+00:00,30.6,19.0,0.0,0,20.0,36.4,3,open-meteo,6.14,89.7
Arbaa Laaounate,Morocco,32.7446,-8.1942,2026-09-17,2026-09-16 20:13:53.741634+00:00,28.2,17.8,0.0,0,20.1,36.7,2,open-meteo,6.18,92.67
Arbaa Laaounate,Morocco,32.7446,-8.1942,2026-09-18,2026-09-16 20:13:53.741634+00:00,29.8,17.5,0.0,0,21.6,38.9,45,open-meteo,6.59,83.39
Arbaa Laaounate,Morocco,32.7446,-8.1942,2026-09-19,2026-09-16 20:13:53.741634+00:00,32.7,17.1,0.0,0,19.6,35.3,45,open-meteo,5.98,83.81
Arbaa Laaounate,Morocco,32.7446,-8.1942,2026-09-20,2026-09-16 20:13:53.741634+00:00,38.4,20.8,0.0,0,17.0,33.5,2,open-meteo,19.07,83.65
Arbaa Laaounate,Morocco,32.7446,-8.1942,2026-09-21,2026-09-16 20:13:53.741634+00:00,34.7,20.8,0.0,2,16.3,29.9,2,open-meteo,5.03,93.48
Arbaa Laaounate,Morocco,32.7446,-8.1942,2026-09-22,2026-09-16 20:13:53.741634+00:00,36.1,17.9,0.0,3,17.6,32.8,45,open-meteo,9.88,81.08
Dar Chaifat,Morocco,32.55,-7.5,2026-09-16,2026-09-16 20:13:53.824323+00:00,33.6,19.4,0.0,0,21.5,37.1,3,open-meteo,6.4,89.52
Dar Chaifat,Morocco,32.55,-7.5,2026-09-17,2026-09-16 20:13:53.824323+00:00,30.3,16.5,0.0,0,20.0,36.7,2,open-meteo,6.17,92.68
Dar Chaifat,Morocco,32.55,-7.5,2026-09-18,2026-09-16 20:13:53.824323+00:00,31.7,16.9,0.0,0,18.4,32.4,3,open-meteo,5.54,90.12
Dar Chaifat,Morocco,32.55,-7.5,2026-09-19,2026-09-16 20:13:53.824323+00:00,35.8,18.3,0.0,0,19.2,33.5,2,open-meteo,8.95,90.73
Dar Chaifat,Morocco,32.55,-7.5,2026-09-20,2026-09-16 20:13:53.824323+00:00,39.5,24.3,0.3,0,14.3,29.5,3,open-meteo,23.14,77.8
Dar Chaifat,Morocco,32.55,-7.5,2026-09-21,2026-09-16 20:13:53.824323+00:00,36.6,24.5,0.3,3,13.7,26.3,3,open-meteo,11.14,86.2
Dar Chaifat,Morocco,32.55,-7.5,2026-09-22,2026-09-16 20:13:53.824323+00:00,37.3,20.4,0.0,0,20.3,35.3,2,open-meteo,15.27,86.31
Ait Yazza,Morocco,30.5063,-8.7931,2026-09-16,2026-09-16 20:13:53.907906+00:00,37.7,23.5,0.0,0,25.9,46.4,2,open-meteo,18.68,83.92
Ait Yazza,Morocco,30.5063,-8.7931,2026-09-17,2026-09-16 20:13:53.907906+00:00,30.9,19.0,0.0,0,27.9,49.7,45,open-meteo,8.46,82.08
Ait Yazza,Morocco,30.5063,-8.7931,2026-09-18,2026-09-16 20:13:53.907906+00:00,31.0,18.6,0.0,0,24.6,43.9,3,open-meteo,7.46,88.78
Ait Yazza,Morocco,30.5063,-8.7931,2026-09-19,2026-09-16 20:13:53.907906+00:00,32.8,21.0,0.0,0,24.6,43.2,2,open-meteo,7.4,91.82
Ait Yazza,Morocco,30.5063,-8.7931,2026-09-20,2026-09-16 20:13:53.907906+00:00,33.8,21.3,0.0,0,26.6,49.0,2,open-meteo,8.22,91.25
Ait Yazza,Morocco,30.5063,-8.7931,2026-09-21,2026-09-16 20:13:53.907906+00:00,40.5,23.1,0.0,0,27.9,48.6,3,open-meteo,30.35,72.75
Ait Yazza,Morocco,30.5063,-8.7931,2026-09-22,2026-09-16 20:13:53.907906+00:00,38.6,24.4,0.0,0,14.8,26.6,3,open-meteo,18.91,80.76
Milla’ab,Morocco,31.4737,-4.7424,2026-09-16,2026-09-16 20:13:53.991167+00:00,33.9,23.5,0.0,0,20.0,33.1,3,open-meteo,5.81,89.93
Milla’ab,Morocco,31.4737,-4.7424,2026-09-17,2026-09-16 20:13:53.991167+00:00,32.7,21.4,0.6,43,27.3,45.0,80,open-meteo,8.71,77.4
Milla’ab,Morocco,31.4737,-4.7424,2026-09-18,2026-09-16 20:13:53.991167+00:00,32.5,20.0,0.1,25,18.4,34.6,3,open-meteo,5.89,89.88
Milla’ab,Morocco,31.4737,-4.7424,2026-09-19,2026-09-16 20:13:53.991167+00:00,33.0,20.5,0.0,8,14.9,23.8,2,open-meteo,4.24,94.03
Milla’ab,Morocco,31.4737,-4.7424,2026-09-20,2026-09-16 20:13:53.991167+00:00,32.7,23.1,0.3,10,15.5,25.6,3,open-meteo,4.9,90.57
Milla’ab,Morocco,31.4737,-4.7424,2026-09-21,2026-09-16 20:13:53.991167+00:00,30.8,22.1,0.9,10,18.8,36.0,3,open-meteo,7.15,88.99
Milla’ab,Morocco,31.4737,-4.7424,2026-09-22,2026-09-16 20:13:53.991167+00:00,32.9,18.0,0.0,10,20.1,30.2,1,open-meteo,5.53,96.13
Chouafa,Morocco,34.8988,-6.2177,2026-09-16,2026-09-16 20:13:54.079621+00:00,26.1,18.3,0.0,0,19.0,35.6,45,open-meteo,5.94,83.84
Chouafa,Morocco,34.8988,-6.2177,2026-09-17,2026-09-16 20:13:54.079621+00:00,26.2,17.8,0.0,0,14.5,26.6,3,open-meteo,4.47,90.87
Chouafa,Morocco,34.8988,-6.2177,2026-09-18,2026-09-16 20:13:54.079621+00:00,27.1,15.0,0.0,0,20.5,37.1,45,open-meteo,6.27,83.61
Chouafa,Morocco,34.8988,-6.2177,2026-09-19,2026-09-16 20:13:54.079621+00:00,33.1,17.5,0.0,0,18.1,33.1,45,open-meteo,5.57,84.1
Chouafa,Morocco,34.8988,-6.2177,2026-09-20,2026-09-16 20:13:54.079621+00:00,36.9,20.9,0.0,0,15.5,28.1,3,open-meteo,12.35,85.35
Chouafa,Morocco,34.8988,-6.2177,2026-09-21,2026-09-16 20:13:54.079621+00:00,35.0,20.9,0.0,0,18.7,33.1,0,open-meteo,5.65,96.04
Chouafa,Morocco,34.8988,-6.2177,2026-09-22,2026-09-16 20:13:54.079621+00:00,33.1,19.0,0.0,0,18.1,34.2,1,open-meteo,5.68,96.02
Sidi Zouine,Morocco,31.6706,-8.3456,2026-09-16,2026-09-16 20:13:54.165578+00:00,35.8,23.0,0.0,0,21.4,34.2,0,open-meteo,9.29,93.5
Sidi Zouine,Morocco,31.6706,-8.3456,2026-09-17,2026-09-16 20:13:54.165578+00:00,31.1,19.2,0.0,0,18.4,28.4,1,open-meteo,5.14,96.4
Sidi Zouine,Morocco,31.6706,-8.3456,2026-09-18,2026-09-16 20:13:54.165578+00:00,32.3,19.5,0.0,0,17.0,26.6,2,open-meteo,4.79,93.65
Sidi Zouine,Morocco,31.6706,-8.3456,2026-09-19,2026-09-16 20:13:54.165578+00:00,35.8,20.4,0.0,0,15.0,23.8,2,open-meteo,7.45,91.78
Sidi Zouine,Morocco,31.6706,-8.3456,2026-09-20,2026-09-16 20:13:54.165578+00:00,40.0,24.7,0.3,20,14.0,24.5,3,open-meteo,24.6,76.78
Sidi Zouine,Morocco,31.6706,-8.3456,2026-09-21,2026-09-16 20:13:54.165578+00:00,38.2,24.4,0.0,3,19.4,32.8,3,open-meteo,18.51,81.04
Sidi Zouine,Morocco,31.6706,-8.3456,2026-09-22,2026-09-16 20:13:54.165578+00:00,38.0,22.0,0.3,3,16.9,28.4,3,open-meteo,17.35,81.85
Ksar Sghir,Morocco,35.8419,-5.5586,2026-09-16,2026-09-16 20:13:54.250449+00:00,28.1,18.9,0.0,0,23.9,46.1,3,open-meteo,7.6,88.68
Ksar Sghir,Morocco,35.8419,-5.5586,2026-09-17,2026-09-16 20:13:54.250449+00:00,25.5,15.0,0.0,0,9.7,21.2,45,open-meteo,3.33,85.67
Ksar Sghir,Morocco,35.8419,-5.5586,2026-09-18,2026-09-16 20:13:54.250449+00:00,26.8,20.4,0.0,3,26.9,51.8,3,open-meteo,8.54,88.02
Ksar Sghir,Morocco,35.8419,-5.5586,2026-09-19,2026-09-16 20:13:54.250449+00:00,25.9,22.1,0.0,3,41.6,82.8,2,open-meteo,13.48,87.56
Ksar Sghir,Morocco,35.8419,-5.5586,2026-09-20,2026-09-16 20:13:54.250449+00:00,26.2,22.8,0.0,0,45.9,92.9,2,open-meteo,15.03,86.48
Ksar Sghir,Morocco,35.8419,-5.5586,2026-09-21,2026-09-16 20:13:54.250449+00:00,25.5,22.4,0.0,0,39.8,81.7,2,open-meteo,13.15,87.79
Ksar Sghir,Morocco,35.8419,-5.5586,2026-09-22,2026-09-16 20:13:54.250449+00:00,25.6,21.8,0.0,0,23.8,56.2,2,open-meteo,8.6,90.98
Ait Yaazem,Morocco,33.7446,-5.6087,2026-09-16,2026-09-16 20:13:54.333901+00:00,30.0,17.6,0.0,0,19.4,36.7,1,open-meteo,6.1,95.73
Ait Yaazem,Morocco,33.7446,-5.6087,2026-09-17,2026-09-16 20:13:54.333901+00:00,27.2,15.4,0.0,0,16.4,34.6,45,open-meteo,5.51,84.14
Ait Yaazem,Morocco,33.7446,-5.6087,2026-09-18,2026-09-16 20:13:54.333901+00:00,28.2,15.2,0.0,0,16.9,33.8,3,open-meteo,5.49,90.16
Ait Yaazem,Morocco,33.7446,-5.6087,2026-09-19,2026-09-16 20:13:54.333901+00:00,33.1,17.3,0.0,0,14.4,28.4,2,open-meteo,4.64,93.75
Ait Yaazem,Morocco,33.7446,-5.6087,2026-09-20,2026-09-16 20:13:54.333901+00:00,35.3,20.9,0.3,8,16.3,32.0,3,open-meteo,6.84,89.21
Ait Yaazem,Morocco,33.7446,-5.6087,2026-09-21,2026-09-16 20:13:54.333901+00:00,34.6,20.7,0.0,0,20.3,39.6,1,open-meteo,6.5,95.45
Ait Yaazem,Morocco,33.7446,-5.6087,2026-09-22,2026-09-16 20:13:54.333901+00:00,33.6,20.5,0.0,0,17.6,34.6,3,open-meteo,5.66,90.04
Bou Fekrane,Morocco,33.7571,-5.4853,2026-09-16,2026-09-16 20:13:54.417359+00:00,30.2,17.7,0.0,0,18.5,33.8,1,open-meteo,5.69,96.02
Bou Fekrane,Morocco,33.7571,-5.4853,2026-09-17,2026-09-16 20:13:54.417359+00:00,27.7,15.3,0.0,0,15.4,29.9,45,open-meteo,4.92,84.56
Bou Fekrane,Morocco,33.7571,-5.4853,2026-09-18,2026-09-16 20:13:54.417359+00:00,28.7,15.4,0.0,0,15.6,29.5,3,open-meteo,4.9,90.57
Bou Fekrane,Morocco,33.7571,-5.4853,2026-09-19,2026-09-16 20:13:54.417359+00:00,32.7,16.9,0.0,5,17.9,33.5,2,open-meteo,5.59,93.09
Bou Fekrane,Morocco,33.7571,-5.4853,2026-09-20,2026-09-16 20:13:54.417359+00:00,34.8,20.2,0.0,10,19.9,36.4,2,open-meteo,6.13,92.71
Bou Fekrane,Morocco,33.7571,-5.4853,2026-09-21,2026-09-16 20:13:54.417359+00:00,34.5,20.3,0.0,0,22.6,42.8,1,open-meteo,7.11,95.02
Bou Fekrane,Morocco,33.7571,-5.4853,2026-09-22,2026-09-16 20:13:54.417359+00:00,33.6,21.0,0.0,0,18.9,38.5,3,open-meteo,6.21,89.65
Tamazouzt,Morocco,31.3833,-8.3833,2026-09-16,2026-09-16 20:13:54.502184+00:00,33.5,21.7,0.0,0,23.1,36.7,1,open-meteo,6.56,95.41
Tamazouzt,Morocco,31.3833,-8.3833,2026-09-17,2026-09-16 20:13:54.502184+00:00,28.4,18.3,0.0,0,16.9,26.3,3,open-meteo,4.74,90.68
Tamazouzt,Morocco,31.3833,-8.3833,2026-09-18,2026-09-16 20:13:54.502184+00:00,29.6,17.3,0.0,0,13.4,21.6,2,open-meteo,3.84,94.31
Tamazouzt,Morocco,31.3833,-8.3833,2026-09-19,2026-09-16 20:13:54.502184+00:00,32.8,20.0,0.0,3,15.2,24.1,2,open-meteo,4.31,93.98
Tamazouzt,Morocco,31.3833,-8.3833,2026-09-20,2026-09-16 20:13:54.502184+00:00,36.9,23.7,0.3,30,18.3,36.0,3,open-meteo,13.89,84.28
Tamazouzt,Morocco,31.3833,-8.3833,2026-09-21,2026-09-16 20:13:54.502184+00:00,35.9,24.4,0.0,3,22.9,37.1,3,open-meteo,10.17,86.88
Tamazouzt,Morocco,31.3833,-8.3833,2026-09-22,2026-09-16 20:13:54.502184+00:00,35.7,25.6,0.9,3,14.3,23.4,80,open-meteo,8.13,77.81
Zirara,Morocco,34.2279,-5.7473,2026-09-16,2026-09-16 20:13:54.589562+00:00,31.2,20.7,0.0,0,21.1,40.3,2,open-meteo,6.67,92.33
Zirara,Morocco,34.2279,-5.7473,2026-09-17,2026-09-16 20:13:54.589562+00:00,29.4,19.0,0.0,0,13.3,26.3,3,open-meteo,4.29,91.0
Zirara,Morocco,34.2279,-5.7473,2026-09-18,2026-09-16 20:13:54.589562+00:00,31.9,17.2,0.0,0,16.2,33.5,45,open-meteo,5.38,84.23
Zirara,Morocco,34.2279,-5.7473,2026-09-19,2026-09-16 20:13:54.589562+00:00,37.0,18.5,0.0,0,17.3,32.8,2,open-meteo,13.44,87.59
Zirara,Morocco,34.2279,-5.7473,2026-09-20,2026-09-16 20:13:54.589562+00:00,39.2,24.7,0.0,0,20.9,39.6,2,open-meteo,23.37,80.64
Zirara,Morocco,34.2279,-5.7473,2026-09-21,2026-09-16 20:13:54.589562+00:00,38.0,25.2,0.0,0,17.6,34.4,0,open-meteo,17.64,87.65
Zirara,Morocco,34.2279,-5.7473,2026-09-22,2026-09-16 20:13:54.589562+00:00,37.3,22.0,0.0,0,13.5,29.9,3,open-meteo,13.88,84.28
Al Qbab,Morocco,32.6697,-5.4647,2026-09-16,2026-09-16 20:13:54.673176+00:00,22.1,12.4,0.0,0,21.3,43.2,0,open-meteo,6.98,95.11
Al Qbab,Morocco,32.6697,-5.4647,2026-09-17,2026-09-16 20:13:54.673176+00:00,23.5,12.7,0.0,5,21.9,44.6,3,open-meteo,7.2,88.96
Al Qbab,Morocco,32.6697,-5.4647,2026-09-18,2026-09-16 20:13:54.673176+00:00,22.7,12.5,0.0,0,24.7,47.5,3,open-meteo,7.84,88.51
Al Qbab,Morocco,32.6697,-5.4647,2026-09-19,2026-09-16 20:13:54.673176+00:00,25.4,12.6,0.1,23,18.7,43.9,3,open-meteo,6.86,89.2
Al Qbab,Morocco,32.6697,-5.4647,2026-09-20,2026-09-16 20:13:54.673176+00:00,25.8,14.3,0.6,20,15.4,36.0,80,open-meteo,6.33,79.07
Al Qbab,Morocco,32.6697,-5.4647,2026-09-21,2026-09-16 20:13:54.673176+00:00,24.7,14.3,0.3,35,22.9,48.2,3,open-meteo,8.08,88.34
Al Qbab,Morocco,32.6697,-5.4647,2026-09-22,2026-09-16 20:13:54.673176+00:00,23.9,12.3,0.0,35,20.6,40.0,2,open-meteo,6.58,92.39
Khat Azakane,Morocco,32.2226,-9.1343,2026-09-16,2026-09-16 20:13:54.760180+00:00,31.1,20.9,0.0,0,20.7,38.9,2,open-meteo,6.48,92.46
Khat Azakane,Morocco,32.2226,-9.1343,2026-09-17,2026-09-16 20:13:54.760180+00:00,27.6,19.4,0.0,0,19.1,36.7,3,open-meteo,6.06,89.76
Khat Azakane,Morocco,32.2226,-9.1343,2026-09-18,2026-09-16 20:13:54.760180+00:00,29.7,19.0,0.0,0,18.9,35.6,2,open-meteo,5.92,92.86
Khat Azakane,Morocco,32.2226,-9.1343,2026-09-19,2026-09-16 20:13:54.760180+00:00,31.4,18.5,0.0,0,17.0,32.8,3,open-meteo,5.41,90.21
Khat Azakane,Morocco,32.2226,-9.1343,2026-09-20,2026-09-16 20:13:54.760180+00:00,32.4,22.0,0.0,0,18.5,35.3,3,open-meteo,5.84,89.91
Khat Azakane,Morocco,32.2226,-9.1343,2026-09-21,2026-09-16 20:13:54.760180+00:00,30.0,20.2,0.0,0,10.2,19.8,3,open-meteo,3.26,91.72
Khat Azakane,Morocco,32.2226,-9.1343,2026-09-22,2026-09-16 20:13:54.760180+00:00,29.9,18.4,0.0,0,10.6,20.2,45,open-meteo,3.35,85.66
Ketama,Morocco,34.9158,-4.5686,2026-09-16,2026-09-16 20:13:54.846130+00:00,25.1,15.9,0.0,0,27.4,70.2,0,open-meteo,10.45,92.69
Ketama,Morocco,34.9158,-4.5686,2026-09-17,2026-09-16 20:13:54.846130+00:00,23.6,12.5,0.0,0,16.3,47.9,45,open-meteo,6.83,83.22
Ketama,Morocco,34.9158,-4.5686,2026-09-18,2026-09-16 20:13:54.846130+00:00,21.8,11.2,0.0,0,15.1,29.9,45,open-meteo,4.88,84.58
Ketama,Morocco,34.9158,-4.5686,2026-09-19,2026-09-16 20:13:54.846130+00:00,22.8,12.5,0.0,0,14.5,34.2,3,open-meteo,5.23,90.34
Ketama,Morocco,34.9158,-4.5686,2026-09-20,2026-09-16 20:13:54.846130+00:00,22.6,13.0,0.0,0,14.2,28.8,2,open-meteo,4.66,93.74
Ketama,Morocco,34.9158,-4.5686,2026-09-21,2026-09-16 20:13:54.846130+00:00,25.3,12.2,0.0,0,10.9,20.5,2,open-meteo,3.41,94.61
Ketama,Morocco,34.9158,-4.5686,2026-09-22,2026-09-16 20:13:54.846130+00:00,26.0,13.5,0.0,0,11.0,24.8,2,open-meteo,3.85,94.3
Douar Bni Ansar,Morocco,35.1586,-4.9128,2026-09-16,2026-09-16 20:13:54.931260+00:00,28.2,18.0,0.0,0,24.5,56.2,2,open-meteo,8.68,90.92
Douar Bni Ansar,Morocco,35.1586,-4.9128,2026-09-17,2026-09-16 20:13:54.931260+00:00,24.1,13.1,0.0,0,13.1,32.4,3,open-meteo,4.88,90.58
Douar Bni Ansar,Morocco,35.1586,-4.9128,2026-09-18,2026-09-16 20:13:54.931260+00:00,23.3,12.2,0.0,0,13.0,29.2,45,open-meteo,4.55,84.81
Douar Bni Ansar,Morocco,35.1586,-4.9128,2026-09-19,2026-09-16 20:13:54.931260+00:00,22.9,14.0,0.0,0,14.5,32.8,45,open-meteo,5.09,84.44
Douar Bni Ansar,Morocco,35.1586,-4.9128,2026-09-20,2026-09-16 20:13:54.931260+00:00,22.9,14.7,0.0,0,14.7,32.4,45,open-meteo,5.08,84.44
Douar Bni Ansar,Morocco,35.1586,-4.9128,2026-09-21,2026-09-16 20:13:54.931260+00:00,23.2,15.0,0.0,0,14.5,29.9,45,open-meteo,4.8,84.64
Douar Bni Ansar,Morocco,35.1586,-4.9128,2026-09-22,2026-09-16 20:13:54.931260+00:00,25.4,14.9,0.0,0,10.6,24.5,2,open-meteo,3.78,94.35
Sidi Ettiji,Morocco,32.1717,-8.8686,2026-09-16,2026-09-16 20:13:55.019402+00:00,32.0,19.4,0.0,0,19.8,37.8,2,open-meteo,6.25,92.62
Sidi Ettiji,Morocco,32.1717,-8.8686,2026-09-17,2026-09-16 20:13:55.019402+00:00,27.9,17.6,0.0,0,18.9,36.7,3,open-meteo,6.03,89.78
Sidi Ettiji,Morocco,32.1717,-8.8686,2026-09-18,2026-09-16 20:13:55.019402+00:00,30.0,17.1,0.0,0,18.1,34.2,2,open-meteo,5.68,93.02
Sidi Ettiji,Morocco,32.1717,-8.8686,2026-09-19,2026-09-16 20:13:55.019402+00:00,32.5,17.1,0.0,0,15.1,29.5,2,open-meteo,4.84,93.61
Sidi Ettiji,Morocco,32.1717,-8.8686,2026-09-20,2026-09-16 20:13:55.019402+00:00,34.6,22.2,0.0,3,19.6,37.8,3,open-meteo,6.23,89.64
Sidi Ettiji,Morocco,32.1717,-8.8686,2026-09-21,2026-09-16 20:13:55.019402+00:00,34.9,20.6,0.0,0,16.3,33.5,3,open-meteo,5.39,90.23
Sidi Ettiji,Morocco,32.1717,-8.8686,2026-09-22,2026-09-16 20:13:55.019402+00:00,35.8,20.1,0.0,3,18.0,36.4,3,open-meteo,9.09,87.64
Anazzou,Morocco,30.6333,-8.05,2026-09-16,2026-09-16 20:13:55.108673+00:00,33.7,19.8,0.0,0,20.9,41.4,1,open-meteo,6.75,95.27
Anazzou,Morocco,30.6333,-8.05,2026-09-17,2026-09-16 20:13:55.108673+00:00,32.1,17.2,0.0,5,19.2,35.3,3,open-meteo,5.93,89.85
Anazzou,Morocco,30.6333,-8.05,2026-09-18,2026-09-16 20:13:55.108673+00:00,31.7,16.8,0.0,5,19.5,44.6,3,open-meteo,6.9,89.17
Anazzou,Morocco,30.6333,-8.05,2026-09-19,2026-09-16 20:13:55.108673+00:00,33.6,18.4,0.0,5,18.4,34.2,3,open-meteo,5.72,90.0
Anazzou,Morocco,30.6333,-8.05,2026-09-20,2026-09-16 20:13:55.108673+00:00,34.1,21.0,0.0,5,23.3,42.5,2,open-meteo,7.16,91.99
Anazzou,Morocco,30.6333,-8.05,2026-09-21,2026-09-16 20:13:55.108673+00:00,34.2,20.8,0.0,3,26.4,52.9,2,open-meteo,8.59,90.99
Anazzou,Morocco,30.6333,-8.05,2026-09-22,2026-09-16 20:13:55.108673+00:00,32.5,18.9,0.3,3,15.5,41.4,3,open-meteo,6.48,89.46
Bni Rzine,Morocco,35.0108,-4.7262,2026-09-16,2026-09-16 20:13:55.193614+00:00,27.1,16.5,0.0,0,22.9,61.2,2,open-meteo,8.98,90.71
Bni Rzine,Morocco,35.0108,-4.7262,2026-09-17,2026-09-16 20:13:55.193614+00:00,26.2,13.8,0.0,0,10.9,45.7,3,open-meteo,5.93,89.85
Bni Rzine,Morocco,35.0108,-4.7262,2026-09-18,2026-09-16 20:13:55.193614+00:00,23.6,12.2,0.0,3,13.6,28.8,45,open-meteo,4.58,84.79
Bni Rzine,Morocco,35.0108,-4.7262,2026-09-19,2026-09-16 20:13:55.193614+00:00,23.8,14.3,0.0,0,15.7,34.6,45,open-meteo,5.42,84.21
Bni Rzine,Morocco,35.0108,-4.7262,2026-09-20,2026-09-16 20:13:55.193614+00:00,23.9,15.3,0.0,0,14.9,31.0,45,open-meteo,4.96,84.53
Bni Rzine,Morocco,35.0108,-4.7262,2026-09-21,2026-09-16 20:13:55.193614+00:00,22.6,14.1,0.0,0,14.8,32.4,45,open-meteo,5.09,84.44
Bni Rzine,Morocco,35.0108,-4.7262,2026-09-22,2026-09-16 20:13:55.193614+00:00,24.6,12.4,0.0,0,13.0,28.1,45,open-meteo,4.44,84.89
Sidi Lamine,Morocco,32.9,-6.05,2026-09-16,2026-09-16 20:13:55.276773+00:00,32.6,16.6,0.0,0,16.4,31.3,2,open-meteo,5.18,93.37
Sidi Lamine,Morocco,32.9,-6.05,2026-09-17,2026-09-16 20:13:55.276773+00:00,31.4,16.3,0.0,0,17.5,33.8,2,open-meteo,5.57,93.1
Sidi Lamine,Morocco,32.9,-6.05,2026-09-18,2026-09-16 20:13:55.276773+00:00,31.6,16.2,0.0,0,16.1,29.5,3,open-meteo,4.96,90.53
Sidi Lamine,Morocco,32.9,-6.05,2026-09-19,2026-09-16 20:13:55.276773+00:00,35.3,18.2,0.0,0,16.9,29.9,3,open-meteo,6.3,89.59
Sidi Lamine,Morocco,32.9,-6.05,2026-09-20,2026-09-16 20:13:55.276773+00:00,37.2,23.5,0.3,8,12.6,27.0,3,open-meteo,13.48,84.56
Sidi Lamine,Morocco,32.9,-6.05,2026-09-21,2026-09-16 20:13:55.276773+00:00,35.3,21.8,0.3,0,17.9,33.5,3,open-meteo,7.19,88.97
Sidi Lamine,Morocco,32.9,-6.05,2026-09-22,2026-09-16 20:13:55.276773+00:00,34.4,19.1,0.0,5,13.4,25.2,2,open-meteo,4.2,94.06
Oulad Amrane,Morocco,32.2833,-9.2333,2026-09-16,2026-09-16 20:13:55.359737+00:00,27.9,21.0,0.0,0,26.8,48.2,2,open-meteo,8.17,91.28
Oulad Amrane,Morocco,32.2833,-9.2333,2026-09-17,2026-09-16 20:13:55.359737+00:00,25.1,19.5,0.0,0,21.2,38.5,3,open-meteo,6.5,89.45
Oulad Amrane,Morocco,32.2833,-9.2333,2026-09-18,2026-09-16 20:13:55.359737+00:00,25.9,19.2,0.0,0,22.1,39.2,2,open-meteo,6.68,92.32
Oulad Amrane,Morocco,32.2833,-9.2333,2026-09-19,2026-09-16 20:13:55.359737+00:00,27.3,18.7,0.0,0,21.5,38.5,2,open-meteo,6.54,92.42
Oulad Amrane,Morocco,32.2833,-9.2333,2026-09-20,2026-09-16 20:13:55.359737+00:00,26.7,20.1,0.0,0,10.9,20.2,3,open-meteo,3.38,91.63
Oulad Amrane,Morocco,32.2833,-9.2333,2026-09-21,2026-09-16 20:13:55.359737+00:00,30.1,19.2,0.0,0,10.1,19.4,3,open-meteo,3.2,91.76
Oulad Amrane,Morocco,32.2833,-9.2333,2026-09-22,2026-09-16 20:13:55.359737+00:00,30.0,18.5,0.0,0,10.6,20.2,45,open-meteo,3.35,85.66
Tagalft,Morocco,32.2381,-6.1194,2026-09-16,2026-09-16 20:13:55.443973+00:00,27.2,15.5,0.0,0,15.1,29.9,1,open-meteo,4.88,96.58
Tagalft,Morocco,32.2381,-6.1194,2026-09-17,2026-09-16 20:13:55.443973+00:00,29.0,14.0,0.3,0,13.0,25.6,80,open-meteo,4.58,80.29
Tagalft,Morocco,32.2381,-6.1194,2026-09-18,2026-09-16 20:13:55.443973+00:00,27.9,14.4,0.0,0,10.7,21.2,3,open-meteo,3.46,91.58
Tagalft,Morocco,32.2381,-6.1194,2026-09-19,2026-09-16 20:13:55.443973+00:00,29.4,16.4,0.1,3,16.3,27.4,2,open-meteo,4.91,93.56
Tagalft,Morocco,32.2381,-6.1194,2026-09-20,2026-09-16 20:13:55.443973+00:00,30.6,18.0,0.0,25,8.7,25.6,3,open-meteo,3.65,91.44
Tagalft,Morocco,32.2381,-6.1194,2026-09-21,2026-09-16 20:13:55.443973+00:00,31.2,18.7,0.6,15,19.4,40.3,3,open-meteo,7.26,88.92
Tagalft,Morocco,32.2381,-6.1194,2026-09-22,2026-09-16 20:13:55.443973+00:00,31.3,21.3,0.0,15,21.6,42.5,2,open-meteo,6.95,92.13
Ghouazi,Morocco,34.4725,-5.2131,2026-09-16,2026-09-16 20:13:55.526905+00:00,31.3,20.0,0.0,0,20.1,39.2,3,open-meteo,6.43,89.5
Ghouazi,Morocco,34.4725,-5.2131,2026-09-17,2026-09-16 20:13:55.526905+00:00,29.9,19.0,0.0,0,13.6,27.7,3,open-meteo,4.47,90.87
Ghouazi,Morocco,34.4725,-5.2131,2026-09-18,2026-09-16 20:13:55.526905+00:00,32.1,17.7,0.0,0,11.0,22.3,3,open-meteo,3.6,91.48
Ghouazi,Morocco,34.4725,-5.2131,2026-09-19,2026-09-16 20:13:55.526905+00:00,36.6,21.3,0.0,0,20.2,40.0,1,open-meteo,12.93,90.95
Ghouazi,Morocco,34.4725,-5.2131,2026-09-20,2026-09-16 20:13:55.526905+00:00,37.3,24.1,0.0,0,19.5,39.6,1,open-meteo,15.6,89.08
Ghouazi,Morocco,34.4725,-5.2131,2026-09-21,2026-09-16 20:13:55.526905+00:00,36.3,24.1,0.0,0,16.9,33.5,2,open-meteo,10.66,89.54
Ghouazi,Morocco,34.4725,-5.2131,2026-09-22,2026-09-16 20:13:55.526905+00:00,36.4,22.2,0.0,0,12.6,25.6,1,open-meteo,9.73,93.19
Tabant,Morocco,31.6581,-6.42,2026-09-16,2026-09-16 20:13:57.084158+00:00,24.8,12.9,0.0,0,16.4,36.0,1,open-meteo,5.65,96.04
Tabant,Morocco,31.6581,-6.42,2026-09-17,2026-09-16 20:13:57.084158+00:00,25.8,14.5,2.8,70,12.2,42.1,80,open-meteo,9.47,76.87
Tabant,Morocco,31.6581,-6.42,2026-09-18,2026-09-16 20:13:57.084158+00:00,24.9,13.7,0.4,17,18.3,40.0,3,open-meteo,6.82,89.23
Tabant,Morocco,31.6581,-6.42,2026-09-19,2026-09-16 20:13:57.084158+00:00,25.9,15.2,0.4,58,12.1,27.0,80,open-meteo,4.75,80.17
Tabant,Morocco,31.6581,-6.42,2026-09-20,2026-09-16 20:13:57.084158+00:00,25.8,16.6,0.6,50,12.2,37.8,80,open-meteo,6.11,79.22
Tabant,Morocco,31.6581,-6.42,2026-09-21,2026-09-16 20:13:57.084158+00:00,24.5,15.4,1.35,47,18.3,38.9,80,open-meteo,7.98,77.91
Tabant,Morocco,31.6581,-6.42,2026-09-22,2026-09-16 20:13:57.084158+00:00,25.1,13.0,0.0,48,25.4,55.1,2,open-meteo,8.69,90.92
Oued Jdida,Morocco,33.9333,-5.3667,2026-09-16,2026-09-16 20:13:57.178528+00:00,32.1,19.2,0.0,0,18.9,35.6,0,open-meteo,5.92,95.86
Oued Jdida,Morocco,33.9333,-5.3667,2026-09-17,2026-09-16 20:13:57.178528+00:00,28.7,17.1,0.0,0,12.7,24.8,45,open-meteo,4.07,85.15
Oued Jdida,Morocco,33.9333,-5.3667,2026-09-18,2026-09-16 20:13:57.178528+00:00,30.1,17.3,0.0,0,13.7,27.0,3,open-meteo,4.41,90.91
Oued Jdida,Morocco,33.9333,-5.3667,2026-09-19,2026-09-16 20:13:57.178528+00:00,34.3,19.3,0.0,0,15.9,30.2,2,open-meteo,5.01,93.49
Oued Jdida,Morocco,33.9333,-5.3667,2026-09-20,2026-09-16 20:13:57.178528+00:00,35.9,20.1,0.0,3,18.4,34.9,2,open-meteo,9.39,90.43
Oued Jdida,Morocco,33.9333,-5.3667,2026-09-21,2026-09-16 20:13:57.178528+00:00,35.6,20.3,0.0,0,13.8,27.4,1,open-meteo,6.87,95.19
Oued Jdida,Morocco,33.9333,-5.3667,2026-09-22,2026-09-16 20:13:57.178528+00:00,35.0,21.7,0.0,0,15.3,27.7,3,open-meteo,4.68,90.72
Bouarouss,Morocco,34.3918,-4.8302,2026-09-16,2026-09-16 20:13:57.265094+00:00,30.9,19.5,0.0,0,19.1,38.9,2,open-meteo,6.28,92.6
Bouarouss,Morocco,34.3918,-4.8302,2026-09-17,2026-09-16 20:13:57.265094+00:00,29.1,17.2,0.0,0,13.4,27.7,3,open-meteo,4.45,90.88
Bouarouss,Morocco,34.3918,-4.8302,2026-09-18,2026-09-16 20:13:57.265094+00:00,31.3,17.0,0.0,0,15.5,34.2,3,open-meteo,5.36,90.25
Bouarouss,Morocco,34.3918,-4.8302,2026-09-19,2026-09-16 20:13:57.265094+00:00,33.4,21.7,0.0,0,28.5,59.0,1,open-meteo,9.46,93.38
Bouarouss,Morocco,34.3918,-4.8302,2026-09-20,2026-09-16 20:13:57.265094+00:00,33.6,22.6,0.0,0,26.0,54.0,1,open-meteo,8.65,93.94
Bouarouss,Morocco,34.3918,-4.8302,2026-09-21,2026-09-16 20:13:57.265094+00:00,33.1,22.4,0.0,0,23.2,47.2,1,open-meteo,7.62,94.67
Bouarouss,Morocco,34.3918,-4.8302,2026-09-22,2026-09-16 20:13:57.265094+00:00,34.9,22.0,0.0,0,14.2,30.6,1,open-meteo,4.84,96.61
Aç-çahrij,Morocco,31.7914,-7.1475,2026-09-16,2026-09-16 20:13:57.358399+00:00,33.1,18.1,0.0,0,17.8,32.8,1,open-meteo,5.5,96.15
Aç-çahrij,Morocco,31.7914,-7.1475,2026-09-17,2026-09-16 20:13:57.358399+00:00,29.2,16.8,0.0,0,13.9,29.2,45,open-meteo,4.66,84.74
Aç-çahrij,Morocco,31.7914,-7.1475,2026-09-18,2026-09-16 20:13:57.358399+00:00,30.5,16.2,0.0,0,12.6,24.1,3,open-meteo,3.99,91.21
Aç-çahrij,Morocco,31.7914,-7.1475,2026-09-19,2026-09-16 20:13:57.358399+00:00,34.8,18.8,0.0,0,13.5,25.2,2,open-meteo,4.21,94.05
Aç-çahrij,Morocco,31.7914,-7.1475,2026-09-20,2026-09-16 20:13:57.358399+00:00,37.5,22.1,0.0,25,17.3,45.0,3,open-meteo,16.66,82.34
Aç-çahrij,Morocco,31.7914,-7.1475,2026-09-21,2026-09-16 20:13:57.358399+00:00,34.7,22.8,0.0,3,15.2,31.0,3,open-meteo,5.0,90.5
Aç-çahrij,Morocco,31.7914,-7.1475,2026-09-22,2026-09-16 20:13:57.358399+00:00,35.3,24.5,0.0,3,20.9,39.6,3,open-meteo,7.77,88.56
Ahfir,Morocco,34.9514,-2.1025,2026-09-16,2026-09-16 20:13:57.445026+00:00,31.4,19.3,0.0,0,15.6,29.9,2,open-meteo,4.94,93.54
Ahfir,Morocco,34.9514,-2.1025,2026-09-17,2026-09-16 20:13:57.445026+00:00,24.9,18.5,0.0,0,14.7,28.4,3,open-meteo,4.68,90.72
Ahfir,Morocco,34.9514,-2.1025,2026-09-18,2026-09-16 20:13:57.445026+00:00,25.5,18.0,0.0,3,16.1,31.3,3,open-meteo,5.14,90.4
Ahfir,Morocco,34.9514,-2.1025,2026-09-19,2026-09-16 20:13:57.445026+00:00,25.9,18.3,0.0,0,19.4,37.4,45,open-meteo,6.17,83.68
Ahfir,Morocco,34.9514,-2.1025,2026-09-20,2026-09-16 20:13:57.445026+00:00,26.4,19.0,0.0,0,15.4,31.3,45,open-meteo,5.06,84.46
Ahfir,Morocco,34.9514,-2.1025,2026-09-21,2026-09-16 20:13:57.445026+00:00,27.8,18.8,0.0,3,13.7,31.3,45,open-meteo,4.84,84.61
Ahfir,Morocco,34.9514,-2.1025,2026-09-22,2026-09-16 20:13:57.445026+00:00,28.4,19.6,0.0,0,12.3,26.6,45,open-meteo,4.2,85.06
Beni Zouli,Morocco,30.4839,-5.8619,2026-09-16,2026-09-16 20:13:57.529809+00:00,36.3,23.4,0.0,0,9.7,14.0,1,open-meteo,7.81,94.53
Beni Zouli,Morocco,30.4839,-5.8619,2026-09-17,2026-09-16 20:13:57.529809+00:00,33.4,25.1,0.1,20,15.4,29.5,3,open-meteo,5.01,90.49
Beni Zouli,Morocco,30.4839,-5.8619,2026-09-18,2026-09-16 20:13:57.529809+00:00,34.3,22.1,0.0,3,15.2,22.3,3,open-meteo,4.13,91.11
Beni Zouli,Morocco,30.4839,-5.8619,2026-09-19,2026-09-16 20:13:57.529809+00:00,35.0,24.5,0.0,3,21.1,31.3,2,open-meteo,5.77,92.96
Beni Zouli,Morocco,30.4839,-5.8619,2026-09-20,2026-09-16 20:13:57.529809+00:00,35.2,24.8,0.0,3,16.2,27.0,2,open-meteo,5.53,93.13
Beni Zouli,Morocco,30.4839,-5.8619,2026-09-21,2026-09-16 20:13:57.529809+00:00,35.3,25.6,0.6,3,12.9,20.5,3,open-meteo,5.66,90.04
Beni Zouli,Morocco,30.4839,-5.8619,2026-09-22,2026-09-16 20:13:57.529809+00:00,36.5,23.5,0.0,3,22.1,49.3,3,open-meteo,13.69,84.42
Timezgana,Morocco,34.5833,-4.7333,2026-09-16,2026-09-16 20:13:57.616212+00:00,30.6,18.3,0.0,0,18.4,38.5,2,open-meteo,6.15,92.69
Timezgana,Morocco,34.5833,-4.7333,2026-09-17,2026-09-16 20:13:57.616212+00:00,29.5,17.3,0.0,0,13.8,28.4,45,open-meteo,4.56,84.81
Timezgana,Morocco,34.5833,-4.7333,2026-09-18,2026-09-16 20:13:57.616212+00:00,31.7,15.5,0.0,0,9.9,20.2,3,open-meteo,3.26,91.72
Timezgana,Morocco,34.5833,-4.7333,2026-09-19,2026-09-16 20:13:57.616212+00:00,34.4,18.5,0.0,0,22.5,44.3,2,open-meteo,7.24,91.93
Timezgana,Morocco,34.5833,-4.7333,2026-09-20,2026-09-16 20:13:57.616212+00:00,35.0,20.5,0.0,3,18.5,39.6,2,open-meteo,6.27,92.61
Timezgana,Morocco,34.5833,-4.7333,2026-09-21,2026-09-16 20:13:57.616212+00:00,33.9,19.6,0.0,0,15.5,28.8,1,open-meteo,4.82,96.63
Timezgana,Morocco,34.5833,-4.7333,2026-09-22,2026-09-16 20:13:57.616212+00:00,34.8,18.0,0.0,0,7.9,16.6,1,open-meteo,2.65,98.14
Douar El Arbaa Bou Quorra,Morocco,34.7485,-5.1971,2026-09-16,2026-09-16 20:13:57.701403+00:00,30.3,16.7,0.0,0,17.5,32.8,2,open-meteo,5.47,93.17
Douar El Arbaa Bou Quorra,Morocco,34.7485,-5.1971,2026-09-17,2026-09-16 20:13:57.701403+00:00,29.5,16.4,0.0,0,14.2,26.3,3,open-meteo,4.41,90.91
Douar El Arbaa Bou Quorra,Morocco,34.7485,-5.1971,2026-09-18,2026-09-16 20:13:57.701403+00:00,32.1,14.0,0.0,0,15.3,29.5,3,open-meteo,4.86,90.6
Douar El Arbaa Bou Quorra,Morocco,34.7485,-5.1971,2026-09-19,2026-09-16 20:13:57.701403+00:00,34.3,18.2,0.0,0,21.0,43.6,1,open-meteo,6.98,95.11
Douar El Arbaa Bou Quorra,Morocco,34.7485,-5.1971,2026-09-20,2026-09-16 20:13:57.701403+00:00,35.0,20.1,0.0,0,19.2,36.4,1,open-meteo,6.04,95.77
Douar El Arbaa Bou Quorra,Morocco,34.7485,-5.1971,2026-09-21,2026-09-16 20:13:57.701403+00:00,35.1,18.8,0.0,0,11.8,35.3,2,open-meteo,5.41,93.21
Douar El Arbaa Bou Quorra,Morocco,34.7485,-5.1971,2026-09-22,2026-09-16 20:13:57.701403+00:00,34.9,19.6,0.0,0,9.5,21.6,1,open-meteo,3.35,97.66
Knemis Dades,Morocco,31.309,-6.028,2026-09-16,2026-09-16 20:13:57.784118+00:00,30.1,16.9,0.0,0,24.8,42.1,1,open-meteo,7.31,94.88
Knemis Dades,Morocco,31.309,-6.028,2026-09-17,2026-09-16 20:13:57.784118+00:00,27.2,16.8,1.2,48,22.2,36.7,80,open-meteo,8.04,77.87
Knemis Dades,Morocco,31.309,-6.028,2026-09-18,2026-09-16 20:13:57.784118+00:00,28.4,15.0,0.1,30,28.3,44.6,3,open-meteo,8.13,88.31
Knemis Dades,Morocco,31.309,-6.028,2026-09-19,2026-09-16 20:13:57.784118+00:00,28.0,17.8,0.0,40,28.6,47.5,3,open-meteo,8.33,88.17
Knemis Dades,Morocco,31.309,-6.028,2026-09-20,2026-09-16 20:13:57.784118+00:00,28.5,18.5,0.3,38,15.5,24.5,3,open-meteo,4.79,90.65
Knemis Dades,Morocco,31.309,-6.028,2026-09-21,2026-09-16 20:13:57.784118+00:00,27.5,18.3,0.9,13,25.6,50.4,80,open-meteo,9.44,76.89
Knemis Dades,Morocco,31.309,-6.028,2026-09-22,2026-09-16 20:13:57.784118+00:00,29.1,17.5,0.0,13,29.4,52.9,2,open-meteo,8.96,90.73
Aghbal,Morocco,34.9394,-2.1272,2026-09-16,2026-09-16 20:13:57.869301+00:00,31.5,19.4,0.0,0,15.6,29.9,2,open-meteo,4.94,93.54
Aghbal,Morocco,34.9394,-2.1272,2026-09-17,2026-09-16 20:13:57.869301+00:00,25.0,18.6,0.0,0,14.7,28.4,3,open-meteo,4.68,90.72
Aghbal,Morocco,34.9394,-2.1272,2026-09-18,2026-09-16 20:13:57.869301+00:00,25.6,18.1,0.0,3,16.1,31.3,3,open-meteo,5.14,90.4
Aghbal,Morocco,34.9394,-2.1272,2026-09-19,2026-09-16 20:13:57.869301+00:00,26.0,18.4,0.0,0,19.4,37.4,45,open-meteo,6.17,83.68
Aghbal,Morocco,34.9394,-2.1272,2026-09-20,2026-09-16 20:13:57.869301+00:00,26.5,19.1,0.0,0,15.4,31.3,45,open-meteo,5.06,84.46
Aghbal,Morocco,34.9394,-2.1272,2026-09-21,2026-09-16 20:13:57.869301+00:00,27.9,18.9,0.0,3,13.7,31.3,45,open-meteo,4.84,84.61
Aghbal,Morocco,34.9394,-2.1272,2026-09-22,2026-09-16 20:13:57.869301+00:00,28.5,19.7,0.0,0,12.3,26.6,45,open-meteo,4.2,85.06
Ouaouzgane,Morocco,35.0199,-4.5181,2026-09-16,2026-09-16 20:13:57.957758+00:00,28.1,17.6,0.0,0,29.2,59.8,1,open-meteo,9.63,93.26
Ouaouzgane,Morocco,35.0199,-4.5181,2026-09-17,2026-09-16 20:13:57.957758+00:00,21.4,13.5,0.0,0,12.6,30.6,3,open-meteo,4.63,90.76
Ouaouzgane,Morocco,35.0199,-4.5181,2026-09-18,2026-09-16 20:13:57.957758+00:00,20.7,12.3,0.0,3,13.2,27.4,45,open-meteo,4.39,84.93
Ouaouzgane,Morocco,35.0199,-4.5181,2026-09-19,2026-09-16 20:13:57.957758+00:00,21.5,12.8,0.0,0,13.5,34.9,45,open-meteo,5.18,84.37
Ouaouzgane,Morocco,35.0199,-4.5181,2026-09-20,2026-09-16 20:13:57.957758+00:00,21.8,13.4,0.0,0,11.3,29.2,45,open-meteo,4.33,84.97
Ouaouzgane,Morocco,35.0199,-4.5181,2026-09-21,2026-09-16 20:13:57.957758+00:00,20.3,13.4,0.0,0,14.6,28.8,45,open-meteo,4.71,84.7
Ouaouzgane,Morocco,35.0199,-4.5181,2026-09-22,2026-09-16 20:13:57.957758+00:00,21.0,13.5,0.0,0,12.9,28.4,1,open-meteo,4.45,96.88
Sidi Azzouz,Morocco,34.5411,-5.7516,2026-09-16,2026-09-16 20:13:58.130137+00:00,30.5,19.7,0.0,0,18.7,35.3,2,open-meteo,5.87,92.89
Sidi Azzouz,Morocco,34.5411,-5.7516,2026-09-17,2026-09-16 20:13:58.130137+00:00,29.5,19.3,0.0,0,13.6,25.6,3,open-meteo,4.26,91.02
Sidi Azzouz,Morocco,34.5411,-5.7516,2026-09-18,2026-09-16 20:13:58.130137+00:00,32.0,16.8,0.0,0,14.6,27.7,45,open-meteo,4.59,84.79
Sidi Azzouz,Morocco,34.5411,-5.7516,2026-09-19,2026-09-16 20:13:58.130137+00:00,36.8,18.5,0.0,0,15.9,30.2,45,open-meteo,12.21,79.45
Sidi Azzouz,Morocco,34.5411,-5.7516,2026-09-20,2026-09-16 20:13:58.130137+00:00,38.7,24.3,0.0,0,20.0,40.7,1,open-meteo,21.37,85.04
Sidi Azzouz,Morocco,34.5411,-5.7516,2026-09-21,2026-09-16 20:13:58.130137+00:00,37.6,24.6,0.0,0,19.0,38.0,0,open-meteo,16.58,88.39
Sidi Azzouz,Morocco,34.5411,-5.7516,2026-09-22,2026-09-16 20:13:58.130137+00:00,37.1,23.3,0.0,0,13.5,28.1,3,open-meteo,12.9,84.97
Gourrama,Morocco,32.3375,-4.0761,2026-09-16,2026-09-16 20:13:58.216556+00:00,29.9,18.0,0.0,0,29.5,47.9,2,open-meteo,8.48,91.06
Gourrama,Morocco,32.3375,-4.0761,2026-09-17,2026-09-16 20:13:58.216556+00:00,30.6,16.5,0.2,58,29.6,56.9,3,open-meteo,9.66,87.24
Gourrama,Morocco,32.3375,-4.0761,2026-09-18,2026-09-16 20:13:58.216556+00:00,29.7,15.2,0.5,43,25.1,48.6,61,open-meteo,8.66,80.44
Gourrama,Morocco,32.3375,-4.0761,2026-09-19,2026-09-16 20:13:58.216556+00:00,29.5,15.8,0.0,20,8.9,17.3,3,open-meteo,2.84,92.01
Gourrama,Morocco,32.3375,-4.0761,2026-09-20,2026-09-16 20:13:58.216556+00:00,29.8,18.8,0.6,25,7.1,15.8,3,open-meteo,3.27,91.71
Gourrama,Morocco,32.3375,-4.0761,2026-09-21,2026-09-16 20:13:58.216556+00:00,28.1,17.8,0.9,28,16.3,26.7,80,open-meteo,5.91,79.36
Gourrama,Morocco,32.3375,-4.0761,2026-09-22,2026-09-16 20:13:58.216556+00:00,28.8,16.2,0.0,28,14.9,24.5,3,open-meteo,4.31,90.98
Ras el Oued,Morocco,34.15,-4.0,2026-09-16,2026-09-16 20:13:58.302479+00:00,28.4,19.2,0.0,0,25.9,51.8,1,open-meteo,8.42,94.11
Ras el Oued,Morocco,34.15,-4.0,2026-09-17,2026-09-16 20:13:58.302479+00:00,26.5,16.2,0.0,3,12.9,26.3,3,open-meteo,4.24,91.03
Ras el Oued,Morocco,34.15,-4.0,2026-09-18,2026-09-16 20:13:58.302479+00:00,25.7,14.8,0.0,3,21.3,41.0,3,open-meteo,6.76,89.27
Ras el Oued,Morocco,34.15,-4.0,2026-09-19,2026-09-16 20:13:58.302479+00:00,25.4,16.2,0.0,0,19.6,37.4,3,open-meteo,6.19,89.67
Ras el Oued,Morocco,34.15,-4.0,2026-09-20,2026-09-16 20:13:58.302479+00:00,25.7,16.9,0.0,0,17.3,34.9,3,open-meteo,5.65,90.04
Ras el Oued,Morocco,34.15,-4.0,2026-09-21,2026-09-16 20:13:58.302479+00:00,26.5,17.1,0.0,0,16.6,34.6,2,open-meteo,5.54,93.12
Ras el Oued,Morocco,34.15,-4.0,2026-09-22,2026-09-16 20:13:58.302479+00:00,29.7,15.7,0.0,0,11.2,23.4,2,open-meteo,3.74,94.38
Jbabra,Morocco,34.4314,-4.9642,2026-09-16,2026-09-16 20:13:58.389358+00:00,32.0,20.6,0.0,0,19.0,36.4,2,open-meteo,6.02,92.79
Jbabra,Morocco,34.4314,-4.9642,2026-09-17,2026-09-16 20:13:58.389358+00:00,30.3,18.5,0.0,0,13.4,25.9,3,open-meteo,4.27,91.01
Jbabra,Morocco,34.4314,-4.9642,2026-09-18,2026-09-16 20:13:58.389358+00:00,32.4,17.4,0.0,0,9.4,19.1,3,open-meteo,3.09,91.84
Jbabra,Morocco,34.4314,-4.9642,2026-09-19,2026-09-16 20:13:58.389358+00:00,35.6,22.6,0.0,0,24.9,47.2,2,open-meteo,10.23,89.84
Jbabra,Morocco,34.4314,-4.9642,2026-09-20,2026-09-16 20:13:58.389358+00:00,36.0,24.2,0.0,0,23.5,44.3,1,open-meteo,11.37,92.04
Jbabra,Morocco,34.4314,-4.9642,2026-09-21,2026-09-16 20:13:58.389358+00:00,34.9,23.9,0.0,0,19.9,39.2,1,open-meteo,6.41,95.51
Jbabra,Morocco,34.4314,-4.9642,2026-09-22,2026-09-16 20:13:58.389358+00:00,36.4,23.4,0.0,0,14.9,28.8,1,open-meteo,10.34,92.76
Aghbalou Aqourar,Morocco,33.9342,-4.7381,2026-09-16,2026-09-16 20:13:58.742612+00:00,30.9,19.5,0.0,0,18.6,36.7,3,open-meteo,6.0,89.8
Aghbalou Aqourar,Morocco,33.9342,-4.7381,2026-09-17,2026-09-16 20:13:58.742612+00:00,27.6,17.2,0.0,0,15.3,32.8,45,open-meteo,5.19,84.37
Aghbalou Aqourar,Morocco,33.9342,-4.7381,2026-09-18,2026-09-16 20:13:58.742612+00:00,29.9,16.0,0.0,0,15.3,31.7,3,open-meteo,5.08,90.44
Aghbalou Aqourar,Morocco,33.9342,-4.7381,2026-09-19,2026-09-16 20:13:58.742612+00:00,32.3,17.6,0.0,0,21.0,43.6,2,open-meteo,6.98,92.11
Aghbalou Aqourar,Morocco,33.9342,-4.7381,2026-09-20,2026-09-16 20:13:58.742612+00:00,33.7,19.4,0.0,3,18.2,36.7,2,open-meteo,5.95,92.83
Aghbalou Aqourar,Morocco,33.9342,-4.7381,2026-09-21,2026-09-16 20:13:58.742612+00:00,32.7,18.6,0.0,0,16.9,32.4,2,open-meteo,5.35,93.25
Aghbalou Aqourar,Morocco,33.9342,-4.7381,2026-09-22,2026-09-16 20:13:58.742612+00:00,33.1,19.9,0.0,0,17.4,33.8,3,open-meteo,5.55,90.11
Tirhassaline,Morocco,32.7822,-5.6517,2026-09-16,2026-09-16 20:13:58.834826+00:00,31.1,15.8,0.0,0,14.5,29.2,1,open-meteo,4.73,96.69
Tirhassaline,Morocco,32.7822,-5.6517,2026-09-17,2026-09-16 20:13:58.834826+00:00,30.8,15.8,0.0,0,17.5,33.8,3,open-meteo,5.57,90.1
Tirhassaline,Morocco,32.7822,-5.6517,2026-09-18,2026-09-16 20:13:58.834826+00:00,31.1,14.9,0.0,0,16.0,30.2,3,open-meteo,5.02,90.49
Tirhassaline,Morocco,32.7822,-5.6517,2026-09-19,2026-09-16 20:13:58.834826+00:00,34.6,19.4,0.0,3,18.4,42.8,3,open-meteo,6.58,89.39
Tirhassaline,Morocco,32.7822,-5.6517,2026-09-20,2026-09-16 20:13:58.834826+00:00,35.9,23.5,0.0,13,15.9,32.8,3,open-meteo,8.87,87.79
Tirhassaline,Morocco,32.7822,-5.6517,2026-09-21,2026-09-16 20:13:58.834826+00:00,34.7,21.9,0.0,13,19.5,46.1,3,open-meteo,7.05,89.06
Tirhassaline,Morocco,32.7822,-5.6517,2026-09-22,2026-09-16 20:13:58.834826+00:00,33.2,19.6,0.0,13,17.0,31.3,2,open-meteo,5.25,93.33
Oulad Alioua,Morocco,30.3761,-9.3203,2026-09-16,2026-09-16 20:13:58.924620+00:00,34.1,21.2,0.0,0,23.3,40.7,1,open-meteo,6.98,95.11
Oulad Alioua,Morocco,30.3761,-9.3203,2026-09-17,2026-09-16 20:13:58.924620+00:00,29.6,20.2,0.0,0,27.5,49.7,3,open-meteo,8.41,88.11
Oulad Alioua,Morocco,30.3761,-9.3203,2026-09-18,2026-09-16 20:13:58.924620+00:00,28.7,19.3,0.0,0,26.3,46.1,2,open-meteo,7.9,91.47
Oulad Alioua,Morocco,30.3761,-9.3203,2026-09-19,2026-09-16 20:13:58.924620+00:00,29.3,20.2,0.0,0,27.6,47.9,2,open-meteo,8.24,91.23
Oulad Alioua,Morocco,30.3761,-9.3203,2026-09-20,2026-09-16 20:13:58.924620+00:00,29.3,19.7,0.0,0,28.7,50.8,45,open-meteo,8.67,81.93
Oulad Alioua,Morocco,30.3761,-9.3203,2026-09-21,2026-09-16 20:13:58.924620+00:00,36.0,20.4,0.0,0,23.0,40.7,3,open-meteo,10.95,86.33
Oulad Alioua,Morocco,30.3761,-9.3203,2026-09-22,2026-09-16 20:13:58.924620+00:00,40.6,22.0,0.0,0,13.6,27.0,3,open-meteo,26.8,75.24
Mellila,Morocco,33.3833,-7.1333,2026-09-16,2026-09-16 20:13:59.014057+00:00,29.8,17.9,0.0,0,17.9,35.3,2,open-meteo,5.77,92.96
Mellila,Morocco,33.3833,-7.1333,2026-09-17,2026-09-16 20:13:59.014057+00:00,28.3,16.9,0.0,0,16.9,33.8,45,open-meteo,5.49,84.16
Mellila,Morocco,33.3833,-7.1333,2026-09-18,2026-09-16 20:13:59.014057+00:00,29.6,14.8,0.0,0,17.7,33.8,45,open-meteo,5.59,84.09
Mellila,Morocco,33.3833,-7.1333,2026-09-19,2026-09-16 20:13:59.014057+00:00,34.0,15.1,0.0,0,16.8,32.8,45,open-meteo,5.38,84.23
Mellila,Morocco,33.3833,-7.1333,2026-09-20,2026-09-16 20:13:59.014057+00:00,38.9,19.5,0.0,3,19.8,40.3,2,open-meteo,22.1,81.53
Mellila,Morocco,33.3833,-7.1333,2026-09-21,2026-09-16 20:13:59.014057+00:00,36.2,21.9,0.0,0,19.3,40.7,2,open-meteo,11.28,89.1
Mellila,Morocco,33.3833,-7.1333,2026-09-22,2026-09-16 20:13:59.014057+00:00,35.4,19.4,0.0,0,18.0,34.2,2,open-meteo,7.27,91.91
Iheddadene,Morocco,31.2,-9.65,2026-09-16,2026-09-16 20:13:59.103092+00:00,34.5,22.1,0.0,0,34.3,78.1,0,open-meteo,12.1,91.53
Iheddadene,Morocco,31.2,-9.65,2026-09-17,2026-09-16 20:13:59.103092+00:00,26.4,19.4,0.0,0,32.6,66.6,2,open-meteo,10.73,89.49
Iheddadene,Morocco,31.2,-9.65,2026-09-18,2026-09-16 20:13:59.103092+00:00,28.5,17.4,0.0,0,28.8,62.6,1,open-meteo,9.86,93.1
Iheddadene,Morocco,31.2,-9.65,2026-09-19,2026-09-16 20:13:59.103092+00:00,30.9,18.1,0.0,0,14.5,33.5,2,open-meteo,5.16,93.39
Iheddadene,Morocco,31.2,-9.65,2026-09-20,2026-09-16 20:13:59.103092+00:00,29.6,21.0,0.0,0,10.0,22.0,2,open-meteo,3.45,94.58
Iheddadene,Morocco,31.2,-9.65,2026-09-21,2026-09-16 20:13:59.103092+00:00,30.9,20.6,0.0,0,10.0,29.9,3,open-meteo,4.24,91.03
Iheddadene,Morocco,31.2,-9.65,2026-09-22,2026-09-16 20:13:59.103092+00:00,33.9,20.3,0.3,0,8.4,27.7,3,open-meteo,4.22,91.05
Driouch,Morocco,34.8665,-3.4223,2026-09-16,2026-09-16 20:13:59.194937+00:00,31.8,16.7,0.0,0,17.1,33.1,1,open-meteo,5.45,96.18
Driouch,Morocco,34.8665,-3.4223,2026-09-17,2026-09-16 20:13:59.194937+00:00,26.1,15.8,0.0,0,23.3,42.1,3,open-meteo,7.12,89.02
Driouch,Morocco,34.8665,-3.4223,2026-09-18,2026-09-16 20:13:59.194937+00:00,26.5,15.4,0.0,3,24.5,43.9,45,open-meteo,7.45,82.78
Driouch,Morocco,34.8665,-3.4223,2026-09-19,2026-09-16 20:13:59.194937+00:00,25.5,18.5,0.0,0,26.0,46.4,3,open-meteo,7.89,88.48
Driouch,Morocco,34.8665,-3.4223,2026-09-20,2026-09-16 20:13:59.194937+00:00,24.5,19.7,0.0,0,24.5,43.2,45,open-meteo,7.38,82.83
Driouch,Morocco,34.8665,-3.4223,2026-09-21,2026-09-16 20:13:59.194937+00:00,25.3,17.9,0.0,0,22.9,38.9,45,open-meteo,6.75,83.27
Driouch,Morocco,34.8665,-3.4223,2026-09-22,2026-09-16 20:13:59.194937+00:00,27.6,15.7,0.0,0,17.3,29.9,2,open-meteo,5.15,93.39
Tarhzout n’Aït Yazza,Morocco,31.4567,-5.4192,2026-09-16,2026-09-16 20:13:59.289194+00:00,33.1,22.1,0.0,5,16.1,21.2,2,open-meteo,4.13,94.11
Tarhzout n’Aït Yazza,Morocco,31.4567,-5.4192,2026-09-17,2026-09-16 20:13:59.289194+00:00,30.5,19.3,0.6,53,22.3,37.4,80,open-meteo,7.33,78.37
Tarhzout n’Aït Yazza,Morocco,31.4567,-5.4192,2026-09-18,2026-09-16 20:13:59.289194+00:00,31.3,18.3,0.0,40,22.2,47.9,3,open-meteo,7.56,88.71
Tarhzout n’Aït Yazza,Morocco,31.4567,-5.4192,2026-09-19,2026-09-16 20:13:59.289194+00:00,31.3,19.3,0.0,15,14.6,23.4,3,open-meteo,4.17,91.08
Tarhzout n’Aït Yazza,Morocco,31.4567,-5.4192,2026-09-20,2026-09-16 20:13:59.289194+00:00,31.4,21.3,0.0,25,11.6,18.7,3,open-meteo,3.32,91.68
Tarhzout n’Aït Yazza,Morocco,31.4567,-5.4192,2026-09-21,2026-09-16 20:13:59.289194+00:00,30.2,20.9,2.4,19,19.7,33.5,95,open-meteo,9.01,66.69
Tarhzout n’Aït Yazza,Morocco,31.4567,-5.4192,2026-09-22,2026-09-16 20:13:59.289194+00:00,32.5,18.9,0.0,20,16.9,25.6,1,open-meteo,4.67,96.73
Assa,Morocco,28.6086,-9.4269,2026-09-16,2026-09-16 20:13:59.390617+00:00,40.0,26.4,0.0,0,32.7,50.0,0,open-meteo,29.09,79.64
Assa,Morocco,28.6086,-9.4269,2026-09-17,2026-09-16 20:13:59.390617+00:00,32.1,19.9,0.0,0,34.7,54.0,1,open-meteo,9.74,93.18
Assa,Morocco,28.6086,-9.4269,2026-09-18,2026-09-16 20:13:59.390617+00:00,34.6,18.3,0.0,0,21.7,37.4,0,open-meteo,6.45,95.48
Assa,Morocco,28.6086,-9.4269,2026-09-19,2026-09-16 20:13:59.390617+00:00,35.5,19.8,0.0,0,11.6,20.5,1,open-meteo,5.5,96.15
Assa,Morocco,28.6086,-9.4269,2026-09-20,2026-09-16 20:13:59.390617+00:00,37.5,22.5,0.0,0,14.8,32.0,0,open-meteo,15.05,89.47
Assa,Morocco,28.6086,-9.4269,2026-09-21,2026-09-16 20:13:59.390617+00:00,39.1,25.7,0.0,0,24.1,46.4,2,open-meteo,24.05,80.16
Assa,Morocco,28.6086,-9.4269,2026-09-22,2026-09-16 20:13:59.390617+00:00,38.6,27.2,0.0,2,20.7,39.6,0,open-meteo,20.95,85.33
Skhour Rehamna,Morocco,32.4833,-7.9167,2026-09-16,2026-09-16 20:13:59.488423+00:00,31.5,18.4,0.0,0,21.2,38.9,3,open-meteo,6.54,89.42
Skhour Rehamna,Morocco,32.4833,-7.9167,2026-09-17,2026-09-16 20:13:59.488423+00:00,28.1,16.8,0.0,0,20.3,38.2,3,open-meteo,6.36,89.55
Skhour Rehamna,Morocco,32.4833,-7.9167,2026-09-18,2026-09-16 20:13:59.488423+00:00,29.5,16.2,0.0,0,19.9,36.0,45,open-meteo,6.09,83.74
Skhour Rehamna,Morocco,32.4833,-7.9167,2026-09-19,2026-09-16 20:13:59.488423+00:00,32.9,17.0,0.0,0,19.5,35.3,2,open-meteo,5.97,92.82
Skhour Rehamna,Morocco,32.4833,-7.9167,2026-09-20,2026-09-16 20:13:59.488423+00:00,37.5,23.3,0.6,10,13.2,30.2,80,open-meteo,15.47,72.67
Skhour Rehamna,Morocco,32.4833,-7.9167,2026-09-21,2026-09-16 20:13:59.488423+00:00,34.6,22.5,0.0,3,16.0,31.3,3,open-meteo,5.13,90.41
Skhour Rehamna,Morocco,32.4833,-7.9167,2026-09-22,2026-09-16 20:13:59.488423+00:00,36.9,19.6,0.0,0,22.1,38.9,3,open-meteo,14.25,84.03
Sabbah,Morocco,33.8036,-7.0372,2026-09-16,2026-09-16 20:13:59.578856+00:00,25.3,19.5,0.0,0,17.9,34.6,2,open-meteo,5.7,93.01
Sabbah,Morocco,33.8036,-7.0372,2026-09-17,2026-09-16 20:13:59.578856+00:00,25.2,18.3,0.0,0,14.8,28.1,3,open-meteo,4.66,90.74
Sabbah,Morocco,33.8036,-7.0372,2026-09-18,2026-09-16 20:13:59.578856+00:00,24.6,16.2,0.0,0,15.7,29.5,45,open-meteo,4.91,84.56
Sabbah,Morocco,33.8036,-7.0372,2026-09-19,2026-09-16 20:13:59.578856+00:00,26.7,15.9,0.0,0,13.8,26.3,45,open-meteo,4.36,84.95
Sabbah,Morocco,33.8036,-7.0372,2026-09-20,2026-09-16 20:13:59.578856+00:00,30.6,19.2,0.0,0,12.5,24.5,2,open-meteo,4.01,94.19
Sabbah,Morocco,33.8036,-7.0372,2026-09-21,2026-09-16 20:13:59.578856+00:00,30.4,20.6,0.0,0,17.1,33.8,1,open-meteo,5.52,96.14
Sabbah,Morocco,33.8036,-7.0372,2026-09-22,2026-09-16 20:13:59.578856+00:00,29.1,19.6,0.0,0,13.8,27.4,45,open-meteo,4.46,84.88
’Ayn Bni Mathar,Morocco,34.0889,-2.0247,2026-09-16,2026-09-16 20:13:59.671879+00:00,31.1,16.0,0.0,0,20.9,32.8,2,open-meteo,5.89,92.88
’Ayn Bni Mathar,Morocco,34.0889,-2.0247,2026-09-17,2026-09-16 20:13:59.671879+00:00,29.6,16.0,0.0,8,23.1,36.4,3,open-meteo,6.53,89.43
’Ayn Bni Mathar,Morocco,34.0889,-2.0247,2026-09-18,2026-09-16 20:13:59.671879+00:00,29.4,14.7,0.0,3,27.9,43.9,45,open-meteo,7.88,82.48
’Ayn Bni Mathar,Morocco,34.0889,-2.0247,2026-09-19,2026-09-16 20:13:59.671879+00:00,30.6,17.6,0.0,8,22.5,34.6,3,open-meteo,6.27,89.61
’Ayn Bni Mathar,Morocco,34.0889,-2.0247,2026-09-20,2026-09-16 20:13:59.671879+00:00,30.1,18.8,0.0,6,23.7,38.2,2,open-meteo,6.78,92.25
’Ayn Bni Mathar,Morocco,34.0889,-2.0247,2026-09-21,2026-09-16 20:13:59.671879+00:00,29.1,18.0,0.0,5,25.0,43.6,2,open-meteo,7.49,91.76
’Ayn Bni Mathar,Morocco,34.0889,-2.0247,2026-09-22,2026-09-16 20:13:59.671879+00:00,30.0,15.9,0.0,3,21.3,32.4,45,open-meteo,5.9,83.87
Midar,Morocco,34.9402,-3.5331,2026-09-16,2026-09-16 20:13:59.762319+00:00,32.7,18.7,0.0,0,19.3,34.6,2,open-meteo,5.87,92.89
Midar,Morocco,34.9402,-3.5331,2026-09-17,2026-09-16 20:13:59.762319+00:00,26.6,17.6,0.0,0,19.2,34.9,3,open-meteo,5.89,89.88
Midar,Morocco,34.9402,-3.5331,2026-09-18,2026-09-16 20:13:59.762319+00:00,26.9,16.4,0.0,0,22.1,37.8,45,open-meteo,6.54,83.42
Midar,Morocco,34.9402,-3.5331,2026-09-19,2026-09-16 20:13:59.762319+00:00,25.7,18.3,0.0,0,22.1,39.6,45,open-meteo,6.72,83.3
Midar,Morocco,34.9402,-3.5331,2026-09-20,2026-09-16 20:13:59.762319+00:00,24.7,19.1,0.6,0,21.0,35.3,45,open-meteo,6.96,83.13
Midar,Morocco,34.9402,-3.5331,2026-09-21,2026-09-16 20:13:59.762319+00:00,25.9,18.8,0.0,0,20.1,41.8,45,open-meteo,6.69,83.32
Midar,Morocco,34.9402,-3.5331,2026-09-22,2026-09-16 20:13:59.762319+00:00,28.1,17.5,0.0,0,10.5,27.7,3,open-meteo,4.08,91.14
Aïn Jemaa,Morocco,34.0333,-5.8,2026-09-16,2026-09-16 20:13:59.852631+00:00,30.0,19.3,0.0,0,20.3,42.5,2,open-meteo,6.79,92.25
Aïn Jemaa,Morocco,34.0333,-5.8,2026-09-17,2026-09-16 20:13:59.852631+00:00,27.5,17.8,0.0,0,14.7,31.3,45,open-meteo,4.97,84.52
Aïn Jemaa,Morocco,34.0333,-5.8,2026-09-18,2026-09-16 20:13:59.852631+00:00,29.6,16.9,0.0,0,15.9,33.8,3,open-meteo,5.37,90.24
Aïn Jemaa,Morocco,34.0333,-5.8,2026-09-19,2026-09-16 20:13:59.852631+00:00,34.8,19.0,0.0,0,12.0,25.2,2,open-meteo,4.02,94.19
Aïn Jemaa,Morocco,34.0333,-5.8,2026-09-20,2026-09-16 20:13:59.852631+00:00,37.4,23.9,0.0,0,15.1,32.4,2,open-meteo,14.73,86.69
Aïn Jemaa,Morocco,34.0333,-5.8,2026-09-21,2026-09-16 20:13:59.852631+00:00,36.6,24.0,0.0,0,13.3,28.1,1,open-meteo,10.87,92.39
Aïn Jemaa,Morocco,34.0333,-5.8,2026-09-22,2026-09-16 20:13:59.852631+00:00,35.2,20.5,0.0,0,14.7,31.0,3,open-meteo,5.74,89.98
Tazert,Morocco,31.6597,-7.4092,2026-09-16,2026-09-16 20:13:59.945648+00:00,32.4,19.1,0.0,0,15.8,32.0,1,open-meteo,5.18,96.37
Tazert,Morocco,31.6597,-7.4092,2026-09-17,2026-09-16 20:13:59.945648+00:00,28.7,16.6,0.0,0,11.5,24.5,2,open-meteo,3.89,94.28
Tazert,Morocco,31.6597,-7.4092,2026-09-18,2026-09-16 20:13:59.945648+00:00,29.8,16.7,0.0,0,11.2,23.0,2,open-meteo,3.7,94.41
Tazert,Morocco,31.6597,-7.4092,2026-09-19,2026-09-16 20:13:59.945648+00:00,33.8,19.4,0.0,20,13.9,28.4,2,open-meteo,4.58,93.79
Tazert,Morocco,31.6597,-7.4092,2026-09-20,2026-09-16 20:13:59.945648+00:00,36.9,23.4,0.0,25,18.6,36.0,3,open-meteo,13.52,84.54
Tazert,Morocco,31.6597,-7.4092,2026-09-21,2026-09-16 20:13:59.945648+00:00,34.6,24.2,0.0,5,17.4,34.6,3,open-meteo,5.64,90.05
Tazert,Morocco,31.6597,-7.4092,2026-09-22,2026-09-16 20:13:59.945648+00:00,34.7,25.7,0.0,5,21.9,43.2,3,open-meteo,7.06,89.06
Souk Et-Tleta des Oulad Hamdane,Morocco,33.1044,-8.2502,2026-09-16,2026-09-16 20:14:00.035743+00:00,27.3,19.7,0.0,0,18.7,34.2,45,open-meteo,5.76,83.97
Souk Et-Tleta des Oulad Hamdane,Morocco,33.1044,-8.2502,2026-09-17,2026-09-16 20:14:00.035743+00:00,26.5,18.8,0.0,0,17.1,32.0,3,open-meteo,5.34,90.26
Souk Et-Tleta des Oulad Hamdane,Morocco,33.1044,-8.2502,2026-09-18,2026-09-16 20:14:00.035743+00:00,27.5,17.9,0.0,0,21.6,39.2,3,open-meteo,6.62,89.37
Souk Et-Tleta des Oulad Hamdane,Morocco,33.1044,-8.2502,2026-09-19,2026-09-16 20:14:00.035743+00:00,29.7,18.2,0.0,0,18.7,34.2,2,open-meteo,5.76,92.97
Souk Et-Tleta des Oulad Hamdane,Morocco,33.1044,-8.2502,2026-09-20,2026-09-16 20:14:00.035743+00:00,34.0,21.5,0.0,0,18.1,33.1,2,open-meteo,5.57,93.1
Souk Et-Tleta des Oulad Hamdane,Morocco,33.1044,-8.2502,2026-09-21,2026-09-16 20:14:00.035743+00:00,29.4,21.3,0.0,0,14.0,26.3,45,open-meteo,4.38,84.93
Souk Et-Tleta des Oulad Hamdane,Morocco,33.1044,-8.2502,2026-09-22,2026-09-16 20:14:00.035743+00:00,29.7,19.0,0.0,0,14.7,26.6,45,open-meteo,4.5,84.85
Galaz,Morocco,34.55,-4.8,2026-09-16,2026-09-16 20:14:00.126156+00:00,32.0,19.4,0.0,0,19.5,40.3,2,open-meteo,6.47,92.47
Galaz,Morocco,34.55,-4.8,2026-09-17,2026-09-16 20:14:00.126156+00:00,30.9,18.6,0.0,0,14.3,28.8,45,open-meteo,4.67,84.73
Galaz,Morocco,34.55,-4.8,2026-09-18,2026-09-16 20:14:00.126156+00:00,33.0,16.7,0.0,0,9.4,20.2,3,open-meteo,3.19,91.77
Galaz,Morocco,34.55,-4.8,2026-09-19,2026-09-16 20:14:00.126156+00:00,36.0,19.6,0.0,0,21.3,43.9,2,open-meteo,11.05,89.27
Galaz,Morocco,34.55,-4.8,2026-09-20,2026-09-16 20:14:00.126156+00:00,36.6,20.9,0.0,3,19.1,41.0,2,open-meteo,12.89,87.98
Galaz,Morocco,34.55,-4.8,2026-09-21,2026-09-16 20:14:00.126156+00:00,35.6,20.4,0.0,0,16.8,33.5,2,open-meteo,7.85,91.5
Galaz,Morocco,34.55,-4.8,2026-09-22,2026-09-16 20:14:00.126156+00:00,36.7,20.1,0.0,0,9.8,20.9,1,open-meteo,10.12,92.92
Sebt Aït Saghiouchen,Morocco,34.0122,-4.5536,2026-09-16,2026-09-16 20:14:00.216446+00:00,32.6,20.0,0.0,0,16.5,29.9,1,open-meteo,5.05,96.47
Sebt Aït Saghiouchen,Morocco,34.0122,-4.5536,2026-09-17,2026-09-16 20:14:00.216446+00:00,29.9,18.8,0.0,0,13.9,26.6,45,open-meteo,4.4,84.92
Sebt Aït Saghiouchen,Morocco,34.0122,-4.5536,2026-09-18,2026-09-16 20:14:00.216446+00:00,32.3,17.3,0.0,0,14.2,27.4,3,open-meteo,4.51,90.84
Sebt Aït Saghiouchen,Morocco,34.0122,-4.5536,2026-09-19,2026-09-16 20:14:00.216446+00:00,33.9,18.9,0.0,0,26.7,50.8,2,open-meteo,8.42,91.11
Sebt Aït Saghiouchen,Morocco,34.0122,-4.5536,2026-09-20,2026-09-16 20:14:00.216446+00:00,35.1,20.1,0.0,5,22.2,42.5,2,open-meteo,7.43,91.8
Sebt Aït Saghiouchen,Morocco,34.0122,-4.5536,2026-09-21,2026-09-16 20:14:00.216446+00:00,34.0,19.9,0.0,0,14.9,29.4,2,open-meteo,4.8,93.64
Sebt Aït Saghiouchen,Morocco,34.0122,-4.5536,2026-09-22,2026-09-16 20:14:00.216446+00:00,35.0,19.7,0.0,0,12.4,24.8,3,open-meteo,4.03,91.18
Tagounite,Morocco,29.9833,-5.5667,2026-09-16,2026-09-16 20:14:00.309655+00:00,37.8,25.5,0.0,3,11.0,18.0,3,open-meteo,14.37,83.94
Tagounite,Morocco,29.9833,-5.5667,2026-09-17,2026-09-16 20:14:00.309655+00:00,35.4,27.2,0.4,30,14.3,23.4,3,open-meteo,6.26,89.62
Tagounite,Morocco,29.9833,-5.5667,2026-09-18,2026-09-16 20:14:00.309655+00:00,35.9,24.7,0.2,3,15.1,24.1,3,open-meteo,8.16,88.29
Tagounite,Morocco,29.9833,-5.5667,2026-09-19,2026-09-16 20:14:00.309655+00:00,36.3,25.7,0.0,3,23.7,38.2,3,open-meteo,11.98,85.61
Tagounite,Morocco,29.9833,-5.5667,2026-09-20,2026-09-16 20:14:00.309655+00:00,36.6,25.4,0.0,0,21.4,33.5,2,open-meteo,12.43,88.3
Tagounite,Morocco,29.9833,-5.5667,2026-09-21,2026-09-16 20:14:00.309655+00:00,36.7,25.1,0.0,0,21.7,40.0,3,open-meteo,13.51,84.54
Tagounite,Morocco,29.9833,-5.5667,2026-09-22,2026-09-16 20:14:00.309655+00:00,35.2,24.5,0.3,3,17.3,27.0,3,open-meteo,6.06,89.76
Aïn Mediouna,Morocco,34.5,-4.55,2026-09-16,2026-09-16 20:14:00.400197+00:00,31.3,19.5,0.0,0,19.2,37.1,2,open-meteo,6.11,92.72
Aïn Mediouna,Morocco,34.5,-4.55,2026-09-17,2026-09-16 20:14:00.400197+00:00,29.9,18.4,0.0,0,12.8,24.5,45,open-meteo,4.05,85.16
Aïn Mediouna,Morocco,34.5,-4.55,2026-09-18,2026-09-16 20:14:00.400197+00:00,31.7,17.6,0.0,0,9.7,18.7,3,open-meteo,3.08,91.84
Aïn Mediouna,Morocco,34.5,-4.55,2026-09-19,2026-09-16 20:14:00.400197+00:00,34.0,22.2,0.0,0,25.1,46.4,2,open-meteo,7.78,91.55
Aïn Mediouna,Morocco,34.5,-4.55,2026-09-20,2026-09-16 20:14:00.400197+00:00,34.3,23.6,0.0,3,20.2,44.3,3,open-meteo,6.96,89.13
Aïn Mediouna,Morocco,34.5,-4.55,2026-09-21,2026-09-16 20:14:00.400197+00:00,33.4,23.1,0.0,0,16.2,31.7,2,open-meteo,5.19,93.37
Aïn Mediouna,Morocco,34.5,-4.55,2026-09-22,2026-09-16 20:14:00.400197+00:00,34.7,21.6,0.0,0,10.0,20.9,1,open-meteo,3.34,97.66
Mqam at Tolba,Morocco,34.0173,-6.25,2026-09-16,2026-09-16 20:14:00.500612+00:00,29.8,19.6,0.0,0,20.3,41.8,2,open-meteo,6.72,92.3
Mqam at Tolba,Morocco,34.0173,-6.25,2026-09-17,2026-09-16 20:14:00.500612+00:00,28.4,17.5,0.0,0,14.8,29.9,3,open-meteo,4.84,90.61
Mqam at Tolba,Morocco,34.0173,-6.25,2026-09-18,2026-09-16 20:14:00.500612+00:00,30.0,16.4,0.0,0,18.3,35.6,3,open-meteo,5.85,89.91
Mqam at Tolba,Morocco,34.0173,-6.25,2026-09-19,2026-09-16 20:14:00.500612+00:00,35.3,18.0,0.0,0,19.5,37.4,2,open-meteo,7.38,91.83
Mqam at Tolba,Morocco,34.0173,-6.25,2026-09-20,2026-09-16 20:14:00.500612+00:00,38.9,21.9,0.0,3,18.6,37.1,3,open-meteo,21.63,78.86
Mqam at Tolba,Morocco,34.0173,-6.25,2026-09-21,2026-09-16 20:14:00.500612+00:00,37.8,23.7,0.0,0,17.0,33.5,1,open-meteo,16.67,88.33
Mqam at Tolba,Morocco,34.0173,-6.25,2026-09-22,2026-09-16 20:14:00.500612+00:00,35.7,21.1,0.0,0,15.6,31.0,3,open-meteo,7.85,88.5
Ben Taieb,Morocco,35.0428,-3.4572,2026-09-16,2026-09-16 20:14:00.595982+00:00,31.8,19.5,0.0,0,12.1,23.0,1,open-meteo,3.81,97.33
Ben Taieb,Morocco,35.0428,-3.4572,2026-09-17,2026-09-16 20:14:00.595982+00:00,25.7,17.4,0.0,0,15.0,29.9,3,open-meteo,4.87,90.59
Ben Taieb,Morocco,35.0428,-3.4572,2026-09-18,2026-09-16 20:14:00.595982+00:00,26.8,17.5,0.0,0,17.2,33.5,3,open-meteo,5.5,90.15
Ben Taieb,Morocco,35.0428,-3.4572,2026-09-19,2026-09-16 20:14:00.595982+00:00,26.4,19.1,0.0,0,22.0,41.8,3,open-meteo,6.93,89.15
Ben Taieb,Morocco,35.0428,-3.4572,2026-09-20,2026-09-16 20:14:00.595982+00:00,25.0,20.2,0.6,0,22.0,41.4,3,open-meteo,7.69,88.62
Ben Taieb,Morocco,35.0428,-3.4572,2026-09-21,2026-09-16 20:14:00.595982+00:00,25.8,18.7,0.0,0,20.1,41.8,3,open-meteo,6.69,89.32
Ben Taieb,Morocco,35.0428,-3.4572,2026-09-22,2026-09-16 20:14:00.595982+00:00,27.9,17.3,0.0,0,10.5,27.7,3,open-meteo,4.08,91.14
Zemrane,Morocco,31.7131,-7.5172,2026-09-16,2026-09-16 20:14:00.685634+00:00,33.4,19.9,0.0,0,16.2,31.3,0,open-meteo,5.16,96.39
Zemrane,Morocco,31.7131,-7.5172,2026-09-17,2026-09-16 20:14:00.685634+00:00,29.6,17.5,0.0,0,11.8,23.8,2,open-meteo,3.85,94.3
Zemrane,Morocco,31.7131,-7.5172,2026-09-18,2026-09-16 20:14:00.685634+00:00,30.8,17.5,0.0,0,10.1,20.5,2,open-meteo,3.31,94.68
Zemrane,Morocco,31.7131,-7.5172,2026-09-19,2026-09-16 20:14:00.685634+00:00,35.0,19.9,0.0,0,13.4,26.3,2,open-meteo,4.31,93.98
Zemrane,Morocco,31.7131,-7.5172,2026-09-20,2026-09-16 20:14:00.685634+00:00,37.8,23.6,0.0,23,17.8,36.7,3,open-meteo,17.09,82.04
Zemrane,Morocco,31.7131,-7.5172,2026-09-21,2026-09-16 20:14:00.685634+00:00,36.4,24.3,0.0,5,15.3,29.9,3,open-meteo,10.5,86.65
Zemrane,Morocco,31.7131,-7.5172,2026-09-22,2026-09-16 20:14:00.685634+00:00,36.5,22.8,0.3,5,18.7,37.1,3,open-meteo,12.45,85.28
Ratba,Morocco,34.7833,-4.9333,2026-09-16,2026-09-16 20:14:00.773729+00:00,29.4,16.2,0.0,0,18.8,34.9,1,open-meteo,5.84,95.91
Ratba,Morocco,34.7833,-4.9333,2026-09-17,2026-09-16 20:14:00.773729+00:00,28.8,14.7,0.0,0,12.4,24.1,3,open-meteo,3.96,91.23
Ratba,Morocco,34.7833,-4.9333,2026-09-18,2026-09-16 20:14:00.773729+00:00,31.3,13.6,0.0,0,16.7,32.0,3,open-meteo,5.29,90.3
Ratba,Morocco,34.7833,-4.9333,2026-09-19,2026-09-16 20:14:00.773729+00:00,32.1,18.2,0.0,0,21.8,43.9,1,open-meteo,7.12,95.02
Ratba,Morocco,34.7833,-4.9333,2026-09-20,2026-09-16 20:14:00.773729+00:00,32.7,19.8,0.0,5,23.9,44.3,1,open-meteo,7.42,94.81
Ratba,Morocco,34.7833,-4.9333,2026-09-21,2026-09-16 20:14:00.773729+00:00,33.2,18.0,0.0,0,8.6,21.2,2,open-meteo,3.19,94.77
Ratba,Morocco,34.7833,-4.9333,2026-09-22,2026-09-16 20:14:00.773729+00:00,33.8,19.1,0.0,0,10.3,20.9,1,open-meteo,3.38,97.63
Ain Kansara,Morocco,34.15,-4.8314,2026-09-16,2026-09-16 20:14:00.863621+00:00,32.7,20.7,0.0,0,18.7,38.9,1,open-meteo,6.23,95.64
Ain Kansara,Morocco,34.15,-4.8314,2026-09-17,2026-09-16 20:14:00.863621+00:00,30.1,19.1,0.0,0,14.8,29.5,3,open-meteo,4.8,90.64
Ain Kansara,Morocco,34.15,-4.8314,2026-09-18,2026-09-16 20:14:00.863621+00:00,32.7,17.5,0.0,0,12.4,27.4,3,open-meteo,4.29,91.0
Ain Kansara,Morocco,34.15,-4.8314,2026-09-19,2026-09-16 20:14:00.863621+00:00,34.7,21.0,0.0,0,22.5,47.2,1,open-meteo,7.53,94.73
Ain Kansara,Morocco,34.15,-4.8314,2026-09-20,2026-09-16 20:14:00.863621+00:00,35.5,22.3,0.0,0,22.8,52.2,1,open-meteo,10.07,92.95
Ain Kansara,Morocco,34.15,-4.8314,2026-09-21,2026-09-16 20:14:00.863621+00:00,34.2,22.2,0.0,0,20.3,48.6,1,open-meteo,7.4,94.82
Ain Kansara,Morocco,34.15,-4.8314,2026-09-22,2026-09-16 20:14:00.863621+00:00,35.8,20.7,0.0,0,9.4,19.8,3,open-meteo,6.35,89.56
Sidi Yahia,Morocco,30.4969,-8.8211,2026-09-16,2026-09-16 20:14:00.953206+00:00,37.7,23.6,0.0,3,25.9,46.4,2,open-meteo,18.68,83.92
Sidi Yahia,Morocco,30.4969,-8.8211,2026-09-17,2026-09-16 20:14:00.953206+00:00,31.0,19.0,0.0,0,27.9,49.7,45,open-meteo,8.46,82.08
Sidi Yahia,Morocco,30.4969,-8.8211,2026-09-18,2026-09-16 20:14:00.953206+00:00,31.0,18.7,0.0,0,24.6,43.9,3,open-meteo,7.46,88.78
Sidi Yahia,Morocco,30.4969,-8.8211,2026-09-19,2026-09-16 20:14:00.953206+00:00,32.8,21.0,0.0,0,24.6,43.2,2,open-meteo,7.4,91.82
Sidi Yahia,Morocco,30.4969,-8.8211,2026-09-20,2026-09-16 20:14:00.953206+00:00,33.8,21.4,0.0,0,26.6,49.0,2,open-meteo,8.22,91.25
Sidi Yahia,Morocco,30.4969,-8.8211,2026-09-21,2026-09-16 20:14:00.953206+00:00,40.2,23.1,0.0,0,28.5,50.0,3,open-meteo,29.36,73.45
Sidi Yahia,Morocco,30.4969,-8.8211,2026-09-22,2026-09-16 20:14:00.953206+00:00,38.8,21.9,0.0,0,12.8,24.1,3,open-meteo,19.21,80.55
Ezzhiliga,Morocco,33.3,-6.5333,2026-09-16,2026-09-16 20:14:01.042565+00:00,30.1,16.2,0.0,0,19.5,40.3,45,open-meteo,6.47,83.47
Ezzhiliga,Morocco,33.3,-6.5333,2026-09-17,2026-09-16 20:14:01.042565+00:00,27.1,14.2,0.0,0,17.2,35.3,45,open-meteo,5.68,84.02
Ezzhiliga,Morocco,33.3,-6.5333,2026-09-18,2026-09-16 20:14:01.042565+00:00,28.1,14.6,0.0,0,16.3,31.7,3,open-meteo,5.21,90.35
Ezzhiliga,Morocco,33.3,-6.5333,2026-09-19,2026-09-16 20:14:01.042565+00:00,32.8,16.5,0.0,0,15.5,31.7,2,open-meteo,5.11,93.42
Ezzhiliga,Morocco,33.3,-6.5333,2026-09-20,2026-09-16 20:14:01.042565+00:00,36.2,21.8,0.3,5,17.4,41.8,3,open-meteo,11.56,85.91
Ezzhiliga,Morocco,33.3,-6.5333,2026-09-21,2026-09-16 20:14:01.042565+00:00,35.2,21.6,0.6,3,15.1,39.6,80,open-meteo,7.45,78.28
Ezzhiliga,Morocco,33.3,-6.5333,2026-09-22,2026-09-16 20:14:01.042565+00:00,34.8,18.2,0.0,0,14.8,34.2,3,open-meteo,5.27,90.31
Ajdir,Morocco,34.7443,-3.9735,2026-09-16,2026-09-16 20:14:01.131497+00:00,28.3,16.7,0.0,23,24.9,51.1,1,open-meteo,8.22,94.25
Ajdir,Morocco,34.7443,-3.9735,2026-09-17,2026-09-16 20:14:01.131497+00:00,28.1,14.5,0.0,0,16.7,32.4,45,open-meteo,5.33,84.27
Ajdir,Morocco,34.7443,-3.9735,2026-09-18,2026-09-16 20:14:01.131497+00:00,26.2,12.6,0.0,0,16.6,34.2,45,open-meteo,5.5,84.15
Ajdir,Morocco,34.7443,-3.9735,2026-09-19,2026-09-16 20:14:01.131497+00:00,26.0,13.5,0.0,0,16.9,32.4,2,open-meteo,5.35,93.25
Ajdir,Morocco,34.7443,-3.9735,2026-09-20,2026-09-16 20:14:01.131497+00:00,26.4,15.3,0.0,3,17.6,33.8,2,open-meteo,5.58,93.09
Ajdir,Morocco,34.7443,-3.9735,2026-09-21,2026-09-16 20:14:01.131497+00:00,25.7,14.0,0.0,5,15.5,33.1,3,open-meteo,5.25,90.33
Ajdir,Morocco,34.7443,-3.9735,2026-09-22,2026-09-16 20:14:01.131497+00:00,28.5,14.3,0.0,5,9.7,21.6,3,open-meteo,3.37,91.64
Boula’wane,Morocco,32.8637,-8.0707,2026-09-16,2026-09-16 20:14:01.220171+00:00,30.1,19.3,0.0,0,19.0,33.8,2,open-meteo,5.75,92.97
Boula’wane,Morocco,32.8637,-8.0707,2026-09-17,2026-09-16 20:14:01.220171+00:00,28.1,18.4,0.0,0,18.7,33.8,2,open-meteo,5.72,93.0
Boula’wane,Morocco,32.8637,-8.0707,2026-09-18,2026-09-16 20:14:01.220171+00:00,29.6,17.5,0.0,0,20.5,36.4,3,open-meteo,6.2,89.66
Boula’wane,Morocco,32.8637,-8.0707,2026-09-19,2026-09-16 20:14:01.220171+00:00,32.6,17.7,0.0,0,18.1,32.4,2,open-meteo,5.5,93.15
Boula’wane,Morocco,32.8637,-8.0707,2026-09-20,2026-09-16 20:14:01.220171+00:00,37.9,20.8,0.0,0,18.4,32.8,2,open-meteo,17.18,84.97
Boula’wane,Morocco,32.8637,-8.0707,2026-09-21,2026-09-16 20:14:01.220171+00:00,33.5,22.2,0.0,0,14.8,26.6,2,open-meteo,4.51,93.84
Boula’wane,Morocco,32.8637,-8.0707,2026-09-22,2026-09-16 20:14:01.220171+00:00,35.7,18.4,0.0,0,16.8,31.3,45,open-meteo,8.03,82.38
Bou Djeniba,Morocco,32.9,-6.7833,2026-09-16,2026-09-16 20:14:01.310344+00:00,30.9,17.5,0.0,0,18.3,32.8,3,open-meteo,5.57,90.1
Bou Djeniba,Morocco,32.9,-6.7833,2026-09-17,2026-09-16 20:14:01.310344+00:00,28.5,14.7,0.0,0,18.3,34.2,3,open-meteo,5.71,90.0
Bou Djeniba,Morocco,32.9,-6.7833,2026-09-18,2026-09-16 20:14:01.310344+00:00,29.4,15.6,0.0,0,17.7,32.0,3,open-meteo,5.41,90.21
Bou Djeniba,Morocco,32.9,-6.7833,2026-09-19,2026-09-16 20:14:01.310344+00:00,33.7,17.2,0.0,0,18.3,34.9,2,open-meteo,5.78,92.95
Bou Djeniba,Morocco,32.9,-6.7833,2026-09-20,2026-09-16 20:14:01.310344+00:00,36.5,22.2,0.0,8,13.1,34.6,3,open-meteo,11.1,86.23
Bou Djeniba,Morocco,32.9,-6.7833,2026-09-21,2026-09-16 20:14:01.310344+00:00,34.1,21.8,0.3,0,15.3,28.1,3,open-meteo,5.12,90.42
Bou Djeniba,Morocco,32.9,-6.7833,2026-09-22,2026-09-16 20:14:01.310344+00:00,33.8,20.1,0.0,0,19.7,37.8,2,open-meteo,6.24,92.63
Oulad Driss,Morocco,31.9996,-8.2276,2026-09-16,2026-09-16 20:14:01.401674+00:00,33.4,19.1,0.0,0,22.7,37.1,2,open-meteo,6.55,92.41
Oulad Driss,Morocco,31.9996,-8.2276,2026-09-17,2026-09-16 20:14:01.401674+00:00,29.0,17.1,0.0,0,20.6,34.2,2,open-meteo,6.0,92.8
Oulad Driss,Morocco,31.9996,-8.2276,2026-09-18,2026-09-16 20:14:01.401674+00:00,30.3,16.6,0.0,0,18.6,29.9,2,open-meteo,5.32,93.28
Oulad Driss,Morocco,31.9996,-8.2276,2026-09-19,2026-09-16 20:14:01.401674+00:00,33.9,18.7,0.0,0,19.2,31.3,2,open-meteo,5.53,93.13
Oulad Driss,Morocco,31.9996,-8.2276,2026-09-20,2026-09-16 20:14:01.401674+00:00,37.3,23.9,0.6,13,21.8,38.5,80,open-meteo,16.57,71.9
Oulad Driss,Morocco,31.9996,-8.2276,2026-09-21,2026-09-16 20:14:01.401674+00:00,36.3,23.6,0.0,3,18.1,31.0,2,open-meteo,10.56,89.61
Oulad Driss,Morocco,31.9996,-8.2276,2026-09-22,2026-09-16 20:14:01.401674+00:00,36.8,20.7,0.0,3,21.5,37.1,3,open-meteo,13.6,84.48
Esbiaat,Morocco,32.2044,-8.5608,2026-09-16,2026-09-16 20:14:01.492655+00:00,32.5,19.0,0.0,0,24.5,38.5,2,open-meteo,6.91,92.16
Esbiaat,Morocco,32.2044,-8.5608,2026-09-17,2026-09-16 20:14:01.492655+00:00,28.3,17.5,0.0,0,22.6,35.6,3,open-meteo,6.39,89.53
Esbiaat,Morocco,32.2044,-8.5608,2026-09-18,2026-09-16 20:14:01.492655+00:00,30.0,17.1,0.0,0,20.6,32.4,45,open-meteo,5.82,83.93
Esbiaat,Morocco,32.2044,-8.5608,2026-09-19,2026-09-16 20:14:01.492655+00:00,33.1,16.7,0.0,0,19.1,30.2,45,open-meteo,5.41,84.21
Esbiaat,Morocco,32.2044,-8.5608,2026-09-20,2026-09-16 20:14:01.492655+00:00,38.4,22.9,0.0,3,19.6,42.1,2,open-meteo,20.26,82.82
Esbiaat,Morocco,32.2044,-8.5608,2026-09-21,2026-09-16 20:14:01.492655+00:00,36.0,22.2,0.0,0,17.4,32.8,2,open-meteo,9.46,90.38
Esbiaat,Morocco,32.2044,-8.5608,2026-09-22,2026-09-16 20:14:01.492655+00:00,36.8,19.6,0.0,0,20.6,37.8,3,open-meteo,13.55,84.52
Madagh,Morocco,35.0507,-2.3747,2026-09-16,2026-09-16 20:14:01.583570+00:00,30.5,16.4,0.0,0,13.6,24.5,45,open-meteo,4.15,85.09
Madagh,Morocco,35.0507,-2.3747,2026-09-17,2026-09-16 20:14:01.583570+00:00,25.6,18.1,0.0,0,15.2,27.7,3,open-meteo,4.67,90.73
Madagh,Morocco,35.0507,-2.3747,2026-09-18,2026-09-16 20:14:01.583570+00:00,25.8,18.6,0.0,3,18.4,33.8,45,open-meteo,5.68,84.02
Madagh,Morocco,35.0507,-2.3747,2026-09-19,2026-09-16 20:14:01.583570+00:00,25.9,20.9,0.0,0,26.4,47.9,2,open-meteo,8.09,91.34
Madagh,Morocco,35.0507,-2.3747,2026-09-20,2026-09-16 20:14:01.583570+00:00,25.8,21.4,0.0,0,24.0,43.2,45,open-meteo,7.32,82.88
Madagh,Morocco,35.0507,-2.3747,2026-09-21,2026-09-16 20:14:01.583570+00:00,27.3,20.7,0.0,3,18.9,36.0,45,open-meteo,5.96,83.83
Madagh,Morocco,35.0507,-2.3747,2026-09-22,2026-09-16 20:14:01.583570+00:00,27.9,20.3,0.0,0,17.0,31.0,45,open-meteo,5.23,84.34
Ifrane,Morocco,33.5333,-5.1167,2026-09-16,2026-09-16 20:14:01.674340+00:00,23.6,12.4,0.0,0,16.8,36.7,1,open-meteo,5.77,95.96
Ifrane,Morocco,33.5333,-5.1167,2026-09-17,2026-09-16 20:14:01.674340+00:00,23.6,13.2,0.0,3,15.1,33.5,3,open-meteo,5.24,90.33
Ifrane,Morocco,33.5333,-5.1167,2026-09-18,2026-09-16 20:14:01.674340+00:00,23.6,11.7,0.0,0,15.4,33.5,3,open-meteo,5.28,90.3
Ifrane,Morocco,33.5333,-5.1167,2026-09-19,2026-09-16 20:14:01.674340+00:00,26.9,13.5,0.6,5,16.5,36.0,80,open-meteo,6.46,78.98
Ifrane,Morocco,33.5333,-5.1167,2026-09-20,2026-09-16 20:14:01.674340+00:00,27.4,16.9,0.0,13,16.6,41.4,3,open-meteo,6.22,89.65
Ifrane,Morocco,33.5333,-5.1167,2026-09-21,2026-09-16 20:14:01.674340+00:00,27.0,14.2,0.0,8,21.8,51.8,1,open-meteo,7.91,94.46
Ifrane,Morocco,33.5333,-5.1167,2026-09-22,2026-09-16 20:14:01.674340+00:00,25.3,14.7,0.3,10,15.6,39.2,3,open-meteo,6.27,89.61
Targuist,Morocco,34.9402,-4.3208,2026-09-16,2026-09-16 20:14:01.764311+00:00,29.1,19.1,0.0,3,17.4,34.2,3,open-meteo,5.59,90.09
Targuist,Morocco,34.9402,-4.3208,2026-09-17,2026-09-16 20:14:01.764311+00:00,24.5,14.4,0.0,0,16.3,34.6,45,open-meteo,5.5,84.15
Targuist,Morocco,34.9402,-4.3208,2026-09-18,2026-09-16 20:14:01.764311+00:00,22.6,13.0,0.0,3,16.8,33.5,45,open-meteo,5.45,84.18
Targuist,Morocco,34.9402,-4.3208,2026-09-19,2026-09-16 20:14:01.764311+00:00,24.2,14.2,0.0,0,18.6,37.8,45,open-meteo,6.11,83.72
Targuist,Morocco,34.9402,-4.3208,2026-09-20,2026-09-16 20:14:01.764311+00:00,24.3,14.4,0.0,0,15.2,30.6,45,open-meteo,4.96,84.53
Targuist,Morocco,34.9402,-4.3208,2026-09-21,2026-09-16 20:14:01.764311+00:00,22.5,14.2,0.0,0,13.8,26.3,45,open-meteo,4.36,84.95
Targuist,Morocco,34.9402,-4.3208,2026-09-22,2026-09-16 20:14:01.764311+00:00,21.8,16.6,0.0,0,12.0,22.3,2,open-meteo,3.73,94.39
Goulmima,Morocco,31.6944,-4.9592,2026-09-16,2026-09-16 20:14:01.854809+00:00,34.0,20.6,0.0,3,25.7,40.7,3,open-meteo,7.28,88.9
Goulmima,Morocco,31.6944,-4.9592,2026-09-17,2026-09-16 20:14:01.854809+00:00,32.8,19.6,0.5,48,24.9,45.7,80,open-meteo,8.35,77.66
Goulmima,Morocco,31.6944,-4.9592,2026-09-18,2026-09-16 20:14:01.854809+00:00,33.0,18.6,0.0,35,45.5,78.8,3,open-meteo,13.57,84.5
Goulmima,Morocco,31.6944,-4.9592,2026-09-19,2026-09-16 20:14:01.854809+00:00,32.5,20.3,0.0,10,10.9,19.8,3,open-meteo,3.34,91.66
Goulmima,Morocco,31.6944,-4.9592,2026-09-20,2026-09-16 20:14:01.854809+00:00,32.7,22.9,0.0,10,10.2,19.8,3,open-meteo,3.26,91.72
Goulmima,Morocco,31.6944,-4.9592,2026-09-21,2026-09-16 20:14:01.854809+00:00,31.3,21.4,1.5,25,19.9,30.2,80,open-meteo,7.51,78.24
Goulmima,Morocco,31.6944,-4.9592,2026-09-22,2026-09-16 20:14:01.854809+00:00,32.5,20.4,0.0,25,14.9,25.6,2,open-meteo,4.42,93.91
Ayt ’Attou ou L’Arbi,Morocco,31.5456,-8.2967,2026-09-16,2026-09-16 20:14:01.947756+00:00,35.2,22.2,0.0,0,19.8,34.9,0,open-meteo,6.77,95.26
Ayt ’Attou ou L’Arbi,Morocco,31.5456,-8.2967,2026-09-17,2026-09-16 20:14:01.947756+00:00,30.6,18.2,0.0,0,15.0,28.1,2,open-meteo,4.69,93.72
Ayt ’Attou ou L’Arbi,Morocco,31.5456,-8.2967,2026-09-18,2026-09-16 20:14:01.947756+00:00,31.5,18.2,0.0,0,11.4,19.8,3,open-meteo,3.41,91.61
Ayt ’Attou ou L’Arbi,Morocco,31.5456,-8.2967,2026-09-19,2026-09-16 20:14:01.947756+00:00,35.0,20.0,0.0,0,13.0,23.8,2,open-meteo,4.0,94.2
Ayt ’Attou ou L’Arbi,Morocco,31.5456,-8.2967,2026-09-20,2026-09-16 20:14:01.947756+00:00,39.1,24.1,0.0,23,17.1,34.2,3,open-meteo,21.96,78.63
Ayt ’Attou ou L’Arbi,Morocco,31.5456,-8.2967,2026-09-21,2026-09-16 20:14:01.947756+00:00,37.7,23.8,0.0,3,20.7,34.9,3,open-meteo,16.88,82.18
Ayt ’Attou ou L’Arbi,Morocco,31.5456,-8.2967,2026-09-22,2026-09-16 20:14:01.947756+00:00,37.5,25.0,0.3,3,16.1,27.4,80,open-meteo,15.15,72.89
Masmouda,Morocco,34.7861,-5.7078,2026-09-16,2026-09-16 20:14:02.039104+00:00,29.0,16.7,0.0,0,16.9,34.9,3,open-meteo,5.6,90.08
Masmouda,Morocco,34.7861,-5.7078,2026-09-17,2026-09-16 20:14:02.039104+00:00,27.9,15.9,0.0,0,15.8,31.7,3,open-meteo,5.15,90.39
Masmouda,Morocco,34.7861,-5.7078,2026-09-18,2026-09-16 20:14:02.039104+00:00,30.1,14.4,0.0,0,16.8,34.2,45,open-meteo,5.52,84.14
Masmouda,Morocco,34.7861,-5.7078,2026-09-19,2026-09-16 20:14:02.039104+00:00,35.2,17.8,0.0,0,13.5,27.4,1,open-meteo,5.23,96.34
Masmouda,Morocco,34.7861,-5.7078,2026-09-20,2026-09-16 20:14:02.039104+00:00,37.1,19.4,0.0,0,14.0,30.6,1,open-meteo,13.21,90.75
Masmouda,Morocco,34.7861,-5.7078,2026-09-21,2026-09-16 20:14:02.039104+00:00,36.0,19.5,0.0,0,12.7,28.8,0,open-meteo,8.47,94.07
Masmouda,Morocco,34.7861,-5.7078,2026-09-22,2026-09-16 20:14:02.039104+00:00,35.4,19.1,0.0,0,11.3,25.9,1,open-meteo,5.6,96.08
Oulad Bou Rahmoun,Morocco,32.2953,-6.6669,2026-09-16,2026-09-16 20:14:02.129831+00:00,35.8,20.6,0.0,0,13.8,24.8,2,open-meteo,7.4,91.82
Oulad Bou Rahmoun,Morocco,32.2953,-6.6669,2026-09-17,2026-09-16 20:14:02.129831+00:00,32.8,17.9,0.0,0,14.0,25.2,3,open-meteo,4.27,91.01
Oulad Bou Rahmoun,Morocco,32.2953,-6.6669,2026-09-18,2026-09-16 20:14:02.129831+00:00,33.7,18.1,0.0,0,11.0,19.1,3,open-meteo,3.29,91.7
Oulad Bou Rahmoun,Morocco,32.2953,-6.6669,2026-09-19,2026-09-16 20:14:02.129831+00:00,38.2,19.4,0.0,0,11.6,20.9,3,open-meteo,16.34,82.56
Oulad Bou Rahmoun,Morocco,32.2953,-6.6669,2026-09-20,2026-09-16 20:14:02.129831+00:00,40.4,22.4,0.0,3,14.3,42.1,3,open-meteo,27.6,74.68
Oulad Bou Rahmoun,Morocco,32.2953,-6.6669,2026-09-21,2026-09-16 20:14:02.129831+00:00,37.8,23.9,0.3,3,14.5,27.4,3,open-meteo,16.15,82.69
Oulad Bou Rahmoun,Morocco,32.2953,-6.6669,2026-09-22,2026-09-16 20:14:02.129831+00:00,38.4,23.0,0.0,0,17.0,32.4,0,open-meteo,18.96,86.73
Douar Oulad Driss,Morocco,31.9039,-8.3024,2026-09-16,2026-09-16 20:14:02.221104+00:00,33.9,20.0,0.0,0,25.5,44.6,1,open-meteo,7.65,94.64
Douar Oulad Driss,Morocco,31.9039,-8.3024,2026-09-17,2026-09-16 20:14:02.221104+00:00,29.4,17.4,0.0,0,21.0,37.4,2,open-meteo,6.37,92.54
Douar Oulad Driss,Morocco,31.9039,-8.3024,2026-09-18,2026-09-16 20:14:02.221104+00:00,30.6,17.8,0.0,0,24.1,42.1,1,open-meteo,7.22,94.95
Douar Oulad Driss,Morocco,31.9039,-8.3024,2026-09-19,2026-09-16 20:14:02.221104+00:00,34.3,20.2,0.0,0,17.1,36.7,2,open-meteo,5.81,92.93
Douar Oulad Driss,Morocco,31.9039,-8.3024,2026-09-20,2026-09-16 20:14:02.221104+00:00,38.4,25.2,0.6,20,15.8,36.0,80,open-meteo,19.97,69.52
Douar Oulad Driss,Morocco,31.9039,-8.3024,2026-09-21,2026-09-16 20:14:02.221104+00:00,37.2,24.3,0.0,3,19.3,31.7,3,open-meteo,14.38,83.93
Douar Oulad Driss,Morocco,31.9039,-8.3024,2026-09-22,2026-09-16 20:14:02.221104+00:00,36.6,23.8,0.6,3,19.0,29.9,3,open-meteo,12.57,85.2
Zayda,Morocco,32.8183,-4.9594,2026-09-16,2026-09-16 20:14:02.315410+00:00,27.3,15.5,0.0,0,20.9,33.8,1,open-meteo,5.99,95.81
Zayda,Morocco,32.8183,-4.9594,2026-09-17,2026-09-16 20:14:02.315410+00:00,29.5,11.8,0.6,5,26.4,43.6,80,open-meteo,8.46,77.58
Zayda,Morocco,32.8183,-4.9594,2026-09-18,2026-09-16 20:14:02.315410+00:00,28.4,13.0,0.0,0,23.0,37.4,3,open-meteo,6.62,89.37
Zayda,Morocco,32.8183,-4.9594,2026-09-19,2026-09-16 20:14:02.315410+00:00,28.8,13.9,0.1,18,19.7,31.0,3,open-meteo,5.7,90.01
Zayda,Morocco,32.8183,-4.9594,2026-09-20,2026-09-16 20:14:02.315410+00:00,30.0,15.3,0.3,30,12.2,20.5,3,open-meteo,3.98,91.21
Zayda,Morocco,32.8183,-4.9594,2026-09-21,2026-09-16 20:14:02.315410+00:00,29.6,14.3,0.0,8,23.9,40.7,45,open-meteo,7.06,83.06
Zayda,Morocco,32.8183,-4.9594,2026-09-22,2026-09-16 20:14:02.315410+00:00,28.1,15.2,0.0,8,19.8,33.5,3,open-meteo,5.83,89.92
Ihaddadene,Morocco,31.2015,-9.6438,2026-09-16,2026-09-16 20:14:02.413815+00:00,34.7,22.3,0.0,0,34.3,78.1,0,open-meteo,12.1,91.53
Ihaddadene,Morocco,31.2015,-9.6438,2026-09-17,2026-09-16 20:14:02.413815+00:00,26.6,19.6,0.0,0,32.6,66.6,2,open-meteo,10.73,89.49
Ihaddadene,Morocco,31.2015,-9.6438,2026-09-18,2026-09-16 20:14:02.413815+00:00,28.7,17.6,0.0,0,28.8,62.6,1,open-meteo,9.86,93.1
Ihaddadene,Morocco,31.2015,-9.6438,2026-09-19,2026-09-16 20:14:02.413815+00:00,31.1,18.3,0.0,0,14.5,33.5,2,open-meteo,5.16,93.39
Ihaddadene,Morocco,31.2015,-9.6438,2026-09-20,2026-09-16 20:14:02.413815+00:00,29.8,21.2,0.0,0,10.0,22.0,2,open-meteo,3.45,94.58
Ihaddadene,Morocco,31.2015,-9.6438,2026-09-21,2026-09-16 20:14:02.413815+00:00,31.1,20.8,0.0,0,10.0,29.9,3,open-meteo,4.24,91.03
Ihaddadene,Morocco,31.2015,-9.6438,2026-09-22,2026-09-16 20:14:02.413815+00:00,34.1,20.4,0.3,0,8.4,27.7,3,open-meteo,4.22,91.05
Douar Oulad Youssef,Morocco,32.4806,-6.3769,2026-09-16,2026-09-16 20:14:02.526623+00:00,34.8,20.4,0.0,0,11.8,21.6,2,open-meteo,3.64,94.45
Douar Oulad Youssef,Morocco,32.4806,-6.3769,2026-09-17,2026-09-16 20:14:02.526623+00:00,32.6,17.1,0.0,0,12.0,21.6,2,open-meteo,3.66,94.44
Douar Oulad Youssef,Morocco,32.4806,-6.3769,2026-09-18,2026-09-16 20:14:02.526623+00:00,33.5,17.3,0.0,0,8.6,16.9,3,open-meteo,2.77,92.06
Douar Oulad Youssef,Morocco,32.4806,-6.3769,2026-09-19,2026-09-16 20:14:02.526623+00:00,37.9,19.8,0.0,0,17.1,30.2,2,open-meteo,16.76,85.27
Douar Oulad Youssef,Morocco,32.4806,-6.3769,2026-09-20,2026-09-16 20:14:02.526623+00:00,39.9,22.7,0.0,5,16.6,38.2,3,open-meteo,25.49,76.16
Douar Oulad Youssef,Morocco,32.4806,-6.3769,2026-09-21,2026-09-16 20:14:02.526623+00:00,37.5,23.5,0.6,0,15.8,28.4,3,open-meteo,15.62,83.07
Douar Oulad Youssef,Morocco,32.4806,-6.3769,2026-09-22,2026-09-16 20:14:02.526623+00:00,37.6,24.0,0.0,0,14.3,25.9,2,open-meteo,14.78,86.65
Douar Hammadi,Morocco,31.609,-8.4604,2026-09-16,2026-09-16 20:14:02.627133+00:00,35.6,22.7,0.0,0,22.6,34.9,0,open-meteo,8.72,93.9
Douar Hammadi,Morocco,31.609,-8.4604,2026-09-17,2026-09-16 20:14:02.627133+00:00,30.8,19.1,0.0,0,19.1,29.2,1,open-meteo,5.31,96.28
Douar Hammadi,Morocco,31.609,-8.4604,2026-09-18,2026-09-16 20:14:02.627133+00:00,31.8,18.7,0.0,0,16.2,25.2,1,open-meteo,4.55,96.81
Douar Hammadi,Morocco,31.609,-8.4604,2026-09-19,2026-09-16 20:14:02.627133+00:00,35.3,20.1,0.0,3,13.8,21.2,2,open-meteo,5.04,93.47
Douar Hammadi,Morocco,31.609,-8.4604,2026-09-20,2026-09-16 20:14:02.627133+00:00,39.4,24.4,0.3,10,21.8,34.2,3,open-meteo,24.14,77.1
Douar Hammadi,Morocco,31.609,-8.4604,2026-09-21,2026-09-16 20:14:02.627133+00:00,37.8,24.2,0.0,3,21.1,34.2,3,open-meteo,17.26,81.92
Douar Hammadi,Morocco,31.609,-8.4604,2026-09-22,2026-09-16 20:14:02.627133+00:00,37.8,21.6,0.3,3,21.2,32.8,3,open-meteo,17.53,81.73
Khmis Sidi al ’Aydi,Morocco,33.1228,-7.6219,2026-09-16,2026-09-16 20:14:02.722105+00:00,30.0,19.0,0.0,0,17.9,32.4,2,open-meteo,5.48,93.16
Khmis Sidi al ’Aydi,Morocco,33.1228,-7.6219,2026-09-17,2026-09-16 20:14:02.722105+00:00,28.3,17.2,0.0,0,17.9,32.0,3,open-meteo,5.44,90.19
Khmis Sidi al ’Aydi,Morocco,33.1228,-7.6219,2026-09-18,2026-09-16 20:14:02.722105+00:00,29.7,16.7,0.0,0,19.5,34.2,45,open-meteo,5.86,83.9
Khmis Sidi al ’Aydi,Morocco,33.1228,-7.6219,2026-09-19,2026-09-16 20:14:02.722105+00:00,33.5,16.5,0.0,0,17.7,31.0,2,open-meteo,5.31,93.28
Khmis Sidi al ’Aydi,Morocco,33.1228,-7.6219,2026-09-20,2026-09-16 20:14:02.722105+00:00,38.8,21.0,0.0,8,19.5,34.9,2,open-meteo,21.13,82.21
Khmis Sidi al ’Aydi,Morocco,33.1228,-7.6219,2026-09-21,2026-09-16 20:14:02.722105+00:00,36.4,22.3,0.0,0,13.8,28.4,2,open-meteo,10.16,89.89
Khmis Sidi al ’Aydi,Morocco,33.1228,-7.6219,2026-09-22,2026-09-16 20:14:02.722105+00:00,37.8,18.9,0.0,0,18.1,36.0,1,open-meteo,17.06,88.06
’Tlat Bni Oukil,Morocco,32.5949,-6.8595,2026-09-16,2026-09-16 20:14:02.813901+00:00,34.6,20.9,0.0,0,18.4,37.1,3,open-meteo,6.01,89.79
’Tlat Bni Oukil,Morocco,32.5949,-6.8595,2026-09-17,2026-09-16 20:14:02.813901+00:00,32.8,16.7,0.0,0,18.6,35.3,2,open-meteo,5.86,92.9
’Tlat Bni Oukil,Morocco,32.5949,-6.8595,2026-09-18,2026-09-16 20:14:02.813901+00:00,33.1,17.6,0.0,0,17.3,33.1,3,open-meteo,5.47,90.17
’Tlat Bni Oukil,Morocco,32.5949,-6.8595,2026-09-19,2026-09-16 20:14:02.813901+00:00,37.0,18.7,0.0,0,18.1,34.2,2,open-meteo,13.68,87.42
’Tlat Bni Oukil,Morocco,32.5949,-6.8595,2026-09-20,2026-09-16 20:14:02.813901+00:00,38.9,24.8,0.0,10,13.4,40.3,3,open-meteo,21.3,79.09
’Tlat Bni Oukil,Morocco,32.5949,-6.8595,2026-09-21,2026-09-16 20:14:02.813901+00:00,37.3,24.2,0.6,3,8.8,19.1,3,open-meteo,13.01,84.89
’Tlat Bni Oukil,Morocco,32.5949,-6.8595,2026-09-22,2026-09-16 20:14:02.813901+00:00,37.0,20.6,0.0,0,17.6,29.5,2,open-meteo,13.15,87.79
Douar Lehgagcha,Morocco,32.55,-8.7167,2026-09-16,2026-09-16 20:14:02.905214+00:00,30.2,19.7,0.0,0,20.2,38.2,3,open-meteo,6.35,89.56
Douar Lehgagcha,Morocco,32.55,-8.7167,2026-09-17,2026-09-16 20:14:02.905214+00:00,27.6,18.6,0.0,0,19.5,37.4,2,open-meteo,6.18,92.67
Douar Lehgagcha,Morocco,32.55,-8.7167,2026-09-18,2026-09-16 20:14:02.905214+00:00,29.3,17.5,0.0,0,20.2,38.2,2,open-meteo,6.35,92.56
Douar Lehgagcha,Morocco,32.55,-8.7167,2026-09-19,2026-09-16 20:14:02.905214+00:00,31.3,17.5,0.0,0,18.2,34.6,3,open-meteo,5.74,89.98
Douar Lehgagcha,Morocco,32.55,-8.7167,2026-09-20,2026-09-16 20:14:02.905214+00:00,37.6,21.3,0.0,5,14.8,28.8,2,open-meteo,15.13,86.41
Douar Lehgagcha,Morocco,32.55,-8.7167,2026-09-21,2026-09-16 20:14:02.905214+00:00,34.4,21.0,0.0,0,15.4,29.9,2,open-meteo,4.92,93.56
Douar Lehgagcha,Morocco,32.55,-8.7167,2026-09-22,2026-09-16 20:14:02.905214+00:00,35.0,18.3,0.0,0,15.6,30.6,45,open-meteo,5.01,84.49
Zemamra,Morocco,32.6215,-8.7022,2026-09-16,2026-09-16 20:14:02.997634+00:00,29.6,19.4,0.0,0,20.3,38.5,3,open-meteo,6.39,89.53
Zemamra,Morocco,32.6215,-8.7022,2026-09-17,2026-09-16 20:14:02.997634+00:00,27.4,18.5,0.0,0,19.9,37.8,2,open-meteo,6.27,92.61
Zemamra,Morocco,32.6215,-8.7022,2026-09-18,2026-09-16 20:14:02.997634+00:00,28.8,17.5,0.0,0,20.9,38.9,2,open-meteo,6.5,92.45
Zemamra,Morocco,32.6215,-8.7022,2026-09-19,2026-09-16 20:14:02.997634+00:00,30.9,17.7,0.0,0,18.6,34.9,3,open-meteo,5.82,89.93
Zemamra,Morocco,32.6215,-8.7022,2026-09-20,2026-09-16 20:14:02.997634+00:00,36.7,21.2,0.0,0,15.9,30.2,2,open-meteo,11.81,88.73
Zemamra,Morocco,32.6215,-8.7022,2026-09-21,2026-09-16 20:14:02.997634+00:00,32.1,20.2,0.0,0,14.6,27.0,45,open-meteo,4.52,84.84
Zemamra,Morocco,32.6215,-8.7022,2026-09-22,2026-09-16 20:14:02.997634+00:00,32.3,17.8,0.0,0,14.5,27.4,45,open-meteo,4.55,84.81
Bni Darkoul,Morocco,35.0563,-5.0688,2026-09-16,2026-09-16 20:14:03.091633+00:00,29.7,15.4,0.0,0,17.4,33.1,3,open-meteo,5.49,90.16
Bni Darkoul,Morocco,35.0563,-5.0688,2026-09-17,2026-09-16 20:14:03.091633+00:00,29.5,14.0,0.0,0,10.1,19.8,45,open-meteo,3.24,85.73
Bni Darkoul,Morocco,35.0563,-5.0688,2026-09-18,2026-09-16 20:14:03.091633+00:00,30.3,13.1,0.0,0,15.0,29.9,3,open-meteo,4.87,90.59
Bni Darkoul,Morocco,35.0563,-5.0688,2026-09-19,2026-09-16 20:14:03.091633+00:00,29.2,18.4,0.0,0,17.2,33.8,1,open-meteo,5.53,96.13
Bni Darkoul,Morocco,35.0563,-5.0688,2026-09-20,2026-09-16 20:14:03.091633+00:00,29.6,19.1,0.0,0,17.7,33.8,1,open-meteo,5.59,96.09
Bni Darkoul,Morocco,35.0563,-5.0688,2026-09-21,2026-09-16 20:14:03.091633+00:00,31.4,18.9,0.0,0,14.3,28.4,0,open-meteo,4.63,96.76
Bni Darkoul,Morocco,35.0563,-5.0688,2026-09-22,2026-09-16 20:14:03.091633+00:00,33.0,20.0,0.0,0,11.9,24.5,1,open-meteo,3.94,97.24
Sebt Bni Smith,Morocco,35.1372,-4.7106,2026-09-16,2026-09-16 20:14:03.184382+00:00,30.0,22.7,0.0,0,10.7,19.4,2,open-meteo,3.28,94.7
Sebt Bni Smith,Morocco,35.1372,-4.7106,2026-09-17,2026-09-16 20:14:03.184382+00:00,24.4,19.7,0.0,13,9.1,18.0,45,open-meteo,2.94,85.94
Sebt Bni Smith,Morocco,35.1372,-4.7106,2026-09-18,2026-09-16 20:14:03.184382+00:00,24.2,19.2,0.0,3,9.5,17.3,45,open-meteo,2.92,85.96
Sebt Bni Smith,Morocco,35.1372,-4.7106,2026-09-19,2026-09-16 20:14:03.184382+00:00,24.1,20.6,0.0,0,10.6,20.2,45,open-meteo,3.35,85.66
Sebt Bni Smith,Morocco,35.1372,-4.7106,2026-09-20,2026-09-16 20:14:03.184382+00:00,24.2,20.8,0.0,3,10.2,18.4,45,open-meteo,3.12,85.82
Sebt Bni Smith,Morocco,35.1372,-4.7106,2026-09-21,2026-09-16 20:14:03.184382+00:00,25.5,21.0,0.0,0,10.8,19.4,45,open-meteo,3.29,85.7
Sebt Bni Smith,Morocco,35.1372,-4.7106,2026-09-22,2026-09-16 20:14:03.184382+00:00,26.2,21.3,0.0,0,9.3,17.3,2,open-meteo,2.89,94.98
Toulal,Morocco,32.3016,-3.9845,2026-09-16,2026-09-16 20:14:03.275324+00:00,30.4,17.9,0.0,0,25.0,40.0,2,open-meteo,7.13,92.01
Toulal,Morocco,32.3016,-3.9845,2026-09-17,2026-09-16 20:14:03.275324+00:00,31.1,16.4,0.2,48,24.7,56.5,3,open-meteo,9.0,87.7
Toulal,Morocco,32.3016,-3.9845,2026-09-18,2026-09-16 20:14:03.275324+00:00,30.2,15.0,0.3,43,23.0,47.2,61,open-meteo,8.0,80.9
Toulal,Morocco,32.3016,-3.9845,2026-09-19,2026-09-16 20:14:03.275324+00:00,30.0,15.5,0.0,10,10.2,16.9,3,open-meteo,2.96,91.93
Toulal,Morocco,32.3016,-3.9845,2026-09-20,2026-09-16 20:14:03.275324+00:00,30.5,18.4,0.6,20,8.9,17.6,3,open-meteo,3.67,91.43
Toulal,Morocco,32.3016,-3.9845,2026-09-21,2026-09-16 20:14:03.275324+00:00,28.7,17.9,1.2,28,18.8,32.8,80,open-meteo,7.23,78.44
Toulal,Morocco,32.3016,-3.9845,2026-09-22,2026-09-16 20:14:03.275324+00:00,29.0,15.9,0.0,28,12.5,25.2,3,open-meteo,4.08,91.14
Iygli,Morocco,29.5001,-9.0501,2026-09-16,2026-09-16 20:14:03.367958+00:00,30.8,20.0,0.0,0,24.2,47.5,2,open-meteo,7.78,91.55
Iygli,Morocco,29.5001,-9.0501,2026-09-17,2026-09-16 20:14:03.367958+00:00,30.7,16.1,0.0,28,17.4,32.4,3,open-meteo,5.42,90.21
Iygli,Morocco,29.5001,-9.0501,2026-09-18,2026-09-16 20:14:03.367958+00:00,30.3,16.2,0.0,8,20.9,36.7,3,open-meteo,6.28,89.6
Iygli,Morocco,29.5001,-9.0501,2026-09-19,2026-09-16 20:14:03.367958+00:00,30.5,19.1,0.0,0,32.8,60.8,2,open-meteo,10.18,89.87
Iygli,Morocco,29.5001,-9.0501,2026-09-20,2026-09-16 20:14:03.367958+00:00,30.4,20.5,0.0,0,31.1,58.3,1,open-meteo,9.72,93.2
Iygli,Morocco,29.5001,-9.0501,2026-09-21,2026-09-16 20:14:03.367958+00:00,32.2,19.3,0.0,8,24.8,41.8,2,open-meteo,7.28,91.9
Iygli,Morocco,29.5001,-9.0501,2026-09-22,2026-09-16 20:14:03.367958+00:00,29.6,21.3,0.0,8,14.5,25.6,3,open-meteo,4.37,90.94
Aït Youssef Ou Ali,Morocco,35.177,-3.8849,2026-09-16,2026-09-16 20:14:03.460003+00:00,28.5,19.4,0.0,0,13.8,24.1,2,open-meteo,4.14,94.1
Aït Youssef Ou Ali,Morocco,35.177,-3.8849,2026-09-17,2026-09-16 20:14:03.460003+00:00,25.9,19.8,0.2,0,14.8,27.0,3,open-meteo,4.82,90.63
Aït Youssef Ou Ali,Morocco,35.177,-3.8849,2026-09-18,2026-09-16 20:14:03.460003+00:00,26.3,19.3,0.0,3,19.2,34.6,45,open-meteo,5.86,83.9
Aït Youssef Ou Ali,Morocco,35.177,-3.8849,2026-09-19,2026-09-16 20:14:03.460003+00:00,28.8,19.1,0.0,0,26.8,48.6,1,open-meteo,8.21,94.25
Aït Youssef Ou Ali,Morocco,35.177,-3.8849,2026-09-20,2026-09-16 20:14:03.460003+00:00,28.0,22.5,0.0,0,24.7,44.6,3,open-meteo,7.55,88.72
Aït Youssef Ou Ali,Morocco,35.177,-3.8849,2026-09-21,2026-09-16 20:14:03.460003+00:00,30.4,21.0,0.0,0,16.8,33.8,2,open-meteo,5.48,93.16
Aït Youssef Ou Ali,Morocco,35.177,-3.8849,2026-09-22,2026-09-16 20:14:03.460003+00:00,29.9,19.7,0.0,0,11.6,23.4,2,open-meteo,3.79,94.35
El Kansera,Morocco,34.0419,-5.9272,2026-09-16,2026-09-16 20:14:03.548726+00:00,31.5,19.2,0.0,0,19.6,36.7,2,open-meteo,6.12,92.72
El Kansera,Morocco,34.0419,-5.9272,2026-09-17,2026-09-16 20:14:03.548726+00:00,28.9,18.7,0.0,0,15.3,29.2,3,open-meteo,4.83,90.62
El Kansera,Morocco,34.0419,-5.9272,2026-09-18,2026-09-16 20:14:03.548726+00:00,31.2,16.7,0.0,0,19.3,35.3,45,open-meteo,5.94,83.84
El Kansera,Morocco,34.0419,-5.9272,2026-09-19,2026-09-16 20:14:03.548726+00:00,36.6,17.1,0.0,0,13.0,22.3,45,open-meteo,10.26,80.82
El Kansera,Morocco,34.0419,-5.9272,2026-09-20,2026-09-16 20:14:03.548726+00:00,39.6,21.7,0.0,0,15.8,30.2,2,open-meteo,23.4,80.62
El Kansera,Morocco,34.0419,-5.9272,2026-09-21,2026-09-16 20:14:03.548726+00:00,37.8,23.3,0.0,0,12.6,27.4,1,open-meteo,15.51,89.14
El Kansera,Morocco,34.0419,-5.9272,2026-09-22,2026-09-16 20:14:03.548726+00:00,36.4,21.2,0.0,0,14.8,31.3,3,open-meteo,10.58,86.59
Kasba Tanora,Morocco,32.475,-6.1497,2026-09-16,2026-09-16 20:14:03.637997+00:00,33.0,21.8,0.0,0,17.1,31.7,1,open-meteo,5.31,96.28
Kasba Tanora,Morocco,32.475,-6.1497,2026-09-17,2026-09-16 20:14:03.637997+00:00,30.8,19.8,0.0,0,10.9,20.9,2,open-meteo,3.45,94.58
Kasba Tanora,Morocco,32.475,-6.1497,2026-09-18,2026-09-16 20:14:03.637997+00:00,32.0,18.9,0.0,0,13.8,25.9,3,open-meteo,4.32,90.98
Kasba Tanora,Morocco,32.475,-6.1497,2026-09-19,2026-09-16 20:14:03.637997+00:00,35.6,23.4,0.0,0,17.7,32.4,2,open-meteo,7.85,91.5
Kasba Tanora,Morocco,32.475,-6.1497,2026-09-20,2026-09-16 20:14:03.637997+00:00,37.6,27.3,0.3,8,18.6,30.6,3,open-meteo,16.19,82.67
Kasba Tanora,Morocco,32.475,-6.1497,2026-09-21,2026-09-16 20:14:03.637997+00:00,35.5,26.9,0.3,3,19.5,37.8,3,open-meteo,8.62,87.97
Kasba Tanora,Morocco,32.475,-6.1497,2026-09-22,2026-09-16 20:14:03.637997+00:00,35.0,25.1,0.0,3,20.3,38.5,2,open-meteo,6.39,92.53
Bouchabel,Morocco,34.3833,-5.0167,2026-09-16,2026-09-16 20:14:03.729263+00:00,32.1,20.4,0.0,0,20.1,39.2,2,open-meteo,6.43,92.5
Bouchabel,Morocco,34.3833,-5.0167,2026-09-17,2026-09-16 20:14:03.729263+00:00,30.2,18.7,0.0,0,13.2,27.0,3,open-meteo,4.35,90.95
Bouchabel,Morocco,34.3833,-5.0167,2026-09-18,2026-09-16 20:14:03.729263+00:00,32.5,17.2,0.0,0,9.3,22.7,3,open-meteo,3.43,91.6
Bouchabel,Morocco,34.3833,-5.0167,2026-09-19,2026-09-16 20:14:03.729263+00:00,35.6,23.0,0.0,0,25.6,51.5,1,open-meteo,10.75,92.47
Bouchabel,Morocco,34.3833,-5.0167,2026-09-20,2026-09-16 20:14:03.729263+00:00,36.1,24.0,0.0,0,24.1,48.2,1,open-meteo,12.23,91.44
Bouchabel,Morocco,34.3833,-5.0167,2026-09-21,2026-09-16 20:14:03.729263+00:00,35.1,23.9,0.0,0,21.6,45.4,1,open-meteo,7.64,94.65
Bouchabel,Morocco,34.3833,-5.0167,2026-09-22,2026-09-16 20:14:03.729263+00:00,36.6,23.6,0.0,0,14.9,28.8,1,open-meteo,11.14,92.2
Sidi Abdelkarim,Morocco,33.1869,-7.2333,2026-09-16,2026-09-16 20:14:03.824261+00:00,30.1,18.4,0.0,0,19.4,37.1,2,open-meteo,6.13,92.71
Sidi Abdelkarim,Morocco,33.1869,-7.2333,2026-09-17,2026-09-16 20:14:03.824261+00:00,27.9,15.5,0.0,0,18.6,35.3,45,open-meteo,5.86,83.9
Sidi Abdelkarim,Morocco,33.1869,-7.2333,2026-09-18,2026-09-16 20:14:03.824261+00:00,29.0,15.0,0.0,0,18.5,34.9,3,open-meteo,5.8,89.94
Sidi Abdelkarim,Morocco,33.1869,-7.2333,2026-09-19,2026-09-16 20:14:03.824261+00:00,33.3,16.0,0.0,0,17.3,33.1,1,open-meteo,5.47,96.17
Sidi Abdelkarim,Morocco,33.1869,-7.2333,2026-09-20,2026-09-16 20:14:03.824261+00:00,38.0,21.0,0.3,13,18.8,40.3,2,open-meteo,18.78,83.85
Sidi Abdelkarim,Morocco,33.1869,-7.2333,2026-09-21,2026-09-16 20:14:03.824261+00:00,35.0,23.3,0.6,2,15.5,29.2,80,open-meteo,5.66,79.54
Sidi Abdelkarim,Morocco,33.1869,-7.2333,2026-09-22,2026-09-16 20:14:03.824261+00:00,36.5,18.9,0.0,0,20.4,40.0,2,open-meteo,12.55,88.22
Commune Sidi Youssef Ben Ahmed,Morocco,33.8388,-4.7845,2026-09-16,2026-09-16 20:14:03.915241+00:00,29.6,19.3,0.0,0,16.1,35.3,2,open-meteo,5.54,93.12
Commune Sidi Youssef Ben Ahmed,Morocco,33.8388,-4.7845,2026-09-17,2026-09-16 20:14:03.915241+00:00,26.4,17.7,0.0,0,15.6,34.9,3,open-meteo,5.44,90.19
Commune Sidi Youssef Ben Ahmed,Morocco,33.8388,-4.7845,2026-09-18,2026-09-16 20:14:03.915241+00:00,27.8,17.2,0.0,0,15.7,35.3,3,open-meteo,5.49,90.16
Commune Sidi Youssef Ben Ahmed,Morocco,33.8388,-4.7845,2026-09-19,2026-09-16 20:14:03.915241+00:00,30.9,19.5,0.0,0,18.4,41.0,1,open-meteo,6.4,95.52
Commune Sidi Youssef Ben Ahmed,Morocco,33.8388,-4.7845,2026-09-20,2026-09-16 20:14:03.915241+00:00,32.6,22.9,0.0,3,17.3,38.2,2,open-meteo,5.98,92.81
Commune Sidi Youssef Ben Ahmed,Morocco,33.8388,-4.7845,2026-09-21,2026-09-16 20:14:03.915241+00:00,31.8,20.9,0.0,0,16.9,32.4,1,open-meteo,5.35,96.25
Commune Sidi Youssef Ben Ahmed,Morocco,33.8388,-4.7845,2026-09-22,2026-09-16 20:14:03.915241+00:00,32.2,19.0,0.0,0,17.4,33.8,3,open-meteo,5.55,90.11
Ighrem n’Ougdal,Morocco,31.2282,-7.4237,2026-09-16,2026-09-16 20:14:04.007871+00:00,24.2,16.2,0.0,0,27.8,50.4,1,open-meteo,8.52,94.04
Ighrem n’Ougdal,Morocco,31.2282,-7.4237,2026-09-17,2026-09-16 20:14:04.007871+00:00,24.3,15.2,0.7,65,20.1,36.7,80,open-meteo,7.12,78.52
Ighrem n’Ougdal,Morocco,31.2282,-7.4237,2026-09-18,2026-09-16 20:14:04.007871+00:00,23.5,13.7,0.6,63,11.8,24.8,80,open-meteo,4.76,80.17
Ighrem n’Ougdal,Morocco,31.2282,-7.4237,2026-09-19,2026-09-16 20:14:04.007871+00:00,24.5,14.6,0.0,37,15.8,28.1,3,open-meteo,4.79,90.65
Ighrem n’Ougdal,Morocco,31.2282,-7.4237,2026-09-20,2026-09-16 20:14:04.007871+00:00,25.4,15.4,0.0,30,21.1,34.9,3,open-meteo,6.13,89.71
Ighrem n’Ougdal,Morocco,31.2282,-7.4237,2026-09-21,2026-09-16 20:14:04.007871+00:00,23.9,15.3,0.45,38,25.8,53.6,80,open-meteo,9.19,77.07
Ighrem n’Ougdal,Morocco,31.2282,-7.4237,2026-09-22,2026-09-16 20:14:04.007871+00:00,25.0,14.8,0.0,38,34.9,73.1,3,open-meteo,11.67,85.83
Bhalil,Morocco,33.85,-4.8667,2026-09-16,2026-09-16 20:14:04.098232+00:00,29.2,17.6,0.0,0,17.1,37.4,2,open-meteo,5.88,92.88
Bhalil,Morocco,33.85,-4.8667,2026-09-17,2026-09-16 20:14:04.098232+00:00,25.9,15.9,0.0,0,15.1,34.6,45,open-meteo,5.35,84.25
Bhalil,Morocco,33.85,-4.8667,2026-09-18,2026-09-16 20:14:04.098232+00:00,27.5,15.6,0.0,0,14.4,33.8,3,open-meteo,5.18,90.37
Bhalil,Morocco,33.85,-4.8667,2026-09-19,2026-09-16 20:14:04.098232+00:00,30.4,17.6,0.0,0,18.0,40.3,1,open-meteo,6.28,95.6
Bhalil,Morocco,33.85,-4.8667,2026-09-20,2026-09-16 20:14:04.098232+00:00,32.0,19.5,0.0,5,16.7,37.1,1,open-meteo,5.8,95.94
Bhalil,Morocco,33.85,-4.8667,2026-09-21,2026-09-16 20:14:04.098232+00:00,30.7,18.2,0.0,0,14.1,28.1,1,open-meteo,4.57,96.8
Bhalil,Morocco,33.85,-4.8667,2026-09-22,2026-09-16 20:14:04.098232+00:00,31.1,15.2,0.0,0,14.6,29.2,3,open-meteo,4.75,90.67
Tazzarine,Morocco,30.7779,-5.56,2026-09-16,2026-09-16 20:14:04.187794+00:00,35.6,23.8,0.0,3,15.6,24.8,3,open-meteo,6.83,89.22
Tazzarine,Morocco,30.7779,-5.56,2026-09-17,2026-09-16 20:14:04.187794+00:00,33.2,24.4,0.6,23,18.5,29.9,80,open-meteo,6.1,79.23
Tazzarine,Morocco,30.7779,-5.56,2026-09-18,2026-09-16 20:14:04.187794+00:00,33.9,21.8,0.1,3,15.3,24.1,3,open-meteo,4.46,90.88
Tazzarine,Morocco,30.7779,-5.56,2026-09-19,2026-09-16 20:14:04.187794+00:00,34.2,23.9,0.0,3,20.9,33.1,3,open-meteo,5.92,89.86
Tazzarine,Morocco,30.7779,-5.56,2026-09-20,2026-09-16 20:14:04.187794+00:00,34.4,24.8,0.0,3,16.9,27.0,3,open-meteo,4.81,90.63
Tazzarine,Morocco,30.7779,-5.56,2026-09-21,2026-09-16 20:14:04.187794+00:00,33.1,24.5,0.9,8,10.2,20.9,80,open-meteo,4.57,80.3
Tazzarine,Morocco,30.7779,-5.56,2026-09-22,2026-09-16 20:14:04.187794+00:00,34.4,21.4,0.0,8,22.7,34.2,2,open-meteo,6.26,92.62
L’Oulja,Morocco,34.2894,-4.9481,2026-09-16,2026-09-16 20:14:04.279526+00:00,32.7,21.0,0.0,0,20.0,38.5,2,open-meteo,6.35,92.56
L’Oulja,Morocco,34.2894,-4.9481,2026-09-17,2026-09-16 20:14:04.279526+00:00,30.7,19.2,0.0,0,13.9,27.0,3,open-meteo,4.44,90.89
L’Oulja,Morocco,34.2894,-4.9481,2026-09-18,2026-09-16 20:14:04.279526+00:00,33.0,17.7,0.0,0,13.3,26.6,3,open-meteo,4.32,90.98
L’Oulja,Morocco,34.2894,-4.9481,2026-09-19,2026-09-16 20:14:04.279526+00:00,35.7,23.4,0.0,0,25.6,49.7,1,open-meteo,10.97,92.32
L’Oulja,Morocco,34.2894,-4.9481,2026-09-20,2026-09-16 20:14:04.279526+00:00,36.2,24.4,0.0,3,26.4,49.7,1,open-meteo,13.07,90.85
L’Oulja,Morocco,34.2894,-4.9481,2026-09-21,2026-09-16 20:14:04.279526+00:00,35.5,24.3,0.0,0,23.4,47.5,0,open-meteo,9.68,93.22
L’Oulja,Morocco,34.2894,-4.9481,2026-09-22,2026-09-16 20:14:04.279526+00:00,36.6,23.4,0.0,0,11.6,34.2,3,open-meteo,11.27,86.11
Douar Tabouda,Morocco,34.7167,-5.1333,2026-09-16,2026-09-16 20:14:04.368182+00:00,30.6,18.0,0.0,0,17.9,35.6,2,open-meteo,5.8,92.94
Douar Tabouda,Morocco,34.7167,-5.1333,2026-09-17,2026-09-16 20:14:04.368182+00:00,29.6,17.0,0.0,0,13.8,27.0,45,open-meteo,4.43,84.9
Douar Tabouda,Morocco,34.7167,-5.1333,2026-09-18,2026-09-16 20:14:04.368182+00:00,32.0,15.3,0.0,0,12.3,28.1,45,open-meteo,4.35,84.95
Douar Tabouda,Morocco,34.7167,-5.1333,2026-09-19,2026-09-16 20:14:04.368182+00:00,35.1,19.9,0.0,0,24.2,45.7,1,open-meteo,8.0,94.4
Douar Tabouda,Morocco,34.7167,-5.1333,2026-09-20,2026-09-16 20:14:04.368182+00:00,35.2,22.3,0.0,0,20.0,44.6,1,open-meteo,7.76,94.57
Douar Tabouda,Morocco,34.7167,-5.1333,2026-09-21,2026-09-16 20:14:04.368182+00:00,33.9,20.8,0.0,0,12.6,25.9,1,open-meteo,4.17,97.08
Douar Tabouda,Morocco,34.7167,-5.1333,2026-09-22,2026-09-16 20:14:04.368182+00:00,34.9,18.3,0.0,0,7.5,15.8,1,open-meteo,2.52,98.24
Ait Lhaj All,Morocco,33.7622,-5.335,2026-09-16,2026-09-16 20:14:04.456875+00:00,29.9,17.6,0.0,0,18.3,36.0,1,open-meteo,5.89,95.88
Ait Lhaj All,Morocco,33.7622,-5.335,2026-09-17,2026-09-16 20:14:04.456875+00:00,27.7,16.1,0.0,0,14.8,30.6,3,open-meteo,4.91,90.56
Ait Lhaj All,Morocco,33.7622,-5.335,2026-09-18,2026-09-16 20:14:04.456875+00:00,28.0,16.1,0.0,0,16.2,32.4,3,open-meteo,5.27,90.31
Ait Lhaj All,Morocco,33.7622,-5.335,2026-09-19,2026-09-16 20:14:04.456875+00:00,31.9,18.8,0.0,3,19.4,39.6,2,open-meteo,6.39,92.53
Ait Lhaj All,Morocco,33.7622,-5.335,2026-09-20,2026-09-16 20:14:04.456875+00:00,33.7,22.2,0.0,10,19.8,41.0,2,open-meteo,6.58,92.39
Ait Lhaj All,Morocco,33.7622,-5.335,2026-09-21,2026-09-16 20:14:04.456875+00:00,33.7,21.3,0.0,3,19.5,38.2,1,open-meteo,6.26,95.62
Ait Lhaj All,Morocco,33.7622,-5.335,2026-09-22,2026-09-16 20:14:04.456875+00:00,33.0,21.3,0.0,3,17.2,34.9,3,open-meteo,5.64,90.05
Bezou,Morocco,32.1,-7.05,2026-09-16,2026-09-16 20:14:04.545826+00:00,34.9,20.6,0.0,0,19.3,31.7,1,open-meteo,5.58,96.09
Bezou,Morocco,32.1,-7.05,2026-09-17,2026-09-16 20:14:04.545826+00:00,31.4,18.0,0.0,0,15.1,24.8,3,open-meteo,4.37,90.94
Bezou,Morocco,32.1,-7.05,2026-09-18,2026-09-16 20:14:04.545826+00:00,32.1,18.0,0.0,0,13.6,23.4,2,open-meteo,4.04,94.17
Bezou,Morocco,32.1,-7.05,2026-09-19,2026-09-16 20:14:04.545826+00:00,36.6,19.5,0.0,0,16.8,29.5,2,open-meteo,11.45,88.98
Bezou,Morocco,32.1,-7.05,2026-09-20,2026-09-16 20:14:04.545826+00:00,39.5,22.8,0.0,10,15.0,41.8,3,open-meteo,24.06,77.16
Bezou,Morocco,32.1,-7.05,2026-09-21,2026-09-16 20:14:04.545826+00:00,37.0,24.1,0.3,5,11.3,24.5,3,open-meteo,12.26,85.42
Bezou,Morocco,32.1,-7.05,2026-09-22,2026-09-16 20:14:04.545826+00:00,38.2,22.2,0.0,5,18.9,32.0,1,open-meteo,18.36,87.15
Douar Souk L‘qolla,Morocco,35.0691,-5.57,2026-09-16,2026-09-16 20:14:04.636924+00:00,29.1,17.1,0.0,0,17.3,31.7,2,open-meteo,5.33,93.27
Douar Souk L‘qolla,Morocco,35.0691,-5.57,2026-09-17,2026-09-16 20:14:04.636924+00:00,28.7,16.1,0.0,0,17.6,32.0,45,open-meteo,5.4,84.22
Douar Souk L‘qolla,Morocco,35.0691,-5.57,2026-09-18,2026-09-16 20:14:04.636924+00:00,30.6,13.9,0.0,0,17.4,31.3,3,open-meteo,5.3,90.29
Douar Souk L‘qolla,Morocco,35.0691,-5.57,2026-09-19,2026-09-16 20:14:04.636924+00:00,34.1,16.7,0.0,0,18.3,34.9,1,open-meteo,5.78,95.95
Douar Souk L‘qolla,Morocco,35.0691,-5.57,2026-09-20,2026-09-16 20:14:04.636924+00:00,35.2,20.6,0.0,0,16.6,30.2,0,open-meteo,5.9,95.87
Douar Souk L‘qolla,Morocco,35.0691,-5.57,2026-09-21,2026-09-16 20:14:04.636924+00:00,34.4,20.7,0.0,0,13.3,29.5,1,open-meteo,4.61,96.77
Douar Souk L‘qolla,Morocco,35.0691,-5.57,2026-09-22,2026-09-16 20:14:04.636924+00:00,34.1,19.8,0.0,0,11.2,23.8,1,open-meteo,3.78,97.35
Bni Quolla,Morocco,34.7381,-5.5442,2026-09-16,2026-09-16 20:14:04.726864+00:00,30.6,18.0,0.0,0,17.2,33.8,3,open-meteo,5.53,90.13
Bni Quolla,Morocco,34.7381,-5.5442,2026-09-17,2026-09-16 20:14:04.726864+00:00,29.7,17.8,0.0,0,14.3,27.7,3,open-meteo,4.56,90.81
Bni Quolla,Morocco,34.7381,-5.5442,2026-09-18,2026-09-16 20:14:04.726864+00:00,31.9,16.1,0.0,0,15.3,29.9,3,open-meteo,4.9,90.57
Bni Quolla,Morocco,34.7381,-5.5442,2026-09-19,2026-09-16 20:14:04.726864+00:00,36.7,17.7,0.0,0,12.8,25.2,1,open-meteo,10.92,92.36
Bni Quolla,Morocco,34.7381,-5.5442,2026-09-20,2026-09-16 20:14:04.726864+00:00,38.3,20.5,0.0,0,15.8,30.6,1,open-meteo,18.23,87.24
Bni Quolla,Morocco,34.7381,-5.5442,2026-09-21,2026-09-16 20:14:04.726864+00:00,36.8,21.3,0.0,0,12.6,26.7,1,open-meteo,11.44,91.99
Bni Quolla,Morocco,34.7381,-5.5442,2026-09-22,2026-09-16 20:14:04.726864+00:00,36.3,21.5,0.0,0,11.3,24.5,0,open-meteo,9.06,93.66
Mensora,Morocco,34.8434,-4.9626,2026-09-16,2026-09-16 20:14:04.849071+00:00,29.1,15.9,0.0,0,18.8,34.9,1,open-meteo,5.84,95.91
Mensora,Morocco,34.8434,-4.9626,2026-09-17,2026-09-16 20:14:04.849071+00:00,28.5,14.4,0.0,0,12.4,24.1,3,open-meteo,3.96,91.23
Mensora,Morocco,34.8434,-4.9626,2026-09-18,2026-09-16 20:14:04.849071+00:00,31.0,13.3,0.0,0,16.7,32.0,3,open-meteo,5.29,90.3
Mensora,Morocco,34.8434,-4.9626,2026-09-19,2026-09-16 20:14:04.849071+00:00,31.8,17.9,0.0,0,21.8,43.9,1,open-meteo,7.12,95.02
Mensora,Morocco,34.8434,-4.9626,2026-09-20,2026-09-16 20:14:04.849071+00:00,32.4,19.5,0.0,0,23.9,44.3,1,open-meteo,7.42,94.81
Mensora,Morocco,34.8434,-4.9626,2026-09-21,2026-09-16 20:14:04.849071+00:00,30.1,17.7,0.0,0,16.4,32.4,0,open-meteo,5.29,96.3
Mensora,Morocco,34.8434,-4.9626,2026-09-22,2026-09-16 20:14:04.849071+00:00,32.7,19.8,0.0,0,14.4,24.5,1,open-meteo,4.25,97.02
Tounfit,Morocco,32.4658,-5.2494,2026-09-16,2026-09-16 20:14:04.962119+00:00,22.9,13.8,0.0,0,20.8,34.9,0,open-meteo,6.09,95.74
Tounfit,Morocco,32.4658,-5.2494,2026-09-17,2026-09-16 20:14:04.962119+00:00,25.6,12.6,1.4,40,25.6,45.7,95,open-meteo,9.64,66.25
Tounfit,Morocco,32.4658,-5.2494,2026-09-18,2026-09-16 20:14:04.962119+00:00,24.4,12.1,0.0,3,22.0,36.4,3,open-meteo,6.39,89.53
Tounfit,Morocco,32.4658,-5.2494,2026-09-19,2026-09-16 20:14:04.962119+00:00,23.5,13.0,0.1,43,13.7,25.6,3,open-meteo,4.41,90.91
Tounfit,Morocco,32.4658,-5.2494,2026-09-20,2026-09-16 20:14:04.962119+00:00,24.9,14.3,1.2,40,17.8,30.6,80,open-meteo,6.89,78.68
Tounfit,Morocco,32.4658,-5.2494,2026-09-21,2026-09-16 20:14:04.962119+00:00,24.8,14.4,1.2,32,24.4,46.4,3,open-meteo,9.29,87.5
Tounfit,Morocco,32.4658,-5.2494,2026-09-22,2026-09-16 20:14:04.962119+00:00,24.3,13.8,0.0,33,21.7,39.2,2,open-meteo,6.63,92.36
Boudenib,Morocco,31.9497,-3.6078,2026-09-16,2026-09-16 20:14:07.841284+00:00,33.3,22.1,0.0,0,17.8,26.6,2,open-meteo,4.89,93.58
Boudenib,Morocco,31.9497,-3.6078,2026-09-17,2026-09-16 20:14:07.841284+00:00,33.2,20.6,0.2,33,24.0,42.1,3,open-meteo,7.48,88.76
Boudenib,Morocco,31.9497,-3.6078,2026-09-18,2026-09-16 20:14:07.841284+00:00,31.5,19.6,0.1,15,20.7,58.0,3,open-meteo,8.52,88.04
Boudenib,Morocco,31.9497,-3.6078,2026-09-19,2026-09-16 20:14:07.841284+00:00,32.7,20.3,0.0,9,16.5,25.6,3,open-meteo,4.62,90.77
Boudenib,Morocco,31.9497,-3.6078,2026-09-20,2026-09-16 20:14:07.841284+00:00,32.6,21.5,0.3,8,11.5,19.8,3,open-meteo,3.82,91.33
Boudenib,Morocco,31.9497,-3.6078,2026-09-21,2026-09-16 20:14:07.841284+00:00,30.6,20.9,1.2,20,15.5,27.0,80,open-meteo,6.24,79.13
Boudenib,Morocco,31.9497,-3.6078,2026-09-22,2026-09-16 20:14:07.841284+00:00,30.4,18.0,0.0,20,10.1,18.0,3,open-meteo,3.06,91.86
Oulad Ouchchih,Morocco,35.0939,-5.9453,2026-09-16,2026-09-16 20:14:07.993946+00:00,29.2,19.1,0.0,0,16.3,32.4,3,open-meteo,5.28,90.3
Oulad Ouchchih,Morocco,35.0939,-5.9453,2026-09-17,2026-09-16 20:14:07.993946+00:00,28.4,18.6,0.0,0,13.8,26.6,3,open-meteo,4.38,90.93
Oulad Ouchchih,Morocco,35.0939,-5.9453,2026-09-18,2026-09-16 20:14:07.993946+00:00,30.6,16.0,0.0,0,18.9,35.6,45,open-meteo,5.92,83.86
Oulad Ouchchih,Morocco,35.0939,-5.9453,2026-09-19,2026-09-16 20:14:07.993946+00:00,35.5,17.1,0.0,0,19.2,36.0,1,open-meteo,8.0,94.4
Oulad Ouchchih,Morocco,35.0939,-5.9453,2026-09-20,2026-09-16 20:14:07.993946+00:00,37.4,20.8,0.0,0,17.2,35.6,1,open-meteo,15.31,89.28
Oulad Ouchchih,Morocco,35.0939,-5.9453,2026-09-21,2026-09-16 20:14:07.993946+00:00,36.2,20.1,0.0,0,11.5,21.6,0,open-meteo,8.4,94.12
Oulad Ouchchih,Morocco,35.0939,-5.9453,2026-09-22,2026-09-16 20:14:07.993946+00:00,34.8,19.6,0.0,0,14.0,27.7,1,open-meteo,4.52,96.84
Wawizaght,Morocco,32.16,-6.35,2026-09-16,2026-09-16 20:14:10.812762+00:00,30.9,18.4,0.0,0,16.3,32.0,0,open-meteo,5.24,96.33
Wawizaght,Morocco,32.16,-6.35,2026-09-17,2026-09-16 20:14:10.812762+00:00,29.3,17.0,0.0,0,17.1,31.7,2,open-meteo,5.31,93.28
Wawizaght,Morocco,32.16,-6.35,2026-09-18,2026-09-16 20:14:10.812762+00:00,30.4,16.7,0.0,0,14.3,27.7,3,open-meteo,4.56,90.81
Wawizaght,Morocco,32.16,-6.35,2026-09-19,2026-09-16 20:14:10.812762+00:00,33.0,20.7,0.0,0,18.6,33.1,2,open-meteo,5.64,93.05
Wawizaght,Morocco,32.16,-6.35,2026-09-20,2026-09-16 20:14:10.812762+00:00,34.8,22.9,0.0,18,12.0,30.6,3,open-meteo,4.56,90.81
Wawizaght,Morocco,32.16,-6.35,2026-09-21,2026-09-16 20:14:10.812762+00:00,33.3,22.5,0.6,3,17.4,33.5,3,open-meteo,6.33,89.57
Wawizaght,Morocco,32.16,-6.35,2026-09-22,2026-09-16 20:14:10.812762+00:00,33.6,22.3,0.0,0,21.1,42.1,1,open-meteo,6.85,95.2
Aghbala,Morocco,32.4806,-5.645,2026-09-16,2026-09-16 20:14:10.907852+00:00,24.5,13.7,0.0,0,16.6,34.9,1,open-meteo,5.57,96.1
Aghbala,Morocco,32.4806,-5.645,2026-09-17,2026-09-16 20:14:10.907852+00:00,26.4,11.3,0.2,10,18.8,47.9,80,open-meteo,7.41,78.31
Aghbala,Morocco,32.4806,-5.645,2026-09-18,2026-09-16 20:14:10.907852+00:00,25.4,11.5,0.0,0,20.1,40.0,3,open-meteo,6.51,89.44
Aghbala,Morocco,32.4806,-5.645,2026-09-19,2026-09-16 20:14:10.907852+00:00,27.0,12.7,0.1,18,13.8,28.1,3,open-meteo,4.67,90.73
Aghbala,Morocco,32.4806,-5.645,2026-09-20,2026-09-16 20:14:10.907852+00:00,27.9,14.6,0.6,25,11.5,38.5,80,open-meteo,6.09,79.24
Aghbala,Morocco,32.4806,-5.645,2026-09-21,2026-09-16 20:14:10.907852+00:00,26.9,14.5,0.6,20,22.4,45.7,80,open-meteo,8.17,77.78
Aghbala,Morocco,32.4806,-5.645,2026-09-22,2026-09-16 20:14:10.907852+00:00,26.1,13.5,0.0,20,20.0,40.3,2,open-meteo,6.53,92.43
Oulad Rahmoun,Morocco,32.3278,-6.5006,2026-09-16,2026-09-16 20:14:11.001083+00:00,35.6,20.4,0.0,0,14.3,27.0,1,open-meteo,6.89,95.18
Oulad Rahmoun,Morocco,32.3278,-6.5006,2026-09-17,2026-09-16 20:14:11.001083+00:00,32.4,17.8,0.0,0,12.0,19.8,45,open-meteo,3.48,85.56
Oulad Rahmoun,Morocco,32.3278,-6.5006,2026-09-18,2026-09-16 20:14:11.001083+00:00,33.9,17.8,0.0,0,8.9,17.3,3,open-meteo,2.84,92.01
Oulad Rahmoun,Morocco,32.3278,-6.5006,2026-09-19,2026-09-16 20:14:11.001083+00:00,38.1,19.7,0.0,0,10.3,20.2,2,open-meteo,15.71,86.0
Oulad Rahmoun,Morocco,32.3278,-6.5006,2026-09-20,2026-09-16 20:14:11.001083+00:00,40.1,22.2,0.0,8,19.7,47.2,3,open-meteo,27.58,74.69
Oulad Rahmoun,Morocco,32.3278,-6.5006,2026-09-21,2026-09-16 20:14:11.001083+00:00,37.8,23.4,1.2,2,15.0,27.7,3,open-meteo,17.44,81.79
Oulad Rahmoun,Morocco,32.3278,-6.5006,2026-09-22,2026-09-16 20:14:11.001083+00:00,38.3,22.2,0.0,0,16.3,29.5,1,open-meteo,18.19,87.27
Tleta Taghramt,Morocco,35.7877,-5.4709,2026-09-16,2026-09-16 20:14:11.367420+00:00,26.1,16.8,0.0,0,27.0,57.6,3,open-meteo,9.14,87.6
Tleta Taghramt,Morocco,35.7877,-5.4709,2026-09-17,2026-09-16 20:14:11.367420+00:00,24.4,14.7,0.0,0,12.0,32.4,3,open-meteo,4.74,90.68
Tleta Taghramt,Morocco,35.7877,-5.4709,2026-09-18,2026-09-16 20:14:11.367420+00:00,24.1,18.9,0.0,0,28.2,60.5,3,open-meteo,9.57,87.3
Tleta Taghramt,Morocco,35.7877,-5.4709,2026-09-19,2026-09-16 20:14:11.367420+00:00,23.2,20.1,0.0,0,41.3,87.5,2,open-meteo,13.91,87.26
Tleta Taghramt,Morocco,35.7877,-5.4709,2026-09-20,2026-09-16 20:14:11.367420+00:00,23.6,20.6,0.0,0,47.6,101.2,2,open-meteo,15.95,85.83
Tleta Taghramt,Morocco,35.7877,-5.4709,2026-09-21,2026-09-16 20:14:11.367420+00:00,24.5,20.3,0.0,0,40.2,90.7,2,open-meteo,14.1,87.13
Tleta Taghramt,Morocco,35.7877,-5.4709,2026-09-22,2026-09-16 20:14:11.367420+00:00,25.2,19.7,0.0,0,30.6,63.7,2,open-meteo,10.2,89.86
Ounagha,Morocco,31.5044,-9.6298,2026-09-16,2026-09-16 20:14:11.491116+00:00,34.0,20.6,0.0,0,31.7,64.8,1,open-meteo,10.44,92.69
Ounagha,Morocco,31.5044,-9.6298,2026-09-17,2026-09-16 20:14:11.491116+00:00,26.2,18.7,0.0,0,30.6,60.8,1,open-meteo,9.9,93.07
Ounagha,Morocco,31.5044,-9.6298,2026-09-18,2026-09-16 20:14:11.491116+00:00,28.2,18.7,0.0,0,29.2,57.6,1,open-meteo,9.41,93.41
Ounagha,Morocco,31.5044,-9.6298,2026-09-19,2026-09-16 20:14:11.491116+00:00,31.4,19.1,0.0,0,27.1,54.0,2,open-meteo,8.79,90.85
Ounagha,Morocco,31.5044,-9.6298,2026-09-20,2026-09-16 20:14:11.491116+00:00,27.6,21.1,0.0,0,16.5,33.1,2,open-meteo,5.37,93.24
Ounagha,Morocco,31.5044,-9.6298,2026-09-21,2026-09-16 20:14:11.491116+00:00,28.3,19.7,0.0,0,9.7,19.1,45,open-meteo,3.12,85.82
Ounagha,Morocco,31.5044,-9.6298,2026-09-22,2026-09-16 20:14:11.491116+00:00,29.8,19.4,0.0,0,10.0,22.3,3,open-meteo,3.48,91.56
Ras El Oued,Morocco,34.339,-4.5558,2026-09-16,2026-09-16 20:14:11.583330+00:00,32.7,20.7,0.0,0,18.1,35.3,2,open-meteo,5.79,92.95
Ras El Oued,Morocco,34.339,-4.5558,2026-09-17,2026-09-16 20:14:11.583330+00:00,30.8,18.1,0.0,0,11.5,23.0,3,open-meteo,3.74,91.38
Ras El Oued,Morocco,34.339,-4.5558,2026-09-18,2026-09-16 20:14:11.583330+00:00,33.0,18.2,0.0,0,24.0,49.7,3,open-meteo,7.97,88.42
Ras El Oued,Morocco,34.339,-4.5558,2026-09-19,2026-09-16 20:14:11.583330+00:00,33.5,22.3,0.0,0,29.7,59.4,2,open-meteo,9.65,90.24
Ras El Oued,Morocco,34.339,-4.5558,2026-09-20,2026-09-16 20:14:11.583330+00:00,33.5,23.1,0.0,0,29.2,57.2,1,open-meteo,9.37,93.44
Ras El Oued,Morocco,34.339,-4.5558,2026-09-21,2026-09-16 20:14:11.583330+00:00,33.0,22.9,0.0,0,26.8,55.6,2,open-meteo,8.91,90.76
Ras El Oued,Morocco,34.339,-4.5558,2026-09-22,2026-09-16 20:14:11.583330+00:00,35.5,22.0,0.0,0,14.6,29.5,1,open-meteo,6.78,95.25
Ourtzagh,Morocco,34.55,-4.9333,2026-09-16,2026-09-16 20:14:11.684325+00:00,31.7,19.7,0.0,0,19.7,36.4,2,open-meteo,6.1,92.73
Ourtzagh,Morocco,34.55,-4.9333,2026-09-17,2026-09-16 20:14:11.684325+00:00,30.3,18.5,0.0,0,14.6,28.1,3,open-meteo,4.63,90.76
Ourtzagh,Morocco,34.55,-4.9333,2026-09-18,2026-09-16 20:14:11.684325+00:00,32.5,18.4,0.0,0,9.8,19.4,3,open-meteo,3.17,91.78
Ourtzagh,Morocco,34.55,-4.9333,2026-09-19,2026-09-16 20:14:11.684325+00:00,36.5,20.7,0.0,0,21.0,40.0,1,open-meteo,12.62,91.17
Ourtzagh,Morocco,34.55,-4.9333,2026-09-20,2026-09-16 20:14:11.684325+00:00,37.2,23.2,0.0,3,17.7,35.3,1,open-meteo,14.54,89.82
Ourtzagh,Morocco,34.55,-4.9333,2026-09-21,2026-09-16 20:14:11.684325+00:00,35.7,23.0,0.0,0,16.8,33.5,2,open-meteo,8.25,91.22
Ourtzagh,Morocco,34.55,-4.9333,2026-09-22,2026-09-16 20:14:11.684325+00:00,36.8,20.2,0.0,0,9.8,20.9,1,open-meteo,10.51,92.64
Oulad Amor,Morocco,32.0775,-7.6122,2026-09-16,2026-09-16 20:14:11.777999+00:00,34.2,21.5,0.0,0,20.5,32.4,2,open-meteo,5.8,92.94
Oulad Amor,Morocco,32.0775,-7.6122,2026-09-17,2026-09-16 20:14:11.777999+00:00,30.5,18.2,0.0,0,17.5,27.7,3,open-meteo,4.96,90.53
Oulad Amor,Morocco,32.0775,-7.6122,2026-09-18,2026-09-16 20:14:11.777999+00:00,31.2,18.4,0.0,0,14.7,23.4,3,open-meteo,4.18,91.07
Oulad Amor,Morocco,32.0775,-7.6122,2026-09-19,2026-09-16 20:14:11.777999+00:00,35.2,20.1,0.0,0,19.8,32.0,2,open-meteo,6.48,92.46
Oulad Amor,Morocco,32.0775,-7.6122,2026-09-20,2026-09-16 20:14:11.777999+00:00,38.4,24.5,0.3,13,11.3,26.6,80,open-meteo,18.07,70.85
Oulad Amor,Morocco,32.0775,-7.6122,2026-09-21,2026-09-16 20:14:11.777999+00:00,36.4,24.3,0.0,3,15.8,29.2,3,open-meteo,10.49,86.66
Oulad Amor,Morocco,32.0775,-7.6122,2026-09-22,2026-09-16 20:14:11.777999+00:00,37.2,22.2,0.0,3,22.7,37.1,3,open-meteo,15.35,83.25
Tafrant,Morocco,34.625,-5.1242,2026-09-16,2026-09-16 20:14:11.867205+00:00,30.3,19.2,0.0,0,19.1,34.2,2,open-meteo,5.81,92.93
Tafrant,Morocco,34.625,-5.1242,2026-09-17,2026-09-16 20:14:11.867205+00:00,29.2,18.1,0.0,0,14.0,25.2,3,open-meteo,4.27,91.01
Tafrant,Morocco,34.625,-5.1242,2026-09-18,2026-09-16 20:14:11.867205+00:00,31.4,17.4,0.0,0,9.7,19.4,3,open-meteo,3.15,91.79
Tafrant,Morocco,34.625,-5.1242,2026-09-19,2026-09-16 20:14:11.867205+00:00,35.1,21.3,0.0,0,19.8,39.6,1,open-meteo,6.84,95.21
Tafrant,Morocco,34.625,-5.1242,2026-09-20,2026-09-16 20:14:11.867205+00:00,35.3,23.2,0.0,0,17.7,35.3,2,open-meteo,6.94,92.14
Tafrant,Morocco,34.625,-5.1242,2026-09-21,2026-09-16 20:14:11.867205+00:00,35.5,22.5,0.0,0,10.8,27.0,3,open-meteo,6.05,89.77
Tafrant,Morocco,34.625,-5.1242,2026-09-22,2026-09-16 20:14:11.867205+00:00,35.7,20.0,0.0,0,8.4,17.3,1,open-meteo,5.58,96.09
Jaidte Lbatma,Morocco,31.6806,-7.7281,2026-09-16,2026-09-16 20:14:11.959614+00:00,34.5,19.6,0.0,0,15.9,29.9,0,open-meteo,4.98,96.51
Jaidte Lbatma,Morocco,31.6806,-7.7281,2026-09-17,2026-09-16 20:14:11.959614+00:00,30.4,18.3,0.0,0,12.5,24.1,2,open-meteo,3.97,94.22
Jaidte Lbatma,Morocco,31.6806,-7.7281,2026-09-18,2026-09-16 20:14:11.959614+00:00,31.8,18.1,0.0,0,10.3,18.4,2,open-meteo,3.13,94.81
Jaidte Lbatma,Morocco,31.6806,-7.7281,2026-09-19,2026-09-16 20:14:11.959614+00:00,36.1,19.3,0.3,3,10.9,21.2,80,open-meteo,8.28,77.7
Jaidte Lbatma,Morocco,31.6806,-7.7281,2026-09-20,2026-09-16 20:14:11.959614+00:00,39.0,22.8,0.0,18,15.5,29.2,3,open-meteo,20.86,79.4
Jaidte Lbatma,Morocco,31.6806,-7.7281,2026-09-21,2026-09-16 20:14:11.959614+00:00,37.2,22.8,0.0,3,14.8,30.6,3,open-meteo,13.71,84.4
Jaidte Lbatma,Morocco,31.6806,-7.7281,2026-09-22,2026-09-16 20:14:11.959614+00:00,37.0,23.2,0.0,3,15.9,32.8,3,open-meteo,13.27,84.71
Oulad Chikh,Morocco,32.8544,-7.5386,2026-09-16,2026-09-16 20:14:12.050989+00:00,30.0,17.2,0.0,0,19.6,37.4,2,open-meteo,6.19,92.67
Oulad Chikh,Morocco,32.8544,-7.5386,2026-09-17,2026-09-16 20:14:12.050989+00:00,27.2,15.2,0.0,0,20.3,39.2,3,open-meteo,6.46,89.48
Oulad Chikh,Morocco,32.8544,-7.5386,2026-09-18,2026-09-16 20:14:12.050989+00:00,28.6,15.0,0.0,0,21.0,38.9,3,open-meteo,6.52,89.44
Oulad Chikh,Morocco,32.8544,-7.5386,2026-09-19,2026-09-16 20:14:12.050989+00:00,32.7,16.3,0.0,0,20.1,37.4,2,open-meteo,6.25,92.62
Oulad Chikh,Morocco,32.8544,-7.5386,2026-09-20,2026-09-16 20:14:12.050989+00:00,37.4,22.1,0.6,3,18.4,38.2,80,open-meteo,16.52,71.94
Oulad Chikh,Morocco,32.8544,-7.5386,2026-09-21,2026-09-16 20:14:12.050989+00:00,35.7,23.1,1.2,0,11.7,23.8,3,open-meteo,8.24,88.23
Oulad Chikh,Morocco,32.8544,-7.5386,2026-09-22,2026-09-16 20:14:12.050989+00:00,36.0,18.8,0.0,0,17.9,38.2,0,open-meteo,10.06,92.96
Sidi Moussa Ben Ali,Morocco,33.5594,-7.3817,2026-09-16,2026-09-16 20:14:12.149815+00:00,26.8,19.4,0.0,0,17.3,33.1,2,open-meteo,5.47,93.17
Sidi Moussa Ben Ali,Morocco,33.5594,-7.3817,2026-09-17,2026-09-16 20:14:12.149815+00:00,26.7,18.4,0.0,0,16.5,30.2,3,open-meteo,5.08,90.44
Sidi Moussa Ben Ali,Morocco,33.5594,-7.3817,2026-09-18,2026-09-16 20:14:12.149815+00:00,26.5,15.8,0.0,0,18.9,33.5,45,open-meteo,5.71,84.0
Sidi Moussa Ben Ali,Morocco,33.5594,-7.3817,2026-09-19,2026-09-16 20:14:12.149815+00:00,29.3,16.4,0.0,0,18.6,33.1,45,open-meteo,5.64,84.05
Sidi Moussa Ben Ali,Morocco,33.5594,-7.3817,2026-09-20,2026-09-16 20:14:12.149815+00:00,33.2,20.2,0.0,0,16.7,30.6,2,open-meteo,5.15,93.39
Sidi Moussa Ben Ali,Morocco,33.5594,-7.3817,2026-09-21,2026-09-16 20:14:12.149815+00:00,35.1,20.9,0.0,0,17.7,37.4,1,open-meteo,6.35,95.56
Sidi Moussa Ben Ali,Morocco,33.5594,-7.3817,2026-09-22,2026-09-16 20:14:12.149815+00:00,33.9,20.0,0.0,0,17.7,32.8,45,open-meteo,5.49,84.16
Aït I’yach,Morocco,32.6909,-4.9292,2026-09-16,2026-09-16 20:14:12.260235+00:00,26.2,15.8,0.0,0,21.9,35.3,1,open-meteo,6.27,95.61
Aït I’yach,Morocco,32.6909,-4.9292,2026-09-17,2026-09-16 20:14:12.260235+00:00,29.1,12.1,0.6,13,27.1,44.3,80,open-meteo,8.62,77.47
Aït I’yach,Morocco,32.6909,-4.9292,2026-09-18,2026-09-16 20:14:12.260235+00:00,27.5,12.3,0.0,0,24.1,38.9,3,open-meteo,6.9,89.17
Aït I’yach,Morocco,32.6909,-4.9292,2026-09-19,2026-09-16 20:14:12.260235+00:00,27.8,12.7,0.1,25,13.0,22.3,3,open-meteo,3.99,91.21
Aït I’yach,Morocco,32.6909,-4.9292,2026-09-20,2026-09-16 20:14:12.260235+00:00,28.7,14.2,0.0,23,20.0,33.5,45,open-meteo,5.85,83.91
Aït I’yach,Morocco,32.6909,-4.9292,2026-09-21,2026-09-16 20:14:12.260235+00:00,29.5,14.5,0.0,8,22.5,36.4,45,open-meteo,6.45,83.48
Aït I’yach,Morocco,32.6909,-4.9292,2026-09-22,2026-09-16 20:14:12.260235+00:00,28.3,13.8,0.0,8,20.1,32.8,3,open-meteo,5.79,89.95
Douar Sgarta,Morocco,32.2634,-7.5881,2026-09-16,2026-09-16 20:14:12.360147+00:00,34.0,20.8,0.0,0,23.7,37.8,3,open-meteo,6.74,89.28
Douar Sgarta,Morocco,32.2634,-7.5881,2026-09-17,2026-09-16 20:14:12.360147+00:00,30.4,18.1,0.0,0,21.3,34.2,3,open-meteo,6.08,89.74
Douar Sgarta,Morocco,32.2634,-7.5881,2026-09-18,2026-09-16 20:14:12.360147+00:00,31.5,18.1,0.0,0,20.0,31.3,2,open-meteo,5.63,93.06
Douar Sgarta,Morocco,32.2634,-7.5881,2026-09-19,2026-09-16 20:14:12.360147+00:00,35.3,19.6,0.0,0,20.0,32.0,2,open-meteo,6.9,92.17
Douar Sgarta,Morocco,32.2634,-7.5881,2026-09-20,2026-09-16 20:14:12.360147+00:00,39.3,24.1,0.3,10,16.0,29.5,3,open-meteo,22.55,78.22
Douar Sgarta,Morocco,32.2634,-7.5881,2026-09-21,2026-09-16 20:14:12.360147+00:00,36.5,23.9,0.3,0,14.2,26.6,3,open-meteo,10.84,86.41
Douar Sgarta,Morocco,32.2634,-7.5881,2026-09-22,2026-09-16 20:14:12.360147+00:00,37.9,21.8,0.0,0,22.7,37.4,3,open-meteo,18.18,81.27
Tamsaout,Morocco,34.8223,-4.7512,2026-09-16,2026-09-16 20:14:12.451688+00:00,27.8,15.8,0.0,0,19.3,37.4,1,open-meteo,6.15,95.69
Tamsaout,Morocco,34.8223,-4.7512,2026-09-17,2026-09-16 20:14:12.451688+00:00,27.0,14.2,0.0,0,13.7,26.6,3,open-meteo,4.37,90.94
Tamsaout,Morocco,34.8223,-4.7512,2026-09-18,2026-09-16 20:14:12.451688+00:00,28.8,14.0,0.0,0,12.7,26.3,3,open-meteo,4.22,91.05
Tamsaout,Morocco,34.8223,-4.7512,2026-09-19,2026-09-16 20:14:12.451688+00:00,31.5,17.7,0.0,0,12.9,31.3,1,open-meteo,4.74,96.68
Tamsaout,Morocco,34.8223,-4.7512,2026-09-20,2026-09-16 20:14:12.451688+00:00,31.4,19.1,0.0,0,13.6,30.6,1,open-meteo,4.76,96.67
Tamsaout,Morocco,34.8223,-4.7512,2026-09-21,2026-09-16 20:14:12.451688+00:00,28.4,17.3,0.0,0,13.4,26.6,1,open-meteo,4.33,96.97
Tamsaout,Morocco,34.8223,-4.7512,2026-09-22,2026-09-16 20:14:12.451688+00:00,30.4,17.7,0.0,0,10.8,22.3,1,open-meteo,3.58,97.49
Sidi Kasem,Morocco,35.5339,-5.2183,2026-09-16,2026-09-16 20:14:12.542930+00:00,33.1,20.3,0.0,0,15.5,30.2,3,open-meteo,4.96,90.53
Sidi Kasem,Morocco,35.5339,-5.2183,2026-09-17,2026-09-16 20:14:12.542930+00:00,25.8,17.1,0.0,0,10.7,20.2,3,open-meteo,3.36,91.65
Sidi Kasem,Morocco,35.5339,-5.2183,2026-09-18,2026-09-16 20:14:12.542930+00:00,25.2,19.8,0.0,0,18.9,31.7,3,open-meteo,5.53,90.13
Sidi Kasem,Morocco,35.5339,-5.2183,2026-09-19,2026-09-16 20:14:12.542930+00:00,25.0,22.3,0.8,0,31.4,55.1,80,open-meteo,10.5,76.15
Sidi Kasem,Morocco,35.5339,-5.2183,2026-09-20,2026-09-16 20:14:12.542930+00:00,25.1,22.8,0.3,0,30.5,52.2,2,open-meteo,9.43,90.4
Sidi Kasem,Morocco,35.5339,-5.2183,2026-09-21,2026-09-16 20:14:12.542930+00:00,28.3,22.7,0.0,0,24.0,63.7,2,open-meteo,9.37,90.44
Sidi Kasem,Morocco,35.5339,-5.2183,2026-09-22,2026-09-16 20:14:12.542930+00:00,29.4,21.8,0.0,0,15.0,46.4,2,open-meteo,6.51,92.44
Ahlaf,Morocco,33.2836,-7.09,2026-09-16,2026-09-16 20:14:12.631190+00:00,30.6,17.1,0.0,0,18.4,37.1,2,open-meteo,6.01,92.79
Ahlaf,Morocco,33.2836,-7.09,2026-09-17,2026-09-16 20:14:12.631190+00:00,28.7,15.6,0.0,0,17.7,34.6,45,open-meteo,5.67,84.03
Ahlaf,Morocco,33.2836,-7.09,2026-09-18,2026-09-16 20:14:12.631190+00:00,30.0,14.2,0.0,0,17.4,33.5,45,open-meteo,5.53,84.13
Ahlaf,Morocco,33.2836,-7.09,2026-09-19,2026-09-16 20:14:12.631190+00:00,34.5,15.0,0.0,0,16.8,32.4,45,open-meteo,5.34,84.26
Ahlaf,Morocco,33.2836,-7.09,2026-09-20,2026-09-16 20:14:12.631190+00:00,38.9,19.0,0.3,5,19.1,38.2,80,open-meteo,22.21,67.95
Ahlaf,Morocco,33.2836,-7.09,2026-09-21,2026-09-16 20:14:12.631190+00:00,36.6,21.3,0.0,0,18.3,33.8,1,open-meteo,12.07,91.55
Ahlaf,Morocco,33.2836,-7.09,2026-09-22,2026-09-16 20:14:12.631190+00:00,37.0,19.6,0.0,0,19.9,37.4,2,open-meteo,14.23,87.04
Gharbia,Morocco,35.5153,-5.9306,2026-09-16,2026-09-16 20:14:12.721973+00:00,26.9,18.1,0.0,0,20.5,40.0,3,open-meteo,6.56,89.41
Gharbia,Morocco,35.5153,-5.9306,2026-09-17,2026-09-16 20:14:12.721973+00:00,25.9,17.5,0.0,0,13.4,25.6,3,open-meteo,4.23,91.04
Gharbia,Morocco,35.5153,-5.9306,2026-09-18,2026-09-16 20:14:12.721973+00:00,29.7,14.4,0.0,0,24.8,47.2,45,open-meteo,7.82,82.53
Gharbia,Morocco,35.5153,-5.9306,2026-09-19,2026-09-16 20:14:12.721973+00:00,30.2,22.0,0.0,0,35.1,68.4,1,open-meteo,11.23,92.14
Gharbia,Morocco,35.5153,-5.9306,2026-09-20,2026-09-16 20:14:12.721973+00:00,30.7,23.4,0.0,0,34.7,68.8,0,open-meteo,11.22,92.15
Gharbia,Morocco,35.5153,-5.9306,2026-09-21,2026-09-16 20:14:12.721973+00:00,30.9,23.0,0.0,0,26.2,49.7,0,open-meteo,8.25,94.22
Gharbia,Morocco,35.5153,-5.9306,2026-09-22,2026-09-16 20:14:12.721973+00:00,32.6,23.6,0.0,0,16.9,34.6,0,open-meteo,5.57,96.1
Al Fayd,Morocco,30.5445,-8.2271,2026-09-16,2026-09-16 20:14:12.829310+00:00,35.4,22.9,0.0,0,19.5,34.6,1,open-meteo,7.5,94.75
Al Fayd,Morocco,30.5445,-8.2271,2026-09-17,2026-09-16 20:14:12.829310+00:00,30.2,18.9,0.0,5,19.5,34.9,3,open-meteo,5.93,89.85
Al Fayd,Morocco,30.5445,-8.2271,2026-09-18,2026-09-16 20:14:12.829310+00:00,31.3,18.7,0.0,3,18.2,32.4,3,open-meteo,5.52,90.14
Al Fayd,Morocco,30.5445,-8.2271,2026-09-19,2026-09-16 20:14:12.829310+00:00,35.0,20.6,0.0,3,16.3,29.5,3,open-meteo,4.99,90.51
Al Fayd,Morocco,30.5445,-8.2271,2026-09-20,2026-09-16 20:14:12.829310+00:00,37.0,23.2,0.0,3,19.2,34.6,2,open-meteo,13.86,87.3
Al Fayd,Morocco,30.5445,-8.2271,2026-09-21,2026-09-16 20:14:12.829310+00:00,36.0,21.9,0.0,0,30.0,61.6,3,open-meteo,13.91,84.26
Al Fayd,Morocco,30.5445,-8.2271,2026-09-22,2026-09-16 20:14:12.829310+00:00,34.4,23.4,0.0,0,17.1,34.6,3,open-meteo,5.6,90.08
Nkheila,Morocco,32.9239,-7.0692,2026-09-16,2026-09-16 20:14:12.926324+00:00,30.2,16.2,0.0,0,18.8,36.0,3,open-meteo,5.95,89.83
Nkheila,Morocco,32.9239,-7.0692,2026-09-17,2026-09-16 20:14:12.926324+00:00,27.3,13.8,0.0,0,20.9,38.9,3,open-meteo,6.5,89.45
Nkheila,Morocco,32.9239,-7.0692,2026-09-18,2026-09-16 20:14:12.926324+00:00,28.5,14.8,0.0,0,19.2,34.2,3,open-meteo,5.82,89.93
Nkheila,Morocco,32.9239,-7.0692,2026-09-19,2026-09-16 20:14:12.926324+00:00,33.4,17.1,0.0,0,18.4,33.8,2,open-meteo,5.68,93.02
Nkheila,Morocco,32.9239,-7.0692,2026-09-20,2026-09-16 20:14:12.926324+00:00,35.9,22.5,0.3,5,26.4,48.2,3,open-meteo,12.12,85.52
Nkheila,Morocco,32.9239,-7.0692,2026-09-21,2026-09-16 20:14:12.926324+00:00,34.5,22.5,0.6,0,10.6,25.6,80,open-meteo,4.69,80.22
Nkheila,Morocco,32.9239,-7.0692,2026-09-22,2026-09-16 20:14:12.926324+00:00,34.4,19.3,0.0,0,18.1,42.5,2,open-meteo,6.51,92.44
Zag,Morocco,28.0167,-9.3333,2026-09-16,2026-09-16 20:14:13.025801+00:00,38.3,24.8,0.0,0,28.6,44.3,0,open-meteo,21.2,85.16
Zag,Morocco,28.0167,-9.3333,2026-09-17,2026-09-16 20:14:13.025801+00:00,30.7,18.2,0.0,0,35.7,54.7,0,open-meteo,9.93,93.05
Zag,Morocco,28.0167,-9.3333,2026-09-18,2026-09-16 20:14:13.025801+00:00,32.6,16.1,0.0,0,29.0,45.7,0,open-meteo,8.2,94.26
Zag,Morocco,28.0167,-9.3333,2026-09-19,2026-09-16 20:14:13.025801+00:00,34.1,17.9,0.0,0,22.8,35.3,0,open-meteo,6.38,95.53
Zag,Morocco,28.0167,-9.3333,2026-09-20,2026-09-16 20:14:13.025801+00:00,35.7,20.2,0.0,0,15.8,26.6,1,open-meteo,7.44,94.79
Zag,Morocco,28.0167,-9.3333,2026-09-21,2026-09-16 20:14:13.025801+00:00,38.0,26.0,0.0,0,17.5,35.3,0,open-meteo,17.72,87.6
Zag,Morocco,28.0167,-9.3333,2026-09-22,2026-09-16 20:14:13.025801+00:00,37.1,27.1,0.0,2,22.3,38.5,1,open-meteo,15.04,89.47
Laamarna,Morocco,31.8944,-8.9842,2026-09-16,2026-09-16 20:14:13.114204+00:00,34.5,19.5,0.0,0,25.7,42.5,1,open-meteo,7.46,94.78
Laamarna,Morocco,31.8944,-8.9842,2026-09-17,2026-09-16 20:14:13.114204+00:00,29.2,17.6,0.0,0,21.1,34.9,2,open-meteo,6.13,92.71
Laamarna,Morocco,31.8944,-8.9842,2026-09-18,2026-09-16 20:14:13.114204+00:00,31.2,16.7,0.0,0,22.1,35.3,1,open-meteo,6.29,95.6
Laamarna,Morocco,31.8944,-8.9842,2026-09-19,2026-09-16 20:14:13.114204+00:00,34.3,18.2,0.0,0,13.8,24.1,2,open-meteo,4.14,94.1
Laamarna,Morocco,31.8944,-8.9842,2026-09-20,2026-09-16 20:14:13.114204+00:00,34.3,23.6,0.0,3,26.6,46.4,3,open-meteo,7.96,88.43
Laamarna,Morocco,31.8944,-8.9842,2026-09-21,2026-09-16 20:14:13.114204+00:00,36.5,22.1,0.0,0,19.3,35.6,3,open-meteo,11.97,85.62
Laamarna,Morocco,31.8944,-8.9842,2026-09-22,2026-09-16 20:14:13.114204+00:00,37.1,22.3,0.0,0,21.9,37.4,3,open-meteo,14.88,83.58
Iazizatene,Morocco,35.2544,-3.115,2026-09-16,2026-09-16 20:14:13.204879+00:00,27.1,19.9,0.0,0,10.8,19.4,1,open-meteo,3.29,97.7
Iazizatene,Morocco,35.2544,-3.115,2026-09-17,2026-09-16 20:14:13.204879+00:00,24.6,20.3,0.0,0,15.2,27.4,3,open-meteo,4.64,90.75
Iazizatene,Morocco,35.2544,-3.115,2026-09-18,2026-09-16 20:14:13.204879+00:00,25.3,19.9,0.0,3,18.2,30.2,45,open-meteo,5.29,84.3
Iazizatene,Morocco,35.2544,-3.115,2026-09-19,2026-09-16 20:14:13.204879+00:00,25.9,21.1,0.0,3,24.0,41.4,45,open-meteo,7.14,83.0
Iazizatene,Morocco,35.2544,-3.115,2026-09-20,2026-09-16 20:14:13.204879+00:00,25.6,22.3,0.0,3,22.1,36.0,3,open-meteo,6.36,89.55
Iazizatene,Morocco,35.2544,-3.115,2026-09-21,2026-09-16 20:14:13.204879+00:00,25.9,21.3,0.0,3,23.0,38.9,2,open-meteo,6.77,92.26
Iazizatene,Morocco,35.2544,-3.115,2026-09-22,2026-09-16 20:14:13.204879+00:00,27.2,20.5,0.0,0,14.1,24.5,2,open-meteo,4.21,94.05
Souq Jamaa Fdalate,Morocco,33.5911,-7.2792,2026-09-16,2026-09-16 20:14:13.296440+00:00,27.2,18.9,0.0,0,18.4,36.4,2,open-meteo,5.94,92.84
Souq Jamaa Fdalate,Morocco,33.5911,-7.2792,2026-09-17,2026-09-16 20:14:13.296440+00:00,27.0,18.0,0.0,0,16.7,32.4,3,open-meteo,5.33,90.27
Souq Jamaa Fdalate,Morocco,33.5911,-7.2792,2026-09-18,2026-09-16 20:14:13.296440+00:00,27.3,15.5,0.0,0,18.3,34.6,45,open-meteo,5.75,83.97
Souq Jamaa Fdalate,Morocco,33.5911,-7.2792,2026-09-19,2026-09-16 20:14:13.296440+00:00,30.7,15.5,0.0,0,18.4,34.9,45,open-meteo,5.79,83.95
Souq Jamaa Fdalate,Morocco,33.5911,-7.2792,2026-09-20,2026-09-16 20:14:13.296440+00:00,35.4,19.3,0.0,0,18.8,35.6,2,open-meteo,7.51,91.74
Souq Jamaa Fdalate,Morocco,33.5911,-7.2792,2026-09-21,2026-09-16 20:14:13.296440+00:00,32.0,21.1,0.0,0,17.3,35.3,45,open-meteo,5.69,84.02
Souq Jamaa Fdalate,Morocco,33.5911,-7.2792,2026-09-22,2026-09-16 20:14:13.296440+00:00,29.0,19.5,0.0,0,14.9,28.8,45,open-meteo,4.74,84.68
Ahermoumou,Morocco,33.83,-4.4,2026-09-16,2026-09-16 20:14:13.390725+00:00,28.4,16.5,0.0,0,16.6,34.9,1,open-meteo,5.57,96.1
Ahermoumou,Morocco,33.83,-4.4,2026-09-17,2026-09-16 20:14:13.390725+00:00,27.2,15.7,0.0,0,19.6,41.4,3,open-meteo,6.59,89.39
Ahermoumou,Morocco,33.83,-4.4,2026-09-18,2026-09-16 20:14:13.390725+00:00,27.9,14.2,0.0,0,19.3,41.4,3,open-meteo,6.55,89.41
Ahermoumou,Morocco,33.83,-4.4,2026-09-19,2026-09-16 20:14:13.390725+00:00,31.5,16.2,0.3,3,16.5,35.6,3,open-meteo,6.02,89.79
Ahermoumou,Morocco,33.83,-4.4,2026-09-20,2026-09-16 20:14:13.390725+00:00,32.2,18.6,0.3,8,16.8,34.6,2,open-meteo,5.96,92.83
Ahermoumou,Morocco,33.83,-4.4,2026-09-21,2026-09-16 20:14:13.390725+00:00,30.5,17.5,0.0,0,17.9,40.0,2,open-meteo,6.24,92.63
Ahermoumou,Morocco,33.83,-4.4,2026-09-22,2026-09-16 20:14:13.390725+00:00,30.4,17.0,0.0,0,18.0,38.2,3,open-meteo,6.07,89.75
Moulay Driss Zerhoun,Morocco,34.0559,-5.5183,2026-09-16,2026-09-16 20:14:13.482623+00:00,29.7,18.3,0.0,0,22.3,45.7,1,open-meteo,7.36,94.85
Moulay Driss Zerhoun,Morocco,34.0559,-5.5183,2026-09-17,2026-09-16 20:14:13.482623+00:00,27.1,16.8,0.0,0,15.5,31.0,45,open-meteo,5.04,84.47
Moulay Driss Zerhoun,Morocco,34.0559,-5.5183,2026-09-18,2026-09-16 20:14:13.482623+00:00,28.9,17.7,0.0,0,16.1,31.7,3,open-meteo,5.18,90.37
Moulay Driss Zerhoun,Morocco,34.0559,-5.5183,2026-09-19,2026-09-16 20:14:13.482623+00:00,33.5,20.8,0.0,0,15.5,42.8,2,open-meteo,6.22,92.65
Moulay Driss Zerhoun,Morocco,34.0559,-5.5183,2026-09-20,2026-09-16 20:14:13.482623+00:00,35.5,23.9,0.0,3,18.7,47.5,2,open-meteo,9.09,90.64
Moulay Driss Zerhoun,Morocco,34.0559,-5.5183,2026-09-21,2026-09-16 20:14:13.482623+00:00,34.7,23.4,0.0,0,18.1,47.9,1,open-meteo,7.05,95.06
Moulay Driss Zerhoun,Morocco,34.0559,-5.5183,2026-09-22,2026-09-16 20:14:13.482623+00:00,34.0,19.6,0.0,0,14.3,29.2,3,open-meteo,4.71,90.7
Souakene,Morocco,35.1203,-5.9307,2026-09-16,2026-09-16 20:14:13.570722+00:00,28.7,18.6,0.0,0,16.3,32.4,3,open-meteo,5.28,90.3
Souakene,Morocco,35.1203,-5.9307,2026-09-17,2026-09-16 20:14:13.570722+00:00,27.9,18.1,0.0,0,13.8,26.6,3,open-meteo,4.38,90.93
Souakene,Morocco,35.1203,-5.9307,2026-09-18,2026-09-16 20:14:13.570722+00:00,30.1,15.5,0.0,0,18.9,35.6,45,open-meteo,5.92,83.86
Souakene,Morocco,35.1203,-5.9307,2026-09-19,2026-09-16 20:14:13.570722+00:00,35.0,16.6,0.0,0,19.2,36.0,1,open-meteo,6.0,95.8
Souakene,Morocco,35.1203,-5.9307,2026-09-20,2026-09-16 20:14:13.570722+00:00,36.9,20.3,0.0,0,17.2,35.6,1,open-meteo,13.31,90.68
Souakene,Morocco,35.1203,-5.9307,2026-09-21,2026-09-16 20:14:13.570722+00:00,36.6,19.6,0.0,0,11.8,23.8,0,open-meteo,10.26,92.82
Souakene,Morocco,35.1203,-5.9307,2026-09-22,2026-09-16 20:14:13.570722+00:00,35.1,19.9,0.0,0,12.8,25.6,1,open-meteo,4.56,96.81
Zaouiat Moulay Bouchta El Khammar,Morocco,34.5096,-5.1402,2026-09-16,2026-09-16 20:14:13.657614+00:00,29.6,18.5,0.0,0,20.6,40.3,2,open-meteo,6.6,92.38
Zaouiat Moulay Bouchta El Khammar,Morocco,34.5096,-5.1402,2026-09-17,2026-09-16 20:14:13.657614+00:00,28.2,17.4,0.0,0,13.6,27.7,3,open-meteo,4.47,90.87
Zaouiat Moulay Bouchta El Khammar,Morocco,34.5096,-5.1402,2026-09-18,2026-09-16 20:14:13.657614+00:00,30.4,16.5,0.0,0,10.1,20.9,3,open-meteo,3.35,91.66
Zaouiat Moulay Bouchta El Khammar,Morocco,34.5096,-5.1402,2026-09-19,2026-09-16 20:14:13.657614+00:00,34.7,20.1,0.0,0,20.9,41.8,1,open-meteo,6.79,95.25
Zaouiat Moulay Bouchta El Khammar,Morocco,34.5096,-5.1402,2026-09-20,2026-09-16 20:14:13.657614+00:00,35.3,22.5,0.0,0,19.6,39.6,1,open-meteo,7.61,94.67
Zaouiat Moulay Bouchta El Khammar,Morocco,34.5096,-5.1402,2026-09-21,2026-09-16 20:14:13.657614+00:00,34.1,22.6,0.0,0,16.6,41.4,3,open-meteo,6.22,89.65
Zaouiat Moulay Bouchta El Khammar,Morocco,34.5096,-5.1402,2026-09-22,2026-09-16 20:14:13.657614+00:00,34.3,21.1,0.0,0,10.6,22.0,0,open-meteo,3.53,97.53
Tizi Nisly,Morocco,32.486,-5.7847,2026-09-16,2026-09-16 20:14:13.745931+00:00,24.5,13.5,0.0,0,15.1,31.3,1,open-meteo,5.02,96.49
Tizi Nisly,Morocco,32.486,-5.7847,2026-09-17,2026-09-16 20:14:13.745931+00:00,26.1,13.1,0.0,8,16.5,31.7,3,open-meteo,5.23,90.34
Tizi Nisly,Morocco,32.486,-5.7847,2026-09-18,2026-09-16 20:14:13.745931+00:00,25.3,13.1,0.0,0,17.7,33.8,3,open-meteo,5.59,90.09
Tizi Nisly,Morocco,32.486,-5.7847,2026-09-19,2026-09-16 20:14:13.745931+00:00,26.6,15.1,0.1,5,13.5,29.9,3,open-meteo,4.81,90.63
Tizi Nisly,Morocco,32.486,-5.7847,2026-09-20,2026-09-16 20:14:13.745931+00:00,28.7,17.0,0.0,23,8.5,31.7,3,open-meteo,4.23,91.04
Tizi Nisly,Morocco,32.486,-5.7847,2026-09-21,2026-09-16 20:14:13.745931+00:00,27.3,16.1,0.0,20,20.3,37.8,3,open-meteo,6.32,89.58
Tizi Nisly,Morocco,32.486,-5.7847,2026-09-22,2026-09-16 20:14:13.745931+00:00,26.7,13.0,0.0,20,18.4,33.8,2,open-meteo,5.68,93.02
Reggada,Morocco,29.5716,-9.6972,2026-09-16,2026-09-16 20:14:13.844771+00:00,34.5,24.1,0.0,0,21.6,38.5,3,open-meteo,6.55,89.41
Reggada,Morocco,29.5716,-9.6972,2026-09-17,2026-09-16 20:14:13.844771+00:00,25.5,19.6,0.0,0,22.4,36.4,3,open-meteo,6.44,89.49
Reggada,Morocco,29.5716,-9.6972,2026-09-18,2026-09-16 20:14:13.844771+00:00,27.0,18.6,0.0,0,16.9,28.1,2,open-meteo,4.92,93.56
Reggada,Morocco,29.5716,-9.6972,2026-09-19,2026-09-16 20:14:13.844771+00:00,29.6,20.8,0.0,0,11.3,19.8,2,open-meteo,3.39,94.63
Reggada,Morocco,29.5716,-9.6972,2026-09-20,2026-09-16 20:14:13.844771+00:00,30.1,22.4,0.0,0,10.3,20.5,2,open-meteo,3.34,94.66
Reggada,Morocco,29.5716,-9.6972,2026-09-21,2026-09-16 20:14:13.844771+00:00,34.5,23.5,0.0,0,17.4,28.8,3,open-meteo,5.06,90.46
Reggada,Morocco,29.5716,-9.6972,2026-09-22,2026-09-16 20:14:13.844771+00:00,38.6,26.9,0.0,0,11.3,25.6,3,open-meteo,18.37,81.14
Sidi Bou Othmane,Morocco,31.9033,-7.9422,2026-09-16,2026-09-16 20:14:14.164712+00:00,34.9,21.3,0.0,0,22.3,37.1,1,open-meteo,6.5,95.45
Sidi Bou Othmane,Morocco,31.9033,-7.9422,2026-09-17,2026-09-16 20:14:14.164712+00:00,30.6,17.9,0.0,0,19.5,32.0,2,open-meteo,5.64,93.05
Sidi Bou Othmane,Morocco,31.9033,-7.9422,2026-09-18,2026-09-16 20:14:14.164712+00:00,31.8,18.3,0.0,0,17.9,29.9,2,open-meteo,5.23,93.34
Sidi Bou Othmane,Morocco,31.9033,-7.9422,2026-09-19,2026-09-16 20:14:14.164712+00:00,35.8,20.7,0.0,0,19.4,32.4,2,open-meteo,8.86,90.8
Sidi Bou Othmane,Morocco,31.9033,-7.9422,2026-09-20,2026-09-16 20:14:14.164712+00:00,38.8,25.5,0.3,23,18.4,31.0,3,open-meteo,21.0,79.3
Sidi Bou Othmane,Morocco,31.9033,-7.9422,2026-09-21,2026-09-16 20:14:14.164712+00:00,37.3,25.7,0.0,3,19.5,31.3,2,open-meteo,14.77,86.66
Sidi Bou Othmane,Morocco,31.9033,-7.9422,2026-09-22,2026-09-16 20:14:14.164712+00:00,36.9,23.5,0.3,3,21.9,35.3,3,open-meteo,14.27,84.01
Talwat,Morocco,31.2883,-7.2372,2026-09-16,2026-09-16 20:14:14.248192+00:00,24.2,16.7,0.0,0,30.9,53.6,0,open-meteo,9.22,93.55
Talwat,Morocco,31.2883,-7.2372,2026-09-17,2026-09-16 20:14:14.248192+00:00,25.3,13.9,0.3,70,19.2,32.8,3,open-meteo,6.08,89.74
Talwat,Morocco,31.2883,-7.2372,2026-09-18,2026-09-16 20:14:14.248192+00:00,24.7,12.7,0.7,39,15.8,27.4,80,open-meteo,5.65,79.54
Talwat,Morocco,31.2883,-7.2372,2026-09-19,2026-09-16 20:14:14.248192+00:00,25.9,14.5,0.0,29,16.6,27.7,3,open-meteo,4.85,90.61
Talwat,Morocco,31.2883,-7.2372,2026-09-20,2026-09-16 20:14:14.248192+00:00,26.4,15.4,0.0,18,19.0,31.7,3,open-meteo,5.54,90.12
Talwat,Morocco,31.2883,-7.2372,2026-09-21,2026-09-16 20:14:14.248192+00:00,25.2,15.3,0.3,28,22.1,51.1,3,open-meteo,8.27,88.21
Talwat,Morocco,31.2883,-7.2372,2026-09-22,2026-09-16 20:14:14.248192+00:00,25.7,14.9,0.0,28,34.1,74.5,3,open-meteo,11.71,85.8
Boumalne,Morocco,31.3738,-5.9956,2026-09-16,2026-09-16 20:14:14.331861+00:00,29.5,16.7,0.0,0,25.7,41.4,1,open-meteo,7.35,94.86
Boumalne,Morocco,31.3738,-5.9956,2026-09-17,2026-09-16 20:14:14.331861+00:00,26.3,17.8,1.2,38,23.1,37.4,80,open-meteo,8.23,77.74
Boumalne,Morocco,31.3738,-5.9956,2026-09-18,2026-09-16 20:14:14.331861+00:00,27.2,15.9,0.4,23,25.7,40.3,3,open-meteo,7.78,88.55
Boumalne,Morocco,31.3738,-5.9956,2026-09-19,2026-09-16 20:14:14.331861+00:00,27.5,17.8,0.0,23,28.2,47.9,3,open-meteo,8.31,88.18
Boumalne,Morocco,31.3738,-5.9956,2026-09-20,2026-09-16 20:14:14.331861+00:00,27.8,18.8,0.0,30,13.8,22.0,3,open-meteo,3.93,91.25
Boumalne,Morocco,31.3738,-5.9956,2026-09-21,2026-09-16 20:14:14.331861+00:00,27.1,18.4,0.9,13,16.2,37.4,80,open-meteo,6.97,78.62
Boumalne,Morocco,31.3738,-5.9956,2026-09-22,2026-09-16 20:14:14.331861+00:00,29.4,16.1,0.0,13,26.6,40.3,2,open-meteo,7.36,91.85
Sidi ’Ali Bou Aqba,Morocco,34.8167,-3.7286,2026-09-16,2026-09-16 20:14:14.414113+00:00,30.9,19.1,0.0,0,16.1,34.9,3,open-meteo,5.5,90.15
Sidi ’Ali Bou Aqba,Morocco,34.8167,-3.7286,2026-09-17,2026-09-16 20:14:14.414113+00:00,26.0,16.8,0.0,3,15.8,31.0,3,open-meteo,5.08,90.44
Sidi ’Ali Bou Aqba,Morocco,34.8167,-3.7286,2026-09-18,2026-09-16 20:14:14.414113+00:00,25.1,15.1,0.0,0,17.0,34.2,45,open-meteo,5.54,84.12
Sidi ’Ali Bou Aqba,Morocco,34.8167,-3.7286,2026-09-19,2026-09-16 20:14:14.414113+00:00,24.5,15.1,0.0,0,19.9,38.9,2,open-meteo,6.38,92.53
Sidi ’Ali Bou Aqba,Morocco,34.8167,-3.7286,2026-09-20,2026-09-16 20:14:14.414113+00:00,23.7,17.2,0.0,0,16.9,31.7,45,open-meteo,5.28,84.3
Sidi ’Ali Bou Aqba,Morocco,34.8167,-3.7286,2026-09-21,2026-09-16 20:14:14.414113+00:00,26.3,16.4,0.0,0,14.2,26.6,45,open-meteo,4.44,84.89
Sidi ’Ali Bou Aqba,Morocco,34.8167,-3.7286,2026-09-22,2026-09-16 20:14:14.414113+00:00,28.2,14.6,0.0,5,10.3,20.2,3,open-meteo,3.31,91.68
Oulad Aïssa,Morocco,30.558,-8.614,2026-09-16,2026-09-16 20:14:14.497140+00:00,38.0,22.9,0.0,0,25.9,45.4,1,open-meteo,19.78,86.15
Oulad Aïssa,Morocco,30.558,-8.614,2026-09-17,2026-09-16 20:14:14.497140+00:00,31.1,18.7,0.0,3,27.4,47.2,3,open-meteo,8.14,88.3
Oulad Aïssa,Morocco,30.558,-8.614,2026-09-18,2026-09-16 20:14:14.497140+00:00,31.2,18.3,0.0,0,26.3,45.4,3,open-meteo,7.83,88.52
Oulad Aïssa,Morocco,30.558,-8.614,2026-09-19,2026-09-16 20:14:14.497140+00:00,34.2,21.4,0.0,3,23.5,40.3,2,open-meteo,6.97,92.12
Oulad Aïssa,Morocco,30.558,-8.614,2026-09-20,2026-09-16 20:14:14.497140+00:00,39.3,23.1,0.0,3,27.7,48.2,2,open-meteo,25.48,79.16
Oulad Aïssa,Morocco,30.558,-8.614,2026-09-21,2026-09-16 20:14:14.497140+00:00,39.9,21.8,0.0,0,28.5,51.1,3,open-meteo,28.27,74.21
Oulad Aïssa,Morocco,30.558,-8.614,2026-09-22,2026-09-16 20:14:14.497140+00:00,37.8,24.2,0.0,0,15.0,26.6,3,open-meteo,15.73,82.99
Ar Rommani,Morocco,33.5333,-6.6,2026-09-16,2026-09-16 20:14:14.583491+00:00,30.2,18.8,0.0,0,18.9,36.7,2,open-meteo,6.03,92.78
Ar Rommani,Morocco,33.5333,-6.6,2026-09-17,2026-09-16 20:14:14.583491+00:00,28.0,16.7,0.0,0,15.8,31.0,3,open-meteo,5.08,90.44
Ar Rommani,Morocco,33.5333,-6.6,2026-09-18,2026-09-16 20:14:14.583491+00:00,29.5,15.0,0.0,0,17.9,34.9,45,open-meteo,5.73,83.99
Ar Rommani,Morocco,33.5333,-6.6,2026-09-19,2026-09-16 20:14:14.583491+00:00,34.2,16.5,0.0,0,17.1,33.8,2,open-meteo,5.52,93.14
Ar Rommani,Morocco,33.5333,-6.6,2026-09-20,2026-09-16 20:14:14.583491+00:00,38.2,20.2,0.0,5,19.1,37.4,2,open-meteo,18.93,83.75
Ar Rommani,Morocco,33.5333,-6.6,2026-09-21,2026-09-16 20:14:14.583491+00:00,37.5,21.7,0.0,0,18.6,42.8,1,open-meteo,16.61,88.37
Ar Rommani,Morocco,33.5333,-6.6,2026-09-22,2026-09-16 20:14:14.583491+00:00,36.9,21.3,0.0,0,19.4,38.2,2,open-meteo,13.84,87.31
Tizgane,Morocco,35.4136,-5.0694,2026-09-16,2026-09-16 20:14:14.668202+00:00,29.7,19.4,0.0,0,9.7,15.1,3,open-meteo,2.72,92.1
Tizgane,Morocco,35.4136,-5.0694,2026-09-17,2026-09-16 20:14:14.668202+00:00,25.4,17.1,0.0,3,8.7,17.6,3,open-meteo,2.85,92.0
Tizgane,Morocco,35.4136,-5.0694,2026-09-18,2026-09-16 20:14:14.668202+00:00,25.7,17.1,0.0,0,13.0,24.8,3,open-meteo,4.11,91.12
Tizgane,Morocco,35.4136,-5.0694,2026-09-19,2026-09-16 20:14:14.668202+00:00,24.5,20.3,1.3,3,22.4,41.8,3,open-meteo,8.71,87.9
Tizgane,Morocco,35.4136,-5.0694,2026-09-20,2026-09-16 20:14:14.668202+00:00,23.8,21.3,5.3,13,23.6,42.5,3,open-meteo,14.27,84.01
Tizgane,Morocco,35.4136,-5.0694,2026-09-21,2026-09-16 20:14:14.668202+00:00,26.4,20.8,0.3,3,15.9,30.7,45,open-meteo,5.46,84.18
Tizgane,Morocco,35.4136,-5.0694,2026-09-22,2026-09-16 20:14:14.668202+00:00,27.3,20.5,0.0,0,12.3,23.0,45,open-meteo,3.84,85.31
Temsamane,Morocco,35.1167,-3.6333,2026-09-16,2026-09-16 20:14:14.751281+00:00,29.8,20.1,0.0,0,10.2,18.7,1,open-meteo,3.15,97.79
Temsamane,Morocco,35.1167,-3.6333,2026-09-17,2026-09-16 20:14:14.751281+00:00,24.7,17.3,0.0,0,12.8,24.8,45,open-meteo,4.08,85.14
Temsamane,Morocco,35.1167,-3.6333,2026-09-18,2026-09-16 20:14:14.751281+00:00,26.0,16.5,0.0,3,15.5,30.2,3,open-meteo,4.96,90.53
Temsamane,Morocco,35.1167,-3.6333,2026-09-19,2026-09-16 20:14:14.751281+00:00,26.7,18.7,0.0,0,21.6,40.0,2,open-meteo,6.7,92.31
Temsamane,Morocco,35.1167,-3.6333,2026-09-20,2026-09-16 20:14:14.751281+00:00,25.8,20.6,0.0,3,17.5,32.8,3,open-meteo,5.47,90.17
Temsamane,Morocco,35.1167,-3.6333,2026-09-21,2026-09-16 20:14:14.751281+00:00,26.5,19.6,0.0,0,17.9,42.8,3,open-meteo,6.52,89.44
Temsamane,Morocco,35.1167,-3.6333,2026-09-22,2026-09-16 20:14:14.751281+00:00,28.1,18.2,0.0,0,11.5,27.7,1,open-meteo,4.21,97.05
Guisser,Morocco,32.7721,-7.4942,2026-09-16,2026-09-16 20:14:14.833623+00:00,31.6,17.8,0.0,0,18.1,34.6,3,open-meteo,5.72,90.0
Guisser,Morocco,32.7721,-7.4942,2026-09-17,2026-09-16 20:14:14.833623+00:00,28.3,15.1,0.0,0,18.8,36.4,2,open-meteo,5.99,92.81
Guisser,Morocco,32.7721,-7.4942,2026-09-18,2026-09-16 20:14:14.833623+00:00,30.0,15.2,0.0,0,18.4,34.9,3,open-meteo,5.79,89.95
Guisser,Morocco,32.7721,-7.4942,2026-09-19,2026-09-16 20:14:14.833623+00:00,33.9,16.6,0.0,0,18.2,34.2,2,open-meteo,5.7,93.01
Guisser,Morocco,32.7721,-7.4942,2026-09-20,2026-09-16 20:14:14.833623+00:00,37.7,22.3,0.3,8,20.5,37.4,3,open-meteo,17.5,81.75
Guisser,Morocco,32.7721,-7.4942,2026-09-21,2026-09-16 20:14:14.833623+00:00,36.3,22.7,0.9,2,11.6,23.0,3,open-meteo,10.15,86.89
Guisser,Morocco,32.7721,-7.4942,2026-09-22,2026-09-16 20:14:14.833623+00:00,36.4,19.3,0.0,0,17.8,38.5,0,open-meteo,11.67,91.83
Sebt Labrikiyne,Morocco,32.2889,-8.0578,2026-09-16,2026-09-16 20:14:14.916394+00:00,32.5,18.9,0.0,0,21.8,38.5,3,open-meteo,6.58,89.39
Sebt Labrikiyne,Morocco,32.2889,-8.0578,2026-09-17,2026-09-16 20:14:14.916394+00:00,28.6,17.1,0.0,0,19.7,35.3,3,open-meteo,5.99,89.81
Sebt Labrikiyne,Morocco,32.2889,-8.0578,2026-09-18,2026-09-16 20:14:14.916394+00:00,30.1,16.4,0.0,0,18.4,33.8,45,open-meteo,5.68,84.02
Sebt Labrikiyne,Morocco,32.2889,-8.0578,2026-09-19,2026-09-16 20:14:14.916394+00:00,33.7,17.2,0.0,0,18.7,33.1,2,open-meteo,5.65,93.04
Sebt Labrikiyne,Morocco,32.2889,-8.0578,2026-09-20,2026-09-16 20:14:14.916394+00:00,38.2,24.0,0.3,10,14.9,28.8,80,open-meteo,17.94,70.94
Sebt Labrikiyne,Morocco,32.2889,-8.0578,2026-09-21,2026-09-16 20:14:14.916394+00:00,36.5,23.7,0.0,0,18.1,32.0,2,open-meteo,11.46,88.98
Sebt Labrikiyne,Morocco,32.2889,-8.0578,2026-09-22,2026-09-16 20:14:14.916394+00:00,37.1,21.9,0.0,0,21.5,39.2,3,open-meteo,15.01,83.49
El Argoub,Morocco,23.6111,-15.8583,2026-09-16,2026-09-16 20:14:14.999192+00:00,34.2,23.5,0.0,2,30.1,47.2,0,open-meteo,8.48,94.06
El Argoub,Morocco,23.6111,-15.8583,2026-09-17,2026-09-16 20:14:14.999192+00:00,26.8,20.2,0.0,0,34.2,52.6,0,open-meteo,9.54,93.32
El Argoub,Morocco,23.6111,-15.8583,2026-09-18,2026-09-16 20:14:14.999192+00:00,25.9,19.4,0.0,0,35.1,54.4,0,open-meteo,9.83,93.12
El Argoub,Morocco,23.6111,-15.8583,2026-09-19,2026-09-16 20:14:14.999192+00:00,26.5,18.7,0.0,0,30.8,49.7,1,open-meteo,8.82,93.83
El Argoub,Morocco,23.6111,-15.8583,2026-09-20,2026-09-16 20:14:14.999192+00:00,27.3,18.8,0.0,0,29.0,46.8,0,open-meteo,8.3,94.19
El Argoub,Morocco,23.6111,-15.8583,2026-09-21,2026-09-16 20:14:14.999192+00:00,27.7,20.9,0.0,16,26.5,41.0,0,open-meteo,7.41,94.81
El Argoub,Morocco,23.6111,-15.8583,2026-09-22,2026-09-16 20:14:14.999192+00:00,27.8,21.4,0.0,10,27.6,45.0,0,open-meteo,7.95,94.43
Sidi Abdellah Ben Taazizt,Morocco,34.0346,-5.3769,2026-09-16,2026-09-16 20:14:15.080102+00:00,30.3,17.8,0.0,0,19.3,39.2,0,open-meteo,6.33,95.57
Sidi Abdellah Ben Taazizt,Morocco,34.0346,-5.3769,2026-09-17,2026-09-16 20:14:15.080102+00:00,26.3,15.8,0.0,0,12.8,27.0,45,open-meteo,4.3,84.99
Sidi Abdellah Ben Taazizt,Morocco,34.0346,-5.3769,2026-09-18,2026-09-16 20:14:15.080102+00:00,28.3,16.3,0.0,0,14.0,28.1,3,open-meteo,4.56,90.81
Sidi Abdellah Ben Taazizt,Morocco,34.0346,-5.3769,2026-09-19,2026-09-16 20:14:15.080102+00:00,32.7,18.1,0.0,0,15.5,32.0,2,open-meteo,5.14,93.4
Sidi Abdellah Ben Taazizt,Morocco,34.0346,-5.3769,2026-09-20,2026-09-16 20:14:15.080102+00:00,34.3,19.2,0.0,0,18.5,37.4,2,open-meteo,6.05,92.77
Sidi Abdellah Ben Taazizt,Morocco,34.0346,-5.3769,2026-09-21,2026-09-16 20:14:15.080102+00:00,33.2,19.3,0.0,0,12.5,24.6,1,open-meteo,4.02,97.19
Sidi Abdellah Ben Taazizt,Morocco,34.0346,-5.3769,2026-09-22,2026-09-16 20:14:15.080102+00:00,33.1,17.8,0.0,0,12.9,25.2,3,open-meteo,4.13,91.11
Tissa,Morocco,34.2833,-4.6667,2026-09-16,2026-09-16 20:14:15.243225+00:00,32.9,21.1,0.0,0,17.4,33.8,2,open-meteo,5.55,93.11
Tissa,Morocco,34.2833,-4.6667,2026-09-17,2026-09-16 20:14:15.243225+00:00,31.0,18.9,0.0,0,11.6,23.0,3,open-meteo,3.75,91.38
Tissa,Morocco,34.2833,-4.6667,2026-09-18,2026-09-16 20:14:15.243225+00:00,33.3,17.8,0.0,0,17.8,32.8,3,open-meteo,5.5,90.15
Tissa,Morocco,34.2833,-4.6667,2026-09-19,2026-09-16 20:14:15.243225+00:00,34.6,22.9,0.0,0,29.8,57.6,2,open-meteo,9.49,90.36
Tissa,Morocco,34.2833,-4.6667,2026-09-20,2026-09-16 20:14:15.243225+00:00,34.6,23.8,0.0,0,27.9,51.8,1,open-meteo,8.67,93.93
Tissa,Morocco,34.2833,-4.6667,2026-09-21,2026-09-16 20:14:15.243225+00:00,33.9,23.6,0.0,0,24.5,52.9,0,open-meteo,8.35,94.16
Tissa,Morocco,34.2833,-4.6667,2026-09-22,2026-09-16 20:14:15.243225+00:00,36.9,22.8,0.0,0,12.6,31.7,2,open-meteo,12.34,88.36
Oulad Fares,Morocco,32.7938,-7.2123,2026-09-16,2026-09-16 20:14:15.324438+00:00,31.6,17.7,0.0,0,17.2,34.2,3,open-meteo,5.57,90.1
Oulad Fares,Morocco,32.7938,-7.2123,2026-09-17,2026-09-16 20:14:15.324438+00:00,28.8,15.0,0.0,0,19.0,36.4,3,open-meteo,6.02,89.79
Oulad Fares,Morocco,32.7938,-7.2123,2026-09-18,2026-09-16 20:14:15.324438+00:00,29.9,15.4,0.0,0,17.4,32.4,3,open-meteo,5.42,90.21
Oulad Fares,Morocco,32.7938,-7.2123,2026-09-19,2026-09-16 20:14:15.324438+00:00,34.6,17.6,0.0,0,18.1,34.2,2,open-meteo,5.68,93.02
Oulad Fares,Morocco,32.7938,-7.2123,2026-09-20,2026-09-16 20:14:15.324438+00:00,37.8,22.8,0.3,10,14.3,25.6,3,open-meteo,15.95,82.83
Oulad Fares,Morocco,32.7938,-7.2123,2026-09-21,2026-09-16 20:14:15.324438+00:00,35.6,22.8,0.9,3,10.0,22.0,3,open-meteo,7.05,89.06
Oulad Fares,Morocco,32.7938,-7.2123,2026-09-22,2026-09-16 20:14:15.324438+00:00,35.6,20.0,0.0,0,18.3,40.3,1,open-meteo,8.72,93.9
Douar Ras el Ksar,Morocco,33.9819,-3.7494,2026-09-16,2026-09-16 20:14:15.407523+00:00,32.0,20.0,0.0,0,25.6,42.1,0,open-meteo,7.41,94.81
Douar Ras el Ksar,Morocco,33.9819,-3.7494,2026-09-17,2026-09-16 20:14:15.407523+00:00,28.3,17.6,0.0,3,19.2,30.2,3,open-meteo,5.42,90.21
Douar Ras el Ksar,Morocco,33.9819,-3.7494,2026-09-18,2026-09-16 20:14:15.407523+00:00,27.7,15.6,0.0,0,24.8,40.3,3,open-meteo,7.13,89.01
Douar Ras el Ksar,Morocco,33.9819,-3.7494,2026-09-19,2026-09-16 20:14:15.407523+00:00,27.4,17.8,0.0,3,23.6,37.4,3,open-meteo,6.69,89.32
Douar Ras el Ksar,Morocco,33.9819,-3.7494,2026-09-20,2026-09-16 20:14:15.407523+00:00,27.6,18.7,0.0,0,22.5,36.4,3,open-meteo,6.45,89.48
Douar Ras el Ksar,Morocco,33.9819,-3.7494,2026-09-21,2026-09-16 20:14:15.407523+00:00,28.0,18.7,0.0,0,22.3,36.0,3,open-meteo,6.39,89.53
Douar Ras el Ksar,Morocco,33.9819,-3.7494,2026-09-22,2026-09-16 20:14:15.407523+00:00,30.3,17.7,0.0,0,16.9,25.9,3,open-meteo,4.7,90.71
Bni Khloug,Morocco,32.65,-7.3833,2026-09-16,2026-09-16 20:14:15.488067+00:00,32.9,18.6,0.0,0,19.1,36.4,3,open-meteo,6.03,89.78
Bni Khloug,Morocco,32.65,-7.3833,2026-09-17,2026-09-16 20:14:15.488067+00:00,29.4,14.7,0.0,0,18.8,37.1,3,open-meteo,6.06,89.76
Bni Khloug,Morocco,32.65,-7.3833,2026-09-18,2026-09-16 20:14:15.488067+00:00,30.7,15.6,0.0,0,17.2,33.5,3,open-meteo,5.5,90.15
Bni Khloug,Morocco,32.65,-7.3833,2026-09-19,2026-09-16 20:14:15.488067+00:00,35.5,17.8,0.0,0,17.6,33.5,2,open-meteo,7.55,91.72
Bni Khloug,Morocco,32.65,-7.3833,2026-09-20,2026-09-16 20:14:15.488067+00:00,38.7,23.1,0.0,13,9.1,27.7,3,open-meteo,18.71,80.9
Bni Khloug,Morocco,32.65,-7.3833,2026-09-21,2026-09-16 20:14:15.488067+00:00,35.8,23.3,1.2,0,8.6,29.9,80,open-meteo,8.86,77.3
Bni Khloug,Morocco,32.65,-7.3833,2026-09-22,2026-09-16 20:14:15.488067+00:00,36.2,19.4,0.0,0,19.6,38.5,0,open-meteo,11.1,92.23
Oulad Amrane el Mekki,Morocco,32.3736,-8.5395,2026-09-16,2026-09-16 20:14:15.571374+00:00,32.4,19.0,0.0,0,21.6,37.4,3,open-meteo,6.44,89.49
Oulad Amrane el Mekki,Morocco,32.3736,-8.5395,2026-09-17,2026-09-16 20:14:15.571374+00:00,28.9,17.8,0.0,0,21.0,36.4,3,open-meteo,6.27,89.61
Oulad Amrane el Mekki,Morocco,32.3736,-8.5395,2026-09-18,2026-09-16 20:14:15.571374+00:00,30.6,17.1,0.0,0,19.6,33.8,45,open-meteo,5.83,83.92
Oulad Amrane el Mekki,Morocco,32.3736,-8.5395,2026-09-19,2026-09-16 20:14:15.571374+00:00,33.6,16.6,0.0,0,18.1,31.7,3,open-meteo,5.43,90.2
Oulad Amrane el Mekki,Morocco,32.3736,-8.5395,2026-09-20,2026-09-16 20:14:15.571374+00:00,38.9,20.5,0.0,10,14.5,31.0,2,open-meteo,20.51,82.64
Oulad Amrane el Mekki,Morocco,32.3736,-8.5395,2026-09-21,2026-09-16 20:14:15.571374+00:00,36.9,21.6,0.0,0,16.8,31.7,2,open-meteo,12.87,87.99
Oulad Amrane el Mekki,Morocco,32.3736,-8.5395,2026-09-22,2026-09-16 20:14:15.571374+00:00,37.6,17.8,0.0,0,18.7,35.6,3,open-meteo,16.3,82.59
Ouaklim Oukider,Morocco,31.45,-5.55,2026-09-16,2026-09-16 20:14:15.653806+00:00,32.2,21.0,0.0,0,24.4,40.3,2,open-meteo,7.08,92.04
Ouaklim Oukider,Morocco,31.45,-5.55,2026-09-17,2026-09-16 20:14:15.653806+00:00,29.5,19.3,0.8,38,20.1,35.6,80,open-meteo,7.14,78.5
Ouaklim Oukider,Morocco,31.45,-5.55,2026-09-18,2026-09-16 20:14:15.653806+00:00,31.2,18.1,0.1,35,31.5,58.7,3,open-meteo,9.94,87.04
Ouaklim Oukider,Morocco,31.45,-5.55,2026-09-19,2026-09-16 20:14:15.653806+00:00,30.5,19.2,0.0,16,14.1,24.1,3,open-meteo,4.17,91.08
Ouaklim Oukider,Morocco,31.45,-5.55,2026-09-20,2026-09-16 20:14:15.653806+00:00,30.4,20.7,0.6,15,10.2,17.6,80,open-meteo,3.84,80.81
Ouaklim Oukider,Morocco,31.45,-5.55,2026-09-21,2026-09-16 20:14:15.653806+00:00,29.9,19.9,1.5,19,19.9,30.6,80,open-meteo,7.55,78.22
Ouaklim Oukider,Morocco,31.45,-5.55,2026-09-22,2026-09-16 20:14:15.653806+00:00,32.5,18.2,0.0,20,24.1,37.4,2,open-meteo,6.75,92.27
Matmata,Morocco,34.0945,-4.4842,2026-09-16,2026-09-16 20:14:15.735545+00:00,32.3,19.3,0.0,0,17.6,32.8,1,open-meteo,5.48,96.16
Matmata,Morocco,34.0945,-4.4842,2026-09-17,2026-09-16 20:14:15.735545+00:00,29.9,17.2,0.0,0,11.4,22.3,3,open-meteo,3.65,91.44
Matmata,Morocco,34.0945,-4.4842,2026-09-18,2026-09-16 20:14:15.735545+00:00,32.4,16.0,0.0,0,18.2,33.1,3,open-meteo,5.58,90.09
Matmata,Morocco,34.0945,-4.4842,2026-09-19,2026-09-16 20:14:15.735545+00:00,32.1,20.5,0.0,0,30.8,58.0,2,open-meteo,9.65,90.24
Matmata,Morocco,34.0945,-4.4842,2026-09-20,2026-09-16 20:14:15.735545+00:00,32.9,21.8,0.0,0,31.5,60.5,1,open-meteo,9.99,93.01
Matmata,Morocco,34.0945,-4.4842,2026-09-21,2026-09-16 20:14:15.735545+00:00,33.9,21.4,0.0,0,25.1,46.4,1,open-meteo,7.78,94.55
Matmata,Morocco,34.0945,-4.4842,2026-09-22,2026-09-16 20:14:15.735545+00:00,35.7,19.3,0.0,0,10.5,20.5,2,open-meteo,6.16,92.69
Lamhadi,Morocco,30.3725,-9.0478,2026-09-16,2026-09-16 20:14:15.820300+00:00,36.7,22.6,0.0,0,23.4,41.4,2,open-meteo,13.87,87.29
Lamhadi,Morocco,30.3725,-9.0478,2026-09-17,2026-09-16 20:14:15.820300+00:00,30.6,19.5,0.0,0,26.3,46.8,3,open-meteo,7.97,88.42
Lamhadi,Morocco,30.3725,-9.0478,2026-09-18,2026-09-16 20:14:15.820300+00:00,30.5,18.8,0.0,0,23.4,41.0,2,open-meteo,7.03,92.08
Lamhadi,Morocco,30.3725,-9.0478,2026-09-19,2026-09-16 20:14:15.820300+00:00,31.4,20.2,0.0,0,24.0,42.1,2,open-meteo,7.21,91.95
Lamhadi,Morocco,30.3725,-9.0478,2026-09-20,2026-09-16 20:14:15.820300+00:00,31.3,20.1,0.0,0,26.0,46.1,2,open-meteo,7.86,91.5
Lamhadi,Morocco,30.3725,-9.0478,2026-09-21,2026-09-16 20:14:15.820300+00:00,39.4,21.5,0.0,3,21.6,36.7,3,open-meteo,23.97,77.22
Lamhadi,Morocco,30.3725,-9.0478,2026-09-22,2026-09-16 20:14:15.820300+00:00,39.1,25.0,0.3,3,10.4,20.9,3,open-meteo,20.19,79.87
Sidi Amer El Hadi,Morocco,34.7992,-5.8394,2026-09-16,2026-09-16 20:14:15.900441+00:00,28.0,18.0,0.0,0,17.1,36.7,2,open-meteo,5.81,92.93
Sidi Amer El Hadi,Morocco,34.7992,-5.8394,2026-09-17,2026-09-16 20:14:15.900441+00:00,27.2,16.6,0.0,0,14.8,30.2,3,open-meteo,4.87,90.59
Sidi Amer El Hadi,Morocco,34.7992,-5.8394,2026-09-18,2026-09-16 20:14:15.900441+00:00,29.4,15.3,0.0,0,16.7,34.6,3,open-meteo,5.55,90.11
Sidi Amer El Hadi,Morocco,34.7992,-5.8394,2026-09-19,2026-09-16 20:14:15.900441+00:00,34.5,18.7,0.0,0,13.4,28.4,1,open-meteo,4.51,96.84
Sidi Amer El Hadi,Morocco,34.7992,-5.8394,2026-09-20,2026-09-16 20:14:15.900441+00:00,36.8,22.1,0.0,0,14.2,31.0,1,open-meteo,12.07,91.55
Sidi Amer El Hadi,Morocco,34.7992,-5.8394,2026-09-21,2026-09-16 20:14:15.900441+00:00,36.0,22.5,0.0,0,11.7,28.4,1,open-meteo,8.3,94.19
Sidi Amer El Hadi,Morocco,34.7992,-5.8394,2026-09-22,2026-09-16 20:14:15.900441+00:00,35.1,19.3,0.0,0,12.3,25.6,1,open-meteo,4.5,96.85
Takad Sahel,Morocco,30.25,-9.55,2026-09-16,2026-09-16 20:14:15.983461+00:00,29.6,22.0,0.0,0,19.1,31.3,1,open-meteo,5.52,96.14
Takad Sahel,Morocco,30.25,-9.55,2026-09-17,2026-09-16 20:14:15.983461+00:00,26.4,21.1,0.0,0,21.9,37.1,3,open-meteo,6.45,89.48
Takad Sahel,Morocco,30.25,-9.55,2026-09-18,2026-09-16 20:14:15.983461+00:00,25.8,20.2,0.0,0,20.2,33.5,2,open-meteo,5.88,92.88
Takad Sahel,Morocco,30.25,-9.55,2026-09-19,2026-09-16 20:14:15.983461+00:00,25.8,20.8,0.0,0,18.7,31.0,3,open-meteo,5.44,90.19
Takad Sahel,Morocco,30.25,-9.55,2026-09-20,2026-09-16 20:14:15.983461+00:00,26.6,20.8,0.0,0,18.4,32.0,2,open-meteo,5.5,93.15
Takad Sahel,Morocco,30.25,-9.55,2026-09-21,2026-09-16 20:14:15.983461+00:00,31.2,20.3,0.0,0,16.2,37.1,45,open-meteo,5.73,83.99
Takad Sahel,Morocco,30.25,-9.55,2026-09-22,2026-09-16 20:14:15.983461+00:00,38.5,21.2,0.0,0,16.0,35.6,3,open-meteo,19.56,80.31
Oulad Hamdane,Morocco,32.4199,-8.664,2026-09-16,2026-09-16 20:14:16.069325+00:00,31.4,20.1,0.0,0,21.6,37.4,3,open-meteo,6.44,89.49
Oulad Hamdane,Morocco,32.4199,-8.664,2026-09-17,2026-09-16 20:14:16.069325+00:00,28.3,18.8,0.0,0,20.3,36.0,2,open-meteo,6.14,92.7
Oulad Hamdane,Morocco,32.4199,-8.664,2026-09-18,2026-09-16 20:14:16.069325+00:00,30.1,17.7,0.0,0,20.2,35.3,45,open-meteo,6.05,83.77
Oulad Hamdane,Morocco,32.4199,-8.664,2026-09-19,2026-09-16 20:14:16.069325+00:00,32.3,17.5,0.0,0,17.9,32.0,3,open-meteo,5.44,90.19
Oulad Hamdane,Morocco,32.4199,-8.664,2026-09-20,2026-09-16 20:14:16.069325+00:00,38.4,21.6,0.0,5,13.8,29.2,2,open-meteo,18.24,84.23
Oulad Hamdane,Morocco,32.4199,-8.664,2026-09-21,2026-09-16 20:14:16.069325+00:00,36.4,21.4,0.0,0,17.1,31.0,2,open-meteo,10.84,89.41
Oulad Hamdane,Morocco,32.4199,-8.664,2026-09-22,2026-09-16 20:14:16.069325+00:00,37.0,19.8,0.0,0,18.8,34.2,1,open-meteo,13.77,90.36
Jamaat Shaim,Morocco,32.35,-8.85,2026-09-16,2026-09-16 20:14:16.150505+00:00,31.5,19.8,0.0,0,21.2,38.5,3,open-meteo,6.5,89.45
Jamaat Shaim,Morocco,32.35,-8.85,2026-09-17,2026-09-16 20:14:16.150505+00:00,28.3,18.3,0.0,0,19.6,36.0,3,open-meteo,6.05,89.77
Jamaat Shaim,Morocco,32.35,-8.85,2026-09-18,2026-09-16 20:14:16.150505+00:00,30.2,17.7,0.0,0,20.0,36.4,45,open-meteo,6.14,83.7
Jamaat Shaim,Morocco,32.35,-8.85,2026-09-19,2026-09-16 20:14:16.150505+00:00,32.3,17.5,0.0,0,17.2,32.0,3,open-meteo,5.35,90.25
Jamaat Shaim,Morocco,32.35,-8.85,2026-09-20,2026-09-16 20:14:16.150505+00:00,38.4,21.8,0.0,5,13.6,26.6,2,open-meteo,17.96,84.43
Jamaat Shaim,Morocco,32.35,-8.85,2026-09-21,2026-09-16 20:14:16.150505+00:00,35.6,20.6,0.0,0,15.3,28.4,1,open-meteo,7.15,94.99
Jamaat Shaim,Morocco,32.35,-8.85,2026-09-22,2026-09-16 20:14:16.150505+00:00,36.3,18.6,0.0,3,16.3,30.2,2,open-meteo,10.26,89.82
Aj Jourf,Morocco,31.4903,-4.4014,2026-09-16,2026-09-16 20:14:16.233243+00:00,34.9,23.9,0.0,3,10.5,18.0,3,open-meteo,3.11,91.82
Aj Jourf,Morocco,31.4903,-4.4014,2026-09-17,2026-09-16 20:14:16.233243+00:00,33.8,21.5,0.3,28,19.9,37.1,3,open-meteo,6.6,89.38
Aj Jourf,Morocco,31.4903,-4.4014,2026-09-18,2026-09-16 20:14:16.233243+00:00,33.7,20.5,0.0,13,16.6,27.0,3,open-meteo,4.78,90.65
Aj Jourf,Morocco,31.4903,-4.4014,2026-09-19,2026-09-16 20:14:16.233243+00:00,34.4,22.5,0.0,8,19.1,31.7,3,open-meteo,5.56,90.11
Aj Jourf,Morocco,31.4903,-4.4014,2026-09-20,2026-09-16 20:14:16.233243+00:00,33.4,23.7,0.3,8,11.4,19.8,3,open-meteo,3.81,91.33
Aj Jourf,Morocco,31.4903,-4.4014,2026-09-21,2026-09-16 20:14:16.233243+00:00,33.0,23.0,0.6,10,15.5,32.8,3,open-meteo,6.02,89.79
Aj Jourf,Morocco,31.4903,-4.4014,2026-09-22,2026-09-16 20:14:16.233243+00:00,33.2,19.5,0.0,10,10.4,21.2,2,open-meteo,3.42,94.61
Toualet,Morocco,32.7769,-7.6669,2026-09-16,2026-09-16 20:14:16.314637+00:00,31.7,18.7,0.0,0,19.8,37.8,3,open-meteo,6.25,89.62
Toualet,Morocco,32.7769,-7.6669,2026-09-17,2026-09-16 20:14:16.314637+00:00,28.6,16.6,0.0,0,19.5,37.4,3,open-meteo,6.18,89.67
Toualet,Morocco,32.7769,-7.6669,2026-09-18,2026-09-16 20:14:16.314637+00:00,30.1,16.2,0.0,0,19.5,37.4,3,open-meteo,6.18,89.67
Toualet,Morocco,32.7769,-7.6669,2026-09-19,2026-09-16 20:14:16.314637+00:00,34.0,16.5,0.0,0,18.5,35.6,2,open-meteo,5.87,92.89
Toualet,Morocco,32.7769,-7.6669,2026-09-20,2026-09-16 20:14:16.314637+00:00,37.8,22.1,0.6,5,22.1,41.0,80,open-meteo,18.86,70.3
Toualet,Morocco,32.7769,-7.6669,2026-09-21,2026-09-16 20:14:16.314637+00:00,35.5,23.5,0.0,0,12.8,28.4,3,open-meteo,6.44,89.49
Toualet,Morocco,32.7769,-7.6669,2026-09-22,2026-09-16 20:14:16.314637+00:00,36.4,18.5,0.0,0,19.3,38.9,0,open-meteo,11.9,91.67
Kissane Ltouqi,Morocco,34.6,-5.0833,2026-09-16,2026-09-16 20:14:16.397268+00:00,29.4,18.3,0.0,0,19.8,36.0,2,open-meteo,6.08,92.74
Kissane Ltouqi,Morocco,34.6,-5.0833,2026-09-17,2026-09-16 20:14:16.397268+00:00,28.2,17.1,0.0,0,14.0,25.9,3,open-meteo,4.34,90.96
Kissane Ltouqi,Morocco,34.6,-5.0833,2026-09-18,2026-09-16 20:14:16.397268+00:00,30.5,16.1,0.0,0,10.3,18.4,3,open-meteo,3.13,91.81
Kissane Ltouqi,Morocco,34.6,-5.0833,2026-09-19,2026-09-16 20:14:16.397268+00:00,34.2,19.8,0.0,0,18.7,36.7,1,open-meteo,6.01,95.79
Kissane Ltouqi,Morocco,34.6,-5.0833,2026-09-20,2026-09-16 20:14:16.397268+00:00,34.5,21.5,0.0,0,15.7,28.8,2,open-meteo,4.84,93.61
Kissane Ltouqi,Morocco,34.6,-5.0833,2026-09-21,2026-09-16 20:14:16.397268+00:00,34.3,20.8,0.0,0,10.8,27.0,3,open-meteo,4.05,91.16
Kissane Ltouqi,Morocco,34.6,-5.0833,2026-09-22,2026-09-16 20:14:16.397268+00:00,34.5,18.8,0.0,0,8.4,17.3,1,open-meteo,2.78,98.05
Zaouiet Says,Morocco,32.7931,-8.6506,2026-09-16,2026-09-16 20:14:16.477893+00:00,28.4,19.7,0.0,0,19.1,34.2,2,open-meteo,5.81,92.93
Zaouiet Says,Morocco,32.7931,-8.6506,2026-09-17,2026-09-16 20:14:16.477893+00:00,26.7,18.7,0.0,0,18.4,33.1,3,open-meteo,5.61,90.07
Zaouiet Says,Morocco,32.7931,-8.6506,2026-09-18,2026-09-16 20:14:16.477893+00:00,28.0,17.4,0.0,0,20.9,36.7,3,open-meteo,6.28,89.6
Zaouiet Says,Morocco,32.7931,-8.6506,2026-09-19,2026-09-16 20:14:16.477893+00:00,29.7,18.0,0.0,0,17.0,30.2,3,open-meteo,5.15,90.39
Zaouiet Says,Morocco,32.7931,-8.6506,2026-09-20,2026-09-16 20:14:16.477893+00:00,34.5,21.2,0.0,0,15.8,29.2,3,open-meteo,4.9,90.57
Zaouiet Says,Morocco,32.7931,-8.6506,2026-09-21,2026-09-16 20:14:16.477893+00:00,32.9,19.8,0.0,0,14.8,28.8,45,open-meteo,4.73,84.69
Zaouiet Says,Morocco,32.7931,-8.6506,2026-09-22,2026-09-16 20:14:16.477893+00:00,34.2,17.9,0.0,0,15.1,29.9,45,open-meteo,4.88,84.58
Tilmi,Morocco,31.8189,-5.7718,2026-09-16,2026-09-16 20:14:16.560920+00:00,20.9,12.2,0.0,0,22.8,36.7,2,open-meteo,6.52,92.44
Tilmi,Morocco,31.8189,-5.7718,2026-09-17,2026-09-16 20:14:16.560920+00:00,20.5,11.8,3.4,88,17.1,31.3,95,open-meteo,9.8,66.14
Tilmi,Morocco,31.8189,-5.7718,2026-09-18,2026-09-16 20:14:16.560920+00:00,21.1,10.5,0.1,13,21.6,34.9,3,open-meteo,6.32,89.58
Tilmi,Morocco,31.8189,-5.7718,2026-09-19,2026-09-16 20:14:16.560920+00:00,21.7,11.2,1.7,70,11.9,25.9,80,open-meteo,6.34,79.06
Tilmi,Morocco,31.8189,-5.7718,2026-09-20,2026-09-16 20:14:16.560920+00:00,21.5,12.1,5.4,58,12.1,27.4,80,open-meteo,11.45,75.48
Tilmi,Morocco,31.8189,-5.7718,2026-09-21,2026-09-16 20:14:16.560920+00:00,21.5,12.5,2.7,59,23.2,46.1,80,open-meteo,11.11,75.72
Tilmi,Morocco,31.8189,-5.7718,2026-09-22,2026-09-16 20:14:16.560920+00:00,22.5,12.8,0.0,60,28.6,52.6,0,open-meteo,8.84,93.81
Oued Laou,Morocco,35.45,-5.0833,2026-09-16,2026-09-16 20:14:16.641873+00:00,29.8,19.5,0.0,0,9.7,15.1,3,open-meteo,2.72,92.1
Oued Laou,Morocco,35.45,-5.0833,2026-09-17,2026-09-16 20:14:16.641873+00:00,25.5,17.2,0.0,3,8.7,17.6,3,open-meteo,2.85,92.0
Oued Laou,Morocco,35.45,-5.0833,2026-09-18,2026-09-16 20:14:16.641873+00:00,25.8,17.2,0.0,0,13.0,24.8,3,open-meteo,4.11,91.12
Oued Laou,Morocco,35.45,-5.0833,2026-09-19,2026-09-16 20:14:16.641873+00:00,24.6,20.4,1.3,3,22.4,41.8,3,open-meteo,8.71,87.9
Oued Laou,Morocco,35.45,-5.0833,2026-09-20,2026-09-16 20:14:16.641873+00:00,23.9,21.4,5.3,13,23.6,42.5,3,open-meteo,14.27,84.01
Oued Laou,Morocco,35.45,-5.0833,2026-09-21,2026-09-16 20:14:16.641873+00:00,26.5,20.9,0.3,0,15.9,30.7,45,open-meteo,5.46,84.18
Oued Laou,Morocco,35.45,-5.0833,2026-09-22,2026-09-16 20:14:16.641873+00:00,27.4,20.6,0.0,0,12.3,23.0,45,open-meteo,3.84,85.31
Teroual,Morocco,34.6886,-5.2409,2026-09-16,2026-09-16 20:14:16.722663+00:00,31.4,19.3,0.0,0,19.2,40.0,2,open-meteo,6.4,92.52
Teroual,Morocco,34.6886,-5.2409,2026-09-17,2026-09-16 20:14:16.722663+00:00,30.5,18.5,0.0,0,13.8,28.8,3,open-meteo,4.61,90.77
Teroual,Morocco,34.6886,-5.2409,2026-09-18,2026-09-16 20:14:16.722663+00:00,32.7,17.4,0.0,0,10.2,30.6,3,open-meteo,4.33,90.97
Teroual,Morocco,34.6886,-5.2409,2026-09-19,2026-09-16 20:14:16.722663+00:00,36.2,21.0,0.0,0,22.4,50.0,1,open-meteo,12.6,91.18
Teroual,Morocco,34.6886,-5.2409,2026-09-20,2026-09-16 20:14:16.722663+00:00,36.7,23.4,0.0,0,17.3,47.9,1,open-meteo,13.75,90.38
Teroual,Morocco,34.6886,-5.2409,2026-09-21,2026-09-16 20:14:16.722663+00:00,36.3,22.5,0.0,0,11.8,35.3,2,open-meteo,10.2,89.86
Teroual,Morocco,34.6886,-5.2409,2026-09-22,2026-09-16 20:14:16.722663+00:00,36.1,20.8,0.0,0,9.5,21.6,1,open-meteo,7.75,94.58
Lahfayr,Morocco,30.57,-8.4878,2026-09-16,2026-09-16 20:14:16.811354+00:00,37.9,22.5,0.0,0,25.7,45.7,1,open-meteo,19.38,86.43
Lahfayr,Morocco,30.57,-8.4878,2026-09-17,2026-09-16 20:14:16.811354+00:00,30.9,18.7,0.0,3,28.3,49.3,3,open-meteo,8.47,88.07
Lahfayr,Morocco,30.57,-8.4878,2026-09-18,2026-09-16 20:14:16.811354+00:00,31.1,18.5,0.0,0,26.2,45.4,3,open-meteo,7.81,88.53
Lahfayr,Morocco,30.57,-8.4878,2026-09-19,2026-09-16 20:14:16.811354+00:00,35.6,21.0,0.0,3,24.8,42.5,2,open-meteo,9.75,90.17
Lahfayr,Morocco,30.57,-8.4878,2026-09-20,2026-09-16 20:14:16.811354+00:00,38.7,22.9,0.0,0,29.5,49.3,2,open-meteo,23.42,80.61
Lahfayr,Morocco,30.57,-8.4878,2026-09-21,2026-09-16 20:14:16.811354+00:00,39.3,21.7,0.0,0,30.1,54.4,3,open-meteo,26.4,75.52
Lahfayr,Morocco,30.57,-8.4878,2026-09-22,2026-09-16 20:14:16.811354+00:00,37.6,20.2,0.0,0,17.3,30.6,3,open-meteo,15.62,83.07
Tamanar,Morocco,31.0833,-9.6756,2026-09-16,2026-09-16 20:14:16.898400+00:00,37.4,26.1,0.0,0,33.6,59.8,0,open-meteo,19.78,86.15
Tamanar,Morocco,31.0833,-9.6756,2026-09-17,2026-09-16 20:14:16.898400+00:00,30.5,22.4,0.0,0,29.6,52.6,3,open-meteo,8.96,87.73
Tamanar,Morocco,31.0833,-9.6756,2026-09-18,2026-09-16 20:14:16.898400+00:00,32.6,19.8,0.0,0,27.0,47.2,1,open-meteo,8.1,94.33
Tamanar,Morocco,31.0833,-9.6756,2026-09-19,2026-09-16 20:14:16.898400+00:00,33.4,20.6,0.0,0,14.4,26.3,2,open-meteo,4.43,93.9
Tamanar,Morocco,31.0833,-9.6756,2026-09-20,2026-09-16 20:14:16.898400+00:00,30.3,22.2,0.0,0,14.8,26.3,2,open-meteo,4.48,93.86
Tamanar,Morocco,31.0833,-9.6756,2026-09-21,2026-09-16 20:14:16.898400+00:00,34.8,21.6,0.0,0,12.4,28.8,3,open-meteo,4.43,90.9
Tamanar,Morocco,31.0833,-9.6756,2026-09-22,2026-09-16 20:14:16.898400+00:00,37.9,24.9,0.0,0,8.6,27.4,3,open-meteo,15.41,83.21
Tissaf,Morocco,33.3259,-3.3202,2026-09-16,2026-09-16 20:14:16.985599+00:00,27.6,18.6,0.0,0,19.6,31.7,1,open-meteo,5.62,96.07
Tissaf,Morocco,33.3259,-3.3202,2026-09-17,2026-09-16 20:14:16.985599+00:00,28.1,15.1,0.3,13,19.8,34.2,80,open-meteo,6.3,79.09
Tissaf,Morocco,33.3259,-3.3202,2026-09-18,2026-09-16 20:14:16.985599+00:00,27.2,14.5,0.0,5,19.9,33.1,3,open-meteo,5.8,89.94
Tissaf,Morocco,33.3259,-3.3202,2026-09-19,2026-09-16 20:14:16.985599+00:00,28.8,14.8,0.0,17,21.4,42.8,2,open-meteo,6.96,92.13
Tissaf,Morocco,33.3259,-3.3202,2026-09-20,2026-09-16 20:14:16.985599+00:00,28.2,16.0,0.0,15,22.0,36.7,3,open-meteo,6.42,89.51
Tissaf,Morocco,33.3259,-3.3202,2026-09-21,2026-09-16 20:14:16.985599+00:00,27.4,16.4,0.0,13,23.4,41.8,45,open-meteo,7.11,83.02
Tissaf,Morocco,33.3259,-3.3202,2026-09-22,2026-09-16 20:14:16.985599+00:00,28.0,13.8,0.0,13,16.2,28.8,3,open-meteo,4.91,90.56
Tilougguit,Morocco,32.0333,-6.2,2026-09-16,2026-09-16 20:14:17.068497+00:00,27.9,15.6,0.0,0,18.1,36.0,0,open-meteo,5.86,95.9
Tilougguit,Morocco,32.0333,-6.2,2026-09-17,2026-09-16 20:14:17.068497+00:00,30.1,16.0,1.4,28,13.5,32.0,80,open-meteo,6.75,78.77
Tilougguit,Morocco,32.0333,-6.2,2026-09-18,2026-09-16 20:14:17.068497+00:00,28.8,16.0,0.0,3,20.6,40.0,3,open-meteo,6.58,89.39
Tilougguit,Morocco,32.0333,-6.2,2026-09-19,2026-09-16 20:14:17.068497+00:00,29.6,18.7,0.0,13,21.1,43.2,3,open-meteo,6.96,89.13
Tilougguit,Morocco,32.0333,-6.2,2026-09-20,2026-09-16 20:14:17.068497+00:00,30.6,20.0,1.5,38,14.7,27.4,61,open-meteo,6.58,81.89
Tilougguit,Morocco,32.0333,-6.2,2026-09-21,2026-09-16 20:14:17.068497+00:00,29.9,19.4,1.2,5,15.9,28.8,3,open-meteo,6.47,89.47
Tilougguit,Morocco,32.0333,-6.2,2026-09-22,2026-09-16 20:14:17.068497+00:00,30.8,19.7,0.0,5,21.7,40.3,0,open-meteo,6.74,95.28
Douar Oulad Naoual,Morocco,34.4936,-5.7108,2026-09-16,2026-09-16 20:14:17.153986+00:00,30.6,19.7,0.0,0,19.9,38.2,3,open-meteo,6.31,89.58
Douar Oulad Naoual,Morocco,34.4936,-5.7108,2026-09-17,2026-09-16 20:14:17.153986+00:00,29.5,19.0,0.0,0,14.0,25.9,3,open-meteo,4.34,90.96
Douar Oulad Naoual,Morocco,34.4936,-5.7108,2026-09-18,2026-09-16 20:14:17.153986+00:00,32.0,16.3,0.0,0,14.0,27.4,45,open-meteo,4.49,84.86
Douar Oulad Naoual,Morocco,34.4936,-5.7108,2026-09-19,2026-09-16 20:14:17.153986+00:00,36.7,18.1,0.0,0,18.4,35.3,2,open-meteo,12.63,88.16
Douar Oulad Naoual,Morocco,34.4936,-5.7108,2026-09-20,2026-09-16 20:14:17.153986+00:00,38.5,23.8,0.0,0,23.0,45.4,1,open-meteo,21.41,85.01
Douar Oulad Naoual,Morocco,34.4936,-5.7108,2026-09-21,2026-09-16 20:14:17.153986+00:00,37.2,24.2,0.0,0,21.6,40.7,0,open-meteo,15.57,89.1
Douar Oulad Naoual,Morocco,34.4936,-5.7108,2026-09-22,2026-09-16 20:14:17.153986+00:00,36.7,22.8,0.0,0,13.5,28.1,3,open-meteo,11.3,86.09
Timahdit,Morocco,33.2369,-5.06,2026-09-16,2026-09-16 20:14:17.252300+00:00,22.9,9.5,0.0,0,18.3,35.3,1,open-meteo,5.82,95.93
Timahdit,Morocco,33.2369,-5.06,2026-09-17,2026-09-16 20:14:17.252300+00:00,24.5,9.4,0.0,5,17.9,34.6,3,open-meteo,5.7,90.01
Timahdit,Morocco,33.2369,-5.06,2026-09-18,2026-09-16 20:14:17.252300+00:00,24.0,8.4,0.0,3,17.4,33.8,3,open-meteo,5.55,90.11
Timahdit,Morocco,33.2369,-5.06,2026-09-19,2026-09-16 20:14:17.252300+00:00,25.8,10.8,0.0,18,18.7,42.5,3,open-meteo,6.59,89.39
Timahdit,Morocco,33.2369,-5.06,2026-09-20,2026-09-16 20:14:17.252300+00:00,26.3,12.6,0.3,20,18.0,29.5,3,open-meteo,5.6,90.08
Timahdit,Morocco,33.2369,-5.06,2026-09-21,2026-09-16 20:14:17.252300+00:00,25.6,10.6,0.0,25,26.9,54.7,2,open-meteo,8.83,90.82
Timahdit,Morocco,33.2369,-5.06,2026-09-22,2026-09-16 20:14:17.252300+00:00,24.9,12.1,0.0,25,20.1,39.6,3,open-meteo,6.47,89.47
Bou Adel,Morocco,34.5428,-4.5075,2026-09-16,2026-09-16 20:14:17.336793+00:00,30.5,18.7,0.0,0,21.3,40.7,2,open-meteo,6.73,92.29
Bou Adel,Morocco,34.5428,-4.5075,2026-09-17,2026-09-16 20:14:17.336793+00:00,29.4,16.6,0.0,0,13.5,26.6,3,open-meteo,4.35,90.95
Bou Adel,Morocco,34.5428,-4.5075,2026-09-18,2026-09-16 20:14:17.336793+00:00,31.1,17.1,0.0,0,12.3,28.4,3,open-meteo,4.38,90.93
Bou Adel,Morocco,34.5428,-4.5075,2026-09-19,2026-09-16 20:14:17.336793+00:00,33.0,21.8,0.0,0,22.5,44.6,1,open-meteo,7.27,94.91
Bou Adel,Morocco,34.5428,-4.5075,2026-09-20,2026-09-16 20:14:17.336793+00:00,33.7,22.5,0.0,3,18.2,45.0,3,open-meteo,6.78,89.25
Bou Adel,Morocco,34.5428,-4.5075,2026-09-21,2026-09-16 20:14:17.336793+00:00,32.6,21.5,0.0,0,16.2,31.7,2,open-meteo,5.19,93.37
Bou Adel,Morocco,34.5428,-4.5075,2026-09-22,2026-09-16 20:14:17.336793+00:00,33.9,20.7,0.0,0,10.0,20.9,1,open-meteo,3.34,97.66
Taïneste,Morocco,34.5556,-4.1347,2026-09-16,2026-09-16 20:14:17.429926+00:00,27.8,16.7,0.0,0,25.8,57.2,1,open-meteo,8.95,93.73
Taïneste,Morocco,34.5556,-4.1347,2026-09-17,2026-09-16 20:14:17.429926+00:00,27.1,13.1,0.0,0,14.1,33.1,3,open-meteo,5.07,90.45
Taïneste,Morocco,34.5556,-4.1347,2026-09-18,2026-09-16 20:14:17.429926+00:00,27.3,13.3,0.0,0,15.6,41.0,45,open-meteo,6.05,83.77
Taïneste,Morocco,34.5556,-4.1347,2026-09-19,2026-09-16 20:14:17.429926+00:00,27.0,16.1,0.0,0,23.9,54.4,2,open-meteo,8.43,91.1
Taïneste,Morocco,34.5556,-4.1347,2026-09-20,2026-09-16 20:14:17.429926+00:00,28.0,16.8,0.0,0,20.9,47.5,2,open-meteo,7.36,91.85
Taïneste,Morocco,34.5556,-4.1347,2026-09-21,2026-09-16 20:14:17.429926+00:00,26.5,16.0,0.0,0,19.1,40.3,2,open-meteo,6.42,92.51
Taïneste,Morocco,34.5556,-4.1347,2026-09-22,2026-09-16 20:14:17.429926+00:00,28.0,14.5,0.0,0,9.6,31.3,2,open-meteo,4.33,93.97
Dzouz,Morocco,31.8697,-7.3097,2026-09-16,2026-09-16 20:14:17.522211+00:00,33.2,18.4,0.0,0,17.7,33.5,1,open-meteo,5.56,96.11
Dzouz,Morocco,31.8697,-7.3097,2026-09-17,2026-09-16 20:14:17.522211+00:00,29.4,16.7,0.0,0,15.9,31.0,3,open-meteo,5.09,90.44
Dzouz,Morocco,31.8697,-7.3097,2026-09-18,2026-09-16 20:14:17.522211+00:00,30.4,16.8,0.0,0,14.0,26.3,3,open-meteo,4.38,90.93
Dzouz,Morocco,31.8697,-7.3097,2026-09-19,2026-09-16 20:14:17.522211+00:00,34.6,18.5,0.0,0,16.3,29.9,2,open-meteo,5.03,93.48
Dzouz,Morocco,31.8697,-7.3097,2026-09-20,2026-09-16 20:14:17.522211+00:00,37.7,21.2,0.0,13,22.3,47.9,3,open-meteo,18.38,81.13
Dzouz,Morocco,31.8697,-7.3097,2026-09-21,2026-09-16 20:14:17.522211+00:00,34.6,21.5,0.3,3,12.8,27.0,80,open-meteo,4.7,80.21
Dzouz,Morocco,31.8697,-7.3097,2026-09-22,2026-09-16 20:14:17.522211+00:00,36.2,18.8,0.0,3,19.3,34.9,2,open-meteo,10.7,89.51
Dar Ould Zidouh,Morocco,32.3429,-6.894,2026-09-16,2026-09-16 20:14:17.614003+00:00,36.0,19.5,0.0,0,14.8,26.3,2,open-meteo,8.48,91.06
Dar Ould Zidouh,Morocco,32.3429,-6.894,2026-09-17,2026-09-16 20:14:17.614003+00:00,33.1,17.4,0.0,0,14.1,24.1,3,open-meteo,4.17,91.08
Dar Ould Zidouh,Morocco,32.3429,-6.894,2026-09-18,2026-09-16 20:14:17.614003+00:00,33.7,17.5,0.0,0,11.2,20.9,3,open-meteo,3.49,91.56
Dar Ould Zidouh,Morocco,32.3429,-6.894,2026-09-19,2026-09-16 20:14:17.614003+00:00,38.3,18.3,0.0,0,12.2,22.0,3,open-meteo,16.92,82.16
Dar Ould Zidouh,Morocco,32.3429,-6.894,2026-09-20,2026-09-16 20:14:17.614003+00:00,41.0,21.2,0.0,5,16.8,39.6,3,open-meteo,30.06,72.96
Dar Ould Zidouh,Morocco,32.3429,-6.894,2026-09-21,2026-09-16 20:14:17.614003+00:00,38.0,23.1,0.9,3,8.4,22.0,3,open-meteo,16.45,82.48
Dar Ould Zidouh,Morocco,32.3429,-6.894,2026-09-22,2026-09-16 20:14:17.614003+00:00,38.5,19.9,0.0,3,19.1,31.0,0,open-meteo,19.49,86.36
Asjen,Morocco,34.85,-5.6167,2026-09-16,2026-09-16 20:14:17.701885+00:00,29.9,17.5,0.0,0,16.6,33.1,2,open-meteo,5.39,93.23
Asjen,Morocco,34.85,-5.6167,2026-09-17,2026-09-16 20:14:17.701885+00:00,28.4,16.6,0.0,0,17.1,32.8,3,open-meteo,5.42,90.21
Asjen,Morocco,34.85,-5.6167,2026-09-18,2026-09-16 20:14:17.701885+00:00,30.6,14.8,0.0,0,18.2,35.3,45,open-meteo,5.8,83.94
Asjen,Morocco,34.85,-5.6167,2026-09-19,2026-09-16 20:14:17.701885+00:00,35.5,17.9,0.0,0,16.0,33.5,2,open-meteo,7.35,91.86
Asjen,Morocco,34.85,-5.6167,2026-09-20,2026-09-16 20:14:17.701885+00:00,37.0,20.5,0.0,0,13.6,28.1,1,open-meteo,12.51,91.24
Asjen,Morocco,34.85,-5.6167,2026-09-21,2026-09-16 20:14:17.701885+00:00,36.5,19.9,0.0,0,10.1,20.5,1,open-meteo,9.31,93.48
Asjen,Morocco,34.85,-5.6167,2026-09-22,2026-09-16 20:14:17.701885+00:00,35.9,19.1,0.0,0,9.2,20.2,0,open-meteo,6.77,95.26
Steha,Morocco,35.3646,-4.9306,2026-09-16,2026-09-16 20:14:17.787128+00:00,27.8,21.3,0.0,0,8.2,15.5,3,open-meteo,2.58,92.19
Steha,Morocco,35.3646,-4.9306,2026-09-17,2026-09-16 20:14:17.787128+00:00,24.2,20.2,0.0,3,8.7,15.5,3,open-meteo,2.64,92.15
Steha,Morocco,35.3646,-4.9306,2026-09-18,2026-09-16 20:14:17.787128+00:00,24.7,19.9,0.0,0,10.1,18.0,3,open-meteo,3.06,91.86
Steha,Morocco,35.3646,-4.9306,2026-09-19,2026-09-16 20:14:17.787128+00:00,24.5,21.1,1.0,3,20.2,31.7,80,open-meteo,7.03,78.58
Steha,Morocco,35.3646,-4.9306,2026-09-20,2026-09-16 20:14:17.787128+00:00,24.3,21.8,1.0,15,19.1,31.7,3,open-meteo,6.89,89.18
Steha,Morocco,35.3646,-4.9306,2026-09-21,2026-09-16 20:14:17.787128+00:00,25.9,21.7,0.0,8,13.1,23.8,3,open-meteo,4.02,91.19
Steha,Morocco,35.3646,-4.9306,2026-09-22,2026-09-16 20:14:17.787128+00:00,26.4,21.1,0.0,0,10.0,18.7,2,open-meteo,3.12,94.82
Mayate,Morocco,32.2719,-7.525,2026-09-16,2026-09-16 20:14:17.874608+00:00,34.1,21.1,0.0,0,22.5,36.0,2,open-meteo,6.41,92.51
Mayate,Morocco,32.2719,-7.525,2026-09-17,2026-09-16 20:14:17.874608+00:00,30.5,18.1,0.0,0,21.1,33.5,3,open-meteo,5.99,89.81
Mayate,Morocco,32.2719,-7.525,2026-09-18,2026-09-16 20:14:17.874608+00:00,31.6,18.2,0.0,0,18.8,29.5,1,open-meteo,5.3,96.29
Mayate,Morocco,32.2719,-7.525,2026-09-19,2026-09-16 20:14:17.874608+00:00,35.6,19.5,0.0,0,19.6,31.3,2,open-meteo,7.98,91.41
Mayate,Morocco,32.2719,-7.525,2026-09-20,2026-09-16 20:14:17.874608+00:00,39.4,24.0,0.3,5,16.0,32.0,3,open-meteo,23.2,77.76
Mayate,Morocco,32.2719,-7.525,2026-09-21,2026-09-16 20:14:17.874608+00:00,36.2,24.3,0.3,0,14.1,23.0,3,open-meteo,9.26,87.52
Mayate,Morocco,32.2719,-7.525,2026-09-22,2026-09-16 20:14:17.874608+00:00,37.7,21.2,0.0,0,22.4,36.4,3,open-meteo,17.24,81.93
Tatoufet,Morocco,35.0339,-5.7706,2026-09-16,2026-09-16 20:14:17.954406+00:00,29.4,18.6,0.0,0,16.0,32.4,2,open-meteo,5.24,93.33
Tatoufet,Morocco,35.0339,-5.7706,2026-09-17,2026-09-16 20:14:17.954406+00:00,28.4,17.5,0.0,0,17.2,32.0,3,open-meteo,5.35,90.25
Tatoufet,Morocco,35.0339,-5.7706,2026-09-18,2026-09-16 20:14:17.954406+00:00,30.5,16.2,0.0,0,19.6,37.1,45,open-meteo,6.16,83.69
Tatoufet,Morocco,35.0339,-5.7706,2026-09-19,2026-09-16 20:14:17.954406+00:00,35.0,18.9,0.0,0,14.2,28.1,1,open-meteo,4.58,96.79
Tatoufet,Morocco,35.0339,-5.7706,2026-09-20,2026-09-16 20:14:17.954406+00:00,37.4,22.8,0.0,0,14.1,26.6,0,open-meteo,14.02,90.19
Tatoufet,Morocco,35.0339,-5.7706,2026-09-21,2026-09-16 20:14:17.954406+00:00,37.1,22.3,0.0,0,10.7,26.3,1,open-meteo,12.37,91.34
Tatoufet,Morocco,35.0339,-5.7706,2026-09-22,2026-09-16 20:14:17.954406+00:00,36.3,20.2,0.0,0,9.9,24.1,1,open-meteo,8.85,93.81
Oulad Friha,Morocco,32.6108,-7.625,2026-09-16,2026-09-16 20:14:18.034158+00:00,32.7,18.9,0.0,0,18.4,38.2,3,open-meteo,6.12,89.72
Oulad Friha,Morocco,32.6108,-7.625,2026-09-17,2026-09-16 20:14:18.034158+00:00,29.3,16.4,0.0,0,18.4,38.2,2,open-meteo,6.12,92.72
Oulad Friha,Morocco,32.6108,-7.625,2026-09-18,2026-09-16 20:14:18.034158+00:00,31.0,16.3,0.0,0,17.0,33.1,45,open-meteo,5.44,84.19
Oulad Friha,Morocco,32.6108,-7.625,2026-09-19,2026-09-16 20:14:18.034158+00:00,34.8,16.9,0.0,0,16.9,33.5,2,open-meteo,5.46,93.18
Oulad Friha,Morocco,32.6108,-7.625,2026-09-20,2026-09-16 20:14:18.034158+00:00,39.3,22.4,0.6,18,13.5,26.6,3,open-meteo,22.35,78.36
Oulad Friha,Morocco,32.6108,-7.625,2026-09-21,2026-09-16 20:14:18.034158+00:00,35.8,23.6,0.9,0,12.4,27.0,3,open-meteo,8.65,87.94
Oulad Friha,Morocco,32.6108,-7.625,2026-09-22,2026-09-16 20:14:18.034158+00:00,37.0,19.1,0.0,0,20.4,39.2,1,open-meteo,14.47,89.87
Touama,Morocco,31.5339,-7.4872,2026-09-16,2026-09-16 20:14:18.119871+00:00,31.1,19.6,0.0,0,16.3,29.2,1,open-meteo,4.96,96.53
Touama,Morocco,31.5339,-7.4872,2026-09-17,2026-09-16 20:14:18.119871+00:00,27.6,16.2,0.0,5,11.3,21.2,2,open-meteo,3.53,94.53
Touama,Morocco,31.5339,-7.4872,2026-09-18,2026-09-16 20:14:18.119871+00:00,28.6,16.1,0.0,3,12.2,21.6,3,open-meteo,3.69,91.42
Touama,Morocco,31.5339,-7.4872,2026-09-19,2026-09-16 20:14:18.119871+00:00,32.7,18.8,0.1,35,14.6,27.0,3,open-meteo,4.66,90.74
Touama,Morocco,31.5339,-7.4872,2026-09-20,2026-09-16 20:14:18.119871+00:00,35.1,23.7,0.0,35,22.0,41.0,3,open-meteo,7.25,88.92
Touama,Morocco,31.5339,-7.4872,2026-09-21,2026-09-16 20:14:18.119871+00:00,32.5,24.1,0.0,38,21.0,44.3,3,open-meteo,7.05,89.06
Touama,Morocco,31.5339,-7.4872,2026-09-22,2026-09-16 20:14:18.119871+00:00,32.1,23.3,0.0,38,22.3,46.8,3,open-meteo,7.47,88.77
El Menzel,Morocco,33.8389,-4.5458,2026-09-16,2026-09-16 20:14:18.206279+00:00,29.9,18.7,0.0,0,17.8,38.2,2,open-meteo,6.04,92.77
El Menzel,Morocco,33.8389,-4.5458,2026-09-17,2026-09-16 20:14:18.206279+00:00,27.4,16.9,0.0,0,20.2,44.3,3,open-meteo,6.96,89.13
El Menzel,Morocco,33.8389,-4.5458,2026-09-18,2026-09-16 20:14:18.206279+00:00,28.9,16.0,0.0,0,20.3,44.3,3,open-meteo,6.97,89.12
El Menzel,Morocco,33.8389,-4.5458,2026-09-19,2026-09-16 20:14:18.206279+00:00,32.9,18.6,0.2,3,19.2,39.2,80,open-meteo,6.59,78.89
El Menzel,Morocco,33.8389,-4.5458,2026-09-20,2026-09-16 20:14:18.206279+00:00,34.1,21.6,0.0,3,19.2,37.8,2,open-meteo,6.18,92.67
El Menzel,Morocco,33.8389,-4.5458,2026-09-21,2026-09-16 20:14:18.206279+00:00,30.8,20.0,0.0,0,18.1,37.4,2,open-meteo,6.0,92.8
El Menzel,Morocco,33.8389,-4.5458,2026-09-22,2026-09-16 20:14:18.206279+00:00,31.1,18.4,0.0,0,16.3,34.9,3,open-meteo,5.53,90.13
Douar Trougout,Morocco,35.1797,-3.7714,2026-09-16,2026-09-16 20:14:18.287317+00:00,28.1,19.9,0.0,0,14.5,24.5,2,open-meteo,4.26,94.02
Douar Trougout,Morocco,35.1797,-3.7714,2026-09-17,2026-09-16 20:14:18.287317+00:00,25.3,19.4,0.0,0,15.1,26.3,3,open-meteo,4.52,90.84
Douar Trougout,Morocco,35.1797,-3.7714,2026-09-18,2026-09-16 20:14:18.287317+00:00,26.2,18.5,0.0,3,18.1,29.9,3,open-meteo,5.25,90.33
Douar Trougout,Morocco,35.1797,-3.7714,2026-09-19,2026-09-16 20:14:18.287317+00:00,28.1,19.5,0.0,0,25.8,47.5,2,open-meteo,7.98,91.41
Douar Trougout,Morocco,35.1797,-3.7714,2026-09-20,2026-09-16 20:14:18.287317+00:00,27.2,22.1,0.0,0,23.8,44.3,2,open-meteo,7.41,91.81
Douar Trougout,Morocco,35.1797,-3.7714,2026-09-21,2026-09-16 20:14:18.287317+00:00,30.0,21.0,0.0,0,16.8,33.8,2,open-meteo,5.48,93.16
Douar Trougout,Morocco,35.1797,-3.7714,2026-09-22,2026-09-16 20:14:18.287317+00:00,29.5,19.3,0.0,0,11.6,23.4,2,open-meteo,3.79,94.35
Zawiat Moulay Brahim,Morocco,31.2858,-7.9656,2026-09-16,2026-09-16 20:14:18.372419+00:00,28.5,17.4,0.0,0,19.9,38.2,0,open-meteo,6.31,95.58
Zawiat Moulay Brahim,Morocco,31.2858,-7.9656,2026-09-17,2026-09-16 20:14:18.372419+00:00,25.3,15.2,0.0,0,13.7,28.1,3,open-meteo,4.52,90.84
Zawiat Moulay Brahim,Morocco,31.2858,-7.9656,2026-09-18,2026-09-16 20:14:18.372419+00:00,26.2,15.0,0.0,3,13.9,26.3,2,open-meteo,4.37,93.94
Zawiat Moulay Brahim,Morocco,31.2858,-7.9656,2026-09-19,2026-09-16 20:14:18.372419+00:00,29.6,18.4,0.1,10,13.0,25.6,3,open-meteo,4.32,90.98
Zawiat Moulay Brahim,Morocco,31.2858,-7.9656,2026-09-20,2026-09-16 20:14:18.372419+00:00,31.1,21.8,0.3,35,17.7,31.7,3,open-meteo,5.78,89.95
Zawiat Moulay Brahim,Morocco,31.2858,-7.9656,2026-09-21,2026-09-16 20:14:18.372419+00:00,30.7,22.0,0.0,5,20.2,38.2,3,open-meteo,6.35,89.56
Zawiat Moulay Brahim,Morocco,31.2858,-7.9656,2026-09-22,2026-09-16 20:14:18.372419+00:00,30.6,21.1,0.6,10,19.9,36.4,3,open-meteo,6.93,89.15
Sebt Bni Garfett,Morocco,35.25,-5.8333,2026-09-16,2026-09-16 20:14:18.454724+00:00,29.6,18.2,0.0,0,21.2,41.0,3,open-meteo,6.75,89.27
Sebt Bni Garfett,Morocco,35.25,-5.8333,2026-09-17,2026-09-16 20:14:18.454724+00:00,29.0,16.5,0.0,0,15.2,29.5,3,open-meteo,4.85,90.61
Sebt Bni Garfett,Morocco,35.25,-5.8333,2026-09-18,2026-09-16 20:14:18.454724+00:00,31.2,15.0,0.0,0,18.8,37.8,45,open-meteo,6.13,83.71
Sebt Bni Garfett,Morocco,35.25,-5.8333,2026-09-19,2026-09-16 20:14:18.454724+00:00,34.2,21.0,0.0,0,26.1,54.4,1,open-meteo,8.7,93.91
Sebt Bni Garfett,Morocco,35.25,-5.8333,2026-09-20,2026-09-16 20:14:18.454724+00:00,35.4,24.4,0.0,0,26.0,51.5,1,open-meteo,10.0,93.0
Sebt Bni Garfett,Morocco,35.25,-5.8333,2026-09-21,2026-09-16 20:14:18.454724+00:00,35.1,23.9,0.0,0,18.6,37.1,0,open-meteo,6.44,95.49
Sebt Bni Garfett,Morocco,35.25,-5.8333,2026-09-22,2026-09-16 20:14:18.454724+00:00,36.0,22.8,0.0,0,11.9,27.4,1,open-meteo,8.23,94.24
Jem’at Oulad ’Abbou,Morocco,33.1148,-7.9336,2026-09-16,2026-09-16 20:14:18.536776+00:00,28.6,19.3,0.0,0,18.3,34.9,2,open-meteo,5.78,92.95
Jem’at Oulad ’Abbou,Morocco,33.1148,-7.9336,2026-09-17,2026-09-16 20:14:18.536776+00:00,27.2,18.0,0.0,0,18.2,34.6,3,open-meteo,5.74,89.98
Jem’at Oulad ’Abbou,Morocco,33.1148,-7.9336,2026-09-18,2026-09-16 20:14:18.536776+00:00,28.4,17.0,0.0,0,20.9,39.2,45,open-meteo,6.53,83.43
Jem’at Oulad ’Abbou,Morocco,33.1148,-7.9336,2026-09-19,2026-09-16 20:14:18.536776+00:00,31.6,17.5,0.0,0,18.7,35.3,45,open-meteo,5.87,83.89
Jem’at Oulad ’Abbou,Morocco,33.1148,-7.9336,2026-09-20,2026-09-16 20:14:18.536776+00:00,36.4,21.2,0.0,3,19.1,35.6,2,open-meteo,11.55,88.91
Jem’at Oulad ’Abbou,Morocco,33.1148,-7.9336,2026-09-21,2026-09-16 20:14:18.536776+00:00,33.8,22.9,0.0,3,15.6,29.5,2,open-meteo,4.9,93.57
Jem’at Oulad ’Abbou,Morocco,33.1148,-7.9336,2026-09-22,2026-09-16 20:14:18.536776+00:00,35.2,18.6,0.0,0,18.3,35.3,45,open-meteo,6.62,83.37
Derdara,Morocco,35.1206,-5.3647,2026-09-16,2026-09-16 20:14:18.617172+00:00,26.1,15.4,0.0,0,17.8,47.5,45,open-meteo,6.98,83.11
Derdara,Morocco,35.1206,-5.3647,2026-09-17,2026-09-16 20:14:18.617172+00:00,26.3,13.2,0.0,0,10.5,26.6,45,open-meteo,3.97,85.22
Derdara,Morocco,35.1206,-5.3647,2026-09-18,2026-09-16 20:14:18.617172+00:00,27.6,13.9,0.0,0,15.9,40.7,3,open-meteo,6.06,89.76
Derdara,Morocco,35.1206,-5.3647,2026-09-19,2026-09-16 20:14:18.617172+00:00,26.9,17.4,0.0,0,20.3,43.9,1,open-meteo,6.93,95.15
Derdara,Morocco,35.1206,-5.3647,2026-09-20,2026-09-16 20:14:18.617172+00:00,27.6,18.5,0.0,0,20.5,44.3,0,open-meteo,6.99,95.11
Derdara,Morocco,35.1206,-5.3647,2026-09-21,2026-09-16 20:14:18.617172+00:00,27.3,18.3,0.0,0,17.2,39.2,0,open-meteo,6.07,95.75
Derdara,Morocco,35.1206,-5.3647,2026-09-22,2026-09-16 20:14:18.617172+00:00,29.8,16.7,0.0,0,11.2,27.4,2,open-meteo,4.14,94.1
Zawyat Ahançal,Morocco,31.8325,-6.1056,2026-09-16,2026-09-16 20:14:18.698937+00:00,25.2,13.9,0.0,0,17.7,33.8,1,open-meteo,5.59,96.09
Zawyat Ahançal,Morocco,31.8325,-6.1056,2026-09-17,2026-09-16 20:14:18.698937+00:00,25.3,15.7,1.7,83,13.2,27.7,80,open-meteo,6.69,78.82
Zawyat Ahançal,Morocco,31.8325,-6.1056,2026-09-18,2026-09-16 20:14:18.698937+00:00,26.1,15.0,0.1,33,17.1,31.3,3,open-meteo,5.4,90.22
Zawyat Ahançal,Morocco,31.8325,-6.1056,2026-09-19,2026-09-16 20:14:18.698937+00:00,26.9,15.5,0.0,70,16.1,29.9,3,open-meteo,5.0,90.5
Zawyat Ahançal,Morocco,31.8325,-6.1056,2026-09-20,2026-09-16 20:14:18.698937+00:00,27.3,16.7,5.1,65,13.7,38.2,63,open-meteo,12.33,74.87
Zawyat Ahançal,Morocco,31.8325,-6.1056,2026-09-21,2026-09-16 20:14:18.698937+00:00,25.4,16.8,2.4,69,18.4,36.7,3,open-meteo,9.17,87.58
Zawyat Ahançal,Morocco,31.8325,-6.1056,2026-09-22,2026-09-16 20:14:18.698937+00:00,25.9,15.7,0.0,70,29.0,59.0,2,open-meteo,9.53,90.33
Douar Oulad Nader,Morocco,32.3514,-6.5107,2026-09-16,2026-09-16 20:14:18.782184+00:00,35.8,19.6,0.0,0,13.8,25.2,1,open-meteo,7.44,94.79
Douar Oulad Nader,Morocco,32.3514,-6.5107,2026-09-17,2026-09-16 20:14:18.782184+00:00,32.9,17.1,0.0,0,12.0,21.2,2,open-meteo,3.62,94.47
Douar Oulad Nader,Morocco,32.3514,-6.5107,2026-09-18,2026-09-16 20:14:18.782184+00:00,34.1,17.3,0.0,0,8.7,17.3,3,open-meteo,2.82,92.03
Douar Oulad Nader,Morocco,32.3514,-6.5107,2026-09-19,2026-09-16 20:14:18.782184+00:00,38.5,18.8,0.0,0,12.1,24.8,3,open-meteo,17.99,81.41
Douar Oulad Nader,Morocco,32.3514,-6.5107,2026-09-20,2026-09-16 20:14:18.782184+00:00,40.5,21.0,0.0,8,17.0,51.8,3,open-meteo,29.31,73.48
Douar Oulad Nader,Morocco,32.3514,-6.5107,2026-09-21,2026-09-16 20:14:18.782184+00:00,37.9,22.4,1.2,2,15.0,27.7,3,open-meteo,17.84,81.51
Douar Oulad Nader,Morocco,32.3514,-6.5107,2026-09-22,2026-09-16 20:14:18.782184+00:00,38.3,22.2,0.0,0,16.3,29.5,1,open-meteo,18.19,87.27
Kariat Ben Aouda,Morocco,34.7667,-5.95,2026-09-16,2026-09-16 20:14:18.866185+00:00,28.8,19.1,0.0,0,17.6,36.4,45,open-meteo,5.84,83.91
Kariat Ben Aouda,Morocco,34.7667,-5.95,2026-09-17,2026-09-16 20:14:18.866185+00:00,28.5,18.5,0.0,0,13.8,26.6,3,open-meteo,4.38,90.93
Kariat Ben Aouda,Morocco,34.7667,-5.95,2026-09-18,2026-09-16 20:14:18.866185+00:00,31.3,16.1,0.0,0,16.6,32.8,45,open-meteo,5.36,84.25
Kariat Ben Aouda,Morocco,34.7667,-5.95,2026-09-19,2026-09-16 20:14:18.866185+00:00,36.1,18.0,0.0,0,13.0,26.6,2,open-meteo,8.69,90.92
Kariat Ben Aouda,Morocco,34.7667,-5.95,2026-09-20,2026-09-16 20:14:18.866185+00:00,38.7,22.8,0.0,3,15.9,32.0,1,open-meteo,19.99,86.01
Kariat Ben Aouda,Morocco,34.7667,-5.95,2026-09-21,2026-09-16 20:14:18.866185+00:00,37.0,24.5,0.0,0,13.3,28.4,0,open-meteo,12.5,91.25
Kariat Ben Aouda,Morocco,34.7667,-5.95,2026-09-22,2026-09-16 20:14:18.866185+00:00,35.6,20.3,0.0,0,16.1,30.2,1,open-meteo,7.43,94.8
Kef el Rhar,Morocco,34.5075,-4.2628,2026-09-16,2026-09-16 20:14:18.949308+00:00,30.0,17.9,0.0,0,24.3,46.1,1,open-meteo,7.65,94.64
Kef el Rhar,Morocco,34.5075,-4.2628,2026-09-17,2026-09-16 20:14:18.949308+00:00,29.2,15.5,0.0,0,13.3,25.2,45,open-meteo,4.18,85.07
Kef el Rhar,Morocco,34.5075,-4.2628,2026-09-18,2026-09-16 20:14:18.949308+00:00,29.9,16.5,0.0,0,15.0,29.2,3,open-meteo,4.8,90.64
Kef el Rhar,Morocco,34.5075,-4.2628,2026-09-19,2026-09-16 20:14:18.949308+00:00,30.0,19.3,0.0,0,22.4,41.4,2,open-meteo,6.94,92.14
Kef el Rhar,Morocco,34.5075,-4.2628,2026-09-20,2026-09-16 20:14:18.949308+00:00,30.4,20.2,0.0,0,22.1,40.7,3,open-meteo,6.83,89.22
Kef el Rhar,Morocco,34.5075,-4.2628,2026-09-21,2026-09-16 20:14:18.949308+00:00,29.9,19.5,0.0,0,19.2,38.9,1,open-meteo,6.29,95.6
Kef el Rhar,Morocco,34.5075,-4.2628,2026-09-22,2026-09-16 20:14:18.949308+00:00,31.4,17.9,0.0,0,9.6,31.3,2,open-meteo,4.33,93.97
Agdz,Morocco,30.6984,-6.4729,2026-09-16,2026-09-16 20:14:19.032669+00:00,34.7,21.1,0.0,0,12.3,20.5,2,open-meteo,3.59,94.49
Agdz,Morocco,30.6984,-6.4729,2026-09-17,2026-09-16 20:14:19.032669+00:00,31.7,21.3,0.6,28,16.6,27.7,3,open-meteo,5.64,90.05
Agdz,Morocco,30.6984,-6.4729,2026-09-18,2026-09-16 20:14:19.032669+00:00,32.8,20.1,0.0,5,14.2,29.9,3,open-meteo,4.76,90.67
Agdz,Morocco,30.6984,-6.4729,2026-09-19,2026-09-16 20:14:19.032669+00:00,32.5,21.5,0.0,3,17.7,28.1,2,open-meteo,5.02,93.49
Agdz,Morocco,30.6984,-6.4729,2026-09-20,2026-09-16 20:14:19.032669+00:00,33.6,21.9,0.0,5,15.9,24.8,3,open-meteo,4.47,90.87
Agdz,Morocco,30.6984,-6.4729,2026-09-21,2026-09-16 20:14:19.032669+00:00,33.2,22.8,0.0,10,20.0,33.1,3,open-meteo,5.81,89.93
Agdz,Morocco,30.6984,-6.4729,2026-09-22,2026-09-16 20:14:19.032669+00:00,34.0,21.0,0.0,10,30.4,54.0,2,open-meteo,9.2,90.56
Imlil,Morocco,31.7567,-7.0106,2026-09-16,2026-09-16 20:14:19.114515+00:00,31.0,18.7,0.0,0,18.2,34.6,1,open-meteo,5.74,95.98
Imlil,Morocco,31.7567,-7.0106,2026-09-17,2026-09-16 20:14:19.114515+00:00,27.2,15.8,0.0,0,14.8,29.9,3,open-meteo,4.84,90.61
Imlil,Morocco,31.7567,-7.0106,2026-09-18,2026-09-16 20:14:19.114515+00:00,28.9,15.3,0.0,0,12.7,25.6,3,open-meteo,4.15,91.09
Imlil,Morocco,31.7567,-7.0106,2026-09-19,2026-09-16 20:14:19.114515+00:00,33.0,20.0,0.0,0,15.2,31.0,3,open-meteo,5.0,90.5
Imlil,Morocco,31.7567,-7.0106,2026-09-20,2026-09-16 20:14:19.114515+00:00,35.3,24.2,0.0,20,14.7,42.1,3,open-meteo,7.25,88.92
Imlil,Morocco,31.7567,-7.0106,2026-09-21,2026-09-16 20:14:19.114515+00:00,33.0,23.0,0.0,5,11.8,27.0,3,open-meteo,4.18,91.07
Imlil,Morocco,31.7567,-7.0106,2026-09-22,2026-09-16 20:14:19.114515+00:00,33.7,20.4,0.0,5,19.5,38.9,2,open-meteo,6.33,92.57
Douar Ain Maatouf,Morocco,34.4353,-4.5567,2026-09-16,2026-09-16 20:14:19.194687+00:00,31.2,19.5,0.0,0,18.7,36.4,2,open-meteo,5.98,92.81
Douar Ain Maatouf,Morocco,34.4353,-4.5567,2026-09-17,2026-09-16 20:14:19.194687+00:00,29.7,17.1,0.0,0,12.9,25.6,45,open-meteo,4.17,85.08
Douar Ain Maatouf,Morocco,34.4353,-4.5567,2026-09-18,2026-09-16 20:14:19.194687+00:00,31.8,17.4,0.0,0,15.3,28.8,3,open-meteo,4.79,90.65
Douar Ain Maatouf,Morocco,34.4353,-4.5567,2026-09-19,2026-09-16 20:14:19.194687+00:00,32.8,21.2,0.0,0,29.3,56.9,2,open-meteo,9.35,90.45
Douar Ain Maatouf,Morocco,34.4353,-4.5567,2026-09-20,2026-09-16 20:14:19.194687+00:00,32.9,22.2,0.0,0,26.3,52.2,2,open-meteo,8.51,91.04
Douar Ain Maatouf,Morocco,34.4353,-4.5567,2026-09-21,2026-09-16 20:14:19.194687+00:00,31.9,22.0,0.0,0,26.3,53.6,2,open-meteo,8.65,90.94
Douar Ain Maatouf,Morocco,34.4353,-4.5567,2026-09-22,2026-09-16 20:14:19.194687+00:00,34.4,21.0,0.0,0,14.6,29.5,1,open-meteo,4.78,96.65
Msila,Morocco,34.4427,-4.1711,2026-09-16,2026-09-16 20:14:19.281661+00:00,29.7,18.6,0.0,0,23.1,45.0,0,open-meteo,7.39,94.83
Msila,Morocco,34.4427,-4.1711,2026-09-17,2026-09-16 20:14:19.281661+00:00,28.7,14.5,0.0,0,10.5,22.7,45,open-meteo,3.58,85.49
Msila,Morocco,34.4427,-4.1711,2026-09-18,2026-09-16 20:14:19.281661+00:00,29.5,16.5,0.0,0,16.4,39.2,3,open-meteo,5.97,89.82
Msila,Morocco,34.4427,-4.1711,2026-09-19,2026-09-16 20:14:19.281661+00:00,29.6,18.9,0.0,0,26.0,50.8,2,open-meteo,8.33,91.17
Msila,Morocco,34.4427,-4.1711,2026-09-20,2026-09-16 20:14:19.281661+00:00,29.8,19.8,0.0,0,23.9,48.2,2,open-meteo,7.81,91.53
Msila,Morocco,34.4427,-4.1711,2026-09-21,2026-09-16 20:14:19.281661+00:00,29.5,19.5,0.0,0,19.9,40.3,1,open-meteo,6.52,95.44
Msila,Morocco,34.4427,-4.1711,2026-09-22,2026-09-16 20:14:19.281661+00:00,31.0,17.5,0.0,0,9.6,31.3,2,open-meteo,4.33,93.97
Amdel,Morocco,31.5617,-8.8944,2026-09-16,2026-09-16 20:14:19.731187+00:00,35.3,21.1,0.0,0,23.1,39.2,1,open-meteo,8.01,94.39
Amdel,Morocco,31.5617,-8.8944,2026-09-17,2026-09-16 20:14:19.731187+00:00,30.3,18.5,0.0,0,18.3,31.7,2,open-meteo,5.46,93.18
Amdel,Morocco,31.5617,-8.8944,2026-09-18,2026-09-16 20:14:19.731187+00:00,31.4,18.3,0.0,0,17.4,29.2,3,open-meteo,5.09,90.44
Amdel,Morocco,31.5617,-8.8944,2026-09-19,2026-09-16 20:14:19.731187+00:00,34.5,19.1,0.0,0,16.1,29.2,2,open-meteo,4.93,93.55
Amdel,Morocco,31.5617,-8.8944,2026-09-20,2026-09-16 20:14:19.731187+00:00,36.3,23.1,0.0,0,20.1,37.8,3,open-meteo,11.49,85.96
Amdel,Morocco,31.5617,-8.8944,2026-09-21,2026-09-16 20:14:19.731187+00:00,36.2,23.2,0.0,0,19.8,35.6,3,open-meteo,10.84,86.41
Amdel,Morocco,31.5617,-8.8944,2026-09-22,2026-09-16 20:14:19.731187+00:00,37.3,21.5,0.9,0,14.9,29.2,80,open-meteo,15.18,72.87
Aït Hani,Morocco,31.7786,-5.4555,2026-09-16,2026-09-16 20:14:19.826612+00:00,24.5,14.5,0.0,3,25.7,42.5,2,open-meteo,7.46,91.78
Aït Hani,Morocco,31.7786,-5.4555,2026-09-17,2026-09-16 20:14:19.826612+00:00,22.6,12.9,0.8,68,23.5,40.0,80,open-meteo,8.0,77.9
Aït Hani,Morocco,31.7786,-5.4555,2026-09-18,2026-09-16 20:14:19.826612+00:00,23.4,12.2,0.0,58,18.2,29.5,3,open-meteo,5.22,90.35
Aït Hani,Morocco,31.7786,-5.4555,2026-09-19,2026-09-16 20:14:19.826612+00:00,22.7,12.4,1.0,58,15.1,30.6,61,open-meteo,6.28,82.1
Aït Hani,Morocco,31.7786,-5.4555,2026-09-20,2026-09-16 20:14:19.826612+00:00,23.3,13.6,6.6,35,25.9,42.1,80,open-meteo,16.25,72.12
Aït Hani,Morocco,31.7786,-5.4555,2026-09-21,2026-09-16 20:14:19.826612+00:00,24.1,13.2,0.9,34,26.0,44.3,3,open-meteo,8.88,87.78
Aït Hani,Morocco,31.7786,-5.4555,2026-09-22,2026-09-16 20:14:19.826612+00:00,26.0,15.6,0.0,35,22.5,40.3,2,open-meteo,6.84,92.21
Ain Bida,Morocco,33.9856,-4.8931,2026-09-16,2026-09-16 20:14:19.919227+00:00,33.0,20.7,0.0,0,17.6,32.4,2,open-meteo,5.44,93.19
Ain Bida,Morocco,33.9856,-4.8931,2026-09-17,2026-09-16 20:14:19.919227+00:00,29.5,18.6,0.0,0,13.6,26.3,3,open-meteo,4.33,90.97
Ain Bida,Morocco,33.9856,-4.8931,2026-09-18,2026-09-16 20:14:19.919227+00:00,31.8,16.9,0.0,0,12.8,25.2,3,open-meteo,4.12,91.12
Ain Bida,Morocco,33.9856,-4.8931,2026-09-19,2026-09-16 20:14:19.919227+00:00,34.3,18.6,0.0,0,18.9,36.7,1,open-meteo,6.03,95.78
Ain Bida,Morocco,33.9856,-4.8931,2026-09-20,2026-09-16 20:14:19.919227+00:00,35.5,21.1,0.0,3,18.7,36.4,2,open-meteo,7.98,91.41
Ain Bida,Morocco,33.9856,-4.8931,2026-09-21,2026-09-16 20:14:19.919227+00:00,34.8,20.6,0.0,0,13.9,28.4,1,open-meteo,4.58,96.79
Ain Bida,Morocco,33.9856,-4.8931,2026-09-22,2026-09-16 20:14:19.919227+00:00,35.7,19.0,0.0,0,12.1,23.8,3,open-meteo,6.69,89.32
Oulad Cherif,Morocco,34.2686,-4.1594,2026-09-16,2026-09-16 20:14:20.027724+00:00,29.7,18.9,0.0,0,21.1,39.2,1,open-meteo,6.56,95.41
Oulad Cherif,Morocco,34.2686,-4.1594,2026-09-17,2026-09-16 20:14:20.027724+00:00,28.1,15.8,0.0,0,13.3,24.8,3,open-meteo,4.14,91.1
Oulad Cherif,Morocco,34.2686,-4.1594,2026-09-18,2026-09-16 20:14:20.027724+00:00,28.3,16.7,0.0,0,22.8,41.8,3,open-meteo,7.03,89.08
Oulad Cherif,Morocco,34.2686,-4.1594,2026-09-19,2026-09-16 20:14:20.027724+00:00,27.8,17.9,0.0,0,30.2,58.7,2,open-meteo,9.65,90.24
Oulad Cherif,Morocco,34.2686,-4.1594,2026-09-20,2026-09-16 20:14:20.027724+00:00,28.2,18.6,0.0,0,31.6,58.7,2,open-meteo,9.82,90.13
Oulad Cherif,Morocco,34.2686,-4.1594,2026-09-21,2026-09-16 20:14:20.027724+00:00,27.7,18.6,0.0,0,26.5,50.4,2,open-meteo,8.35,91.16
Oulad Cherif,Morocco,34.2686,-4.1594,2026-09-22,2026-09-16 20:14:20.027724+00:00,30.6,17.2,0.0,0,11.3,23.8,2,open-meteo,3.79,94.35
Souq Sebt Says,Morocco,32.7772,-8.6433,2026-09-16,2026-09-16 20:14:20.113640+00:00,28.8,19.4,0.0,0,19.7,37.8,3,open-meteo,6.24,89.63
Souq Sebt Says,Morocco,32.7772,-8.6433,2026-09-17,2026-09-16 20:14:20.113640+00:00,26.9,18.5,0.0,0,19.7,38.2,3,open-meteo,6.28,89.6
Souq Sebt Says,Morocco,32.7772,-8.6433,2026-09-18,2026-09-16 20:14:20.113640+00:00,28.3,17.3,0.0,0,20.5,39.2,3,open-meteo,6.48,89.46
Souq Sebt Says,Morocco,32.7772,-8.6433,2026-09-19,2026-09-16 20:14:20.113640+00:00,30.2,17.9,0.0,0,18.2,34.6,3,open-meteo,5.74,89.98
Souq Sebt Says,Morocco,32.7772,-8.6433,2026-09-20,2026-09-16 20:14:20.113640+00:00,35.5,21.2,0.0,0,16.2,31.3,2,open-meteo,7.16,91.99
Souq Sebt Says,Morocco,32.7772,-8.6433,2026-09-21,2026-09-16 20:14:20.113640+00:00,32.9,19.7,0.0,0,14.8,28.8,45,open-meteo,4.73,84.69
Souq Sebt Says,Morocco,32.7772,-8.6433,2026-09-22,2026-09-16 20:14:20.113640+00:00,34.1,17.8,0.0,0,15.1,29.9,45,open-meteo,4.88,84.58
Tarfaya,Morocco,27.9133,-12.9317,2026-09-16,2026-09-16 20:14:20.202232+00:00,27.5,22.1,0.0,0,28.6,46.4,1,open-meteo,8.21,94.25
Tarfaya,Morocco,27.9133,-12.9317,2026-09-17,2026-09-16 20:14:20.202232+00:00,25.1,21.6,1.1,0,30.1,47.9,51,open-meteo,10.02,85.49
Tarfaya,Morocco,27.9133,-12.9317,2026-09-18,2026-09-16 20:14:20.202232+00:00,25.3,21.0,0.1,4,25.4,42.5,51,open-meteo,7.56,87.21
Tarfaya,Morocco,27.9133,-12.9317,2026-09-19,2026-09-16 20:14:20.202232+00:00,25.5,20.6,0.0,0,22.3,38.5,1,open-meteo,6.64,95.35
Tarfaya,Morocco,27.9133,-12.9317,2026-09-20,2026-09-16 20:14:20.202232+00:00,25.7,20.0,0.0,0,22.0,40.0,2,open-meteo,6.75,92.27
Tarfaya,Morocco,27.9133,-12.9317,2026-09-21,2026-09-16 20:14:20.202232+00:00,26.2,20.7,0.0,0,27.6,47.2,3,open-meteo,8.17,88.28
Tarfaya,Morocco,27.9133,-12.9317,2026-09-22,2026-09-16 20:14:20.202232+00:00,25.9,21.0,0.0,2,26.0,42.8,3,open-meteo,7.53,88.73
Farkhâna,Morocco,35.2869,-3.0144,2026-09-16,2026-09-16 20:14:20.286017+00:00,29.6,19.5,0.0,0,12.2,26.3,45,open-meteo,4.16,85.09
Farkhâna,Morocco,35.2869,-3.0144,2026-09-17,2026-09-16 20:14:20.286017+00:00,26.2,21.2,0.0,0,12.9,27.4,3,open-meteo,4.35,90.95
Farkhâna,Morocco,35.2869,-3.0144,2026-09-18,2026-09-16 20:14:20.286017+00:00,25.3,21.0,0.0,10,18.7,37.1,45,open-meteo,6.05,83.77
Farkhâna,Morocco,35.2869,-3.0144,2026-09-19,2026-09-16 20:14:20.286017+00:00,25.5,22.2,0.0,9,27.9,56.5,3,open-meteo,9.14,87.6
Farkhâna,Morocco,35.2869,-3.0144,2026-09-20,2026-09-16 20:14:20.286017+00:00,25.6,23.0,0.6,23,27.3,55.4,3,open-meteo,9.75,87.17
Farkhâna,Morocco,35.2869,-3.0144,2026-09-21,2026-09-16 20:14:20.286017+00:00,25.5,22.7,0.0,5,19.5,48.6,2,open-meteo,7.3,91.89
Farkhâna,Morocco,35.2869,-3.0144,2026-09-22,2026-09-16 20:14:20.286017+00:00,26.3,21.9,0.0,0,11.8,28.8,45,open-meteo,4.36,84.95
Tamezmout,Morocco,30.8075,-6.1142,2026-09-16,2026-09-16 20:14:20.382077+00:00,32.6,21.9,0.0,0,18.1,30.6,2,open-meteo,5.32,93.28
Tamezmout,Morocco,30.8075,-6.1142,2026-09-17,2026-09-16 20:14:20.382077+00:00,29.4,22.9,1.0,38,19.3,32.4,80,open-meteo,6.99,78.61
Tamezmout,Morocco,30.8075,-6.1142,2026-09-18,2026-09-16 20:14:20.382077+00:00,30.0,21.0,0.5,13,15.7,25.2,80,open-meteo,5.15,79.89
Tamezmout,Morocco,30.8075,-6.1142,2026-09-19,2026-09-16 20:14:20.382077+00:00,30.7,21.9,0.0,3,19.4,31.0,3,open-meteo,5.53,90.13
Tamezmout,Morocco,30.8075,-6.1142,2026-09-20,2026-09-16 20:14:20.382077+00:00,32.2,23.0,0.0,8,16.4,26.3,3,open-meteo,4.68,90.72
Tamezmout,Morocco,30.8075,-6.1142,2026-09-21,2026-09-16 20:14:20.382077+00:00,31.1,23.1,0.0,8,19.2,37.8,3,open-meteo,6.18,89.67
Tamezmout,Morocco,30.8075,-6.1142,2026-09-22,2026-09-16 20:14:20.382077+00:00,32.1,21.4,0.0,8,29.5,52.2,3,open-meteo,8.91,87.76
Bni Drar,Morocco,34.8281,-1.9936,2026-09-16,2026-09-16 20:14:20.469591+00:00,33.0,14.6,0.0,0,22.7,41.0,1,open-meteo,6.94,95.14
Bni Drar,Morocco,34.8281,-1.9936,2026-09-17,2026-09-16 20:14:20.469591+00:00,26.5,15.2,0.0,0,18.9,36.4,3,open-meteo,6.0,89.8
Bni Drar,Morocco,34.8281,-1.9936,2026-09-18,2026-09-16 20:14:20.469591+00:00,26.9,15.6,0.0,5,21.7,40.0,3,open-meteo,6.71,89.3
Bni Drar,Morocco,34.8281,-1.9936,2026-09-19,2026-09-16 20:14:20.469591+00:00,26.8,17.9,0.0,0,20.6,38.5,45,open-meteo,6.42,83.51
Bni Drar,Morocco,34.8281,-1.9936,2026-09-20,2026-09-16 20:14:20.469591+00:00,27.8,18.1,0.0,0,23.1,42.1,45,open-meteo,7.1,83.03
Bni Drar,Morocco,34.8281,-1.9936,2026-09-21,2026-09-16 20:14:20.469591+00:00,26.4,18.3,0.0,3,13.7,31.0,45,open-meteo,4.81,84.63
Bni Drar,Morocco,34.8281,-1.9936,2026-09-22,2026-09-16 20:14:20.469591+00:00,26.2,18.4,0.0,3,11.9,25.6,45,open-meteo,4.05,85.16
Oued Amlil,Morocco,34.1917,-4.2711,2026-09-16,2026-09-16 20:14:20.557911+00:00,33.2,20.2,0.0,0,19.7,35.3,2,open-meteo,5.99,92.81
Oued Amlil,Morocco,34.1917,-4.2711,2026-09-17,2026-09-16 20:14:20.557911+00:00,31.1,18.0,0.0,0,13.7,25.2,3,open-meteo,4.23,91.04
Oued Amlil,Morocco,34.1917,-4.2711,2026-09-18,2026-09-16 20:14:20.557911+00:00,31.7,18.1,0.0,0,20.9,37.4,3,open-meteo,6.35,89.56
Oued Amlil,Morocco,34.1917,-4.2711,2026-09-19,2026-09-16 20:14:20.557911+00:00,31.9,22.1,0.0,0,32.4,61.6,2,open-meteo,10.21,89.85
Oued Amlil,Morocco,34.1917,-4.2711,2026-09-20,2026-09-16 20:14:20.557911+00:00,32.3,22.7,0.0,0,33.0,60.8,1,open-meteo,10.21,92.85
Oued Amlil,Morocco,34.1917,-4.2711,2026-09-21,2026-09-16 20:14:20.557911+00:00,31.5,22.5,0.0,0,27.8,55.5,1,open-meteo,9.03,93.68
Oued Amlil,Morocco,34.1917,-4.2711,2026-09-22,2026-09-16 20:14:20.557911+00:00,34.4,21.4,0.0,0,12.4,24.5,1,open-meteo,4.0,97.2
Tifni,Morocco,31.6281,-6.9444,2026-09-16,2026-09-16 20:14:20.659341+00:00,26.8,16.6,0.0,0,18.9,41.8,1,open-meteo,6.54,95.42
Tifni,Morocco,31.6281,-6.9444,2026-09-17,2026-09-16 20:14:20.659341+00:00,28.5,16.2,0.9,43,10.1,29.9,3,open-meteo,5.45,90.18
Tifni,Morocco,31.6281,-6.9444,2026-09-18,2026-09-16 20:14:20.659341+00:00,26.7,16.4,0.0,13,13.0,29.9,3,open-meteo,4.61,90.77
Tifni,Morocco,31.6281,-6.9444,2026-09-19,2026-09-16 20:14:20.659341+00:00,30.4,19.1,0.1,35,26.0,50.8,3,open-meteo,8.46,88.08
Tifni,Morocco,31.6281,-6.9444,2026-09-20,2026-09-16 20:14:20.659341+00:00,29.9,21.1,0.0,33,21.7,51.8,3,open-meteo,7.89,88.48
Tifni,Morocco,31.6281,-6.9444,2026-09-21,2026-09-16 20:14:20.659341+00:00,28.3,18.8,0.3,5,17.9,37.8,3,open-meteo,6.42,89.51
Tifni,Morocco,31.6281,-6.9444,2026-09-22,2026-09-16 20:14:20.659341+00:00,28.8,16.8,0.0,5,25.2,55.4,2,open-meteo,8.69,90.92
Oulad Hammou,Morocco,33.1156,-7.9333,2026-09-16,2026-09-16 20:14:20.746366+00:00,28.6,19.3,0.0,0,18.3,34.9,2,open-meteo,5.78,92.95
Oulad Hammou,Morocco,33.1156,-7.9333,2026-09-17,2026-09-16 20:14:20.746366+00:00,27.2,18.0,0.0,0,18.2,34.6,3,open-meteo,5.74,89.98
Oulad Hammou,Morocco,33.1156,-7.9333,2026-09-18,2026-09-16 20:14:20.746366+00:00,28.4,17.0,0.0,0,20.9,39.2,45,open-meteo,6.53,83.43
Oulad Hammou,Morocco,33.1156,-7.9333,2026-09-19,2026-09-16 20:14:20.746366+00:00,31.6,17.5,0.0,0,18.7,35.3,45,open-meteo,5.87,83.89
Oulad Hammou,Morocco,33.1156,-7.9333,2026-09-20,2026-09-16 20:14:20.746366+00:00,36.4,21.2,0.0,3,19.1,35.6,2,open-meteo,11.55,88.91
Oulad Hammou,Morocco,33.1156,-7.9333,2026-09-21,2026-09-16 20:14:20.746366+00:00,33.8,22.9,0.0,3,15.6,29.5,2,open-meteo,4.9,93.57
Oulad Hammou,Morocco,33.1156,-7.9333,2026-09-22,2026-09-16 20:14:20.746366+00:00,35.2,18.6,0.0,0,18.3,35.3,45,open-meteo,6.62,83.37
Tanant,Morocco,31.8667,-6.95,2026-09-16,2026-09-16 20:14:20.831085+00:00,31.2,17.3,0.0,0,17.7,34.6,1,open-meteo,5.67,96.03
Tanant,Morocco,31.8667,-6.95,2026-09-17,2026-09-16 20:14:20.831085+00:00,27.6,15.3,0.0,0,17.1,35.3,3,open-meteo,5.67,90.03
Tanant,Morocco,31.8667,-6.95,2026-09-18,2026-09-16 20:14:20.831085+00:00,29.1,14.8,0.0,0,15.0,29.5,2,open-meteo,4.83,93.62
Tanant,Morocco,31.8667,-6.95,2026-09-19,2026-09-16 20:14:20.831085+00:00,33.6,19.4,0.0,0,17.9,34.9,3,open-meteo,5.73,89.99
Tanant,Morocco,31.8667,-6.95,2026-09-20,2026-09-16 20:14:20.831085+00:00,34.8,22.2,0.3,20,17.3,40.3,3,open-meteo,6.59,89.39
Tanant,Morocco,31.8667,-6.95,2026-09-21,2026-09-16 20:14:20.831085+00:00,33.7,22.8,0.0,5,12.2,29.5,3,open-meteo,4.47,90.87
Tanant,Morocco,31.8667,-6.95,2026-09-22,2026-09-16 20:14:20.831085+00:00,34.6,19.5,0.0,5,20.2,41.0,2,open-meteo,6.62,92.37
Douar El Mellaliyine,Morocco,35.6264,-5.3414,2026-09-16,2026-09-16 20:14:20.910728+00:00,32.4,19.3,0.0,0,23.5,54.0,3,open-meteo,8.34,88.16
Douar El Mellaliyine,Morocco,35.6264,-5.3414,2026-09-17,2026-09-16 20:14:20.910728+00:00,25.3,16.3,0.0,0,11.9,28.4,3,open-meteo,4.33,90.97
Douar El Mellaliyine,Morocco,35.6264,-5.3414,2026-09-18,2026-09-16 20:14:20.910728+00:00,24.3,19.1,0.0,3,16.9,37.8,3,open-meteo,5.89,89.88
Douar El Mellaliyine,Morocco,35.6264,-5.3414,2026-09-19,2026-09-16 20:14:20.910728+00:00,24.0,21.4,1.2,0,25.9,57.2,80,open-meteo,10.56,76.11
Douar El Mellaliyine,Morocco,35.6264,-5.3414,2026-09-20,2026-09-16 20:14:20.910728+00:00,24.2,22.0,0.6,0,23.8,52.6,80,open-meteo,9.04,77.17
Douar El Mellaliyine,Morocco,35.6264,-5.3414,2026-09-21,2026-09-16 20:14:20.910728+00:00,26.1,21.8,0.0,0,32.4,67.7,2,open-meteo,10.82,89.43
Douar El Mellaliyine,Morocco,35.6264,-5.3414,2026-09-22,2026-09-16 20:14:20.910728+00:00,26.7,21.7,0.0,0,24.6,54.4,2,open-meteo,8.52,91.04
El Ghourdane,Morocco,32.3205,-8.7637,2026-09-16,2026-09-16 20:14:20.994726+00:00,32.4,20.5,0.0,0,20.5,36.4,3,open-meteo,6.2,89.66
El Ghourdane,Morocco,32.3205,-8.7637,2026-09-17,2026-09-16 20:14:20.994726+00:00,28.8,18.9,0.0,0,19.7,34.9,3,open-meteo,5.95,89.83
El Ghourdane,Morocco,32.3205,-8.7637,2026-09-18,2026-09-16 20:14:20.994726+00:00,30.5,18.1,0.0,0,19.1,33.5,1,open-meteo,5.74,95.98
El Ghourdane,Morocco,32.3205,-8.7637,2026-09-19,2026-09-16 20:14:20.994726+00:00,33.1,17.9,0.0,0,16.0,29.9,3,open-meteo,4.99,90.51
El Ghourdane,Morocco,32.3205,-8.7637,2026-09-20,2026-09-16 20:14:20.994726+00:00,38.6,22.3,0.0,5,13.9,34.2,2,open-meteo,19.56,83.31
El Ghourdane,Morocco,32.3205,-8.7637,2026-09-21,2026-09-16 20:14:20.994726+00:00,36.4,21.6,0.0,0,16.6,30.6,2,open-meteo,10.73,89.49
El Ghourdane,Morocco,32.3205,-8.7637,2026-09-22,2026-09-16 20:14:20.994726+00:00,37.0,19.8,0.0,3,18.0,32.8,3,open-meteo,13.53,84.53
Laghzawna,Morocco,33.1914,-7.6701,2026-09-16,2026-09-16 20:14:21.080136+00:00,29.3,19.2,0.0,0,18.7,33.8,2,open-meteo,5.72,93.0
Laghzawna,Morocco,33.1914,-7.6701,2026-09-17,2026-09-16 20:14:21.080136+00:00,27.8,17.9,0.0,0,18.2,33.1,3,open-meteo,5.58,90.09
Laghzawna,Morocco,33.1914,-7.6701,2026-09-18,2026-09-16 20:14:21.080136+00:00,29.1,17.2,0.0,0,20.2,36.4,45,open-meteo,6.17,83.68
Laghzawna,Morocco,33.1914,-7.6701,2026-09-19,2026-09-16 20:14:21.080136+00:00,32.9,17.2,0.0,0,18.4,33.1,45,open-meteo,5.61,84.07
Laghzawna,Morocco,33.1914,-7.6701,2026-09-20,2026-09-16 20:14:21.080136+00:00,37.6,20.7,0.0,0,20.5,37.8,2,open-meteo,16.74,85.28
Laghzawna,Morocco,33.1914,-7.6701,2026-09-21,2026-09-16 20:14:21.080136+00:00,34.2,22.5,0.0,0,18.6,33.1,2,open-meteo,5.64,93.05
Laghzawna,Morocco,33.1914,-7.6701,2026-09-22,2026-09-16 20:14:21.080136+00:00,34.9,19.8,0.0,0,18.2,33.1,45,open-meteo,5.58,84.09
Al M’aziz,Morocco,33.7039,-6.34,2026-09-16,2026-09-16 20:14:21.166645+00:00,30.8,18.8,0.0,0,20.2,37.8,2,open-meteo,6.3,92.59
Al M’aziz,Morocco,33.7039,-6.34,2026-09-17,2026-09-16 20:14:21.166645+00:00,28.8,17.2,0.0,0,15.6,29.2,3,open-meteo,4.87,90.59
Al M’aziz,Morocco,33.7039,-6.34,2026-09-18,2026-09-16 20:14:21.166645+00:00,30.2,15.3,0.0,0,16.3,29.5,45,open-meteo,4.99,84.51
Al M’aziz,Morocco,33.7039,-6.34,2026-09-19,2026-09-16 20:14:21.166645+00:00,35.0,16.0,0.0,0,15.2,27.7,2,open-meteo,4.67,93.73
Al M’aziz,Morocco,33.7039,-6.34,2026-09-20,2026-09-16 20:14:21.166645+00:00,38.5,18.5,0.0,3,16.8,33.5,2,open-meteo,19.45,83.38
Al M’aziz,Morocco,33.7039,-6.34,2026-09-21,2026-09-16 20:14:21.166645+00:00,37.2,19.9,0.0,0,19.8,38.9,1,open-meteo,15.17,89.38
Al M’aziz,Morocco,33.7039,-6.34,2026-09-22,2026-09-16 20:14:21.166645+00:00,35.2,20.6,0.0,0,15.9,32.4,3,open-meteo,6.03,89.78
El Arba Des Bir Lenni,Morocco,34.3272,-4.2039,2026-09-16,2026-09-16 20:14:21.250824+00:00,31.4,20.5,0.0,0,22.3,53.6,1,open-meteo,8.15,94.29
El Arba Des Bir Lenni,Morocco,34.3272,-4.2039,2026-09-17,2026-09-16 20:14:21.250824+00:00,30.2,17.0,0.0,0,12.8,33.1,3,open-meteo,4.91,90.56
El Arba Des Bir Lenni,Morocco,34.3272,-4.2039,2026-09-18,2026-09-16 20:14:21.250824+00:00,30.4,18.5,0.0,0,22.3,55.1,3,open-meteo,8.3,88.19
El Arba Des Bir Lenni,Morocco,34.3272,-4.2039,2026-09-19,2026-09-16 20:14:21.250824+00:00,30.1,19.6,0.0,0,31.7,86.8,2,open-meteo,12.64,88.15
El Arba Des Bir Lenni,Morocco,34.3272,-4.2039,2026-09-20,2026-09-16 20:14:21.250824+00:00,30.3,20.6,0.0,0,31.7,84.6,2,open-meteo,12.42,88.31
El Arba Des Bir Lenni,Morocco,34.3272,-4.2039,2026-09-21,2026-09-16 20:14:21.250824+00:00,29.8,20.6,0.0,0,28.4,76.7,3,open-meteo,11.22,86.15
El Arba Des Bir Lenni,Morocco,34.3272,-4.2039,2026-09-22,2026-09-16 20:14:21.250824+00:00,32.6,19.6,0.0,0,13.5,34.2,1,open-meteo,5.11,96.42
Oulad Daoud,Morocco,34.4303,-4.7728,2026-09-16,2026-09-16 20:14:21.341580+00:00,31.2,19.8,0.0,0,18.3,36.0,2,open-meteo,5.89,92.88
Oulad Daoud,Morocco,34.4303,-4.7728,2026-09-17,2026-09-16 20:14:21.341580+00:00,29.7,17.4,0.0,0,13.1,27.0,3,open-meteo,4.34,90.96
Oulad Daoud,Morocco,34.4303,-4.7728,2026-09-18,2026-09-16 20:14:21.341580+00:00,31.8,16.0,0.0,0,11.8,29.2,3,open-meteo,4.4,90.92
Oulad Daoud,Morocco,34.4303,-4.7728,2026-09-19,2026-09-16 20:14:21.341580+00:00,33.9,20.9,0.0,0,26.6,54.7,2,open-meteo,8.79,90.85
Oulad Daoud,Morocco,34.4303,-4.7728,2026-09-20,2026-09-16 20:14:21.341580+00:00,33.9,22.2,0.0,0,24.6,49.7,1,open-meteo,8.04,94.37
Oulad Daoud,Morocco,34.4303,-4.7728,2026-09-21,2026-09-16 20:14:21.341580+00:00,32.8,21.8,0.0,0,23.3,46.9,1,open-meteo,7.6,94.68
Oulad Daoud,Morocco,34.4303,-4.7728,2026-09-22,2026-09-16 20:14:21.341580+00:00,34.8,21.7,0.0,0,13.7,27.0,1,open-meteo,4.41,96.91
Jaqma,Morocco,33.2925,-7.4406,2026-09-16,2026-09-16 20:14:21.422888+00:00,29.5,19.1,0.0,0,17.4,34.2,2,open-meteo,5.59,93.09
Jaqma,Morocco,33.2925,-7.4406,2026-09-17,2026-09-16 20:14:21.422888+00:00,28.2,17.3,0.0,0,16.9,32.0,3,open-meteo,5.31,90.28
Jaqma,Morocco,33.2925,-7.4406,2026-09-18,2026-09-16 20:14:21.422888+00:00,29.0,16.0,0.0,0,18.8,35.6,45,open-meteo,5.91,83.86
Jaqma,Morocco,33.2925,-7.4406,2026-09-19,2026-09-16 20:14:21.422888+00:00,33.0,16.6,0.0,0,18.0,33.8,1,open-meteo,5.63,96.06
Jaqma,Morocco,33.2925,-7.4406,2026-09-20,2026-09-16 20:14:21.422888+00:00,37.8,20.6,0.0,3,20.5,40.3,2,open-meteo,17.79,84.55
Jaqma,Morocco,33.2925,-7.4406,2026-09-21,2026-09-16 20:14:21.422888+00:00,35.4,22.8,0.0,0,17.7,32.0,2,open-meteo,7.01,92.09
Jaqma,Morocco,33.2925,-7.4406,2026-09-22,2026-09-16 20:14:21.422888+00:00,36.4,19.8,0.0,0,19.3,35.3,1,open-meteo,11.54,91.92
Douar Bouchfaa,Morocco,34.1014,-4.2939,2026-09-16,2026-09-16 20:14:21.512669+00:00,31.5,19.8,0.0,0,19.2,35.3,2,open-meteo,5.93,92.85
Douar Bouchfaa,Morocco,34.1014,-4.2939,2026-09-17,2026-09-16 20:14:21.512669+00:00,29.3,16.7,0.0,0,11.8,23.0,3,open-meteo,3.78,91.35
Douar Bouchfaa,Morocco,34.1014,-4.2939,2026-09-18,2026-09-16 20:14:21.512669+00:00,30.9,16.8,0.0,0,16.6,31.0,3,open-meteo,5.18,90.37
Douar Bouchfaa,Morocco,34.1014,-4.2939,2026-09-19,2026-09-16 20:14:21.512669+00:00,32.0,20.6,0.0,0,23.4,43.9,2,open-meteo,7.31,91.88
Douar Bouchfaa,Morocco,34.1014,-4.2939,2026-09-20,2026-09-16 20:14:21.512669+00:00,32.8,21.7,0.0,3,24.7,44.6,1,open-meteo,7.55,94.72
Douar Bouchfaa,Morocco,34.1014,-4.2939,2026-09-21,2026-09-16 20:14:21.512669+00:00,32.5,21.2,0.0,0,15.1,31.9,0,open-meteo,5.08,96.44
Douar Bouchfaa,Morocco,34.1014,-4.2939,2026-09-22,2026-09-16 20:14:21.512669+00:00,33.8,20.7,0.0,0,10.9,20.9,2,open-meteo,3.45,94.58
Lafrayta,Morocco,31.932,-7.26,2026-09-16,2026-09-16 20:14:21.603793+00:00,33.8,18.2,0.0,0,18.6,34.9,1,open-meteo,5.82,95.93
Lafrayta,Morocco,31.932,-7.26,2026-09-17,2026-09-16 20:14:21.603793+00:00,30.1,16.8,0.0,0,17.1,31.7,3,open-meteo,5.31,90.28
Lafrayta,Morocco,31.932,-7.26,2026-09-18,2026-09-16 20:14:21.603793+00:00,31.0,16.8,0.0,0,14.5,28.1,3,open-meteo,4.62,90.77
Lafrayta,Morocco,31.932,-7.26,2026-09-19,2026-09-16 20:14:21.603793+00:00,35.2,18.4,0.0,0,16.8,33.1,2,open-meteo,6.21,92.65
Lafrayta,Morocco,31.932,-7.26,2026-09-20,2026-09-16 20:14:21.603793+00:00,38.2,21.1,0.0,13,22.5,51.5,3,open-meteo,20.76,79.47
Lafrayta,Morocco,31.932,-7.26,2026-09-21,2026-09-16 20:14:21.603793+00:00,34.8,21.8,0.3,3,12.6,27.0,80,open-meteo,4.67,80.23
Lafrayta,Morocco,31.932,-7.26,2026-09-22,2026-09-16 20:14:21.603793+00:00,36.4,19.1,0.0,3,19.3,34.9,2,open-meteo,11.5,88.95
Kenafif,Morocco,30.4167,-9.0333,2026-09-16,2026-09-16 20:14:21.694819+00:00,36.9,22.9,0.0,0,24.0,40.7,2,open-meteo,14.67,86.73
Kenafif,Morocco,30.4167,-9.0333,2026-09-17,2026-09-16 20:14:21.694819+00:00,31.1,19.6,0.0,0,26.2,45.0,3,open-meteo,7.78,88.55
Kenafif,Morocco,30.4167,-9.0333,2026-09-18,2026-09-16 20:14:21.694819+00:00,30.7,19.1,0.0,0,23.9,40.3,2,open-meteo,7.02,92.09
Kenafif,Morocco,30.4167,-9.0333,2026-09-19,2026-09-16 20:14:21.694819+00:00,31.9,20.4,0.0,0,23.6,40.0,2,open-meteo,6.95,92.13
Kenafif,Morocco,30.4167,-9.0333,2026-09-20,2026-09-16 20:14:21.694819+00:00,31.7,20.3,0.0,0,26.7,45.7,2,open-meteo,7.91,91.46
Kenafif,Morocco,30.4167,-9.0333,2026-09-21,2026-09-16 20:14:21.694819+00:00,39.4,21.6,0.0,0,21.6,36.7,3,open-meteo,23.97,77.22
Kenafif,Morocco,30.4167,-9.0333,2026-09-22,2026-09-16 20:14:21.694819+00:00,39.1,25.0,0.3,0,10.4,20.9,3,open-meteo,20.19,79.87
Jafra,Morocco,32.3639,-7.7295,2026-09-16,2026-09-16 20:14:21.779176+00:00,33.6,19.9,0.0,0,24.7,38.2,2,open-meteo,6.91,92.16
Jafra,Morocco,32.3639,-7.7295,2026-09-17,2026-09-16 20:14:21.779176+00:00,30.0,17.7,0.0,0,21.5,33.1,3,open-meteo,6.0,89.8
Jafra,Morocco,32.3639,-7.7295,2026-09-18,2026-09-16 20:14:21.779176+00:00,31.3,18.3,0.0,0,20.1,31.0,3,open-meteo,5.61,90.07
Jafra,Morocco,32.3639,-7.7295,2026-09-19,2026-09-16 20:14:21.779176+00:00,34.8,19.6,0.0,0,20.6,31.7,2,open-meteo,5.75,92.97
Jafra,Morocco,32.3639,-7.7295,2026-09-20,2026-09-16 20:14:21.779176+00:00,39.3,25.0,0.3,10,13.5,22.0,3,open-meteo,21.49,78.96
Jafra,Morocco,32.3639,-7.7295,2026-09-21,2026-09-16 20:14:21.779176+00:00,36.2,25.5,0.0,8,18.6,29.2,3,open-meteo,10.05,86.97
Jafra,Morocco,32.3639,-7.7295,2026-09-22,2026-09-16 20:14:21.779176+00:00,37.9,22.7,0.0,0,23.7,37.4,3,open-meteo,18.3,81.19
Taouloukoult,Morocco,31.2167,-9.0833,2026-09-16,2026-09-16 20:14:21.865031+00:00,29.4,18.2,0.0,0,29.0,52.9,0,open-meteo,8.92,93.76
Taouloukoult,Morocco,31.2167,-9.0833,2026-09-17,2026-09-16 20:14:21.865031+00:00,24.6,15.3,0.0,0,22.5,40.3,45,open-meteo,6.84,83.21
Taouloukoult,Morocco,31.2167,-9.0833,2026-09-18,2026-09-16 20:14:21.865031+00:00,25.8,14.2,0.0,0,19.2,34.2,45,open-meteo,5.82,83.93
Taouloukoult,Morocco,31.2167,-9.0833,2026-09-19,2026-09-16 20:14:21.865031+00:00,29.2,18.9,0.0,0,18.7,33.5,2,open-meteo,5.69,93.02
Taouloukoult,Morocco,31.2167,-9.0833,2026-09-20,2026-09-16 20:14:21.865031+00:00,32.1,22.9,0.6,28,16.6,30.2,80,open-meteo,5.9,79.37
Taouloukoult,Morocco,31.2167,-9.0833,2026-09-21,2026-09-16 20:14:21.865031+00:00,32.1,23.1,0.0,8,20.1,37.1,3,open-meteo,6.22,89.65
Taouloukoult,Morocco,31.2167,-9.0833,2026-09-22,2026-09-16 20:14:21.865031+00:00,31.9,22.3,1.2,8,13.7,26.3,80,open-meteo,5.94,79.34
Sebt Ait Ikkou,Morocco,33.6686,-6.1372,2026-09-16,2026-09-16 20:14:21.949984+00:00,31.8,18.1,0.0,0,18.7,37.8,2,open-meteo,6.12,92.72
Sebt Ait Ikkou,Morocco,33.6686,-6.1372,2026-09-17,2026-09-16 20:14:21.949984+00:00,29.2,16.0,0.0,0,14.8,29.2,45,open-meteo,4.77,84.66
Sebt Ait Ikkou,Morocco,33.6686,-6.1372,2026-09-18,2026-09-16 20:14:21.949984+00:00,30.2,15.0,0.0,0,15.4,29.2,3,open-meteo,4.85,90.61
Sebt Ait Ikkou,Morocco,33.6686,-6.1372,2026-09-19,2026-09-16 20:14:21.949984+00:00,35.0,16.4,0.0,0,14.4,27.7,2,open-meteo,4.57,93.8
Sebt Ait Ikkou,Morocco,33.6686,-6.1372,2026-09-20,2026-09-16 20:14:21.949984+00:00,38.1,20.2,0.0,5,17.2,35.3,2,open-meteo,18.08,84.34
Sebt Ait Ikkou,Morocco,33.6686,-6.1372,2026-09-21,2026-09-16 20:14:21.949984+00:00,38.1,20.7,0.0,0,21.6,42.1,1,open-meteo,19.31,86.48
Sebt Ait Ikkou,Morocco,33.6686,-6.1372,2026-09-22,2026-09-16 20:14:21.949984+00:00,36.6,21.0,0.0,0,18.2,35.6,3,open-meteo,12.24,85.43
Gammasa,Morocco,31.4175,-8.4117,2026-09-16,2026-09-16 20:14:22.032964+00:00,33.8,21.6,0.0,0,22.3,36.7,1,open-meteo,6.46,95.48
Gammasa,Morocco,31.4175,-8.4117,2026-09-17,2026-09-16 20:14:22.032964+00:00,28.9,18.1,0.0,0,17.9,28.8,3,open-meteo,5.12,90.42
Gammasa,Morocco,31.4175,-8.4117,2026-09-18,2026-09-16 20:14:22.032964+00:00,29.8,17.3,0.0,0,12.8,21.6,2,open-meteo,3.76,94.37
Gammasa,Morocco,31.4175,-8.4117,2026-09-19,2026-09-16 20:14:22.032964+00:00,33.2,19.3,0.0,3,15.5,25.2,2,open-meteo,4.46,93.88
Gammasa,Morocco,31.4175,-8.4117,2026-09-20,2026-09-16 20:14:22.032964+00:00,37.4,23.3,0.0,30,16.4,41.0,3,open-meteo,15.75,82.97
Gammasa,Morocco,31.4175,-8.4117,2026-09-21,2026-09-16 20:14:22.032964+00:00,36.3,23.7,0.0,3,22.9,37.1,3,open-meteo,11.77,85.76
Gammasa,Morocco,31.4175,-8.4117,2026-09-22,2026-09-16 20:14:22.032964+00:00,36.1,26.0,0.9,3,14.3,23.4,80,open-meteo,9.73,76.69
Aghbalou n’Kerdous,Morocco,31.6767,-5.2976,2026-09-16,2026-09-16 20:14:22.118091+00:00,31.5,21.7,0.0,3,20.3,30.2,2,open-meteo,5.56,93.11
Aghbalou n’Kerdous,Morocco,31.6767,-5.2976,2026-09-17,2026-09-16 20:14:22.118091+00:00,30.2,20.6,0.4,40,31.7,49.0,80,open-meteo,9.4,76.92
Aghbalou n’Kerdous,Morocco,31.6767,-5.2976,2026-09-18,2026-09-16 20:14:22.118091+00:00,30.9,19.6,0.1,40,24.9,43.9,3,open-meteo,7.64,88.65
Aghbalou n’Kerdous,Morocco,31.6767,-5.2976,2026-09-19,2026-09-16 20:14:22.118091+00:00,30.2,20.4,0.0,14,12.7,25.6,3,open-meteo,4.15,91.09
Aghbalou n’Kerdous,Morocco,31.6767,-5.2976,2026-09-20,2026-09-16 20:14:22.118091+00:00,30.1,21.7,0.0,13,12.0,24.1,3,open-meteo,3.91,91.26
Aghbalou n’Kerdous,Morocco,31.6767,-5.2976,2026-09-21,2026-09-16 20:14:22.118091+00:00,29.6,21.5,1.2,39,20.5,33.1,3,open-meteo,7.47,88.77
Aghbalou n’Kerdous,Morocco,31.6767,-5.2976,2026-09-22,2026-09-16 20:14:22.118091+00:00,31.5,19.3,0.0,40,13.4,22.7,2,open-meteo,3.94,94.24
Tnine Sidi Lyamani,Morocco,35.3693,-5.9724,2026-09-16,2026-09-16 20:14:22.203119+00:00,27.2,17.9,0.0,0,19.7,38.5,3,open-meteo,6.31,89.58
Tnine Sidi Lyamani,Morocco,35.3693,-5.9724,2026-09-17,2026-09-16 20:14:22.203119+00:00,25.9,17.1,0.0,0,13.7,26.3,3,open-meteo,4.34,90.96
Tnine Sidi Lyamani,Morocco,35.3693,-5.9724,2026-09-18,2026-09-16 20:14:22.203119+00:00,29.4,15.2,0.0,0,19.5,38.9,45,open-meteo,6.33,83.57
Tnine Sidi Lyamani,Morocco,35.3693,-5.9724,2026-09-19,2026-09-16 20:14:22.203119+00:00,32.6,19.5,0.0,0,21.9,42.8,1,open-meteo,7.02,95.09
Tnine Sidi Lyamani,Morocco,35.3693,-5.9724,2026-09-20,2026-09-16 20:14:22.203119+00:00,33.8,22.4,0.0,0,22.1,42.5,0,open-meteo,7.01,95.09
Tnine Sidi Lyamani,Morocco,35.3693,-5.9724,2026-09-21,2026-09-16 20:14:22.203119+00:00,34.5,21.4,0.0,0,17.6,35.3,0,open-meteo,5.73,95.99
Tnine Sidi Lyamani,Morocco,35.3693,-5.9724,2026-09-22,2026-09-16 20:14:22.203119+00:00,33.8,20.9,0.0,0,14.3,28.4,1,open-meteo,4.63,96.76
Douar Sidi Laaroussi,Morocco,31.845,-9.1586,2026-09-16,2026-09-16 20:14:22.288026+00:00,34.8,20.1,0.0,0,20.9,37.8,1,open-meteo,6.39,95.53
Douar Sidi Laaroussi,Morocco,31.845,-9.1586,2026-09-17,2026-09-16 20:14:22.288026+00:00,28.5,18.7,0.0,0,24.9,43.9,2,open-meteo,7.5,91.75
Douar Sidi Laaroussi,Morocco,31.845,-9.1586,2026-09-18,2026-09-16 20:14:22.288026+00:00,30.3,17.6,0.0,0,22.7,39.2,45,open-meteo,6.76,83.27
Douar Sidi Laaroussi,Morocco,31.845,-9.1586,2026-09-19,2026-09-16 20:14:22.288026+00:00,32.4,17.7,0.0,0,23.2,40.0,2,open-meteo,6.9,92.17
Douar Sidi Laaroussi,Morocco,31.845,-9.1586,2026-09-20,2026-09-16 20:14:22.288026+00:00,32.4,22.5,0.0,0,23.6,43.9,3,open-meteo,7.34,88.86
Douar Sidi Laaroussi,Morocco,31.845,-9.1586,2026-09-21,2026-09-16 20:14:22.288026+00:00,35.6,21.3,0.0,0,18.8,32.0,2,open-meteo,7.95,91.43
Douar Sidi Laaroussi,Morocco,31.845,-9.1586,2026-09-22,2026-09-16 20:14:22.288026+00:00,37.0,20.2,0.0,0,20.7,34.6,3,open-meteo,14.05,84.16
Ain Legdah,Morocco,34.1646,-4.571,2026-09-16,2026-09-16 20:14:22.371337+00:00,32.6,20.2,0.0,0,18.7,38.5,2,open-meteo,6.19,92.67
Ain Legdah,Morocco,34.1646,-4.571,2026-09-17,2026-09-16 20:14:22.371337+00:00,30.3,17.7,0.0,0,12.3,26.3,3,open-meteo,4.17,91.08
Ain Legdah,Morocco,34.1646,-4.571,2026-09-18,2026-09-16 20:14:22.371337+00:00,32.8,16.7,0.0,0,22.7,58.0,3,open-meteo,8.64,87.95
Ain Legdah,Morocco,34.1646,-4.571,2026-09-19,2026-09-16 20:14:22.371337+00:00,32.4,21.7,0.0,0,30.9,65.2,2,open-meteo,10.38,89.73
Ain Legdah,Morocco,34.1646,-4.571,2026-09-20,2026-09-16 20:14:22.371337+00:00,32.9,22.5,0.0,0,31.8,75.2,1,open-meteo,11.5,91.95
Ain Legdah,Morocco,34.1646,-4.571,2026-09-21,2026-09-16 20:14:22.371337+00:00,33.6,22.3,0.0,0,27.0,58.3,0,open-meteo,9.21,93.55
Ain Legdah,Morocco,34.1646,-4.571,2026-09-22,2026-09-16 20:14:22.371337+00:00,35.5,19.0,0.0,0,10.5,20.5,2,open-meteo,5.36,93.25
Meghraoua,Morocco,33.9322,-4.0456,2026-09-16,2026-09-16 20:14:22.455930+00:00,27.6,15.4,0.0,0,24.9,44.3,1,open-meteo,7.54,94.72
Meghraoua,Morocco,33.9322,-4.0456,2026-09-17,2026-09-16 20:14:22.455930+00:00,28.2,14.4,0.0,10,11.2,21.6,3,open-meteo,3.56,91.51
Meghraoua,Morocco,33.9322,-4.0456,2026-09-18,2026-09-16 20:14:22.455930+00:00,25.8,13.3,0.0,3,22.7,38.5,3,open-meteo,6.69,89.32
Meghraoua,Morocco,33.9322,-4.0456,2026-09-19,2026-09-16 20:14:22.455930+00:00,24.8,14.7,0.0,10,24.5,43.2,3,open-meteo,7.38,88.83
Meghraoua,Morocco,33.9322,-4.0456,2026-09-20,2026-09-16 20:14:22.455930+00:00,25.5,16.1,0.0,5,22.2,38.9,45,open-meteo,6.67,83.33
Meghraoua,Morocco,33.9322,-4.0456,2026-09-21,2026-09-16 20:14:22.455930+00:00,26.2,16.1,0.0,0,16.8,29.9,45,open-meteo,5.09,84.44
Meghraoua,Morocco,33.9322,-4.0456,2026-09-22,2026-09-16 20:14:22.455930+00:00,29.1,13.7,0.0,0,18.8,32.8,1,open-meteo,5.63,96.06
Boured,Morocco,34.7344,-4.0947,2026-09-16,2026-09-16 20:14:22.536886+00:00,29.2,17.1,0.0,0,23.7,45.4,1,open-meteo,7.5,94.75
Boured,Morocco,34.7344,-4.0947,2026-09-17,2026-09-16 20:14:22.536886+00:00,28.8,12.4,0.0,0,15.0,28.4,45,open-meteo,4.71,84.7
Boured,Morocco,34.7344,-4.0947,2026-09-18,2026-09-16 20:14:22.536886+00:00,28.7,12.3,0.0,0,19.5,36.7,45,open-meteo,6.11,83.72
Boured,Morocco,34.7344,-4.0947,2026-09-19,2026-09-16 20:14:22.536886+00:00,28.4,15.8,0.0,0,21.9,39.2,1,open-meteo,6.66,95.34
Boured,Morocco,34.7344,-4.0947,2026-09-20,2026-09-16 20:14:22.536886+00:00,28.9,16.3,0.0,3,18.9,37.1,1,open-meteo,6.07,95.75
Boured,Morocco,34.7344,-4.0947,2026-09-21,2026-09-16 20:14:22.536886+00:00,28.4,14.6,0.0,5,15.5,31.0,3,open-meteo,5.04,90.47
Boured,Morocco,34.7344,-4.0947,2026-09-22,2026-09-16 20:14:22.536886+00:00,31.3,14.3,0.0,5,7.6,18.7,2,open-meteo,2.82,95.03
Saidia,Morocco,35.085,-2.2392,2026-09-16,2026-09-16 20:14:22.621722+00:00,29.7,17.1,0.0,0,11.2,20.9,2,open-meteo,3.49,94.56
Saidia,Morocco,35.085,-2.2392,2026-09-17,2026-09-16 20:14:22.621722+00:00,25.6,18.5,0.0,0,13.6,24.8,3,open-meteo,4.18,91.07
Saidia,Morocco,35.085,-2.2392,2026-09-18,2026-09-16 20:14:22.621722+00:00,25.6,19.3,0.0,3,19.0,34.2,45,open-meteo,5.79,83.95
Saidia,Morocco,35.085,-2.2392,2026-09-19,2026-09-16 20:14:22.621722+00:00,25.9,20.5,0.0,0,26.9,48.2,45,open-meteo,8.18,82.27
Saidia,Morocco,35.085,-2.2392,2026-09-20,2026-09-16 20:14:22.621722+00:00,26.0,21.5,0.0,0,23.6,42.5,45,open-meteo,7.2,82.96
Saidia,Morocco,35.085,-2.2392,2026-09-21,2026-09-16 20:14:22.621722+00:00,25.6,20.7,0.0,3,18.6,32.8,45,open-meteo,5.61,84.07
Saidia,Morocco,35.085,-2.2392,2026-09-22,2026-09-16 20:14:22.621722+00:00,25.6,21.6,0.0,0,14.8,25.6,45,open-meteo,4.41,84.91
Itzer,Morocco,32.8808,-5.0542,2026-09-16,2026-09-16 20:14:22.702657+00:00,24.7,14.7,0.0,0,21.9,36.4,1,open-meteo,6.38,95.53
Itzer,Morocco,32.8808,-5.0542,2026-09-17,2026-09-16 20:14:22.702657+00:00,26.6,12.5,0.0,5,25.3,43.6,3,open-meteo,7.52,88.74
Itzer,Morocco,32.8808,-5.0542,2026-09-18,2026-09-16 20:14:22.702657+00:00,25.9,12.7,0.0,0,24.1,39.6,3,open-meteo,6.97,89.12
Itzer,Morocco,32.8808,-5.0542,2026-09-19,2026-09-16 20:14:22.702657+00:00,27.0,13.0,0.0,18,22.8,36.7,3,open-meteo,6.52,89.44
Itzer,Morocco,32.8808,-5.0542,2026-09-20,2026-09-16 20:14:22.702657+00:00,27.8,14.3,0.3,30,9.4,23.4,3,open-meteo,3.92,91.26
Itzer,Morocco,32.8808,-5.0542,2026-09-21,2026-09-16 20:14:22.702657+00:00,28.3,13.6,0.0,25,23.9,40.7,3,open-meteo,7.06,89.06
Itzer,Morocco,32.8808,-5.0542,2026-09-22,2026-09-16 20:14:22.702657+00:00,26.8,13.9,0.0,25,19.8,33.5,3,open-meteo,5.83,89.92
Oulad Slim,Morocco,32.7775,-7.7725,2026-09-16,2026-09-16 20:14:22.787651+00:00,32.2,19.3,0.0,0,19.9,38.2,3,open-meteo,6.31,89.58
Oulad Slim,Morocco,32.7775,-7.7725,2026-09-17,2026-09-16 20:14:22.787651+00:00,29.0,17.3,0.0,0,20.3,39.6,3,open-meteo,6.5,89.45
Oulad Slim,Morocco,32.7775,-7.7725,2026-09-18,2026-09-16 20:14:22.787651+00:00,30.6,16.7,0.0,0,20.2,38.5,45,open-meteo,6.38,83.53
Oulad Slim,Morocco,32.7775,-7.7725,2026-09-19,2026-09-16 20:14:22.787651+00:00,34.4,16.8,0.0,0,19.2,36.4,2,open-meteo,6.04,92.77
Oulad Slim,Morocco,32.7775,-7.7725,2026-09-20,2026-09-16 20:14:22.787651+00:00,38.6,22.3,0.6,8,18.7,36.0,80,open-meteo,21.14,68.7
Oulad Slim,Morocco,32.7775,-7.7725,2026-09-21,2026-09-16 20:14:22.787651+00:00,34.9,24.2,0.0,0,14.8,27.0,3,open-meteo,4.55,90.81
Oulad Slim,Morocco,32.7775,-7.7725,2026-09-22,2026-09-16 20:14:22.787651+00:00,37.2,18.8,0.0,0,20.6,37.1,1,open-meteo,15.09,89.44
Laqraqra,Morocco,32.4051,-7.1484,2026-09-16,2026-09-16 20:14:22.868935+00:00,35.7,20.8,0.0,0,17.1,30.2,3,open-meteo,7.96,88.43
Laqraqra,Morocco,32.4051,-7.1484,2026-09-17,2026-09-16 20:14:22.868935+00:00,32.7,17.1,0.0,0,15.3,27.0,3,open-meteo,4.61,90.77
Laqraqra,Morocco,32.4051,-7.1484,2026-09-18,2026-09-16 20:14:22.868935+00:00,33.3,17.9,0.0,0,15.1,26.3,3,open-meteo,4.52,90.84
Laqraqra,Morocco,32.4051,-7.1484,2026-09-19,2026-09-16 20:14:22.868935+00:00,37.7,19.0,0.0,0,13.5,24.8,2,open-meteo,14.97,86.52
Laqraqra,Morocco,32.4051,-7.1484,2026-09-20,2026-09-16 20:14:22.868935+00:00,40.6,22.9,0.0,5,9.1,18.7,3,open-meteo,25.41,76.21
Laqraqra,Morocco,32.4051,-7.1484,2026-09-21,2026-09-16 20:14:22.868935+00:00,38.0,24.3,0.6,0,14.0,24.5,3,open-meteo,17.0,82.1
Laqraqra,Morocco,32.4051,-7.1484,2026-09-22,2026-09-16 20:14:22.868935+00:00,38.1,20.2,0.0,0,20.8,34.6,1,open-meteo,18.46,87.08
Abadou,Morocco,31.605,-7.2996,2026-09-16,2026-09-16 20:14:22.958354+00:00,30.9,19.0,0.0,0,16.1,34.9,1,open-meteo,5.5,96.15
Abadou,Morocco,31.605,-7.2996,2026-09-17,2026-09-16 20:14:22.958354+00:00,27.2,16.6,0.0,3,12.0,28.4,3,open-meteo,4.34,90.96
Abadou,Morocco,31.605,-7.2996,2026-09-18,2026-09-16 20:14:22.958354+00:00,28.5,15.7,0.0,0,11.7,26.6,3,open-meteo,4.12,91.12
Abadou,Morocco,31.605,-7.2996,2026-09-19,2026-09-16 20:14:22.958354+00:00,32.4,19.7,0.0,15,17.3,37.1,2,open-meteo,5.87,92.89
Abadou,Morocco,31.605,-7.2996,2026-09-20,2026-09-16 20:14:22.958354+00:00,35.3,23.7,0.0,23,16.5,38.9,3,open-meteo,7.15,88.99
Abadou,Morocco,31.605,-7.2996,2026-09-21,2026-09-16 20:14:22.958354+00:00,32.4,23.4,0.0,3,16.4,31.7,3,open-meteo,5.22,90.35
Abadou,Morocco,31.605,-7.2996,2026-09-22,2026-09-16 20:14:22.958354+00:00,33.0,23.3,0.0,3,21.2,41.8,2,open-meteo,6.83,92.22
Figuig,Morocco,32.1167,-1.2269,2026-09-16,2026-09-16 20:14:24.834123+00:00,33.5,25.0,0.0,5,17.0,30.2,3,open-meteo,5.15,90.39
Figuig,Morocco,32.1167,-1.2269,2026-09-17,2026-09-16 20:14:24.834123+00:00,34.1,22.7,0.0,10,18.5,32.8,3,open-meteo,5.59,90.09
Figuig,Morocco,32.1167,-1.2269,2026-09-18,2026-09-16 20:14:24.834123+00:00,30.5,23.2,0.6,29,18.6,44.3,3,open-meteo,7.56,88.71
Figuig,Morocco,32.1167,-1.2269,2026-09-19,2026-09-16 20:14:24.834123+00:00,31.6,21.2,0.2,15,18.8,34.6,3,open-meteo,6.08,89.74
Figuig,Morocco,32.1167,-1.2269,2026-09-20,2026-09-16 20:14:24.834123+00:00,32.4,21.3,0.6,13,10.4,34.2,3,open-meteo,5.52,90.14
Figuig,Morocco,32.1167,-1.2269,2026-09-21,2026-09-16 20:14:24.834123+00:00,27.5,21.3,3.15,28,18.1,32.9,80,open-meteo,9.75,76.67
Figuig,Morocco,32.1167,-1.2269,2026-09-22,2026-09-16 20:14:24.834123+00:00,28.0,19.2,0.0,28,5.8,14.8,3,open-meteo,2.21,92.45
Lamsabih,Morocco,32.2933,-8.6889,2026-09-16,2026-09-16 20:14:24.912178+00:00,32.2,20.2,0.0,0,21.3,36.7,3,open-meteo,6.33,89.57
Lamsabih,Morocco,32.2933,-8.6889,2026-09-17,2026-09-16 20:14:24.912178+00:00,28.5,18.7,0.0,0,20.6,36.0,3,open-meteo,6.17,89.68
Lamsabih,Morocco,32.2933,-8.6889,2026-09-18,2026-09-16 20:14:24.912178+00:00,30.3,17.8,0.0,0,19.5,33.8,45,open-meteo,5.82,83.93
Lamsabih,Morocco,32.2933,-8.6889,2026-09-19,2026-09-16 20:14:24.912178+00:00,33.0,17.6,0.0,0,17.2,30.6,2,open-meteo,5.21,93.35
Lamsabih,Morocco,32.2933,-8.6889,2026-09-20,2026-09-16 20:14:24.912178+00:00,38.3,21.9,0.0,3,15.7,36.4,2,open-meteo,18.8,83.84
Lamsabih,Morocco,32.2933,-8.6889,2026-09-21,2026-09-16 20:14:24.912178+00:00,35.9,22.0,0.0,0,16.1,32.8,2,open-meteo,8.89,90.78
Lamsabih,Morocco,32.2933,-8.6889,2026-09-22,2026-09-16 20:14:24.912178+00:00,36.7,18.7,0.0,3,18.4,36.4,3,open-meteo,12.74,85.08
Bouderbala,Morocco,33.8123,-5.2871,2026-09-16,2026-09-16 20:14:24.992918+00:00,30.4,17.7,0.0,0,17.7,33.8,1,open-meteo,5.59,96.09
Bouderbala,Morocco,33.8123,-5.2871,2026-09-17,2026-09-16 20:14:24.992918+00:00,27.6,15.4,0.0,0,14.2,27.0,45,open-meteo,4.47,84.87
Bouderbala,Morocco,33.8123,-5.2871,2026-09-18,2026-09-16 20:14:24.992918+00:00,28.3,16.0,0.0,0,16.4,30.2,3,open-meteo,5.07,90.45
Bouderbala,Morocco,33.8123,-5.2871,2026-09-19,2026-09-16 20:14:24.992918+00:00,32.3,17.5,0.0,0,19.4,36.0,2,open-meteo,6.02,92.79
Bouderbala,Morocco,33.8123,-5.2871,2026-09-20,2026-09-16 20:14:24.992918+00:00,34.3,19.0,0.0,5,19.7,37.4,2,open-meteo,6.2,92.66
Bouderbala,Morocco,33.8123,-5.2871,2026-09-21,2026-09-16 20:14:24.992918+00:00,33.4,19.1,0.0,3,20.3,40.7,1,open-meteo,6.61,95.37
Bouderbala,Morocco,33.8123,-5.2871,2026-09-22,2026-09-16 20:14:24.992918+00:00,32.5,22.0,0.3,3,17.3,36.7,3,open-meteo,6.23,89.64
El Khemis des Beni Chegdal,Morocco,32.4442,-6.955,2026-09-16,2026-09-16 20:14:25.081774+00:00,35.6,20.4,0.0,0,17.4,31.0,3,open-meteo,7.68,88.62
El Khemis des Beni Chegdal,Morocco,32.4442,-6.955,2026-09-17,2026-09-16 20:14:25.081774+00:00,33.3,16.5,0.0,0,15.1,27.7,3,open-meteo,4.66,90.74
El Khemis des Beni Chegdal,Morocco,32.4442,-6.955,2026-09-18,2026-09-16 20:14:25.081774+00:00,33.6,17.0,0.0,0,13.7,24.5,3,open-meteo,4.16,91.09
El Khemis des Beni Chegdal,Morocco,32.4442,-6.955,2026-09-19,2026-09-16 20:14:25.081774+00:00,37.9,18.1,0.0,0,12.3,24.1,2,open-meteo,15.55,86.11
El Khemis des Beni Chegdal,Morocco,32.4442,-6.955,2026-09-20,2026-09-16 20:14:25.081774+00:00,40.3,23.0,0.0,8,11.7,28.4,3,open-meteo,25.5,76.15
El Khemis des Beni Chegdal,Morocco,32.4442,-6.955,2026-09-21,2026-09-16 20:14:25.081774+00:00,37.6,24.2,0.9,3,11.3,20.9,3,open-meteo,15.1,83.43
El Khemis des Beni Chegdal,Morocco,32.4442,-6.955,2026-09-22,2026-09-16 20:14:25.081774+00:00,37.9,20.2,0.0,3,19.5,33.5,0,open-meteo,17.39,87.83
Douar Echbanat,Morocco,34.214,-5.3508,2026-09-16,2026-09-16 20:14:25.165386+00:00,31.7,20.5,0.0,0,21.3,41.4,2,open-meteo,6.8,92.24
Douar Echbanat,Morocco,34.214,-5.3508,2026-09-17,2026-09-16 20:14:25.165386+00:00,29.0,19.4,0.0,0,14.7,29.2,3,open-meteo,4.76,90.67
Douar Echbanat,Morocco,34.214,-5.3508,2026-09-18,2026-09-16 20:14:25.165386+00:00,31.3,17.7,0.0,0,13.1,25.6,45,open-meteo,4.2,85.06
Douar Echbanat,Morocco,34.214,-5.3508,2026-09-19,2026-09-16 20:14:25.165386+00:00,36.0,20.2,0.0,0,14.4,28.8,2,open-meteo,8.68,90.92
Douar Echbanat,Morocco,34.214,-5.3508,2026-09-20,2026-09-16 20:14:25.165386+00:00,37.6,23.3,0.0,0,15.1,32.0,1,open-meteo,15.49,89.16
Douar Echbanat,Morocco,34.214,-5.3508,2026-09-21,2026-09-16 20:14:25.165386+00:00,36.5,23.7,0.0,0,15.8,31.5,1,open-meteo,11.12,92.22
Douar Echbanat,Morocco,34.214,-5.3508,2026-09-22,2026-09-16 20:14:25.165386+00:00,36.9,22.9,0.0,0,9.9,21.2,3,open-meteo,10.96,86.33
Ain Beida,Morocco,34.9349,-5.4607,2026-09-16,2026-09-16 20:14:25.248936+00:00,29.9,18.4,0.0,0,17.9,36.4,2,open-meteo,5.88,92.88
Ain Beida,Morocco,34.9349,-5.4607,2026-09-17,2026-09-16 20:14:25.248936+00:00,28.9,17.3,0.0,0,15.6,32.8,3,open-meteo,5.23,90.34
Ain Beida,Morocco,34.9349,-5.4607,2026-09-18,2026-09-16 20:14:25.248936+00:00,31.1,15.9,0.0,0,15.7,31.3,3,open-meteo,5.09,90.44
Ain Beida,Morocco,34.9349,-5.4607,2026-09-19,2026-09-16 20:14:25.248936+00:00,33.0,19.8,0.0,0,15.5,33.8,1,open-meteo,5.32,96.28
Ain Beida,Morocco,34.9349,-5.4607,2026-09-20,2026-09-16 20:14:25.248936+00:00,34.2,22.4,0.0,0,12.3,38.5,0,open-meteo,5.39,96.23
Ain Beida,Morocco,34.9349,-5.4607,2026-09-21,2026-09-16 20:14:25.248936+00:00,36.2,21.8,0.0,0,9.7,30.2,2,open-meteo,9.03,90.68
Ain Beida,Morocco,34.9349,-5.4607,2026-09-22,2026-09-16 20:14:25.248936+00:00,35.5,20.5,0.0,0,9.9,21.6,1,open-meteo,5.4,96.22
Imi Mokorn,Morocco,30.1675,-9.2322,2026-09-16,2026-09-16 20:14:25.337209+00:00,34.7,24.3,0.0,0,24.2,39.6,1,open-meteo,6.98,95.11
Imi Mokorn,Morocco,30.1675,-9.2322,2026-09-17,2026-09-16 20:14:25.337209+00:00,28.0,20.9,0.0,0,33.7,55.4,3,open-meteo,9.75,87.17
Imi Mokorn,Morocco,30.1675,-9.2322,2026-09-18,2026-09-16 20:14:25.337209+00:00,28.3,19.7,0.0,0,26.0,42.1,2,open-meteo,7.46,91.78
Imi Mokorn,Morocco,30.1675,-9.2322,2026-09-19,2026-09-16 20:14:25.337209+00:00,28.5,20.1,0.0,0,21.2,34.9,2,open-meteo,6.14,92.7
Imi Mokorn,Morocco,30.1675,-9.2322,2026-09-20,2026-09-16 20:14:25.337209+00:00,29.0,20.9,0.0,0,22.4,36.4,2,open-meteo,6.44,92.49
Imi Mokorn,Morocco,30.1675,-9.2322,2026-09-21,2026-09-16 20:14:25.337209+00:00,35.2,22.3,0.0,0,15.0,24.8,3,open-meteo,5.16,90.39
Imi Mokorn,Morocco,30.1675,-9.2322,2026-09-22,2026-09-16 20:14:25.337209+00:00,39.2,25.4,0.0,0,12.8,22.0,3,open-meteo,20.6,79.58
Fezouane,Morocco,34.9164,-2.2042,2026-09-16,2026-09-16 20:14:25.420180+00:00,30.9,18.6,0.0,0,12.6,25.2,1,open-meteo,4.09,97.14
Fezouane,Morocco,34.9164,-2.2042,2026-09-17,2026-09-16 20:14:25.420180+00:00,24.7,18.2,0.0,0,12.2,23.8,3,open-meteo,3.91,91.26
Fezouane,Morocco,34.9164,-2.2042,2026-09-18,2026-09-16 20:14:25.420180+00:00,25.4,17.8,0.0,3,14.8,31.0,3,open-meteo,4.95,90.53
Fezouane,Morocco,34.9164,-2.2042,2026-09-19,2026-09-16 20:14:25.420180+00:00,25.8,18.4,0.0,0,19.9,38.5,45,open-meteo,6.34,83.56
Fezouane,Morocco,34.9164,-2.2042,2026-09-20,2026-09-16 20:14:25.420180+00:00,26.1,18.9,0.0,0,14.7,29.5,45,open-meteo,4.79,84.65
Fezouane,Morocco,34.9164,-2.2042,2026-09-21,2026-09-16 20:14:25.420180+00:00,26.6,18.6,0.0,3,14.6,29.2,45,open-meteo,4.75,84.67
Fezouane,Morocco,34.9164,-2.2042,2026-09-22,2026-09-16 20:14:25.420180+00:00,27.0,19.5,0.0,0,13.1,25.6,45,open-meteo,4.2,85.06
Douar Jwalla,Morocco,31.8878,-7.4411,2026-09-16,2026-09-16 20:14:25.508933+00:00,33.7,20.1,0.0,0,18.6,32.4,1,open-meteo,5.57,96.1
Douar Jwalla,Morocco,31.8878,-7.4411,2026-09-17,2026-09-16 20:14:25.508933+00:00,29.9,16.7,0.0,0,15.5,28.8,3,open-meteo,4.82,90.63
Douar Jwalla,Morocco,31.8878,-7.4411,2026-09-18,2026-09-16 20:14:25.508933+00:00,30.9,17.1,0.0,0,13.8,25.6,2,open-meteo,4.29,94.0
Douar Jwalla,Morocco,31.8878,-7.4411,2026-09-19,2026-09-16 20:14:25.508933+00:00,35.0,19.0,0.0,0,17.3,31.7,2,open-meteo,5.33,93.27
Douar Jwalla,Morocco,31.8878,-7.4411,2026-09-20,2026-09-16 20:14:25.508933+00:00,38.0,22.1,0.3,23,19.7,37.4,3,open-meteo,18.6,80.98
Douar Jwalla,Morocco,31.8878,-7.4411,2026-09-21,2026-09-16 20:14:25.508933+00:00,35.9,22.3,0.0,3,16.8,28.1,3,open-meteo,8.51,88.04
Douar Jwalla,Morocco,31.8878,-7.4411,2026-09-22,2026-09-16 20:14:25.508933+00:00,36.9,23.1,0.0,3,23.5,38.2,3,open-meteo,14.36,83.95
Sidi Rahhal,Morocco,31.6667,-7.4833,2026-09-16,2026-09-16 20:14:25.590976+00:00,33.0,19.5,0.0,0,16.2,31.3,0,open-meteo,5.16,96.39
Sidi Rahhal,Morocco,31.6667,-7.4833,2026-09-17,2026-09-16 20:14:25.590976+00:00,29.2,17.1,0.0,3,11.8,23.8,2,open-meteo,3.85,94.3
Sidi Rahhal,Morocco,31.6667,-7.4833,2026-09-18,2026-09-16 20:14:25.590976+00:00,30.5,17.2,0.0,0,10.1,20.5,2,open-meteo,3.31,94.68
Sidi Rahhal,Morocco,31.6667,-7.4833,2026-09-19,2026-09-16 20:14:25.590976+00:00,34.6,19.5,0.0,5,13.4,26.3,2,open-meteo,4.31,93.98
Sidi Rahhal,Morocco,31.6667,-7.4833,2026-09-20,2026-09-16 20:14:25.590976+00:00,37.4,23.3,0.0,28,17.8,36.7,3,open-meteo,15.49,83.16
Sidi Rahhal,Morocco,31.6667,-7.4833,2026-09-21,2026-09-16 20:14:25.590976+00:00,35.5,23.9,0.0,5,15.0,28.1,3,open-meteo,6.69,89.32
Sidi Rahhal,Morocco,31.6667,-7.4833,2026-09-22,2026-09-16 20:14:25.590976+00:00,35.3,25.4,0.0,5,19.6,37.8,3,open-meteo,7.43,88.8
Sidi Lahsene,Morocco,34.0999,-2.6219,2026-09-16,2026-09-16 20:14:25.670438+00:00,29.6,16.4,0.0,0,22.3,44.3,0,open-meteo,7.22,94.95
Sidi Lahsene,Morocco,34.0999,-2.6219,2026-09-17,2026-09-16 20:14:25.670438+00:00,26.7,15.5,0.0,5,14.3,29.9,3,open-meteo,4.78,90.65
Sidi Lahsene,Morocco,34.0999,-2.6219,2026-09-18,2026-09-16 20:14:25.670438+00:00,27.9,13.8,0.0,3,15.5,32.8,3,open-meteo,5.22,90.35
Sidi Lahsene,Morocco,34.0999,-2.6219,2026-09-19,2026-09-16 20:14:25.670438+00:00,29.8,15.4,0.0,8,17.6,35.3,45,open-meteo,5.73,83.99
Sidi Lahsene,Morocco,34.0999,-2.6219,2026-09-20,2026-09-16 20:14:25.670438+00:00,27.3,17.0,0.0,8,17.0,34.2,45,open-meteo,5.54,84.12
Sidi Lahsene,Morocco,34.0999,-2.6219,2026-09-21,2026-09-16 20:14:25.670438+00:00,28.4,16.8,0.0,3,15.5,33.1,45,open-meteo,5.25,84.33
Sidi Lahsene,Morocco,34.0999,-2.6219,2026-09-22,2026-09-16 20:14:25.670438+00:00,29.1,14.8,0.6,3,14.0,28.4,45,open-meteo,5.39,84.23
Tawnza,Morocco,32.0944,-6.6025,2026-09-16,2026-09-16 20:14:25.749930+00:00,32.3,19.0,0.0,0,16.4,34.9,0,open-meteo,5.54,96.12
Tawnza,Morocco,32.0944,-6.6025,2026-09-17,2026-09-16 20:14:25.749930+00:00,29.4,16.8,0.0,0,12.9,27.0,2,open-meteo,4.31,93.98
Tawnza,Morocco,32.0944,-6.6025,2026-09-18,2026-09-16 20:14:25.749930+00:00,30.8,16.5,0.0,0,13.6,28.1,3,open-meteo,4.51,90.84
Tawnza,Morocco,32.0944,-6.6025,2026-09-19,2026-09-16 20:14:25.749930+00:00,34.8,20.9,0.0,0,13.4,28.1,3,open-meteo,4.49,90.86
Tawnza,Morocco,32.0944,-6.6025,2026-09-20,2026-09-16 20:14:25.749930+00:00,36.6,24.2,0.0,5,16.7,32.8,3,open-meteo,11.77,85.76
Tawnza,Morocco,32.0944,-6.6025,2026-09-21,2026-09-16 20:14:25.749930+00:00,35.1,24.0,1.2,8,16.0,34.6,80,open-meteo,7.46,78.28
Tawnza,Morocco,32.0944,-6.6025,2026-09-22,2026-09-16 20:14:25.749930+00:00,35.6,24.9,0.0,8,20.4,41.8,0,open-meteo,9.13,93.61
Zaggota,Morocco,34.1667,-5.5333,2026-09-16,2026-09-16 20:14:25.830017+00:00,30.2,19.7,0.0,0,22.3,46.4,2,open-meteo,7.43,91.8
Zaggota,Morocco,34.1667,-5.5333,2026-09-17,2026-09-16 20:14:25.830017+00:00,27.9,18.4,0.0,0,14.3,31.0,3,open-meteo,4.89,90.58
Zaggota,Morocco,34.1667,-5.5333,2026-09-18,2026-09-16 20:14:25.830017+00:00,30.1,17.0,0.0,0,14.8,36.0,3,open-meteo,5.45,90.18
Zaggota,Morocco,34.1667,-5.5333,2026-09-19,2026-09-16 20:14:25.830017+00:00,34.7,19.7,0.0,0,19.5,52.9,2,open-meteo,7.73,91.59
Zaggota,Morocco,34.1667,-5.5333,2026-09-20,2026-09-16 20:14:25.830017+00:00,36.6,23.4,0.0,0,20.6,58.7,1,open-meteo,14.85,89.6
Zaggota,Morocco,34.1667,-5.5333,2026-09-21,2026-09-16 20:14:25.830017+00:00,34.6,23.6,0.0,0,18.1,55.4,1,open-meteo,7.8,94.54
Zaggota,Morocco,34.1667,-5.5333,2026-09-22,2026-09-16 20:14:25.830017+00:00,34.6,20.7,0.0,0,12.4,26.6,3,open-meteo,4.21,91.05
Toundout,Morocco,31.2647,-6.5906,2026-09-16,2026-09-16 20:14:25.909763+00:00,29.2,18.1,0.0,0,25.2,38.5,2,open-meteo,7.0,92.1
Toundout,Morocco,31.2647,-6.5906,2026-09-17,2026-09-16 20:14:25.909763+00:00,27.0,20.1,0.8,38,20.2,33.5,80,open-meteo,6.94,78.64
Toundout,Morocco,31.2647,-6.5906,2026-09-18,2026-09-16 20:14:25.909763+00:00,27.4,17.5,1.0,22,16.9,30.2,80,open-meteo,6.47,78.97
Toundout,Morocco,31.2647,-6.5906,2026-09-19,2026-09-16 20:14:25.909763+00:00,28.2,19.6,0.2,13,31.0,45.7,3,open-meteo,8.71,87.9
Toundout,Morocco,31.2647,-6.5906,2026-09-20,2026-09-16 20:14:25.909763+00:00,28.4,20.5,0.0,15,23.4,36.0,3,open-meteo,6.53,89.43
Toundout,Morocco,31.2647,-6.5906,2026-09-21,2026-09-16 20:14:25.909763+00:00,27.1,20.0,1.2,30,16.4,29.5,80,open-meteo,6.6,78.88
Toundout,Morocco,31.2647,-6.5906,2026-09-22,2026-09-16 20:14:25.909763+00:00,28.8,18.7,0.0,30,25.8,46.8,3,open-meteo,7.91,88.46
Aïn Zohra,Morocco,34.1,-6.35,2026-09-16,2026-09-16 20:14:25.990051+00:00,28.7,20.0,0.0,0,20.9,36.7,2,open-meteo,6.28,92.6
Aïn Zohra,Morocco,34.1,-6.35,2026-09-17,2026-09-16 20:14:25.990051+00:00,28.5,17.3,0.0,0,13.8,24.1,3,open-meteo,4.14,91.1
Aïn Zohra,Morocco,34.1,-6.35,2026-09-18,2026-09-16 20:14:25.990051+00:00,30.1,16.3,0.0,0,17.9,30.6,45,open-meteo,5.3,84.29
Aïn Zohra,Morocco,34.1,-6.35,2026-09-19,2026-09-16 20:14:25.990051+00:00,35.6,16.5,0.0,0,20.6,35.6,2,open-meteo,8.54,91.02
Aïn Zohra,Morocco,34.1,-6.35,2026-09-20,2026-09-16 20:14:25.990051+00:00,39.3,21.4,0.0,3,17.9,32.8,3,open-meteo,22.72,78.1
Aïn Zohra,Morocco,34.1,-6.35,2026-09-21,2026-09-16 20:14:25.990051+00:00,37.9,22.3,0.0,0,14.8,31.7,1,open-meteo,16.62,88.37
Aïn Zohra,Morocco,34.1,-6.35,2026-09-22,2026-09-16 20:14:25.990051+00:00,34.3,19.6,0.0,0,16.0,28.4,3,open-meteo,4.84,90.61
Ben Qarrich,Morocco,35.5109,-5.4205,2026-09-16,2026-09-16 20:14:26.070358+00:00,32.1,17.5,0.0,0,27.2,50.4,3,open-meteo,8.44,88.09
Ben Qarrich,Morocco,35.5109,-5.4205,2026-09-17,2026-09-16 20:14:26.070358+00:00,28.3,12.4,0.0,0,12.8,25.2,3,open-meteo,4.12,91.12
Ben Qarrich,Morocco,35.5109,-5.4205,2026-09-18,2026-09-16 20:14:26.070358+00:00,27.3,15.5,0.0,0,19.2,39.6,3,open-meteo,6.36,89.55
Ben Qarrich,Morocco,35.5109,-5.4205,2026-09-19,2026-09-16 20:14:26.070358+00:00,26.9,20.5,0.0,0,27.1,56.2,2,open-meteo,9.01,90.69
Ben Qarrich,Morocco,35.5109,-5.4205,2026-09-20,2026-09-16 20:14:26.070358+00:00,27.0,21.2,0.0,0,28.7,63.4,1,open-meteo,9.93,93.05
Ben Qarrich,Morocco,35.5109,-5.4205,2026-09-21,2026-09-16 20:14:26.070358+00:00,27.0,20.9,0.0,0,22.9,63.7,2,open-meteo,9.23,90.54
Ben Qarrich,Morocco,35.5109,-5.4205,2026-09-22,2026-09-16 20:14:26.070358+00:00,27.8,20.2,0.0,0,15.0,46.4,2,open-meteo,6.51,92.44
Bou Zemou,Morocco,32.1114,-5.5197,2026-09-16,2026-09-16 20:14:26.151263+00:00,19.6,9.5,0.0,0,23.2,43.9,1,open-meteo,7.29,94.9
Bou Zemou,Morocco,32.1114,-5.5197,2026-09-17,2026-09-16 20:14:26.151263+00:00,20.7,10.3,5.9,83,23.2,53.3,95,open-meteo,16.1,61.73
Bou Zemou,Morocco,32.1114,-5.5197,2026-09-18,2026-09-16 20:14:26.151263+00:00,20.5,8.8,0.3,52,25.2,43.9,3,open-meteo,7.94,88.44
Bou Zemou,Morocco,32.1114,-5.5197,2026-09-19,2026-09-16 20:14:26.151263+00:00,20.4,10.3,0.6,53,17.0,29.5,80,open-meteo,5.88,79.38
Bou Zemou,Morocco,32.1114,-5.5197,2026-09-20,2026-09-16 20:14:26.151263+00:00,20.7,11.7,1.2,58,10.9,28.4,80,open-meteo,5.8,79.44
Bou Zemou,Morocco,32.1114,-5.5197,2026-09-21,2026-09-16 20:14:26.151263+00:00,20.7,11.0,2.1,42,29.3,58.7,80,open-meteo,12.33,74.87
Bou Zemou,Morocco,32.1114,-5.5197,2026-09-22,2026-09-16 20:14:26.151263+00:00,21.1,9.7,0.0,43,26.3,49.7,1,open-meteo,8.26,94.22
Douar Ezzerarda,Morocco,33.9743,-4.3788,2026-09-16,2026-09-16 20:14:26.232858+00:00,29.6,18.6,0.0,0,17.1,31.7,2,open-meteo,5.31,93.28
Douar Ezzerarda,Morocco,33.9743,-4.3788,2026-09-17,2026-09-16 20:14:26.232858+00:00,27.1,15.6,0.0,0,14.5,26.6,45,open-meteo,4.47,84.87
Douar Ezzerarda,Morocco,33.9743,-4.3788,2026-09-18,2026-09-16 20:14:26.232858+00:00,29.2,16.1,0.0,0,18.8,38.2,3,open-meteo,6.17,89.68
Douar Ezzerarda,Morocco,33.9743,-4.3788,2026-09-19,2026-09-16 20:14:26.232858+00:00,32.0,19.2,0.0,0,21.7,42.8,2,open-meteo,6.99,92.11
Douar Ezzerarda,Morocco,33.9743,-4.3788,2026-09-20,2026-09-16 20:14:26.232858+00:00,33.4,20.6,0.0,3,17.7,42.8,2,open-meteo,6.49,92.46
Douar Ezzerarda,Morocco,33.9743,-4.3788,2026-09-21,2026-09-16 20:14:26.232858+00:00,30.9,19.8,0.0,0,15.1,29.2,1,open-meteo,4.81,96.63
Douar Ezzerarda,Morocco,33.9743,-4.3788,2026-09-22,2026-09-16 20:14:26.232858+00:00,32.2,19.0,0.0,0,10.9,20.9,2,open-meteo,3.45,94.58
Sidi Ouassay,Morocco,30.05,-9.6833,2026-09-16,2026-09-16 20:14:26.313996+00:00,27.6,21.3,0.0,0,18.8,34.2,1,open-meteo,5.77,95.96
Sidi Ouassay,Morocco,30.05,-9.6833,2026-09-17,2026-09-16 20:14:26.313996+00:00,23.9,20.8,0.0,0,24.0,40.0,3,open-meteo,7.0,89.1
Sidi Ouassay,Morocco,30.05,-9.6833,2026-09-18,2026-09-16 20:14:26.313996+00:00,24.2,20.4,0.0,0,21.1,32.8,2,open-meteo,5.92,92.86
Sidi Ouassay,Morocco,30.05,-9.6833,2026-09-19,2026-09-16 20:14:26.313996+00:00,25.1,21.0,0.0,0,17.9,29.5,3,open-meteo,5.19,90.37
Sidi Ouassay,Morocco,30.05,-9.6833,2026-09-20,2026-09-16 20:14:26.313996+00:00,25.9,21.0,0.0,0,19.1,32.4,2,open-meteo,5.63,93.06
Sidi Ouassay,Morocco,30.05,-9.6833,2026-09-21,2026-09-16 20:14:26.313996+00:00,28.7,20.3,0.0,0,15.7,27.0,45,open-meteo,4.66,84.74
Sidi Ouassay,Morocco,30.05,-9.6833,2026-09-22,2026-09-16 20:14:26.313996+00:00,36.9,21.5,0.0,0,11.2,22.7,3,open-meteo,11.27,86.11
Amtar,Morocco,35.2425,-4.7925,2026-09-16,2026-09-16 20:14:26.398636+00:00,28.5,22.9,0.0,0,10.2,19.1,45,open-meteo,3.19,85.77
Amtar,Morocco,35.2425,-4.7925,2026-09-17,2026-09-16 20:14:26.398636+00:00,24.5,20.8,0.0,5,8.7,16.6,45,open-meteo,2.75,86.07
Amtar,Morocco,35.2425,-4.7925,2026-09-18,2026-09-16 20:14:26.398636+00:00,24.9,20.9,0.0,0,10.0,18.7,3,open-meteo,3.12,91.82
Amtar,Morocco,35.2425,-4.7925,2026-09-19,2026-09-16 20:14:26.398636+00:00,24.7,21.4,0.6,0,13.0,25.6,45,open-meteo,4.99,84.51
Amtar,Morocco,35.2425,-4.7925,2026-09-20,2026-09-16 20:14:26.398636+00:00,24.2,21.9,0.6,5,12.8,24.8,45,open-meteo,4.88,84.58
Amtar,Morocco,35.2425,-4.7925,2026-09-21,2026-09-16 20:14:26.398636+00:00,25.8,21.8,0.0,0,11.4,20.2,45,open-meteo,3.45,85.58
Amtar,Morocco,35.2425,-4.7925,2026-09-22,2026-09-16 20:14:26.398636+00:00,26.0,22.1,0.0,0,9.7,17.6,2,open-meteo,2.97,94.92
Bni Oual,Morocco,34.6748,-5.6495,2026-09-16,2026-09-16 20:14:26.480141+00:00,30.5,18.4,0.0,0,18.1,37.1,2,open-meteo,5.97,92.82
Bni Oual,Morocco,34.6748,-5.6495,2026-09-17,2026-09-16 20:14:26.480141+00:00,29.8,18.0,0.0,0,13.0,25.9,3,open-meteo,4.22,91.05
Bni Oual,Morocco,34.6748,-5.6495,2026-09-18,2026-09-16 20:14:26.480141+00:00,32.1,15.8,0.0,0,14.0,29.2,45,open-meteo,4.67,84.73
Bni Oual,Morocco,34.6748,-5.6495,2026-09-19,2026-09-16 20:14:26.480141+00:00,36.7,17.4,0.0,0,14.0,28.4,1,open-meteo,11.39,92.03
Bni Oual,Morocco,34.6748,-5.6495,2026-09-20,2026-09-16 20:14:26.480141+00:00,38.3,21.0,0.0,0,17.2,35.6,1,open-meteo,18.91,86.76
Bni Oual,Morocco,34.6748,-5.6495,2026-09-21,2026-09-16 20:14:26.480141+00:00,37.0,22.1,0.0,0,15.1,31.8,1,open-meteo,13.07,90.85
Bni Oual,Morocco,34.6748,-5.6495,2026-09-22,2026-09-16 20:14:26.480141+00:00,36.7,21.9,0.0,0,12.1,25.6,1,open-meteo,10.87,92.39
Tourza,Morocco,29.3885,-9.9607,2026-09-16,2026-09-16 20:14:26.562351+00:00,29.5,19.2,0.0,0,14.9,32.8,1,open-meteo,5.14,96.4
Tourza,Morocco,29.3885,-9.9607,2026-09-17,2026-09-16 20:14:26.562351+00:00,22.2,17.6,0.8,16,22.2,42.8,51,open-meteo,8.12,86.82
Tourza,Morocco,29.3885,-9.9607,2026-09-18,2026-09-16 20:14:26.562351+00:00,24.0,16.1,0.0,0,15.2,32.8,3,open-meteo,5.18,90.37
Tourza,Morocco,29.3885,-9.9607,2026-09-19,2026-09-16 20:14:26.562351+00:00,25.7,17.5,0.0,0,10.7,26.3,3,open-meteo,3.97,91.22
Tourza,Morocco,29.3885,-9.9607,2026-09-20,2026-09-16 20:14:26.562351+00:00,28.1,18.0,0.0,2,13.2,29.9,2,open-meteo,4.64,93.75
Tourza,Morocco,29.3885,-9.9607,2026-09-21,2026-09-16 20:14:26.562351+00:00,34.4,23.6,0.0,0,11.1,24.8,0,open-meteo,3.87,97.29
Tourza,Morocco,29.3885,-9.9607,2026-09-22,2026-09-16 20:14:26.562351+00:00,32.8,25.3,0.0,0,10.4,25.9,0,open-meteo,3.89,97.28
Tiztoutine,Morocco,34.9716,-3.1527,2026-09-16,2026-09-16 20:14:26.642664+00:00,33.4,17.9,0.0,0,15.2,26.3,2,open-meteo,4.53,93.83
Tiztoutine,Morocco,34.9716,-3.1527,2026-09-17,2026-09-16 20:14:26.642664+00:00,28.3,17.5,0.0,0,18.1,31.7,45,open-meteo,5.43,84.2
Tiztoutine,Morocco,34.9716,-3.1527,2026-09-18,2026-09-16 20:14:26.642664+00:00,27.8,17.6,0.0,0,23.2,41.0,45,open-meteo,7.0,83.1
Tiztoutine,Morocco,34.9716,-3.1527,2026-09-19,2026-09-16 20:14:26.642664+00:00,26.7,20.6,0.0,0,28.5,51.1,45,open-meteo,8.67,81.93
Tiztoutine,Morocco,34.9716,-3.1527,2026-09-20,2026-09-16 20:14:26.642664+00:00,25.8,21.3,0.0,0,26.0,46.4,3,open-meteo,7.89,88.48
Tiztoutine,Morocco,34.9716,-3.1527,2026-09-21,2026-09-16 20:14:26.642664+00:00,27.0,20.7,0.0,3,25.5,46.1,3,open-meteo,7.8,88.54
Tiztoutine,Morocco,34.9716,-3.1527,2026-09-22,2026-09-16 20:14:26.642664+00:00,28.8,19.5,0.0,0,17.9,35.3,2,open-meteo,5.77,92.96
Arbaa Ayacha,Morocco,35.383,-5.8333,2026-09-16,2026-09-16 20:14:26.721545+00:00,29.8,18.9,0.0,0,20.9,40.7,3,open-meteo,6.68,89.32
Arbaa Ayacha,Morocco,35.383,-5.8333,2026-09-17,2026-09-16 20:14:26.721545+00:00,28.9,16.6,0.0,0,14.8,30.2,3,open-meteo,4.87,90.59
Arbaa Ayacha,Morocco,35.383,-5.8333,2026-09-18,2026-09-16 20:14:26.721545+00:00,31.4,14.2,0.0,0,17.2,35.3,2,open-meteo,5.68,93.02
Arbaa Ayacha,Morocco,35.383,-5.8333,2026-09-19,2026-09-16 20:14:26.721545+00:00,32.3,21.7,0.0,0,27.4,54.0,1,open-meteo,8.82,93.83
Arbaa Ayacha,Morocco,35.383,-5.8333,2026-09-20,2026-09-16 20:14:26.721545+00:00,33.6,24.6,0.0,0,24.0,47.5,0,open-meteo,7.75,94.58
Arbaa Ayacha,Morocco,35.383,-5.8333,2026-09-21,2026-09-16 20:14:26.721545+00:00,35.2,24.2,0.0,0,17.6,35.3,0,open-meteo,6.53,95.43
Arbaa Ayacha,Morocco,35.383,-5.8333,2026-09-22,2026-09-16 20:14:26.721545+00:00,34.5,21.6,0.0,0,14.3,28.4,1,open-meteo,4.63,96.76
Foum Zguid,Morocco,30.0861,-6.8736,2026-09-16,2026-09-16 20:14:26.805084+00:00,38.5,27.3,0.0,0,16.3,44.6,3,open-meteo,20.5,79.65
Foum Zguid,Morocco,30.0861,-6.8736,2026-09-17,2026-09-16 20:14:26.805084+00:00,35.6,28.4,0.3,10,19.7,37.1,3,open-meteo,8.97,87.72
Foum Zguid,Morocco,30.0861,-6.8736,2026-09-18,2026-09-16 20:14:26.805084+00:00,37.0,25.8,0.0,3,18.8,32.0,3,open-meteo,13.55,84.52
Foum Zguid,Morocco,30.0861,-6.8736,2026-09-19,2026-09-16 20:14:26.805084+00:00,37.2,26.8,0.0,0,20.2,36.4,2,open-meteo,14.97,86.52
Foum Zguid,Morocco,30.0861,-6.8736,2026-09-20,2026-09-16 20:14:26.805084+00:00,36.9,27.4,0.0,3,21.7,37.4,2,open-meteo,14.05,87.16
Foum Zguid,Morocco,30.0861,-6.8736,2026-09-21,2026-09-16 20:14:26.805084+00:00,36.6,27.8,0.0,3,24.7,40.7,2,open-meteo,13.56,87.51
Foum Zguid,Morocco,30.0861,-6.8736,2026-09-22,2026-09-16 20:14:26.805084+00:00,35.4,24.7,0.3,5,16.4,32.4,3,open-meteo,7.29,88.9
Tizi Ouzli,Morocco,34.7625,-3.7953,2026-09-16,2026-09-16 20:14:26.891310+00:00,28.5,17.1,0.0,3,24.4,61.9,3,open-meteo,9.24,87.53
Tizi Ouzli,Morocco,34.7625,-3.7953,2026-09-17,2026-09-16 20:14:26.891310+00:00,26.0,15.1,0.0,0,16.7,41.0,45,open-meteo,6.19,83.67
Tizi Ouzli,Morocco,34.7625,-3.7953,2026-09-18,2026-09-16 20:14:26.891310+00:00,23.6,13.4,0.0,3,21.2,45.7,45,open-meteo,7.22,82.95
Tizi Ouzli,Morocco,34.7625,-3.7953,2026-09-19,2026-09-16 20:14:26.891310+00:00,23.2,13.8,0.0,0,18.7,39.6,45,open-meteo,6.3,83.59
Tizi Ouzli,Morocco,34.7625,-3.7953,2026-09-20,2026-09-16 20:14:26.891310+00:00,22.9,15.1,0.0,3,16.5,36.0,45,open-meteo,5.66,84.04
Tizi Ouzli,Morocco,34.7625,-3.7953,2026-09-21,2026-09-16 20:14:26.891310+00:00,22.3,14.1,0.0,0,19.0,37.1,45,open-meteo,6.08,83.74
Tizi Ouzli,Morocco,34.7625,-3.7953,2026-09-22,2026-09-16 20:14:26.891310+00:00,24.6,13.4,0.0,5,13.1,27.4,2,open-meteo,4.38,93.93
Tadla,Morocco,32.4396,-8.3465,2026-09-16,2026-09-16 20:14:26.974148+00:00,31.4,18.9,0.0,0,21.6,39.6,3,open-meteo,6.66,89.34
Tadla,Morocco,32.4396,-8.3465,2026-09-17,2026-09-16 20:14:26.974148+00:00,28.0,16.9,0.0,0,21.3,39.6,2,open-meteo,6.62,92.37
Tadla,Morocco,32.4396,-8.3465,2026-09-18,2026-09-16 20:14:26.974148+00:00,29.4,16.5,0.0,0,19.9,37.1,45,open-meteo,6.2,83.66
Tadla,Morocco,32.4396,-8.3465,2026-09-19,2026-09-16 20:14:26.974148+00:00,33.0,16.2,0.0,0,18.7,34.9,2,open-meteo,5.83,92.92
Tadla,Morocco,32.4396,-8.3465,2026-09-20,2026-09-16 20:14:26.974148+00:00,38.1,21.1,0.0,0,14.8,36.0,3,open-meteo,17.85,81.5
Tadla,Morocco,32.4396,-8.3465,2026-09-21,2026-09-16 20:14:26.974148+00:00,35.6,21.1,0.0,3,17.4,32.4,2,open-meteo,7.82,91.53
Tadla,Morocco,32.4396,-8.3465,2026-09-22,2026-09-16 20:14:26.974148+00:00,36.6,15.5,0.0,0,18.6,34.9,45,open-meteo,12.22,79.45
Mirleft,Morocco,29.5782,-10.034,2026-09-16,2026-09-16 20:14:27.054535+00:00,27.3,21.1,0.0,0,11.6,19.8,2,open-meteo,3.43,94.6
Mirleft,Morocco,29.5782,-10.034,2026-09-17,2026-09-16 20:14:27.054535+00:00,23.2,20.4,0.0,0,20.9,33.1,3,open-meteo,5.92,89.86
Mirleft,Morocco,29.5782,-10.034,2026-09-18,2026-09-16 20:14:27.054535+00:00,23.5,20.3,0.0,0,14.1,22.0,3,open-meteo,3.96,91.23
Mirleft,Morocco,29.5782,-10.034,2026-09-19,2026-09-16 20:14:27.054535+00:00,25.2,21.2,0.0,0,10.8,18.4,3,open-meteo,3.19,91.77
Mirleft,Morocco,29.5782,-10.034,2026-09-20,2026-09-16 20:14:27.054535+00:00,26.1,21.1,0.0,0,15.5,24.5,2,open-meteo,4.39,93.93
Mirleft,Morocco,29.5782,-10.034,2026-09-21,2026-09-16 20:14:27.054535+00:00,26.5,20.8,0.0,0,8.8,15.8,3,open-meteo,2.68,92.12
Mirleft,Morocco,29.5782,-10.034,2026-09-22,2026-09-16 20:14:27.054535+00:00,31.6,22.3,0.0,0,10.5,18.7,3,open-meteo,3.18,91.77
Bouabout,Morocco,31.2655,-9.1786,2026-09-16,2026-09-16 20:14:27.135022+00:00,30.2,19.8,0.0,0,31.1,56.9,0,open-meteo,9.58,93.29
Bouabout,Morocco,31.2655,-9.1786,2026-09-17,2026-09-16 20:14:27.135022+00:00,26.4,16.8,0.0,0,23.3,42.5,2,open-meteo,7.16,91.99
Bouabout,Morocco,31.2655,-9.1786,2026-09-18,2026-09-16 20:14:27.135022+00:00,27.2,16.5,0.0,0,22.7,40.3,1,open-meteo,6.87,95.19
Bouabout,Morocco,31.2655,-9.1786,2026-09-19,2026-09-16 20:14:27.135022+00:00,30.6,20.3,0.0,0,19.3,34.2,2,open-meteo,5.83,92.92
Bouabout,Morocco,31.2655,-9.1786,2026-09-20,2026-09-16 20:14:27.135022+00:00,33.5,24.3,0.9,28,17.9,30.6,80,open-meteo,6.5,78.95
Bouabout,Morocco,31.2655,-9.1786,2026-09-21,2026-09-16 20:14:27.135022+00:00,33.2,24.4,0.0,8,20.1,37.1,3,open-meteo,6.22,89.65
Bouabout,Morocco,31.2655,-9.1786,2026-09-22,2026-09-16 20:14:27.135022+00:00,33.0,23.4,1.2,8,13.7,26.3,80,open-meteo,5.94,79.34
Ech Chaïbat,Morocco,31.6,-7.85,2026-09-16,2026-09-16 20:14:27.220066+00:00,34.6,20.0,0.0,0,16.9,32.4,0,open-meteo,5.35,96.25
Ech Chaïbat,Morocco,31.6,-7.85,2026-09-17,2026-09-16 20:14:27.220066+00:00,30.4,18.2,0.0,0,12.9,26.6,2,open-meteo,4.27,94.01
Ech Chaïbat,Morocco,31.6,-7.85,2026-09-18,2026-09-16 20:14:27.220066+00:00,31.7,18.6,0.0,0,9.7,18.0,2,open-meteo,3.01,94.89
Ech Chaïbat,Morocco,31.6,-7.85,2026-09-19,2026-09-16 20:14:27.220066+00:00,35.5,19.8,0.3,0,15.8,28.8,80,open-meteo,7.26,78.42
Ech Chaïbat,Morocco,31.6,-7.85,2026-09-20,2026-09-16 20:14:27.220066+00:00,38.6,22.6,0.0,20,18.5,36.4,3,open-meteo,20.35,79.75
Ech Chaïbat,Morocco,31.6,-7.85,2026-09-21,2026-09-16 20:14:27.220066+00:00,37.6,23.1,0.0,5,16.3,30.6,3,open-meteo,15.5,83.15
Ech Chaïbat,Morocco,31.6,-7.85,2026-09-22,2026-09-16 20:14:27.220066+00:00,37.5,21.7,0.0,5,15.8,30.2,3,open-meteo,14.99,83.51
Oulad Ayyad,Morocco,34.0837,-4.6101,2026-09-16,2026-09-16 20:14:27.299502+00:00,33.0,19.1,0.0,0,17.5,32.8,1,open-meteo,5.47,96.17
Oulad Ayyad,Morocco,34.0837,-4.6101,2026-09-17,2026-09-16 20:14:27.299502+00:00,30.5,19.1,0.0,0,13.4,25.9,3,open-meteo,4.27,91.01
Oulad Ayyad,Morocco,34.0837,-4.6101,2026-09-18,2026-09-16 20:14:27.299502+00:00,33.0,16.5,0.0,0,12.9,25.2,3,open-meteo,4.13,91.11
Oulad Ayyad,Morocco,34.0837,-4.6101,2026-09-19,2026-09-16 20:14:27.299502+00:00,33.9,20.1,0.0,0,27.6,52.6,1,open-meteo,8.71,93.9
Oulad Ayyad,Morocco,34.0837,-4.6101,2026-09-20,2026-09-16 20:14:27.299502+00:00,34.9,22.0,0.0,0,26.1,49.7,1,open-meteo,8.23,94.24
Oulad Ayyad,Morocco,34.0837,-4.6101,2026-09-21,2026-09-16 20:14:27.299502+00:00,34.3,21.6,0.0,0,18.7,37.1,1,open-meteo,6.05,95.77
Oulad Ayyad,Morocco,34.0837,-4.6101,2026-09-22,2026-09-16 20:14:27.299502+00:00,36.2,19.7,0.0,0,10.5,20.5,2,open-meteo,8.16,91.29
Douar Brarba,Morocco,34.45,-4.2972,2026-09-16,2026-09-16 20:14:27.379931+00:00,30.8,19.4,0.0,0,21.3,39.2,1,open-meteo,6.58,95.39
Douar Brarba,Morocco,34.45,-4.2972,2026-09-17,2026-09-16 20:14:27.379931+00:00,29.8,15.4,0.0,0,12.8,24.1,45,open-meteo,4.01,85.19
Douar Brarba,Morocco,34.45,-4.2972,2026-09-18,2026-09-16 20:14:27.379931+00:00,31.0,17.2,0.0,0,19.5,34.6,3,open-meteo,5.9,89.87
Douar Brarba,Morocco,34.45,-4.2972,2026-09-19,2026-09-16 20:14:27.379931+00:00,31.2,20.4,0.0,0,30.9,59.0,2,open-meteo,9.76,90.17
Douar Brarba,Morocco,34.45,-4.2972,2026-09-20,2026-09-16 20:14:27.379931+00:00,31.3,21.1,0.0,0,28.5,53.6,2,open-meteo,8.92,90.76
Douar Brarba,Morocco,34.45,-4.2972,2026-09-21,2026-09-16 20:14:27.379931+00:00,31.5,20.9,0.0,0,26.6,52.8,1,open-meteo,8.61,93.97
Douar Brarba,Morocco,34.45,-4.2972,2026-09-22,2026-09-16 20:14:27.379931+00:00,33.8,21.1,0.0,0,14.2,27.7,2,open-meteo,4.54,93.82
Sidi Ahmed El Khadir,Morocco,32.5167,-7.3833,2026-09-16,2026-09-16 20:14:27.458401+00:00,34.6,20.1,0.0,0,20.4,33.5,3,open-meteo,5.9,89.87
Sidi Ahmed El Khadir,Morocco,32.5167,-7.3833,2026-09-17,2026-09-16 20:14:27.458401+00:00,31.4,16.6,0.0,0,18.8,31.3,3,open-meteo,5.48,90.16
Sidi Ahmed El Khadir,Morocco,32.5167,-7.3833,2026-09-18,2026-09-16 20:14:27.458401+00:00,32.5,17.3,0.0,0,17.7,28.8,3,open-meteo,5.09,90.44
Sidi Ahmed El Khadir,Morocco,32.5167,-7.3833,2026-09-19,2026-09-16 20:14:27.458401+00:00,36.9,18.8,0.0,0,17.6,28.1,2,open-meteo,12.61,88.17
Sidi Ahmed El Khadir,Morocco,32.5167,-7.3833,2026-09-20,2026-09-16 20:14:27.458401+00:00,39.9,23.7,0.3,0,11.2,31.3,3,open-meteo,24.53,76.83
Sidi Ahmed El Khadir,Morocco,32.5167,-7.3833,2026-09-21,2026-09-16 20:14:27.458401+00:00,37.0,23.9,0.3,3,13.7,26.3,2,open-meteo,12.74,88.08
Sidi Ahmed El Khadir,Morocco,32.5167,-7.3833,2026-09-22,2026-09-16 20:14:27.458401+00:00,37.6,20.7,0.0,0,20.3,35.3,2,open-meteo,16.47,85.47
Hetane,Morocco,32.8403,-6.8025,2026-09-16,2026-09-16 20:14:27.540729+00:00,31.6,18.6,0.0,0,19.5,34.9,3,open-meteo,5.93,89.85
Hetane,Morocco,32.8403,-6.8025,2026-09-17,2026-09-16 20:14:27.540729+00:00,29.5,15.4,0.0,0,18.5,33.5,3,open-meteo,5.66,90.04
Hetane,Morocco,32.8403,-6.8025,2026-09-18,2026-09-16 20:14:27.540729+00:00,30.3,15.9,0.0,0,18.4,34.2,3,open-meteo,5.72,90.0
Hetane,Morocco,32.8403,-6.8025,2026-09-19,2026-09-16 20:14:27.540729+00:00,34.5,17.2,0.0,0,18.6,33.5,2,open-meteo,5.68,93.02
Hetane,Morocco,32.8403,-6.8025,2026-09-20,2026-09-16 20:14:27.540729+00:00,36.8,22.6,0.0,8,12.6,40.3,3,open-meteo,12.8,85.04
Hetane,Morocco,32.8403,-6.8025,2026-09-21,2026-09-16 20:14:27.540729+00:00,34.5,21.9,0.3,0,15.3,28.1,3,open-meteo,5.12,90.42
Hetane,Morocco,32.8403,-6.8025,2026-09-22,2026-09-16 20:14:27.540729+00:00,34.2,20.5,0.0,0,19.7,37.8,2,open-meteo,6.24,92.63
Al Hammam,Morocco,33.1735,-5.4713,2026-09-16,2026-09-16 20:14:27.623149+00:00,29.7,14.6,0.0,0,17.8,36.4,1,open-meteo,5.87,95.89
Al Hammam,Morocco,33.1735,-5.4713,2026-09-17,2026-09-16 20:14:27.623149+00:00,30.1,15.9,0.0,3,21.3,42.8,3,open-meteo,6.94,89.14
Al Hammam,Morocco,33.1735,-5.4713,2026-09-18,2026-09-16 20:14:27.623149+00:00,29.7,14.8,0.0,0,21.3,41.4,3,open-meteo,6.8,89.24
Al Hammam,Morocco,33.1735,-5.4713,2026-09-19,2026-09-16 20:14:27.623149+00:00,32.0,16.6,0.0,3,20.7,46.1,3,open-meteo,7.2,88.96
Al Hammam,Morocco,33.1735,-5.4713,2026-09-20,2026-09-16 20:14:27.623149+00:00,33.8,20.0,0.0,10,13.1,40.3,3,open-meteo,5.67,90.03
Al Hammam,Morocco,33.1735,-5.4713,2026-09-21,2026-09-16 20:14:27.623149+00:00,32.4,19.2,0.0,8,23.3,45.4,2,open-meteo,7.45,91.78
Al Hammam,Morocco,33.1735,-5.4713,2026-09-22,2026-09-16 20:14:27.623149+00:00,31.4,16.2,0.0,8,15.5,29.2,3,open-meteo,4.86,90.6
Sidi Bousber,Morocco,34.5667,-5.3667,2026-09-16,2026-09-16 20:14:27.706943+00:00,29.7,18.4,0.0,0,20.2,41.0,3,open-meteo,6.62,89.37
Sidi Bousber,Morocco,34.5667,-5.3667,2026-09-17,2026-09-16 20:14:27.706943+00:00,28.5,17.3,0.0,0,13.4,27.4,3,open-meteo,4.41,90.91
Sidi Bousber,Morocco,34.5667,-5.3667,2026-09-18,2026-09-16 20:14:27.706943+00:00,30.7,15.9,0.0,0,11.7,26.6,3,open-meteo,4.12,91.12
Sidi Bousber,Morocco,34.5667,-5.3667,2026-09-19,2026-09-16 20:14:27.706943+00:00,35.1,19.6,0.0,0,18.4,45.0,1,open-meteo,7.2,94.96
Sidi Bousber,Morocco,34.5667,-5.3667,2026-09-20,2026-09-16 20:14:27.706943+00:00,36.2,23.3,0.0,0,21.0,48.6,2,open-meteo,12.29,88.4
Sidi Bousber,Morocco,34.5667,-5.3667,2026-09-21,2026-09-16 20:14:27.706943+00:00,35.6,23.4,0.0,0,17.7,38.5,3,open-meteo,8.46,88.08
Sidi Bousber,Morocco,34.5667,-5.3667,2026-09-22,2026-09-16 20:14:27.706943+00:00,35.2,20.4,0.0,0,11.2,24.8,1,open-meteo,4.68,96.72
Oulad Imloul,Morocco,32.0333,-7.7167,2026-09-16,2026-09-16 20:14:27.787504+00:00,33.8,21.3,0.0,0,20.2,32.0,2,open-meteo,5.73,92.99
Oulad Imloul,Morocco,32.0333,-7.7167,2026-09-17,2026-09-16 20:14:27.787504+00:00,30.1,18.2,0.0,0,17.4,27.7,2,open-meteo,4.94,93.54
Oulad Imloul,Morocco,32.0333,-7.7167,2026-09-18,2026-09-16 20:14:27.787504+00:00,30.9,18.3,0.0,0,16.0,25.6,3,open-meteo,4.56,90.81
Oulad Imloul,Morocco,32.0333,-7.7167,2026-09-19,2026-09-16 20:14:27.787504+00:00,34.8,20.0,0.0,0,19.8,31.7,2,open-meteo,5.64,93.05
Oulad Imloul,Morocco,32.0333,-7.7167,2026-09-20,2026-09-16 20:14:27.787504+00:00,38.0,24.7,0.3,18,11.8,25.2,3,open-meteo,16.39,82.53
Oulad Imloul,Morocco,32.0333,-7.7167,2026-09-21,2026-09-16 20:14:27.787504+00:00,36.7,24.7,0.0,8,18.9,30.6,3,open-meteo,12.22,85.45
Oulad Imloul,Morocco,32.0333,-7.7167,2026-09-22,2026-09-16 20:14:27.787504+00:00,37.1,23.0,0.0,8,23.7,38.2,3,open-meteo,15.18,83.37
Ameskroud,Morocco,30.5308,-9.3283,2026-09-16,2026-09-16 20:14:27.870821+00:00,35.0,23.4,0.0,0,17.3,28.1,1,open-meteo,4.97,96.52
Ameskroud,Morocco,30.5308,-9.3283,2026-09-17,2026-09-16 20:14:27.870821+00:00,29.7,19.3,0.0,0,22.9,38.9,3,open-meteo,6.75,89.27
Ameskroud,Morocco,30.5308,-9.3283,2026-09-18,2026-09-16 20:14:27.870821+00:00,29.7,18.7,0.0,0,19.5,32.4,2,open-meteo,5.68,93.02
Ameskroud,Morocco,30.5308,-9.3283,2026-09-19,2026-09-16 20:14:27.870821+00:00,31.5,20.5,0.0,0,19.8,32.4,3,open-meteo,5.72,90.0
Ameskroud,Morocco,30.5308,-9.3283,2026-09-20,2026-09-16 20:14:27.870821+00:00,32.1,21.3,0.0,0,21.5,34.9,2,open-meteo,6.18,92.67
Ameskroud,Morocco,30.5308,-9.3283,2026-09-21,2026-09-16 20:14:27.870821+00:00,38.1,23.1,0.0,0,17.5,30.6,3,open-meteo,17.65,81.64
Ameskroud,Morocco,30.5308,-9.3283,2026-09-22,2026-09-16 20:14:27.870821+00:00,38.7,27.4,0.0,0,12.5,22.7,3,open-meteo,18.63,80.96
Sidi El Hattab,Morocco,32.2667,-7.2833,2026-09-16,2026-09-16 20:14:28.053828+00:00,34.8,21.0,0.0,0,18.9,31.0,2,open-meteo,5.46,93.18
Sidi El Hattab,Morocco,32.2667,-7.2833,2026-09-17,2026-09-16 20:14:28.053828+00:00,31.3,18.0,0.0,0,17.4,28.8,3,open-meteo,5.06,90.46
Sidi El Hattab,Morocco,32.2667,-7.2833,2026-09-18,2026-09-16 20:14:28.053828+00:00,32.2,18.2,0.0,0,16.5,27.0,1,open-meteo,4.76,96.67
Sidi El Hattab,Morocco,32.2667,-7.2833,2026-09-19,2026-09-16 20:14:28.053828+00:00,36.4,19.3,0.0,0,16.9,27.0,2,open-meteo,10.41,89.71
Sidi El Hattab,Morocco,32.2667,-7.2833,2026-09-20,2026-09-16 20:14:28.053828+00:00,39.8,23.0,0.0,5,9.0,18.4,3,open-meteo,22.16,78.49
Sidi El Hattab,Morocco,32.2667,-7.2833,2026-09-21,2026-09-16 20:14:28.053828+00:00,37.6,24.1,0.6,3,10.0,20.5,3,open-meteo,14.5,83.85
Sidi El Hattab,Morocco,32.2667,-7.2833,2026-09-22,2026-09-16 20:14:28.053828+00:00,38.3,20.1,0.0,3,19.7,34.6,2,open-meteo,19.12,83.62
Boujediane,Morocco,35.1114,-5.7822,2026-09-16,2026-09-16 20:14:29.577205+00:00,29.3,18.7,0.0,0,17.4,34.9,3,open-meteo,5.67,90.03
Boujediane,Morocco,35.1114,-5.7822,2026-09-17,2026-09-16 20:14:29.577205+00:00,28.2,17.3,0.0,0,15.1,29.9,3,open-meteo,4.88,90.58
Boujediane,Morocco,35.1114,-5.7822,2026-09-18,2026-09-16 20:14:29.577205+00:00,30.8,15.2,0.0,0,18.5,37.1,3,open-meteo,6.02,89.79
Boujediane,Morocco,35.1114,-5.7822,2026-09-19,2026-09-16 20:14:29.577205+00:00,35.2,18.4,0.0,0,14.8,29.5,1,open-meteo,5.6,96.08
Boujediane,Morocco,35.1114,-5.7822,2026-09-20,2026-09-16 20:14:29.577205+00:00,36.7,21.1,0.0,3,14.8,30.2,1,open-meteo,11.67,91.83
Boujediane,Morocco,35.1114,-5.7822,2026-09-21,2026-09-16 20:14:29.577205+00:00,36.7,21.4,0.0,0,9.8,29.5,1,open-meteo,10.98,92.31
Boujediane,Morocco,35.1114,-5.7822,2026-09-22,2026-09-16 20:14:29.577205+00:00,36.0,21.4,0.0,0,10.1,30.2,1,open-meteo,8.28,94.2
Douar Lehouifrat,Morocco,32.28,-8.31,2026-09-16,2026-09-16 20:14:29.657751+00:00,32.9,19.6,0.0,0,22.6,37.4,2,open-meteo,6.57,92.4
Douar Lehouifrat,Morocco,32.28,-8.31,2026-09-17,2026-09-16 20:14:29.657751+00:00,29.0,17.6,0.0,0,20.5,35.3,3,open-meteo,6.09,89.74
Douar Lehouifrat,Morocco,32.28,-8.31,2026-09-18,2026-09-16 20:14:29.657751+00:00,30.7,17.6,0.0,0,19.4,32.0,2,open-meteo,5.62,93.07
Douar Lehouifrat,Morocco,32.28,-8.31,2026-09-19,2026-09-16 20:14:29.657751+00:00,33.9,16.8,0.0,0,18.5,31.0,2,open-meteo,5.41,93.21
Douar Lehouifrat,Morocco,32.28,-8.31,2026-09-20,2026-09-16 20:14:29.657751+00:00,38.3,21.4,0.6,15,14.7,28.8,80,open-meteo,18.72,70.4
Douar Lehouifrat,Morocco,32.28,-8.31,2026-09-21,2026-09-16 20:14:29.657751+00:00,36.6,22.1,0.0,0,18.3,31.7,3,open-meteo,11.86,85.7
Douar Lehouifrat,Morocco,32.28,-8.31,2026-09-22,2026-09-16 20:14:29.657751+00:00,37.4,20.3,0.0,0,22.4,38.5,3,open-meteo,16.25,82.62
Tinajdad,Morocco,31.9304,-4.4231,2026-09-16,2026-09-16 20:14:29.739624+00:00,33.4,23.0,0.0,0,19.9,39.6,3,open-meteo,6.45,89.48
Tinajdad,Morocco,31.9304,-4.4231,2026-09-17,2026-09-16 20:14:29.739624+00:00,32.2,20.8,0.4,35,17.7,35.3,3,open-meteo,6.28,89.6
Tinajdad,Morocco,31.9304,-4.4231,2026-09-18,2026-09-16 20:14:29.739624+00:00,32.5,19.9,0.0,35,16.6,33.1,3,open-meteo,5.39,90.23
Tinajdad,Morocco,31.9304,-4.4231,2026-09-19,2026-09-16 20:14:29.739624+00:00,32.3,20.6,0.0,13,8.7,20.2,3,open-meteo,3.11,91.82
Tinajdad,Morocco,31.9304,-4.4231,2026-09-20,2026-09-16 20:14:29.739624+00:00,32.4,22.2,0.0,13,8.0,20.2,3,open-meteo,3.02,91.89
Tinajdad,Morocco,31.9304,-4.4231,2026-09-21,2026-09-16 20:14:29.739624+00:00,30.4,22.0,2.1,37,17.4,28.4,80,open-meteo,7.81,78.03
Tinajdad,Morocco,31.9304,-4.4231,2026-09-22,2026-09-16 20:14:29.739624+00:00,30.6,18.3,0.0,38,14.0,24.5,3,open-meteo,4.2,91.06
Dar Si Aissa,Morocco,32.4199,-8.908,2026-09-16,2026-09-16 20:14:29.818585+00:00,30.1,19.6,0.0,0,22.3,39.6,3,open-meteo,6.75,89.27
Dar Si Aissa,Morocco,32.4199,-8.908,2026-09-17,2026-09-16 20:14:29.818585+00:00,27.4,18.5,0.0,0,20.3,36.7,3,open-meteo,6.21,89.65
Dar Si Aissa,Morocco,32.4199,-8.908,2026-09-18,2026-09-16 20:14:29.818585+00:00,29.0,18.1,0.0,0,21.4,38.5,2,open-meteo,6.53,92.43
Dar Si Aissa,Morocco,32.4199,-8.908,2026-09-19,2026-09-16 20:14:29.818585+00:00,30.8,17.5,0.0,0,18.3,33.5,3,open-meteo,5.64,90.05
Dar Si Aissa,Morocco,32.4199,-8.908,2026-09-20,2026-09-16 20:14:29.818585+00:00,36.0,21.4,0.0,5,15.3,28.1,2,open-meteo,8.72,90.9
Dar Si Aissa,Morocco,32.4199,-8.908,2026-09-21,2026-09-16 20:14:29.818585+00:00,35.6,20.8,0.0,0,15.3,28.4,1,open-meteo,7.15,94.99
Dar Si Aissa,Morocco,32.4199,-8.908,2026-09-22,2026-09-16 20:14:29.818585+00:00,36.3,18.7,0.0,0,16.3,30.2,2,open-meteo,10.26,89.82
Kourimat,Morocco,31.4603,-9.2833,2026-09-16,2026-09-16 20:14:29.898125+00:00,33.9,20.3,0.0,0,28.2,51.1,0,open-meteo,8.64,93.95
Kourimat,Morocco,31.4603,-9.2833,2026-09-17,2026-09-16 20:14:29.898125+00:00,28.2,17.1,0.0,0,23.1,40.7,2,open-meteo,6.96,92.13
Kourimat,Morocco,31.4603,-9.2833,2026-09-18,2026-09-16 20:14:29.898125+00:00,29.9,16.9,0.0,0,22.6,40.7,2,open-meteo,6.9,92.17
Kourimat,Morocco,31.4603,-9.2833,2026-09-19,2026-09-16 20:14:29.898125+00:00,33.0,18.6,0.0,0,21.0,37.8,2,open-meteo,6.4,92.52
Kourimat,Morocco,31.4603,-9.2833,2026-09-20,2026-09-16 20:14:29.898125+00:00,33.8,23.2,0.0,8,18.4,34.9,3,open-meteo,5.79,89.95
Kourimat,Morocco,31.4603,-9.2833,2026-09-21,2026-09-16 20:14:29.898125+00:00,35.6,22.1,0.0,0,17.1,32.8,3,open-meteo,7.82,88.53
Kourimat,Morocco,31.4603,-9.2833,2026-09-22,2026-09-16 20:14:29.898125+00:00,36.3,22.2,0.0,0,18.9,37.4,3,open-meteo,11.3,86.09
Oulad Chbana,Morocco,33.05,-7.3833,2026-09-16,2026-09-16 20:14:29.978319+00:00,29.4,17.3,0.0,0,19.6,39.2,2,open-meteo,6.37,92.54
Oulad Chbana,Morocco,33.05,-7.3833,2026-09-17,2026-09-16 20:14:29.978319+00:00,27.0,15.2,0.0,0,19.0,38.5,3,open-meteo,6.23,89.64
Oulad Chbana,Morocco,33.05,-7.3833,2026-09-18,2026-09-16 20:14:29.978319+00:00,28.4,15.0,0.0,0,18.0,36.4,3,open-meteo,5.89,89.88
Oulad Chbana,Morocco,33.05,-7.3833,2026-09-19,2026-09-16 20:14:29.978319+00:00,32.6,16.3,0.0,0,16.9,33.5,2,open-meteo,5.46,93.18
Oulad Chbana,Morocco,33.05,-7.3833,2026-09-20,2026-09-16 20:14:29.978319+00:00,37.0,21.8,0.3,13,19.2,39.6,80,open-meteo,14.76,73.17
Oulad Chbana,Morocco,33.05,-7.3833,2026-09-21,2026-09-16 20:14:29.978319+00:00,35.9,23.3,0.9,0,10.3,22.7,3,open-meteo,8.36,88.15
Oulad Chbana,Morocco,33.05,-7.3833,2026-09-22,2026-09-16 20:14:29.978319+00:00,36.2,19.7,0.0,0,17.2,38.9,1,open-meteo,10.84,92.41
Iksane,Morocco,35.1333,-3.0333,2026-09-16,2026-09-16 20:14:30.056983+00:00,31.9,18.6,0.0,0,11.1,21.6,1,open-meteo,3.55,97.52
Iksane,Morocco,35.1333,-3.0333,2026-09-17,2026-09-16 20:14:30.056983+00:00,26.9,19.0,0.0,0,15.3,29.2,45,open-meteo,4.83,84.62
Iksane,Morocco,35.1333,-3.0333,2026-09-18,2026-09-16 20:14:30.056983+00:00,26.7,18.3,0.0,3,21.5,39.6,45,open-meteo,6.65,83.34
Iksane,Morocco,35.1333,-3.0333,2026-09-19,2026-09-16 20:14:30.056983+00:00,25.2,20.6,0.0,0,28.4,53.3,3,open-meteo,8.88,87.78
Iksane,Morocco,35.1333,-3.0333,2026-09-20,2026-09-16 20:14:30.056983+00:00,24.9,21.2,0.3,3,24.7,47.2,3,open-meteo,8.21,88.25
Iksane,Morocco,35.1333,-3.0333,2026-09-21,2026-09-16 20:14:30.056983+00:00,25.0,20.7,0.0,3,21.6,39.2,3,open-meteo,6.62,89.37
Iksane,Morocco,35.1333,-3.0333,2026-09-22,2026-09-16 20:14:30.056983+00:00,26.2,19.4,0.0,0,19.0,34.6,45,open-meteo,5.84,83.91
Douar Messassa,Morocco,34.2803,-4.5336,2026-09-16,2026-09-16 20:14:30.138052+00:00,32.5,20.4,0.0,0,19.0,46.8,1,open-meteo,7.05,95.06
Douar Messassa,Morocco,34.2803,-4.5336,2026-09-17,2026-09-16 20:14:30.138052+00:00,30.4,18.0,0.0,0,12.7,27.0,3,open-meteo,4.29,91.0
Douar Messassa,Morocco,34.2803,-4.5336,2026-09-18,2026-09-16 20:14:30.138052+00:00,32.8,17.7,0.0,0,25.2,71.3,3,open-meteo,10.28,86.8
Douar Messassa,Morocco,34.2803,-4.5336,2026-09-19,2026-09-16 20:14:30.138052+00:00,32.7,22.1,0.0,0,31.8,80.3,2,open-meteo,12.01,88.59
Douar Messassa,Morocco,34.2803,-4.5336,2026-09-20,2026-09-16 20:14:30.138052+00:00,33.0,23.0,0.0,0,31.1,87.8,2,open-meteo,12.67,88.13
Douar Messassa,Morocco,34.2803,-4.5336,2026-09-21,2026-09-16 20:14:30.138052+00:00,32.4,22.8,0.0,0,27.6,72.4,0,open-meteo,10.69,92.52
Douar Messassa,Morocco,34.2803,-4.5336,2026-09-22,2026-09-16 20:14:30.138052+00:00,35.7,21.9,0.0,0,13.8,35.6,1,open-meteo,8.09,94.34
Gaada,Morocco,35.1594,-2.9892,2026-09-16,2026-09-16 20:14:30.216973+00:00,32.4,18.6,0.0,0,11.2,21.2,1,open-meteo,3.52,97.54
Gaada,Morocco,35.1594,-2.9892,2026-09-17,2026-09-16 20:14:30.216973+00:00,27.6,19.6,0.0,0,16.4,32.4,3,open-meteo,5.29,90.3
Gaada,Morocco,35.1594,-2.9892,2026-09-18,2026-09-16 20:14:30.216973+00:00,26.7,19.3,0.0,3,20.1,38.5,45,open-meteo,6.36,83.55
Gaada,Morocco,35.1594,-2.9892,2026-09-19,2026-09-16 20:14:30.216973+00:00,25.9,21.5,0.2,0,27.7,55.1,3,open-meteo,9.24,87.53
Gaada,Morocco,35.1594,-2.9892,2026-09-20,2026-09-16 20:14:30.216973+00:00,25.7,22.2,1.2,3,23.7,43.2,80,open-meteo,8.88,77.28
Gaada,Morocco,35.1594,-2.9892,2026-09-21,2026-09-16 20:14:30.216973+00:00,26.2,21.7,0.6,3,21.6,39.2,2,open-meteo,7.42,91.81
Gaada,Morocco,35.1594,-2.9892,2026-09-22,2026-09-16 20:14:30.216973+00:00,27.4,20.6,0.0,0,19.0,34.6,45,open-meteo,5.84,83.91
Zawyat Sidi al Mekki,Morocco,33.2122,-7.7164,2026-09-16,2026-09-16 20:14:30.296668+00:00,29.3,19.2,0.0,0,18.7,33.8,2,open-meteo,5.72,93.0
Zawyat Sidi al Mekki,Morocco,33.2122,-7.7164,2026-09-17,2026-09-16 20:14:30.296668+00:00,27.8,17.9,0.0,0,18.2,33.1,3,open-meteo,5.58,90.09
Zawyat Sidi al Mekki,Morocco,33.2122,-7.7164,2026-09-18,2026-09-16 20:14:30.296668+00:00,29.1,17.2,0.0,0,20.2,36.4,45,open-meteo,6.17,83.68
Zawyat Sidi al Mekki,Morocco,33.2122,-7.7164,2026-09-19,2026-09-16 20:14:30.296668+00:00,32.9,17.2,0.0,0,18.4,33.1,45,open-meteo,5.61,84.07
Zawyat Sidi al Mekki,Morocco,33.2122,-7.7164,2026-09-20,2026-09-16 20:14:30.296668+00:00,37.6,20.7,0.0,0,20.5,37.8,2,open-meteo,16.74,85.28
Zawyat Sidi al Mekki,Morocco,33.2122,-7.7164,2026-09-21,2026-09-16 20:14:30.296668+00:00,34.4,22.5,0.0,0,16.9,31.0,2,open-meteo,5.21,93.35
Zawyat Sidi al Mekki,Morocco,33.2122,-7.7164,2026-09-22,2026-09-16 20:14:30.296668+00:00,35.5,19.2,0.0,0,18.7,33.8,45,open-meteo,7.72,82.6
Nzalat Bni Amar,Morocco,34.0981,-5.4161,2026-09-16,2026-09-16 20:14:30.421324+00:00,29.7,18.6,0.0,0,21.4,41.8,1,open-meteo,6.86,95.2
Nzalat Bni Amar,Morocco,34.0981,-5.4161,2026-09-17,2026-09-16 20:14:30.421324+00:00,26.8,17.2,0.0,0,15.3,30.6,3,open-meteo,4.97,90.52
Nzalat Bni Amar,Morocco,34.0981,-5.4161,2026-09-18,2026-09-16 20:14:30.421324+00:00,28.9,16.4,0.0,0,15.5,30.6,3,open-meteo,5.0,90.5
Nzalat Bni Amar,Morocco,34.0981,-5.4161,2026-09-19,2026-09-16 20:14:30.421324+00:00,33.5,19.1,0.0,0,16.1,31.7,2,open-meteo,5.18,93.37
Nzalat Bni Amar,Morocco,34.0981,-5.4161,2026-09-20,2026-09-16 20:14:30.421324+00:00,35.4,21.8,0.0,0,16.6,32.8,2,open-meteo,6.95,92.13
Nzalat Bni Amar,Morocco,34.0981,-5.4161,2026-09-21,2026-09-16 20:14:30.421324+00:00,33.9,22.0,0.0,0,15.2,31.7,1,open-meteo,5.07,96.45
Nzalat Bni Amar,Morocco,34.0981,-5.4161,2026-09-22,2026-09-16 20:14:30.421324+00:00,33.9,20.0,0.0,0,12.4,26.6,3,open-meteo,4.21,91.05
El Marmouta,Morocco,32.1202,-7.4039,2026-09-16,2026-09-16 20:14:30.517967+00:00,34.4,20.1,0.0,0,19.1,34.6,2,open-meteo,5.85,92.91
El Marmouta,Morocco,32.1202,-7.4039,2026-09-17,2026-09-16 20:14:30.517967+00:00,30.6,17.7,0.0,0,16.6,29.9,3,open-meteo,5.07,90.45
El Marmouta,Morocco,32.1202,-7.4039,2026-09-18,2026-09-16 20:14:30.517967+00:00,31.5,17.5,0.0,0,14.3,26.3,3,open-meteo,4.42,90.91
El Marmouta,Morocco,32.1202,-7.4039,2026-09-19,2026-09-16 20:14:30.517967+00:00,35.6,18.8,0.0,0,18.0,32.0,2,open-meteo,7.85,91.5
El Marmouta,Morocco,32.1202,-7.4039,2026-09-20,2026-09-16 20:14:30.517967+00:00,39.4,22.0,0.3,5,13.4,24.8,3,open-meteo,22.15,78.49
El Marmouta,Morocco,32.1202,-7.4039,2026-09-21,2026-09-16 20:14:30.517967+00:00,36.4,22.9,0.0,3,12.2,23.4,3,open-meteo,9.46,87.38
El Marmouta,Morocco,32.1202,-7.4039,2026-09-22,2026-09-16 20:14:30.517967+00:00,37.7,19.6,0.0,3,19.9,36.4,3,open-meteo,16.93,82.15
Sidi Abdallah,Morocco,32.5783,-7.8108,2026-09-16,2026-09-16 20:14:31.656233+00:00,33.0,19.9,0.0,0,23.0,40.0,3,open-meteo,6.88,89.18
Sidi Abdallah,Morocco,32.5783,-7.8108,2026-09-17,2026-09-16 20:14:31.656233+00:00,29.7,18.1,0.0,0,22.2,39.2,2,open-meteo,6.7,92.31
Sidi Abdallah,Morocco,32.5783,-7.8108,2026-09-18,2026-09-16 20:14:31.656233+00:00,31.2,17.8,0.0,0,20.8,35.6,3,open-meteo,6.16,89.69
Sidi Abdallah,Morocco,32.5783,-7.8108,2026-09-19,2026-09-16 20:14:31.656233+00:00,34.7,17.9,0.0,0,19.9,34.6,2,open-meteo,5.95,92.83
Sidi Abdallah,Morocco,32.5783,-7.8108,2026-09-20,2026-09-16 20:14:31.656233+00:00,39.5,23.7,0.6,8,15.3,29.2,3,open-meteo,23.63,77.46
Sidi Abdallah,Morocco,32.5783,-7.8108,2026-09-21,2026-09-16 20:14:31.656233+00:00,35.6,24.3,0.0,0,15.0,29.2,3,open-meteo,7.2,88.96
Sidi Abdallah,Morocco,32.5783,-7.8108,2026-09-22,2026-09-16 20:14:31.656233+00:00,37.8,19.5,0.0,0,22.5,37.4,2,open-meteo,17.75,84.57
Douar Oulad Bouziane,Morocco,34.2325,-5.0444,2026-09-16,2026-09-16 20:14:31.754043+00:00,31.8,20.2,0.0,0,21.5,41.8,2,open-meteo,6.87,92.19
Douar Oulad Bouziane,Morocco,34.2325,-5.0444,2026-09-17,2026-09-16 20:14:31.754043+00:00,29.4,18.8,0.0,0,14.0,28.4,3,open-meteo,4.59,90.79
Douar Oulad Bouziane,Morocco,34.2325,-5.0444,2026-09-18,2026-09-16 20:14:31.754043+00:00,31.6,17.7,0.0,0,11.6,23.4,3,open-meteo,3.79,91.35
Douar Oulad Bouziane,Morocco,34.2325,-5.0444,2026-09-19,2026-09-16 20:14:31.754043+00:00,35.2,22.5,0.0,0,24.9,49.0,2,open-meteo,8.81,90.83
Douar Oulad Bouziane,Morocco,34.2325,-5.0444,2026-09-20,2026-09-16 20:14:31.754043+00:00,36.3,23.6,0.0,3,24.9,53.3,1,open-meteo,13.64,90.45
Douar Oulad Bouziane,Morocco,34.2325,-5.0444,2026-09-21,2026-09-16 20:14:31.754043+00:00,34.7,23.5,0.0,0,24.1,52.6,1,open-meteo,8.27,94.21
Douar Oulad Bouziane,Morocco,34.2325,-5.0444,2026-09-22,2026-09-16 20:14:31.754043+00:00,35.8,22.6,0.0,0,11.6,34.2,3,open-meteo,8.07,88.35
Had Dra,Morocco,31.5833,-9.5333,2026-09-16,2026-09-16 20:14:31.855558+00:00,34.7,20.5,0.0,0,26.8,54.0,1,open-meteo,8.75,93.88
Had Dra,Morocco,31.5833,-9.5333,2026-09-17,2026-09-16 20:14:31.855558+00:00,26.5,18.4,0.0,0,28.1,54.4,2,open-meteo,8.95,90.73
Had Dra,Morocco,31.5833,-9.5333,2026-09-18,2026-09-16 20:14:31.855558+00:00,28.8,18.2,0.0,0,25.0,47.2,1,open-meteo,7.85,94.5
Had Dra,Morocco,31.5833,-9.5333,2026-09-19,2026-09-16 20:14:31.855558+00:00,33.0,18.6,0.0,0,21.2,40.7,2,open-meteo,6.72,92.3
Had Dra,Morocco,31.5833,-9.5333,2026-09-20,2026-09-16 20:14:31.855558+00:00,28.6,21.6,0.0,0,16.2,32.4,2,open-meteo,5.27,93.31
Had Dra,Morocco,31.5833,-9.5333,2026-09-21,2026-09-16 20:14:31.855558+00:00,32.5,19.9,0.0,0,13.4,24.8,45,open-meteo,4.16,85.09
Had Dra,Morocco,31.5833,-9.5333,2026-09-22,2026-09-16 20:14:31.855558+00:00,34.2,21.7,0.0,0,13.4,28.8,3,open-meteo,4.56,90.81
Sgamna,Morocco,32.7342,-7.2033,2026-09-16,2026-09-16 20:14:31.949645+00:00,32.2,18.0,0.0,0,17.2,32.8,3,open-meteo,5.43,90.2
Sgamna,Morocco,32.7342,-7.2033,2026-09-17,2026-09-16 20:14:31.949645+00:00,29.3,15.2,0.0,0,17.7,33.8,3,open-meteo,5.59,90.09
Sgamna,Morocco,32.7342,-7.2033,2026-09-18,2026-09-16 20:14:31.949645+00:00,30.4,15.5,0.0,0,16.5,30.6,3,open-meteo,5.12,90.42
Sgamna,Morocco,32.7342,-7.2033,2026-09-19,2026-09-16 20:14:31.949645+00:00,34.9,17.8,0.0,0,18.2,33.1,3,open-meteo,5.58,90.09
Sgamna,Morocco,32.7342,-7.2033,2026-09-20,2026-09-16 20:14:31.949645+00:00,38.0,23.0,0.3,10,12.1,25.6,3,open-meteo,16.47,82.47
Sgamna,Morocco,32.7342,-7.2033,2026-09-21,2026-09-16 20:14:31.949645+00:00,35.7,22.9,0.9,3,10.0,22.0,3,open-meteo,7.45,88.78
Sgamna,Morocco,32.7342,-7.2033,2026-09-22,2026-09-16 20:14:31.949645+00:00,35.7,20.1,0.0,0,18.3,40.3,1,open-meteo,9.12,93.62
Mokrisset,Morocco,34.91,-5.3536,2026-09-16,2026-09-16 20:14:32.057765+00:00,29.1,17.5,0.0,0,17.6,32.4,2,open-meteo,5.44,93.19
Mokrisset,Morocco,34.91,-5.3536,2026-09-17,2026-09-16 20:14:32.057765+00:00,28.2,16.3,0.0,0,16.1,31.0,45,open-meteo,5.11,84.42
Mokrisset,Morocco,34.91,-5.3536,2026-09-18,2026-09-16 20:14:32.057765+00:00,30.2,16.1,0.0,0,15.0,29.9,3,open-meteo,4.87,90.59
Mokrisset,Morocco,34.91,-5.3536,2026-09-19,2026-09-16 20:14:32.057765+00:00,32.3,19.2,0.0,0,14.7,30.6,1,open-meteo,4.9,96.57
Mokrisset,Morocco,34.91,-5.3536,2026-09-20,2026-09-16 20:14:32.057765+00:00,33.9,21.2,0.0,0,16.9,29.2,0,open-meteo,5.03,96.48
Mokrisset,Morocco,34.91,-5.3536,2026-09-21,2026-09-16 20:14:32.057765+00:00,34.4,20.4,0.0,0,9.7,32.0,1,open-meteo,4.41,96.91
Mokrisset,Morocco,34.91,-5.3536,2026-09-22,2026-09-16 20:14:32.057765+00:00,34.2,19.0,0.0,0,9.8,23.8,1,open-meteo,3.61,97.47
Ait Touil,Morocco,33.7842,-6.1281,2026-09-16,2026-09-16 20:14:32.143321+00:00,30.5,18.3,0.0,0,19.0,38.2,2,open-meteo,6.2,92.66
Ait Touil,Morocco,33.7842,-6.1281,2026-09-17,2026-09-16 20:14:32.143321+00:00,28.0,15.6,0.0,0,14.6,29.5,45,open-meteo,4.78,84.65
Ait Touil,Morocco,33.7842,-6.1281,2026-09-18,2026-09-16 20:14:32.143321+00:00,29.2,15.6,0.0,0,15.9,31.3,45,open-meteo,5.12,84.42
Ait Touil,Morocco,33.7842,-6.1281,2026-09-19,2026-09-16 20:14:32.143321+00:00,34.1,16.9,0.0,0,13.7,27.7,2,open-meteo,4.48,93.86
Ait Touil,Morocco,33.7842,-6.1281,2026-09-20,2026-09-16 20:14:32.143321+00:00,37.5,19.9,0.0,3,17.1,37.4,3,open-meteo,15.88,82.88
Ait Touil,Morocco,33.7842,-6.1281,2026-09-21,2026-09-16 20:14:32.143321+00:00,36.5,21.0,0.0,0,16.5,32.0,1,open-meteo,11.26,92.12
Ait Touil,Morocco,33.7842,-6.1281,2026-09-22,2026-09-16 20:14:32.143321+00:00,35.0,20.4,0.0,0,15.2,30.6,3,open-meteo,4.96,90.53
Foum Jam’a,Morocco,31.96,-6.98,2026-09-16,2026-09-16 20:14:32.225709+00:00,31.8,18.8,0.0,0,19.2,41.0,1,open-meteo,6.5,95.45
Foum Jam’a,Morocco,31.96,-6.98,2026-09-17,2026-09-16 20:14:32.225709+00:00,28.2,16.5,0.0,0,15.8,36.4,3,open-meteo,5.62,90.07
Foum Jam’a,Morocco,31.96,-6.98,2026-09-18,2026-09-16 20:14:32.225709+00:00,29.3,15.8,0.0,0,15.8,33.8,2,open-meteo,5.36,93.25
Foum Jam’a,Morocco,31.96,-6.98,2026-09-19,2026-09-16 20:14:32.225709+00:00,33.9,19.6,0.0,0,18.4,40.3,2,open-meteo,6.33,92.57
Foum Jam’a,Morocco,31.96,-6.98,2026-09-20,2026-09-16 20:14:32.225709+00:00,35.7,23.9,0.6,20,16.6,62.3,3,open-meteo,11.91,85.66
Foum Jam’a,Morocco,31.96,-6.98,2026-09-21,2026-09-16 20:14:32.225709+00:00,34.0,23.0,0.0,5,11.5,29.5,3,open-meteo,4.39,90.93
Foum Jam’a,Morocco,31.96,-6.98,2026-09-22,2026-09-16 20:14:32.225709+00:00,34.8,19.7,0.0,5,20.2,41.0,2,open-meteo,6.62,92.37
Taouz,Morocco,30.9069,-3.9958,2026-09-16,2026-09-16 20:14:32.309364+00:00,36.1,23.8,0.0,0,13.3,20.9,2,open-meteo,8.15,91.29
Taouz,Morocco,30.9069,-3.9958,2026-09-17,2026-09-16 20:14:32.309364+00:00,35.3,22.9,0.2,10,19.2,31.3,3,open-meteo,7.0,89.1
Taouz,Morocco,30.9069,-3.9958,2026-09-18,2026-09-16 20:14:32.309364+00:00,34.8,22.1,0.2,5,14.3,23.4,80,open-meteo,4.39,80.43
Taouz,Morocco,30.9069,-3.9958,2026-09-19,2026-09-16 20:14:32.309364+00:00,35.1,23.2,0.0,3,17.6,27.0,2,open-meteo,5.3,93.29
Taouz,Morocco,30.9069,-3.9958,2026-09-20,2026-09-16 20:14:32.309364+00:00,35.3,23.4,0.0,3,14.6,24.1,3,open-meteo,5.43,90.2
Taouz,Morocco,30.9069,-3.9958,2026-09-21,2026-09-16 20:14:32.309364+00:00,34.2,24.8,0.9,8,13.0,36.0,3,open-meteo,6.42,89.51
Taouz,Morocco,30.9069,-3.9958,2026-09-22,2026-09-16 20:14:32.309364+00:00,34.1,21.0,0.0,8,13.3,20.9,3,open-meteo,3.75,91.38
Laanoussar,Morocco,33.6833,-4.8167,2026-09-16,2026-09-16 20:14:32.389397+00:00,25.6,14.2,0.0,0,17.3,32.8,1,open-meteo,5.44,96.19
Laanoussar,Morocco,33.6833,-4.8167,2026-09-17,2026-09-16 20:14:32.389397+00:00,23.9,14.6,0.0,0,15.5,28.4,3,open-meteo,4.78,90.65
Laanoussar,Morocco,33.6833,-4.8167,2026-09-18,2026-09-16 20:14:32.389397+00:00,24.2,13.4,0.0,0,16.3,29.9,3,open-meteo,5.03,90.48
Laanoussar,Morocco,33.6833,-4.8167,2026-09-19,2026-09-16 20:14:32.389397+00:00,28.2,15.0,0.7,20,20.0,37.1,80,open-meteo,7.14,78.5
Laanoussar,Morocco,33.6833,-4.8167,2026-09-20,2026-09-16 20:14:32.389397+00:00,29.0,18.7,0.3,20,17.4,31.0,2,open-meteo,5.67,93.03
Laanoussar,Morocco,33.6833,-4.8167,2026-09-21,2026-09-16 20:14:32.389397+00:00,28.2,17.1,0.0,2,24.5,47.2,1,open-meteo,7.78,94.55
Laanoussar,Morocco,33.6833,-4.8167,2026-09-22,2026-09-16 20:14:32.389397+00:00,27.3,15.5,0.3,0,18.9,38.5,3,open-meteo,6.61,89.37
La’tamna,Morocco,31.9192,-7.3307,2026-09-16,2026-09-16 20:14:32.469790+00:00,33.6,18.6,0.0,0,19.0,34.9,1,open-meteo,5.87,95.89
La’tamna,Morocco,31.9192,-7.3307,2026-09-17,2026-09-16 20:14:32.469790+00:00,30.0,16.6,0.0,0,17.1,31.7,3,open-meteo,5.31,90.28
La’tamna,Morocco,31.9192,-7.3307,2026-09-18,2026-09-16 20:14:32.469790+00:00,30.8,17.0,0.0,0,14.4,27.0,3,open-meteo,4.5,90.85
La’tamna,Morocco,31.9192,-7.3307,2026-09-19,2026-09-16 20:14:32.469790+00:00,35.0,19.1,0.0,0,17.8,31.7,2,open-meteo,5.39,93.23
La’tamna,Morocco,31.9192,-7.3307,2026-09-20,2026-09-16 20:14:32.469790+00:00,38.4,21.6,0.3,20,21.8,47.5,3,open-meteo,21.47,78.97
La’tamna,Morocco,31.9192,-7.3307,2026-09-21,2026-09-16 20:14:32.469790+00:00,34.9,21.9,0.3,3,10.7,24.5,3,open-meteo,4.19,91.07
La’tamna,Morocco,31.9192,-7.3307,2026-09-22,2026-09-16 20:14:32.469790+00:00,36.9,20.7,0.3,3,19.9,34.9,3,open-meteo,13.98,84.21
Zawyat Sidi Ben Hamdoun,Morocco,33.045,-7.9292,2026-09-16,2026-09-16 20:14:32.552719+00:00,29.0,19.2,0.0,0,18.9,36.0,2,open-meteo,5.96,92.83
Zawyat Sidi Ben Hamdoun,Morocco,33.045,-7.9292,2026-09-17,2026-09-16 20:14:32.552719+00:00,27.2,17.6,0.0,0,18.7,36.0,3,open-meteo,5.94,89.84
Zawyat Sidi Ben Hamdoun,Morocco,33.045,-7.9292,2026-09-18,2026-09-16 20:14:32.552719+00:00,28.7,16.8,0.0,0,21.0,40.0,45,open-meteo,6.62,83.37
Zawyat Sidi Ben Hamdoun,Morocco,33.045,-7.9292,2026-09-19,2026-09-16 20:14:32.552719+00:00,31.9,17.4,0.0,0,18.7,35.6,45,open-meteo,5.9,83.87
Zawyat Sidi Ben Hamdoun,Morocco,33.045,-7.9292,2026-09-20,2026-09-16 20:14:32.552719+00:00,37.0,21.1,0.0,5,18.4,35.6,2,open-meteo,13.86,87.3
Zawyat Sidi Ben Hamdoun,Morocco,33.045,-7.9292,2026-09-21,2026-09-16 20:14:32.552719+00:00,34.8,23.0,0.0,3,15.1,28.4,2,open-meteo,4.73,93.69
Zawyat Sidi Ben Hamdoun,Morocco,33.045,-7.9292,2026-09-22,2026-09-16 20:14:32.552719+00:00,36.9,18.9,0.0,0,17.7,34.6,45,open-meteo,13.27,78.71
Oued El Makhazine,Morocco,34.9333,-5.85,2026-09-16,2026-09-16 20:14:32.633015+00:00,28.9,19.8,0.0,0,16.8,33.1,3,open-meteo,5.41,90.21
Oued El Makhazine,Morocco,34.9333,-5.85,2026-09-17,2026-09-16 20:14:32.633015+00:00,28.1,18.5,0.0,0,15.3,29.2,3,open-meteo,4.83,90.62
Oued El Makhazine,Morocco,34.9333,-5.85,2026-09-18,2026-09-16 20:14:32.633015+00:00,29.8,16.0,0.0,0,18.9,35.6,45,open-meteo,5.92,83.86
Oued El Makhazine,Morocco,34.9333,-5.85,2026-09-19,2026-09-16 20:14:32.633015+00:00,34.7,18.7,0.0,0,13.3,26.3,1,open-meteo,4.29,97.0
Oued El Makhazine,Morocco,34.9333,-5.85,2026-09-20,2026-09-16 20:14:32.633015+00:00,37.7,23.6,0.0,0,13.4,25.9,1,open-meteo,15.07,89.45
Oued El Makhazine,Morocco,34.9333,-5.85,2026-09-21,2026-09-16 20:14:32.633015+00:00,36.7,23.4,0.0,0,12.2,25.2,2,open-meteo,10.85,89.41
Oued El Makhazine,Morocco,34.9333,-5.85,2026-09-22,2026-09-16 20:14:32.633015+00:00,36.2,20.1,0.0,0,11.2,24.5,0,open-meteo,8.65,93.94
Douar Oulad Sidi Moussa,Morocco,32.3353,-7.1528,2026-09-16,2026-09-16 20:14:32.714783+00:00,35.7,20.3,0.0,0,17.9,30.2,2,open-meteo,8.06,91.36
Douar Oulad Sidi Moussa,Morocco,32.3353,-7.1528,2026-09-17,2026-09-16 20:14:32.714783+00:00,32.6,17.4,0.0,0,15.7,27.0,3,open-meteo,4.66,90.74
Douar Oulad Sidi Moussa,Morocco,32.3353,-7.1528,2026-09-18,2026-09-16 20:14:32.714783+00:00,33.2,18.0,0.0,0,15.5,26.3,2,open-meteo,4.57,93.8
Douar Oulad Sidi Moussa,Morocco,32.3353,-7.1528,2026-09-19,2026-09-16 20:14:32.714783+00:00,37.7,19.2,0.0,0,14.6,25.6,2,open-meteo,15.19,86.37
Douar Oulad Sidi Moussa,Morocco,32.3353,-7.1528,2026-09-20,2026-09-16 20:14:32.714783+00:00,40.4,22.5,0.0,5,9.6,22.0,3,open-meteo,25.0,76.5
Douar Oulad Sidi Moussa,Morocco,32.3353,-7.1528,2026-09-21,2026-09-16 20:14:32.714783+00:00,38.0,24.1,0.6,3,14.0,24.5,3,open-meteo,17.0,82.1
Douar Oulad Sidi Moussa,Morocco,32.3353,-7.1528,2026-09-22,2026-09-16 20:14:32.714783+00:00,38.2,20.2,0.0,3,20.8,34.6,1,open-meteo,18.86,86.8
Bouhlou,Morocco,34.1333,-4.4,2026-09-16,2026-09-16 20:14:32.798282+00:00,33.5,19.6,0.0,0,17.4,33.8,2,open-meteo,5.55,93.11
Bouhlou,Morocco,34.1333,-4.4,2026-09-17,2026-09-16 20:14:32.798282+00:00,31.2,17.6,0.0,0,10.7,21.6,45,open-meteo,3.5,85.55
Bouhlou,Morocco,34.1333,-4.4,2026-09-18,2026-09-16 20:14:32.798282+00:00,33.3,16.5,0.0,0,15.5,28.8,3,open-meteo,4.82,90.63
Bouhlou,Morocco,34.1333,-4.4,2026-09-19,2026-09-16 20:14:32.798282+00:00,33.0,21.6,0.0,0,31.3,61.6,2,open-meteo,10.07,89.95
Bouhlou,Morocco,34.1333,-4.4,2026-09-20,2026-09-16 20:14:32.798282+00:00,33.8,22.8,0.0,3,31.1,61.6,2,open-meteo,10.05,89.97
Bouhlou,Morocco,34.1333,-4.4,2026-09-21,2026-09-16 20:14:32.798282+00:00,34.4,22.4,0.0,0,23.9,46.1,1,open-meteo,7.6,94.68
Bouhlou,Morocco,34.1333,-4.4,2026-09-22,2026-09-16 20:14:32.798282+00:00,35.7,22.5,0.0,0,10.9,20.9,2,open-meteo,6.25,92.62
Sidi Bounaga,Morocco,30.7106,-8.34,2026-09-16,2026-09-16 20:14:32.881056+00:00,37.1,23.1,0.0,0,23.3,40.3,1,open-meteo,15.34,89.26
Sidi Bounaga,Morocco,30.7106,-8.34,2026-09-17,2026-09-16 20:14:32.881056+00:00,31.5,18.9,0.0,5,25.3,42.1,3,open-meteo,7.37,88.84
Sidi Bounaga,Morocco,30.7106,-8.34,2026-09-18,2026-09-16 20:14:32.881056+00:00,32.3,18.4,0.0,3,26.0,42.8,3,open-meteo,7.53,88.73
Sidi Bounaga,Morocco,30.7106,-8.34,2026-09-19,2026-09-16 20:14:32.881056+00:00,37.3,21.4,0.0,3,22.8,39.6,2,open-meteo,16.01,85.79
Sidi Bounaga,Morocco,30.7106,-8.34,2026-09-20,2026-09-16 20:14:32.881056+00:00,38.0,24.0,0.0,3,19.0,38.2,3,open-meteo,18.2,81.26
Sidi Bounaga,Morocco,30.7106,-8.34,2026-09-21,2026-09-16 20:14:32.881056+00:00,37.5,21.9,0.0,0,29.5,55.8,3,open-meteo,19.27,80.51
Sidi Bounaga,Morocco,30.7106,-8.34,2026-09-22,2026-09-16 20:14:32.881056+00:00,35.8,22.5,0.0,0,15.7,28.1,3,open-meteo,7.97,88.42
Had Laaounate,Morocco,32.6128,-8.2256,2026-09-16,2026-09-16 20:14:32.962754+00:00,31.0,18.3,0.0,0,19.6,36.4,3,open-meteo,6.09,89.74
Had Laaounate,Morocco,32.6128,-8.2256,2026-09-17,2026-09-16 20:14:32.962754+00:00,28.3,17.3,0.0,0,19.8,37.4,2,open-meteo,6.22,92.65
Had Laaounate,Morocco,32.6128,-8.2256,2026-09-18,2026-09-16 20:14:32.962754+00:00,29.7,17.0,0.0,0,20.2,37.4,45,open-meteo,6.27,83.61
Had Laaounate,Morocco,32.6128,-8.2256,2026-09-19,2026-09-16 20:14:32.962754+00:00,32.9,16.3,0.0,0,18.8,34.9,3,open-meteo,5.84,89.91
Had Laaounate,Morocco,32.6128,-8.2256,2026-09-20,2026-09-16 20:14:32.962754+00:00,38.6,20.0,0.0,3,16.6,31.0,2,open-meteo,19.58,83.29
Had Laaounate,Morocco,32.6128,-8.2256,2026-09-21,2026-09-16 20:14:32.962754+00:00,35.3,21.4,0.0,3,16.3,31.0,2,open-meteo,6.34,92.56
Had Laaounate,Morocco,32.6128,-8.2256,2026-09-22,2026-09-16 20:14:32.962754+00:00,36.9,17.1,0.0,0,18.1,34.9,45,open-meteo,13.35,78.66
Bir Gandús,Morocco,21.6157,-16.4687,2026-09-16,2026-09-16 20:14:33.047712+00:00,42.6,28.6,0.0,0,32.3,49.7,3,open-meteo,39.41,66.41
Bir Gandús,Morocco,21.6157,-16.4687,2026-09-17,2026-09-16 20:14:33.047712+00:00,36.8,23.6,0.0,0,35.2,52.9,0,open-meteo,16.89,88.18
Bir Gandús,Morocco,21.6157,-16.4687,2026-09-18,2026-09-16 20:14:33.047712+00:00,32.4,19.6,0.0,0,36.2,53.3,0,open-meteo,9.86,93.1
Bir Gandús,Morocco,21.6157,-16.4687,2026-09-19,2026-09-16 20:14:33.047712+00:00,33.8,18.4,0.0,0,30.7,46.8,0,open-meteo,8.52,94.04
Bir Gandús,Morocco,21.6157,-16.4687,2026-09-20,2026-09-16 20:14:33.047712+00:00,37.3,19.8,0.0,2,27.0,47.2,0,open-meteo,17.29,87.9
Bir Gandús,Morocco,21.6157,-16.4687,2026-09-21,2026-09-16 20:14:33.047712+00:00,40.6,23.3,0.6,20,34.5,54.0,51,open-meteo,32.91,69.46
Bir Gandús,Morocco,21.6157,-16.4687,2026-09-22,2026-09-16 20:14:33.047712+00:00,37.2,24.7,0.0,18,29.9,48.6,1,open-meteo,17.4,87.82
Taghbalt,Morocco,30.62,-5.35,2026-09-16,2026-09-16 20:14:33.127895+00:00,35.6,23.3,0.2,3,12.0,20.2,80,open-meteo,6.19,79.17
Taghbalt,Morocco,30.62,-5.35,2026-09-17,2026-09-16 20:14:33.127895+00:00,34.0,23.7,0.2,15,14.4,28.4,80,open-meteo,4.91,80.06
Taghbalt,Morocco,30.62,-5.35,2026-09-18,2026-09-16 20:14:33.127895+00:00,34.3,21.8,0.0,3,17.1,25.9,3,open-meteo,4.73,90.69
Taghbalt,Morocco,30.62,-5.35,2026-09-19,2026-09-16 20:14:33.127895+00:00,34.9,23.4,0.0,3,20.4,31.3,3,open-meteo,5.68,90.02
Taghbalt,Morocco,30.62,-5.35,2026-09-20,2026-09-16 20:14:33.127895+00:00,34.9,24.0,0.0,3,16.5,25.6,3,open-meteo,4.62,90.77
Taghbalt,Morocco,30.62,-5.35,2026-09-21,2026-09-16 20:14:33.127895+00:00,33.7,24.9,0.6,8,7.9,23.4,80,open-meteo,4.13,80.61
Taghbalt,Morocco,30.62,-5.35,2026-09-22,2026-09-16 20:14:33.127895+00:00,34.4,21.9,0.0,8,25.4,38.9,2,open-meteo,7.07,92.05
Imilchil,Morocco,32.155,-5.6347,2026-09-16,2026-09-16 20:14:33.289799+00:00,21.0,11.4,0.0,0,22.4,41.8,0,open-meteo,6.98,95.11
Imilchil,Morocco,32.155,-5.6347,2026-09-17,2026-09-16 20:14:33.289799+00:00,22.7,12.6,4.2,70,17.8,37.8,81,open-meteo,11.61,72.37
Imilchil,Morocco,32.155,-5.6347,2026-09-18,2026-09-16 20:14:33.289799+00:00,21.9,11.4,0.3,24,22.9,41.8,80,open-meteo,7.44,78.29
Imilchil,Morocco,32.155,-5.6347,2026-09-19,2026-09-16 20:14:33.289799+00:00,22.4,13.0,0.2,50,16.4,29.5,3,open-meteo,5.27,90.31
Imilchil,Morocco,32.155,-5.6347,2026-09-20,2026-09-16 20:14:33.289799+00:00,23.4,14.5,2.4,53,11.8,25.6,80,open-meteo,7.23,78.44
Imilchil,Morocco,32.155,-5.6347,2026-09-21,2026-09-16 20:14:33.289799+00:00,21.5,13.0,2.55,43,21.7,43.6,95,open-meteo,10.47,65.67
Imilchil,Morocco,32.155,-5.6347,2026-09-22,2026-09-16 20:14:33.289799+00:00,22.2,11.2,0.0,43,24.2,44.6,1,open-meteo,7.49,94.76
Mwaline al Oued,Morocco,33.4467,-7.3283,2026-09-16,2026-09-16 20:14:33.369995+00:00,28.5,19.0,0.0,0,17.6,36.0,2,open-meteo,5.8,92.94
Mwaline al Oued,Morocco,33.4467,-7.3283,2026-09-17,2026-09-16 20:14:33.369995+00:00,27.8,17.9,0.0,0,16.8,34.2,3,open-meteo,5.52,90.14
Mwaline al Oued,Morocco,33.4467,-7.3283,2026-09-18,2026-09-16 20:14:33.369995+00:00,28.3,15.7,0.0,0,18.4,36.7,45,open-meteo,5.97,83.82
Mwaline al Oued,Morocco,33.4467,-7.3283,2026-09-19,2026-09-16 20:14:33.369995+00:00,31.9,15.8,0.0,0,18.7,36.7,45,open-meteo,6.01,83.79
Mwaline al Oued,Morocco,33.4467,-7.3283,2026-09-20,2026-09-16 20:14:33.369995+00:00,36.9,19.8,0.0,0,18.7,40.7,2,open-meteo,14.01,87.19
Mwaline al Oued,Morocco,33.4467,-7.3283,2026-09-21,2026-09-16 20:14:33.369995+00:00,35.2,21.8,0.0,0,17.7,37.4,1,open-meteo,6.75,95.27
Mwaline al Oued,Morocco,33.4467,-7.3283,2026-09-22,2026-09-16 20:14:33.369995+00:00,33.2,19.4,0.0,0,17.7,32.8,45,open-meteo,5.49,84.16
Jemaat Oulad Mhamed,Morocco,33.0939,-7.0519,2026-09-16,2026-09-16 20:14:33.451898+00:00,30.1,16.5,0.0,0,18.1,35.3,2,open-meteo,5.79,92.95
Jemaat Oulad Mhamed,Morocco,33.0939,-7.0519,2026-09-17,2026-09-16 20:14:33.451898+00:00,27.3,13.3,0.0,0,18.1,34.9,45,open-meteo,5.75,83.97
Jemaat Oulad Mhamed,Morocco,33.0939,-7.0519,2026-09-18,2026-09-16 20:14:33.451898+00:00,28.7,13.7,0.0,0,17.1,33.5,45,open-meteo,5.49,84.16
Jemaat Oulad Mhamed,Morocco,33.0939,-7.0519,2026-09-19,2026-09-16 20:14:33.451898+00:00,33.3,14.8,0.0,0,16.9,32.0,1,open-meteo,5.31,96.28
Jemaat Oulad Mhamed,Morocco,33.0939,-7.0519,2026-09-20,2026-09-16 20:14:33.451898+00:00,37.3,20.0,0.6,5,19.2,40.7,3,open-meteo,16.47,82.47
Jemaat Oulad Mhamed,Morocco,33.0939,-7.0519,2026-09-21,2026-09-16 20:14:33.451898+00:00,36.3,20.7,0.9,0,12.3,26.3,3,open-meteo,10.57,86.6
Jemaat Oulad Mhamed,Morocco,33.0939,-7.0519,2026-09-22,2026-09-16 20:14:33.451898+00:00,36.2,20.0,0.0,0,16.1,37.8,2,open-meteo,10.59,89.59
Talsint,Morocco,32.6444,-3.4846,2026-09-16,2026-09-16 20:14:33.533375+00:00,25.0,16.4,0.0,0,35.3,65.9,1,open-meteo,11.0,92.3
Talsint,Morocco,32.6444,-3.4846,2026-09-17,2026-09-16 20:14:33.533375+00:00,26.6,14.3,0.6,55,23.8,48.2,80,open-meteo,8.6,77.48
Talsint,Morocco,32.6444,-3.4846,2026-09-18,2026-09-16 20:14:33.533375+00:00,25.3,12.8,0.8,45,17.2,43.6,80,open-meteo,7.58,78.19
Talsint,Morocco,32.6444,-3.4846,2026-09-19,2026-09-16 20:14:33.533375+00:00,25.7,15.3,0.0,30,17.9,32.0,2,open-meteo,5.44,93.19
Talsint,Morocco,32.6444,-3.4846,2026-09-20,2026-09-16 20:14:33.533375+00:00,26.3,16.8,0.6,28,23.5,40.7,80,open-meteo,7.81,78.03
Talsint,Morocco,32.6444,-3.4846,2026-09-21,2026-09-16 20:14:33.533375+00:00,25.9,14.2,0.0,18,19.5,33.5,3,open-meteo,5.79,89.95
Talsint,Morocco,32.6444,-3.4846,2026-09-22,2026-09-16 20:14:33.533375+00:00,26.1,13.7,0.0,18,21.5,40.3,3,open-meteo,6.72,89.3
Tarhjicht,Morocco,29.0565,-9.428,2026-09-16,2026-09-16 20:14:33.614879+00:00,37.8,21.2,0.0,0,24.0,45.7,0,open-meteo,18.77,86.86
Tarhjicht,Morocco,29.0565,-9.428,2026-09-17,2026-09-16 20:14:33.614879+00:00,32.9,16.1,0.0,0,23.6,45.7,3,open-meteo,7.52,88.74
Tarhjicht,Morocco,29.0565,-9.428,2026-09-18,2026-09-16 20:14:33.614879+00:00,32.9,14.2,0.0,2,22.3,42.8,3,open-meteo,7.07,89.05
Tarhjicht,Morocco,29.0565,-9.428,2026-09-19,2026-09-16 20:14:33.614879+00:00,34.9,14.6,0.0,2,24.6,46.4,3,open-meteo,7.71,88.6
Tarhjicht,Morocco,29.0565,-9.428,2026-09-20,2026-09-16 20:14:33.614879+00:00,34.8,20.1,0.0,2,25.2,49.3,0,open-meteo,8.08,94.34
Tarhjicht,Morocco,29.0565,-9.428,2026-09-21,2026-09-16 20:14:33.614879+00:00,35.6,22.2,0.0,0,19.1,42.5,3,open-meteo,9.04,87.67
Tarhjicht,Morocco,29.0565,-9.428,2026-09-22,2026-09-16 20:14:33.614879+00:00,35.4,24.3,0.0,2,17.8,45.4,1,open-meteo,8.36,94.15
Tiddas,Morocco,33.5682,-6.2668,2026-09-16,2026-09-16 20:14:33.696187+00:00,31.5,18.6,0.0,0,18.7,39.6,2,open-meteo,6.3,92.59
Tiddas,Morocco,33.5682,-6.2668,2026-09-17,2026-09-16 20:14:33.696187+00:00,28.5,16.4,0.0,0,16.7,35.6,45,open-meteo,5.65,84.04
Tiddas,Morocco,33.5682,-6.2668,2026-09-18,2026-09-16 20:14:33.696187+00:00,29.7,15.5,0.0,0,16.5,34.6,3,open-meteo,5.52,90.14
Tiddas,Morocco,33.5682,-6.2668,2026-09-19,2026-09-16 20:14:33.696187+00:00,34.5,16.9,0.0,0,15.8,33.1,2,open-meteo,5.29,93.3
Tiddas,Morocco,33.5682,-6.2668,2026-09-20,2026-09-16 20:14:33.696187+00:00,37.5,21.1,0.0,3,18.4,41.0,2,open-meteo,16.4,85.52
Tiddas,Morocco,33.5682,-6.2668,2026-09-21,2026-09-16 20:14:33.696187+00:00,37.4,22.6,0.0,0,19.6,38.2,0,open-meteo,15.87,88.89
Tiddas,Morocco,33.5682,-6.2668,2026-09-22,2026-09-16 20:14:33.696187+00:00,35.6,19.5,0.0,0,16.3,32.0,3,open-meteo,7.64,88.65
Freïja,Morocco,30.4833,-8.7833,2026-09-16,2026-09-16 20:14:33.776226+00:00,37.7,23.6,0.0,0,25.9,46.4,2,open-meteo,18.68,83.92
Freïja,Morocco,30.4833,-8.7833,2026-09-17,2026-09-16 20:14:33.776226+00:00,31.0,19.0,0.0,0,27.9,49.7,45,open-meteo,8.46,82.08
Freïja,Morocco,30.4833,-8.7833,2026-09-18,2026-09-16 20:14:33.776226+00:00,31.0,18.7,0.0,0,24.6,43.9,3,open-meteo,7.46,88.78
Freïja,Morocco,30.4833,-8.7833,2026-09-19,2026-09-16 20:14:33.776226+00:00,32.8,21.0,0.0,0,24.6,43.2,2,open-meteo,7.4,91.82
Freïja,Morocco,30.4833,-8.7833,2026-09-20,2026-09-16 20:14:33.776226+00:00,33.8,21.4,0.0,0,26.6,49.0,2,open-meteo,8.22,91.25
Freïja,Morocco,30.4833,-8.7833,2026-09-21,2026-09-16 20:14:33.776226+00:00,40.5,23.1,0.0,0,27.9,48.6,3,open-meteo,30.35,72.75
Freïja,Morocco,30.4833,-8.7833,2026-09-22,2026-09-16 20:14:33.776226+00:00,38.7,24.5,0.0,0,14.8,26.6,3,open-meteo,19.31,80.48
Douar El Gouzal,Morocco,34.4972,-4.1268,2026-09-16,2026-09-16 20:14:33.856304+00:00,29.5,17.9,0.0,0,26.6,51.5,1,open-meteo,8.48,94.06
Douar El Gouzal,Morocco,34.4972,-4.1268,2026-09-17,2026-09-16 20:14:33.856304+00:00,28.7,13.4,0.0,0,13.3,26.6,3,open-meteo,4.32,90.98
Douar El Gouzal,Morocco,34.4972,-4.1268,2026-09-18,2026-09-16 20:14:33.856304+00:00,28.9,14.7,0.0,0,17.3,38.9,45,open-meteo,6.05,83.77
Douar El Gouzal,Morocco,34.4972,-4.1268,2026-09-19,2026-09-16 20:14:33.856304+00:00,28.6,17.3,0.0,0,26.0,49.7,2,open-meteo,8.22,91.25
Douar El Gouzal,Morocco,34.4972,-4.1268,2026-09-20,2026-09-16 20:14:33.856304+00:00,29.2,18.5,0.0,0,23.3,46.1,2,open-meteo,7.52,91.74
Douar El Gouzal,Morocco,34.4972,-4.1268,2026-09-21,2026-09-16 20:14:33.856304+00:00,29.3,17.7,0.0,0,19.7,40.0,1,open-meteo,6.46,95.48
Douar El Gouzal,Morocco,34.4972,-4.1268,2026-09-22,2026-09-16 20:14:33.856304+00:00,30.8,17.3,0.0,0,9.6,31.3,2,open-meteo,4.33,93.97
’Aïn Leuh,Morocco,33.3044,-5.3399,2026-09-16,2026-09-16 20:14:33.939274+00:00,28.0,15.0,0.0,0,19.3,39.6,1,open-meteo,6.37,95.54
’Aïn Leuh,Morocco,33.3044,-5.3399,2026-09-17,2026-09-16 20:14:33.939274+00:00,27.9,15.8,0.0,3,18.9,36.7,2,open-meteo,6.03,92.78
’Aïn Leuh,Morocco,33.3044,-5.3399,2026-09-18,2026-09-16 20:14:33.939274+00:00,27.7,14.7,0.0,0,19.4,37.1,3,open-meteo,6.13,89.71
’Aïn Leuh,Morocco,33.3044,-5.3399,2026-09-19,2026-09-16 20:14:33.939274+00:00,30.7,16.5,0.1,8,17.9,44.6,3,open-meteo,6.83,89.22
’Aïn Leuh,Morocco,33.3044,-5.3399,2026-09-20,2026-09-16 20:14:33.939274+00:00,32.4,20.3,0.0,20,16.9,32.0,3,open-meteo,5.31,90.28
’Aïn Leuh,Morocco,33.3044,-5.3399,2026-09-21,2026-09-16 20:14:33.939274+00:00,29.2,18.7,0.0,8,23.7,55.4,2,open-meteo,8.5,91.05
’Aïn Leuh,Morocco,33.3044,-5.3399,2026-09-22,2026-09-16 20:14:33.939274+00:00,28.0,16.8,0.0,8,18.1,41.0,3,open-meteo,6.36,89.55
Oulad ’Azzouz,Morocco,32.7693,-6.7543,2026-09-16,2026-09-16 20:14:34.023931+00:00,32.6,19.7,0.0,0,20.5,35.6,3,open-meteo,6.12,89.72
Oulad ’Azzouz,Morocco,32.7693,-6.7543,2026-09-17,2026-09-16 20:14:34.023931+00:00,30.8,16.5,0.0,0,18.9,32.8,1,open-meteo,5.64,96.05
Oulad ’Azzouz,Morocco,32.7693,-6.7543,2026-09-18,2026-09-16 20:14:34.023931+00:00,31.3,17.1,0.0,0,17.8,33.1,3,open-meteo,5.54,90.12
Oulad ’Azzouz,Morocco,32.7693,-6.7543,2026-09-19,2026-09-16 20:14:34.023931+00:00,35.3,18.4,0.0,0,19.4,34.9,2,open-meteo,7.11,92.02
Oulad ’Azzouz,Morocco,32.7693,-6.7543,2026-09-20,2026-09-16 20:14:34.023931+00:00,37.5,23.8,0.0,10,13.0,45.0,3,open-meteo,16.12,82.72
Oulad ’Azzouz,Morocco,32.7693,-6.7543,2026-09-21,2026-09-16 20:14:34.023931+00:00,35.2,23.1,0.6,0,15.9,28.1,3,open-meteo,6.4,89.52
Oulad ’Azzouz,Morocco,32.7693,-6.7543,2026-09-22,2026-09-16 20:14:34.023931+00:00,35.0,21.4,0.0,0,21.9,37.8,2,open-meteo,6.52,92.44
Sidi Dahbi,Morocco,33.05,-7.1833,2026-09-16,2026-09-16 20:14:34.117420+00:00,29.1,16.5,0.0,0,19.9,40.0,45,open-meteo,6.49,83.46
Sidi Dahbi,Morocco,33.05,-7.1833,2026-09-17,2026-09-16 20:14:34.117420+00:00,26.5,13.4,0.0,0,18.6,37.1,45,open-meteo,6.04,83.77
Sidi Dahbi,Morocco,33.05,-7.1833,2026-09-18,2026-09-16 20:14:34.117420+00:00,27.8,14.4,0.0,0,17.6,34.6,3,open-meteo,5.66,90.04
Sidi Dahbi,Morocco,33.05,-7.1833,2026-09-19,2026-09-16 20:14:34.117420+00:00,32.4,16.4,0.0,0,16.9,33.1,2,open-meteo,5.42,93.21
Sidi Dahbi,Morocco,33.05,-7.1833,2026-09-20,2026-09-16 20:14:34.117420+00:00,36.3,22.0,0.3,8,20.5,41.8,3,open-meteo,12.34,85.36
Sidi Dahbi,Morocco,33.05,-7.1833,2026-09-21,2026-09-16 20:14:34.117420+00:00,34.8,22.8,0.3,0,10.1,22.3,80,open-meteo,3.89,80.78
Sidi Dahbi,Morocco,33.05,-7.1833,2026-09-22,2026-09-16 20:14:34.117420+00:00,34.8,20.0,0.0,0,16.0,41.8,2,open-meteo,6.18,92.67
Beni Oulid,Morocco,34.5897,-4.4514,2026-09-16,2026-09-16 20:14:34.198142+00:00,32.3,20.8,0.0,0,22.0,40.7,1,open-meteo,6.82,95.23
Beni Oulid,Morocco,34.5897,-4.4514,2026-09-17,2026-09-16 20:14:34.198142+00:00,31.4,17.8,0.0,0,12.7,24.1,45,open-meteo,4.0,85.2
Beni Oulid,Morocco,34.5897,-4.4514,2026-09-18,2026-09-16 20:14:34.198142+00:00,33.0,18.8,0.0,0,13.3,29.2,3,open-meteo,4.58,90.79
Beni Oulid,Morocco,34.5897,-4.4514,2026-09-19,2026-09-16 20:14:34.198142+00:00,34.3,23.0,0.0,0,23.7,45.7,2,open-meteo,7.53,91.73
Beni Oulid,Morocco,34.5897,-4.4514,2026-09-20,2026-09-16 20:14:34.198142+00:00,35.1,23.7,0.0,3,21.8,45.7,3,open-meteo,7.7,88.61
Beni Oulid,Morocco,34.5897,-4.4514,2026-09-21,2026-09-16 20:14:34.198142+00:00,33.8,22.8,0.0,0,16.9,31.7,2,open-meteo,5.28,93.3
Beni Oulid,Morocco,34.5897,-4.4514,2026-09-22,2026-09-16 20:14:34.198142+00:00,35.1,22.0,0.0,0,10.0,20.9,1,open-meteo,3.74,97.38
Bir Tam Tam,Morocco,33.9831,-4.6397,2026-09-16,2026-09-16 20:14:34.278749+00:00,31.3,18.1,0.0,0,16.8,33.5,2,open-meteo,5.45,93.18
Bir Tam Tam,Morocco,33.9831,-4.6397,2026-09-17,2026-09-16 20:14:34.278749+00:00,28.6,17.8,0.0,0,14.5,31.0,45,open-meteo,4.91,84.56
Bir Tam Tam,Morocco,33.9831,-4.6397,2026-09-18,2026-09-16 20:14:34.278749+00:00,30.9,15.9,0.0,0,14.5,30.2,3,open-meteo,4.83,90.62
Bir Tam Tam,Morocco,33.9831,-4.6397,2026-09-19,2026-09-16 20:14:34.278749+00:00,32.5,17.7,0.0,0,27.4,56.5,2,open-meteo,9.07,90.65
Bir Tam Tam,Morocco,33.9831,-4.6397,2026-09-20,2026-09-16 20:14:34.278749+00:00,33.8,19.2,0.0,0,22.7,46.4,2,open-meteo,7.48,91.76
Bir Tam Tam,Morocco,33.9831,-4.6397,2026-09-21,2026-09-16 20:14:34.278749+00:00,33.3,19.1,0.0,0,16.2,33.0,2,open-meteo,5.33,93.27
Bir Tam Tam,Morocco,33.9831,-4.6397,2026-09-22,2026-09-16 20:14:34.278749+00:00,34.4,16.5,0.0,0,13.1,26.3,3,open-meteo,4.27,91.01
Ksar Lmajaz,Morocco,35.8448,-5.5519,2026-09-16,2026-09-16 20:14:34.356703+00:00,28.1,18.9,0.0,0,23.9,46.1,3,open-meteo,7.6,88.68
Ksar Lmajaz,Morocco,35.8448,-5.5519,2026-09-17,2026-09-16 20:14:34.356703+00:00,25.5,15.0,0.0,0,9.7,21.2,45,open-meteo,3.33,85.67
Ksar Lmajaz,Morocco,35.8448,-5.5519,2026-09-18,2026-09-16 20:14:34.356703+00:00,26.8,20.4,0.0,3,26.9,51.8,3,open-meteo,8.54,88.02
Ksar Lmajaz,Morocco,35.8448,-5.5519,2026-09-19,2026-09-16 20:14:34.356703+00:00,25.9,22.1,0.0,3,41.6,82.8,2,open-meteo,13.48,87.56
Ksar Lmajaz,Morocco,35.8448,-5.5519,2026-09-20,2026-09-16 20:14:34.356703+00:00,26.2,22.8,0.0,0,45.9,92.9,2,open-meteo,15.03,86.48
Ksar Lmajaz,Morocco,35.8448,-5.5519,2026-09-21,2026-09-16 20:14:34.356703+00:00,25.5,22.4,0.0,0,39.8,81.7,2,open-meteo,13.15,87.79
Ksar Lmajaz,Morocco,35.8448,-5.5519,2026-09-22,2026-09-16 20:14:34.356703+00:00,25.6,21.8,0.0,0,23.8,56.2,2,open-meteo,8.6,90.98
Bounaamane,Morocco,29.5283,-9.8044,2026-09-16,2026-09-16 20:14:34.437318+00:00,33.9,20.4,0.0,0,20.1,43.9,3,open-meteo,6.9,89.17
Bounaamane,Morocco,29.5283,-9.8044,2026-09-17,2026-09-16 20:14:34.437318+00:00,24.2,17.3,0.0,0,20.6,39.6,45,open-meteo,6.54,83.42
Bounaamane,Morocco,29.5283,-9.8044,2026-09-18,2026-09-16 20:14:34.437318+00:00,26.3,17.2,0.0,0,15.8,30.2,45,open-meteo,5.0,84.5
Bounaamane,Morocco,29.5283,-9.8044,2026-09-19,2026-09-16 20:14:34.437318+00:00,29.2,18.5,0.0,0,9.4,20.2,2,open-meteo,3.19,94.77
Bounaamane,Morocco,29.5283,-9.8044,2026-09-20,2026-09-16 20:14:34.437318+00:00,31.0,20.1,0.0,0,10.7,22.0,2,open-meteo,3.54,94.52
Bounaamane,Morocco,29.5283,-9.8044,2026-09-21,2026-09-16 20:14:34.437318+00:00,36.1,21.7,0.0,0,13.5,25.2,3,open-meteo,8.61,87.97
Bounaamane,Morocco,29.5283,-9.8044,2026-09-22,2026-09-16 20:14:34.437318+00:00,39.2,26.7,0.0,0,10.9,27.4,3,open-meteo,20.9,79.37
Bni Sidel,Morocco,35.1294,-3.1237,2026-09-16,2026-09-16 20:14:34.520010+00:00,32.1,17.8,0.0,0,16.3,27.7,1,open-meteo,4.81,96.63
Bni Sidel,Morocco,35.1294,-3.1237,2026-09-17,2026-09-16 20:14:34.520010+00:00,27.0,18.2,0.0,0,17.1,29.9,45,open-meteo,5.13,84.41
Bni Sidel,Morocco,35.1294,-3.1237,2026-09-18,2026-09-16 20:14:34.520010+00:00,27.9,18.5,0.0,3,20.3,34.9,45,open-meteo,6.03,83.78
Bni Sidel,Morocco,35.1294,-3.1237,2026-09-19,2026-09-16 20:14:34.520010+00:00,26.8,20.9,0.0,3,26.5,46.1,3,open-meteo,7.92,88.46
Bni Sidel,Morocco,35.1294,-3.1237,2026-09-20,2026-09-16 20:14:34.520010+00:00,26.3,21.8,0.6,5,24.3,42.8,3,open-meteo,8.12,88.32
Bni Sidel,Morocco,35.1294,-3.1237,2026-09-21,2026-09-16 20:14:34.520010+00:00,26.8,20.6,0.0,3,22.9,40.0,3,open-meteo,6.86,89.2
Bni Sidel,Morocco,35.1294,-3.1237,2026-09-22,2026-09-16 20:14:34.520010+00:00,28.4,19.7,0.0,0,16.9,28.8,45,open-meteo,4.99,84.51
Awfouss,Morocco,31.7,-4.1167,2026-09-16,2026-09-16 20:14:34.602114+00:00,33.2,22.6,0.0,3,14.3,22.7,3,open-meteo,4.06,91.16
Awfouss,Morocco,31.7,-4.1167,2026-09-17,2026-09-16 20:14:34.602114+00:00,32.8,20.9,0.5,28,20.9,40.7,3,open-meteo,7.35,88.86
Awfouss,Morocco,31.7,-4.1167,2026-09-18,2026-09-16 20:14:34.602114+00:00,32.3,19.3,0.2,10,16.7,27.0,3,open-meteo,5.05,90.47
Awfouss,Morocco,31.7,-4.1167,2026-09-19,2026-09-16 20:14:34.602114+00:00,32.8,20.7,0.0,8,13.8,22.7,3,open-meteo,4.0,91.2
Awfouss,Morocco,31.7,-4.1167,2026-09-20,2026-09-16 20:14:34.602114+00:00,32.7,21.8,0.0,10,7.4,16.6,3,open-meteo,2.58,92.19
Awfouss,Morocco,31.7,-4.1167,2026-09-21,2026-09-16 20:14:34.602114+00:00,30.9,22.1,0.9,10,14.5,31.3,80,open-meteo,6.14,79.2
Awfouss,Morocco,31.7,-4.1167,2026-09-22,2026-09-16 20:14:34.602114+00:00,31.4,18.8,0.0,15,15.0,22.7,3,open-meteo,4.15,91.09
Smimou,Morocco,31.2301,-9.7025,2026-09-16,2026-09-16 20:14:34.692553+00:00,34.9,22.4,0.0,0,32.8,80.6,1,open-meteo,12.16,91.49
Smimou,Morocco,31.2301,-9.7025,2026-09-17,2026-09-16 20:14:34.692553+00:00,26.8,20.1,0.0,0,30.0,75.2,1,open-meteo,11.27,92.11
Smimou,Morocco,31.2301,-9.7025,2026-09-18,2026-09-16 20:14:34.692553+00:00,29.3,18.5,0.0,0,26.4,61.6,1,open-meteo,9.46,93.38
Smimou,Morocco,31.2301,-9.7025,2026-09-19,2026-09-16 20:14:34.692553+00:00,31.6,19.1,0.0,0,13.3,42.8,2,open-meteo,5.94,92.84
Smimou,Morocco,31.2301,-9.7025,2026-09-20,2026-09-16 20:14:34.692553+00:00,29.7,22.2,0.0,0,9.9,31.7,2,open-meteo,4.41,93.91
Smimou,Morocco,31.2301,-9.7025,2026-09-21,2026-09-16 20:14:34.692553+00:00,26.3,20.6,0.0,0,8.0,21.2,3,open-meteo,3.12,91.82
Smimou,Morocco,31.2301,-9.7025,2026-09-22,2026-09-16 20:14:34.692553+00:00,28.3,19.1,0.3,0,10.1,20.2,3,open-meteo,3.68,91.42
Lambarkiyine,Morocco,33.2,-7.5,2026-09-16,2026-09-16 20:14:34.804089+00:00,30.1,19.3,0.0,0,17.9,32.0,2,open-meteo,5.44,93.19
Lambarkiyine,Morocco,33.2,-7.5,2026-09-17,2026-09-16 20:14:34.804089+00:00,28.4,17.1,0.0,0,17.9,31.3,3,open-meteo,5.37,90.24
Lambarkiyine,Morocco,33.2,-7.5,2026-09-18,2026-09-16 20:14:34.804089+00:00,29.9,16.3,0.0,0,19.5,34.2,3,open-meteo,5.86,89.9
Lambarkiyine,Morocco,33.2,-7.5,2026-09-19,2026-09-16 20:14:34.804089+00:00,33.8,16.7,0.0,0,18.0,31.7,1,open-meteo,5.42,96.21
Lambarkiyine,Morocco,33.2,-7.5,2026-09-20,2026-09-16 20:14:34.804089+00:00,38.8,21.2,0.0,3,20.5,36.7,2,open-meteo,21.43,82.0
Lambarkiyine,Morocco,33.2,-7.5,2026-09-21,2026-09-16 20:14:34.804089+00:00,35.4,23.2,0.0,0,17.7,32.0,2,open-meteo,7.01,92.09
Lambarkiyine,Morocco,33.2,-7.5,2026-09-22,2026-09-16 20:14:34.804089+00:00,36.3,19.7,0.0,0,19.3,35.3,1,open-meteo,11.14,92.2
Aït Ouaoumana,Morocco,32.7128,-5.8042,2026-09-16,2026-09-16 20:14:34.884025+00:00,32.1,16.6,0.0,0,12.3,24.1,2,open-meteo,3.95,94.23
Aït Ouaoumana,Morocco,32.7128,-5.8042,2026-09-17,2026-09-16 20:14:34.884025+00:00,31.1,15.3,0.0,0,16.1,30.6,2,open-meteo,5.07,93.45
Aït Ouaoumana,Morocco,32.7128,-5.8042,2026-09-18,2026-09-16 20:14:34.884025+00:00,31.7,15.1,0.0,0,13.3,25.9,3,open-meteo,4.25,91.02
Aït Ouaoumana,Morocco,32.7128,-5.8042,2026-09-19,2026-09-16 20:14:34.884025+00:00,35.1,16.5,0.0,0,14.7,28.4,2,open-meteo,5.08,93.44
Aït Ouaoumana,Morocco,32.7128,-5.8042,2026-09-20,2026-09-16 20:14:34.884025+00:00,37.1,21.6,0.0,5,12.2,42.5,3,open-meteo,14.18,84.07
Aït Ouaoumana,Morocco,32.7128,-5.8042,2026-09-21,2026-09-16 20:14:34.884025+00:00,35.2,19.7,0.3,13,16.2,31.3,3,open-meteo,6.36,89.55
Aït Ouaoumana,Morocco,32.7128,-5.8042,2026-09-22,2026-09-16 20:14:34.884025+00:00,34.3,20.3,0.0,13,15.9,31.0,2,open-meteo,5.09,93.44
Agadir Melloul,Morocco,30.2249,-7.796,2026-09-16,2026-09-16 20:14:34.969184+00:00,28.3,16.4,0.0,0,20.5,34.6,2,open-meteo,6.02,92.79
Agadir Melloul,Morocco,30.2249,-7.796,2026-09-17,2026-09-16 20:14:34.969184+00:00,25.8,15.7,0.6,33,24.0,43.2,3,open-meteo,8.12,88.32
Agadir Melloul,Morocco,30.2249,-7.796,2026-09-18,2026-09-16 20:14:34.969184+00:00,26.1,15.6,0.2,15,11.4,24.5,3,open-meteo,4.14,91.1
Agadir Melloul,Morocco,30.2249,-7.796,2026-09-19,2026-09-16 20:14:34.969184+00:00,26.2,17.7,0.0,10,26.2,45.0,3,open-meteo,7.78,88.55
Agadir Melloul,Morocco,30.2249,-7.796,2026-09-20,2026-09-16 20:14:34.969184+00:00,26.8,18.0,0.0,3,26.5,45.7,2,open-meteo,7.88,91.48
Agadir Melloul,Morocco,30.2249,-7.796,2026-09-21,2026-09-16 20:14:34.969184+00:00,28.3,16.6,0.0,15,31.8,58.0,3,open-meteo,9.78,87.15
Agadir Melloul,Morocco,30.2249,-7.796,2026-09-22,2026-09-16 20:14:34.969184+00:00,26.4,17.0,0.0,15,26.6,49.3,3,open-meteo,8.26,88.22
Aït Hadi,Morocco,31.3942,-8.7725,2026-09-16,2026-09-16 20:14:36.627515+00:00,34.2,21.5,0.0,0,26.2,41.8,1,open-meteo,7.46,94.78
Aït Hadi,Morocco,31.3942,-8.7725,2026-09-17,2026-09-16 20:14:36.627515+00:00,29.1,18.0,0.0,0,17.1,26.6,3,open-meteo,4.8,90.64
Aït Hadi,Morocco,31.3942,-8.7725,2026-09-18,2026-09-16 20:14:36.627515+00:00,30.2,17.8,0.0,0,14.7,24.1,2,open-meteo,4.25,94.02
Aït Hadi,Morocco,31.3942,-8.7725,2026-09-19,2026-09-16 20:14:36.627515+00:00,33.2,19.3,0.0,0,16.7,26.3,2,open-meteo,4.72,93.7
Aït Hadi,Morocco,31.3942,-8.7725,2026-09-20,2026-09-16 20:14:36.627515+00:00,36.6,22.5,0.0,13,19.3,32.0,3,open-meteo,12.01,85.59
Aït Hadi,Morocco,31.3942,-8.7725,2026-09-21,2026-09-16 20:14:36.627515+00:00,36.3,23.5,0.0,0,21.6,34.6,2,open-meteo,11.36,89.05
Aït Hadi,Morocco,31.3942,-8.7725,2026-09-22,2026-09-16 20:14:36.627515+00:00,36.5,25.1,1.2,0,13.8,25.2,80,open-meteo,11.85,75.2
Imelil,Morocco,31.1264,-7.9178,2026-09-16,2026-09-16 20:14:36.726093+00:00,23.2,14.3,0.0,0,20.3,39.2,1,open-meteo,6.46,95.48
Imelil,Morocco,31.1264,-7.9178,2026-09-17,2026-09-16 20:14:36.726093+00:00,23.5,14.6,1.1,88,11.0,26.6,80,open-meteo,5.5,79.65
Imelil,Morocco,31.1264,-7.9178,2026-09-18,2026-09-16 20:14:36.726093+00:00,22.6,14.9,1.1,100,11.7,24.8,80,open-meteo,5.41,79.71
Imelil,Morocco,31.1264,-7.9178,2026-09-19,2026-09-16 20:14:36.726093+00:00,24.7,15.9,0.3,90,13.9,29.5,3,open-meteo,5.09,90.44
Imelil,Morocco,31.1264,-7.9178,2026-09-20,2026-09-16 20:14:36.726093+00:00,25.9,17.2,0.6,70,10.7,24.5,3,open-meteo,4.59,90.79
Imelil,Morocco,31.1264,-7.9178,2026-09-21,2026-09-16 20:14:36.726093+00:00,24.5,17.2,0.9,37,18.8,39.2,3,open-meteo,7.47,88.77
Imelil,Morocco,31.1264,-7.9178,2026-09-22,2026-09-16 20:14:36.726093+00:00,23.2,16.3,2.1,38,23.5,81.4,80,open-meteo,13.88,73.78
Amarzgane,Morocco,31.05,-7.2167,2026-09-16,2026-09-16 20:14:36.812737+00:00,29.6,18.6,0.0,0,35.7,56.9,1,open-meteo,10.15,92.89
Amarzgane,Morocco,31.05,-7.2167,2026-09-17,2026-09-16 20:14:36.812737+00:00,28.9,18.6,0.3,30,25.6,40.3,80,open-meteo,7.63,78.16
Amarzgane,Morocco,31.05,-7.2167,2026-09-18,2026-09-16 20:14:36.812737+00:00,29.2,17.4,0.7,30,16.1,25.2,80,open-meteo,5.47,79.67
Amarzgane,Morocco,31.05,-7.2167,2026-09-19,2026-09-16 20:14:36.812737+00:00,29.8,19.0,0.0,10,16.0,24.8,3,open-meteo,4.48,90.86
Amarzgane,Morocco,31.05,-7.2167,2026-09-20,2026-09-16 20:14:36.812737+00:00,30.3,19.7,0.0,10,15.6,24.5,3,open-meteo,4.4,90.92
Amarzgane,Morocco,31.05,-7.2167,2026-09-21,2026-09-16 20:14:36.812737+00:00,29.5,20.3,0.0,13,18.0,27.4,3,open-meteo,4.99,90.51
Amarzgane,Morocco,31.05,-7.2167,2026-09-22,2026-09-16 20:14:36.812737+00:00,30.1,16.4,0.0,13,27.3,49.0,3,open-meteo,8.31,88.18
Arbaa Sahel,Morocco,29.5993,-9.877,2026-09-16,2026-09-16 20:14:36.922368+00:00,30.2,19.1,0.0,0,17.1,32.0,2,open-meteo,5.34,93.26
Arbaa Sahel,Morocco,29.5993,-9.877,2026-09-17,2026-09-16 20:14:36.922368+00:00,22.1,18.2,0.0,0,22.2,41.0,3,open-meteo,6.88,89.18
Arbaa Sahel,Morocco,29.5993,-9.877,2026-09-18,2026-09-16 20:14:36.922368+00:00,23.9,18.0,0.0,0,18.9,33.8,45,open-meteo,5.74,83.98
Arbaa Sahel,Morocco,29.5993,-9.877,2026-09-19,2026-09-16 20:14:36.922368+00:00,26.0,18.4,0.0,0,12.2,22.3,2,open-meteo,3.75,94.38
Arbaa Sahel,Morocco,29.5993,-9.877,2026-09-20,2026-09-16 20:14:36.922368+00:00,26.8,18.5,0.0,0,14.2,25.9,2,open-meteo,4.37,93.94
Arbaa Sahel,Morocco,29.5993,-9.877,2026-09-21,2026-09-16 20:14:36.922368+00:00,33.4,19.8,0.0,0,12.3,22.7,3,open-meteo,3.81,91.33
Arbaa Sahel,Morocco,29.5993,-9.877,2026-09-22,2026-09-16 20:14:36.922368+00:00,38.5,25.3,0.0,0,9.0,26.3,3,open-meteo,17.75,81.57
Tissint,Morocco,29.9,-7.3167,2026-09-16,2026-09-16 20:14:37.017309+00:00,38.5,26.5,0.0,0,17.7,26.6,2,open-meteo,18.87,83.79
Tissint,Morocco,29.9,-7.3167,2026-09-17,2026-09-16 20:14:37.017309+00:00,36.1,27.6,0.3,10,18.0,28.4,3,open-meteo,9.89,87.08
Tissint,Morocco,29.9,-7.3167,2026-09-18,2026-09-16 20:14:37.017309+00:00,37.7,26.3,0.0,0,13.4,23.4,3,open-meteo,14.82,83.63
Tissint,Morocco,29.9,-7.3167,2026-09-19,2026-09-16 20:14:37.017309+00:00,37.5,27.7,0.0,0,23.1,37.4,2,open-meteo,16.63,85.36
Tissint,Morocco,29.9,-7.3167,2026-09-20,2026-09-16 20:14:37.017309+00:00,37.8,27.5,0.0,0,21.8,33.8,2,open-meteo,17.3,84.89
Tissint,Morocco,29.9,-7.3167,2026-09-21,2026-09-16 20:14:37.017309+00:00,38.1,26.4,0.0,0,21.5,35.6,2,open-meteo,18.65,83.94
Tissint,Morocco,29.9,-7.3167,2026-09-22,2026-09-16 20:14:37.017309+00:00,36.8,25.7,0.0,0,16.1,38.2,3,open-meteo,13.03,84.88
Brikcha,Morocco,34.9667,-5.5833,2026-09-16,2026-09-16 20:14:37.099712+00:00,30.1,17.2,0.0,0,17.7,32.8,2,open-meteo,5.49,93.16
Brikcha,Morocco,34.9667,-5.5833,2026-09-17,2026-09-16 20:14:37.099712+00:00,28.7,17.0,0.0,0,17.1,31.0,3,open-meteo,5.24,90.33
Brikcha,Morocco,34.9667,-5.5833,2026-09-18,2026-09-16 20:14:37.099712+00:00,31.2,14.4,0.0,0,17.1,32.0,45,open-meteo,5.34,84.26
Brikcha,Morocco,34.9667,-5.5833,2026-09-19,2026-09-16 20:14:37.099712+00:00,34.8,18.3,0.0,0,17.1,32.8,1,open-meteo,5.42,96.21
Brikcha,Morocco,34.9667,-5.5833,2026-09-20,2026-09-16 20:14:37.099712+00:00,35.9,21.9,0.0,0,16.0,32.8,0,open-meteo,8.88,93.78
Brikcha,Morocco,34.9667,-5.5833,2026-09-21,2026-09-16 20:14:37.099712+00:00,36.3,20.6,0.0,0,12.2,30.2,1,open-meteo,9.74,93.18
Brikcha,Morocco,34.9667,-5.5833,2026-09-22,2026-09-16 20:14:37.099712+00:00,35.6,17.9,0.0,0,9.5,20.2,0,open-meteo,5.61,96.07
Mtal,Morocco,32.4908,-8.3781,2026-09-16,2026-09-16 20:14:37.179703+00:00,31.4,18.7,0.0,0,20.2,37.4,3,open-meteo,6.27,89.61
Mtal,Morocco,32.4908,-8.3781,2026-09-17,2026-09-16 20:14:37.179703+00:00,28.3,17.2,0.0,0,20.3,38.5,45,open-meteo,6.39,83.53
Mtal,Morocco,32.4908,-8.3781,2026-09-18,2026-09-16 20:14:37.179703+00:00,29.6,16.8,0.0,0,19.8,36.7,45,open-meteo,6.15,83.69
Mtal,Morocco,32.4908,-8.3781,2026-09-19,2026-09-16 20:14:37.179703+00:00,33.2,16.4,0.0,0,18.4,34.6,2,open-meteo,5.76,92.97
Mtal,Morocco,32.4908,-8.3781,2026-09-20,2026-09-16 20:14:37.179703+00:00,38.4,21.0,0.0,0,15.5,33.1,2,open-meteo,18.85,83.81
Mtal,Morocco,32.4908,-8.3781,2026-09-21,2026-09-16 20:14:37.179703+00:00,36.2,21.6,0.0,0,17.4,32.4,2,open-meteo,10.22,89.85
Mtal,Morocco,32.4908,-8.3781,2026-09-22,2026-09-16 20:14:37.179703+00:00,37.2,16.1,0.0,0,18.6,34.9,45,open-meteo,14.62,77.77
Oulad Saïd,Morocco,32.9633,-7.8115,2026-09-16,2026-09-16 20:14:37.271841+00:00,30.4,19.3,0.0,0,18.2,34.9,2,open-meteo,5.76,92.97
Oulad Saïd,Morocco,32.9633,-7.8115,2026-09-17,2026-09-16 20:14:37.271841+00:00,27.9,17.6,0.0,0,18.3,35.6,3,open-meteo,5.85,89.91
Oulad Saïd,Morocco,32.9633,-7.8115,2026-09-18,2026-09-16 20:14:37.271841+00:00,29.5,17.5,0.0,0,19.6,37.1,45,open-meteo,6.16,83.69
Oulad Saïd,Morocco,32.9633,-7.8115,2026-09-19,2026-09-16 20:14:37.271841+00:00,33.1,17.2,0.0,0,17.7,33.5,2,open-meteo,5.56,93.11
Oulad Saïd,Morocco,32.9633,-7.8115,2026-09-20,2026-09-16 20:14:37.271841+00:00,38.6,21.8,0.0,5,16.8,32.0,3,open-meteo,19.7,80.21
Oulad Saïd,Morocco,32.9633,-7.8115,2026-09-21,2026-09-16 20:14:37.271841+00:00,34.3,23.8,0.0,3,15.1,28.4,2,open-meteo,4.73,93.69
Oulad Saïd,Morocco,32.9633,-7.8115,2026-09-22,2026-09-16 20:14:37.271841+00:00,36.4,18.4,0.0,0,17.7,34.6,45,open-meteo,11.27,80.11
Ait Rami,Morocco,29.9608,-9.4234,2026-09-16,2026-09-16 20:14:37.368032+00:00,33.7,22.7,0.0,0,22.3,36.0,1,open-meteo,6.39,95.53
Ait Rami,Morocco,29.9608,-9.4234,2026-09-17,2026-09-16 20:14:37.368032+00:00,26.8,20.9,0.0,0,21.2,34.2,3,open-meteo,6.07,89.75
Ait Rami,Morocco,29.9608,-9.4234,2026-09-18,2026-09-16 20:14:37.368032+00:00,27.8,20.3,0.0,0,17.6,28.4,2,open-meteo,5.04,93.47
Ait Rami,Morocco,29.9608,-9.4234,2026-09-19,2026-09-16 20:14:37.368032+00:00,28.8,20.7,0.0,0,13.9,23.4,2,open-meteo,4.08,94.14
Ait Rami,Morocco,29.9608,-9.4234,2026-09-20,2026-09-16 20:14:37.368032+00:00,29.7,21.3,0.0,0,14.3,25.2,1,open-meteo,4.31,96.98
Ait Rami,Morocco,29.9608,-9.4234,2026-09-21,2026-09-16 20:14:37.368032+00:00,35.9,22.1,0.0,0,13.5,22.3,3,open-meteo,7.52,88.74
Ait Rami,Morocco,29.9608,-9.4234,2026-09-22,2026-09-16 20:14:37.368032+00:00,39.6,26.0,0.0,0,14.3,28.4,3,open-meteo,23.03,77.88
Sidi el Mokhfi,Morocco,34.6039,-4.7889,2026-09-16,2026-09-16 20:14:37.741700+00:00,30.5,18.6,0.0,0,18.8,35.3,1,open-meteo,5.88,95.88
Sidi el Mokhfi,Morocco,34.6039,-4.7889,2026-09-17,2026-09-16 20:14:37.741700+00:00,29.5,16.9,0.0,0,13.4,24.5,45,open-meteo,4.12,85.12
Sidi el Mokhfi,Morocco,34.6039,-4.7889,2026-09-18,2026-09-16 20:14:37.741700+00:00,31.5,16.0,0.0,0,9.7,18.0,3,open-meteo,3.01,91.89
Sidi el Mokhfi,Morocco,34.6039,-4.7889,2026-09-19,2026-09-16 20:14:37.741700+00:00,34.6,18.7,0.0,0,20.6,39.2,1,open-meteo,6.5,95.45
Sidi el Mokhfi,Morocco,34.6039,-4.7889,2026-09-20,2026-09-16 20:14:37.741700+00:00,35.4,19.8,0.0,3,16.3,31.7,2,open-meteo,6.81,92.23
Sidi el Mokhfi,Morocco,34.6039,-4.7889,2026-09-21,2026-09-16 20:14:37.741700+00:00,34.7,19.0,0.0,0,15.5,28.8,1,open-meteo,4.82,96.63
Sidi el Mokhfi,Morocco,34.6039,-4.7889,2026-09-22,2026-09-16 20:14:37.741700+00:00,35.5,18.7,0.0,0,7.9,16.6,1,open-meteo,4.65,96.74
Aïn Zora,Morocco,34.6575,-3.5331,2026-09-16,2026-09-16 20:14:37.861311+00:00,31.0,19.5,0.0,0,21.3,35.6,1,open-meteo,6.22,95.65
Aïn Zora,Morocco,34.6575,-3.5331,2026-09-17,2026-09-16 20:14:37.861311+00:00,25.3,16.2,0.0,0,21.4,36.4,3,open-meteo,6.31,89.58
Aïn Zora,Morocco,34.6575,-3.5331,2026-09-18,2026-09-16 20:14:37.861311+00:00,24.6,14.5,0.0,0,23.8,40.3,3,open-meteo,7.0,89.1
Aïn Zora,Morocco,34.6575,-3.5331,2026-09-19,2026-09-16 20:14:37.861311+00:00,24.4,15.5,0.0,0,26.0,44.3,45,open-meteo,7.68,82.62
Aïn Zora,Morocco,34.6575,-3.5331,2026-09-20,2026-09-16 20:14:37.861311+00:00,23.4,16.9,0.3,3,21.7,36.4,3,open-meteo,6.75,89.27
Aïn Zora,Morocco,34.6575,-3.5331,2026-09-21,2026-09-16 20:14:37.861311+00:00,25.7,16.7,0.0,0,21.1,40.0,45,open-meteo,6.64,83.35
Aïn Zora,Morocco,34.6575,-3.5331,2026-09-22,2026-09-16 20:14:37.861311+00:00,28.2,16.6,0.0,0,14.5,28.4,2,open-meteo,4.65,93.74
Msemrir,Morocco,31.7025,-5.8119,2026-09-16,2026-09-16 20:14:37.952384+00:00,23.4,13.1,0.0,0,26.7,43.9,1,open-meteo,7.73,94.59
Msemrir,Morocco,31.7025,-5.8119,2026-09-17,2026-09-16 20:14:37.952384+00:00,22.2,12.0,1.5,83,21.6,35.3,80,open-meteo,8.23,77.74
Msemrir,Morocco,31.7025,-5.8119,2026-09-18,2026-09-16 20:14:37.952384+00:00,22.6,11.1,0.4,48,18.5,30.2,3,open-meteo,5.87,89.89
Msemrir,Morocco,31.7025,-5.8119,2026-09-19,2026-09-16 20:14:37.952384+00:00,22.9,11.5,14.3,68,15.8,29.2,80,open-meteo,23.96,66.73
Msemrir,Morocco,31.7025,-5.8119,2026-09-20,2026-09-16 20:14:37.952384+00:00,22.8,12.8,2.4,55,10.5,27.0,80,open-meteo,7.21,78.45
Msemrir,Morocco,31.7025,-5.8119,2026-09-21,2026-09-16 20:14:37.952384+00:00,22.4,13.0,1.35,59,26.6,49.7,80,open-meteo,10.1,76.43
Msemrir,Morocco,31.7025,-5.8119,2026-09-22,2026-09-16 20:14:37.952384+00:00,23.9,13.5,0.0,60,29.1,49.7,1,open-meteo,8.61,93.97
Lehrhi,Morocco,32.835,-5.5851,2026-09-16,2026-09-16 20:14:38.976442+00:00,30.9,16.3,0.0,0,16.2,31.7,1,open-meteo,5.19,96.37
Lehrhi,Morocco,32.835,-5.5851,2026-09-17,2026-09-16 20:14:38.976442+00:00,30.7,17.4,0.0,0,19.6,37.1,3,open-meteo,6.16,89.69
Lehrhi,Morocco,32.835,-5.5851,2026-09-18,2026-09-16 20:14:38.976442+00:00,30.9,16.4,0.0,0,18.2,33.8,3,open-meteo,5.65,90.04
Lehrhi,Morocco,32.835,-5.5851,2026-09-19,2026-09-16 20:14:38.976442+00:00,34.7,21.3,0.0,3,20.5,45.0,3,open-meteo,7.06,89.06
Lehrhi,Morocco,32.835,-5.5851,2026-09-20,2026-09-16 20:14:38.976442+00:00,35.6,23.5,0.3,13,15.8,31.3,80,open-meteo,7.91,77.96
Lehrhi,Morocco,32.835,-5.5851,2026-09-21,2026-09-16 20:14:38.976442+00:00,34.8,21.9,0.0,10,19.5,46.1,3,open-meteo,7.05,89.06
Lehrhi,Morocco,32.835,-5.5851,2026-09-22,2026-09-16 20:14:38.976442+00:00,33.2,19.7,0.0,10,17.0,31.3,2,open-meteo,5.25,93.33
Aït Tagalla,Morocco,31.9167,-6.7167,2026-09-16,2026-09-16 20:14:39.062026+00:00,29.5,16.3,0.0,0,17.9,38.2,1,open-meteo,6.06,95.76
Aït Tagalla,Morocco,31.9167,-6.7167,2026-09-17,2026-09-16 20:14:39.062026+00:00,28.0,14.4,0.0,0,16.3,34.6,3,open-meteo,5.5,90.15
Aït Tagalla,Morocco,31.9167,-6.7167,2026-09-18,2026-09-16 20:14:39.062026+00:00,27.9,14.2,0.0,0,16.8,33.8,1,open-meteo,5.48,96.16
Aït Tagalla,Morocco,31.9167,-6.7167,2026-09-19,2026-09-16 20:14:39.062026+00:00,31.9,18.3,0.0,8,17.2,35.6,3,open-meteo,5.71,90.0
Aït Tagalla,Morocco,31.9167,-6.7167,2026-09-20,2026-09-16 20:14:39.062026+00:00,33.1,21.0,0.6,30,20.1,55.8,3,open-meteo,8.89,87.78
Aït Tagalla,Morocco,31.9167,-6.7167,2026-09-21,2026-09-16 20:14:39.062026+00:00,31.6,21.1,0.45,0,15.5,28.4,3,open-meteo,5.38,90.23
Aït Tagalla,Morocco,31.9167,-6.7167,2026-09-22,2026-09-16 20:14:39.062026+00:00,31.7,20.0,0.3,0,21.3,45.7,80,open-meteo,7.63,78.16
Aklim,Morocco,34.9292,-2.4353,2026-09-16,2026-09-16 20:14:39.148666+00:00,33.3,17.4,0.0,0,17.1,32.0,1,open-meteo,5.34,96.26
Aklim,Morocco,34.9292,-2.4353,2026-09-17,2026-09-16 20:14:39.148666+00:00,26.6,17.9,0.0,0,16.9,30.6,3,open-meteo,5.17,90.38
Aklim,Morocco,34.9292,-2.4353,2026-09-18,2026-09-16 20:14:39.148666+00:00,27.3,18.0,0.0,3,21.0,38.5,45,open-meteo,6.48,83.46
Aklim,Morocco,34.9292,-2.4353,2026-09-19,2026-09-16 20:14:39.148666+00:00,27.1,20.0,0.0,0,28.1,51.5,45,open-meteo,8.66,81.94
Aklim,Morocco,34.9292,-2.4353,2026-09-20,2026-09-16 20:14:39.148666+00:00,27.1,20.3,0.0,0,23.7,42.1,45,open-meteo,7.17,82.98
Aklim,Morocco,34.9292,-2.4353,2026-09-21,2026-09-16 20:14:39.148666+00:00,27.7,19.9,0.0,3,14.6,29.2,45,open-meteo,4.75,84.67
Aklim,Morocco,34.9292,-2.4353,2026-09-22,2026-09-16 20:14:39.148666+00:00,28.0,20.5,0.0,0,13.1,25.6,45,open-meteo,4.2,85.06
El Amim,Morocco,32.2338,-7.2417,2026-09-16,2026-09-16 20:14:39.231432+00:00,35.1,20.0,0.0,0,18.8,31.7,2,open-meteo,5.92,92.86
El Amim,Morocco,32.2338,-7.2417,2026-09-17,2026-09-16 20:14:39.231432+00:00,31.6,17.6,0.0,0,16.8,28.8,3,open-meteo,4.98,90.51
El Amim,Morocco,32.2338,-7.2417,2026-09-18,2026-09-16 20:14:39.231432+00:00,32.4,18.0,0.0,0,15.9,27.0,2,open-meteo,4.69,93.72
El Amim,Morocco,32.2338,-7.2417,2026-09-19,2026-09-16 20:14:39.231432+00:00,36.7,19.0,0.0,0,16.7,28.4,2,open-meteo,11.73,88.79
El Amim,Morocco,32.2338,-7.2417,2026-09-20,2026-09-16 20:14:39.231432+00:00,40.0,22.0,0.0,5,4.7,14.4,3,open-meteo,22.03,78.58
El Amim,Morocco,32.2338,-7.2417,2026-09-21,2026-09-16 20:14:39.231432+00:00,37.6,23.7,0.6,3,9.9,20.5,3,open-meteo,14.49,83.86
El Amim,Morocco,32.2338,-7.2417,2026-09-22,2026-09-16 20:14:39.231432+00:00,38.3,20.1,0.0,3,19.7,34.6,2,open-meteo,19.12,83.62
Matarka,Morocco,33.2611,-2.7031,2026-09-16,2026-09-16 20:14:39.327819+00:00,28.2,17.6,0.0,0,15.5,24.1,2,open-meteo,4.35,93.95
Matarka,Morocco,33.2611,-2.7031,2026-09-17,2026-09-16 20:14:39.327819+00:00,29.8,14.8,0.1,33,23.9,42.1,3,open-meteo,7.33,88.87
Matarka,Morocco,33.2611,-2.7031,2026-09-18,2026-09-16 20:14:39.327819+00:00,27.1,15.1,0.0,10,21.6,36.4,3,open-meteo,6.34,89.56
Matarka,Morocco,33.2611,-2.7031,2026-09-19,2026-09-16 20:14:39.327819+00:00,29.6,15.7,0.2,25,16.4,24.8,3,open-meteo,4.8,90.64
Matarka,Morocco,33.2611,-2.7031,2026-09-20,2026-09-16 20:14:39.327819+00:00,30.6,17.2,4.2,23,16.6,28.1,80,open-meteo,10.49,76.16
Matarka,Morocco,33.2611,-2.7031,2026-09-21,2026-09-16 20:14:39.327819+00:00,26.7,16.9,0.0,20,17.1,26.3,45,open-meteo,4.77,84.66
Matarka,Morocco,33.2611,-2.7031,2026-09-22,2026-09-16 20:14:39.327819+00:00,27.9,14.8,0.0,20,11.2,16.9,45,open-meteo,3.09,85.84
Za’roura,Morocco,35.2167,-5.6667,2026-09-16,2026-09-16 20:14:39.422550+00:00,27.1,15.9,0.0,0,16.9,48.6,45,open-meteo,6.97,83.12
Za’roura,Morocco,35.2167,-5.6667,2026-09-17,2026-09-16 20:14:39.422550+00:00,26.2,14.3,0.0,0,14.5,40.7,45,open-meteo,5.88,83.88
Za’roura,Morocco,35.2167,-5.6667,2026-09-18,2026-09-16 20:14:39.422550+00:00,28.1,15.4,0.0,0,16.5,48.2,3,open-meteo,6.88,89.18
Za’roura,Morocco,35.2167,-5.6667,2026-09-19,2026-09-16 20:14:39.422550+00:00,32.7,18.3,0.0,0,10.7,35.3,1,open-meteo,4.87,96.59
Za’roura,Morocco,35.2167,-5.6667,2026-09-20,2026-09-16 20:14:39.422550+00:00,33.7,20.0,0.0,0,12.3,37.4,1,open-meteo,5.28,96.3
Za’roura,Morocco,35.2167,-5.6667,2026-09-21,2026-09-16 20:14:39.422550+00:00,33.1,19.8,0.0,0,13.3,29.5,1,open-meteo,4.61,96.77
Za’roura,Morocco,35.2167,-5.6667,2026-09-22,2026-09-16 20:14:39.422550+00:00,32.8,18.5,0.0,0,11.2,23.8,1,open-meteo,3.78,97.35
Oulad Khallouf,Morocco,34.71,-2.58,2026-09-16,2026-09-16 20:14:39.510976+00:00,30.9,17.2,0.0,0,17.1,32.8,1,open-meteo,5.42,96.21
Oulad Khallouf,Morocco,34.71,-2.58,2026-09-17,2026-09-16 20:14:39.510976+00:00,25.3,16.7,0.0,0,17.5,32.8,3,open-meteo,5.47,90.17
Oulad Khallouf,Morocco,34.71,-2.58,2026-09-18,2026-09-16 20:14:39.510976+00:00,25.4,15.3,0.0,3,23.6,50.4,3,open-meteo,7.99,88.41
Oulad Khallouf,Morocco,34.71,-2.58,2026-09-19,2026-09-16 20:14:39.510976+00:00,26.4,17.1,0.0,0,21.4,46.4,3,open-meteo,7.31,88.88
Oulad Khallouf,Morocco,34.71,-2.58,2026-09-20,2026-09-16 20:14:39.510976+00:00,26.1,18.0,0.0,0,25.5,52.9,3,open-meteo,8.48,88.06
Oulad Khallouf,Morocco,34.71,-2.58,2026-09-21,2026-09-16 20:14:39.510976+00:00,25.0,17.3,0.0,3,17.7,41.4,45,open-meteo,6.35,83.56
Oulad Khallouf,Morocco,34.71,-2.58,2026-09-22,2026-09-16 20:14:39.510976+00:00,26.5,16.4,0.0,0,15.0,28.8,45,open-meteo,4.76,84.67
Douar Sidi Msour,Morocco,32.2725,-7.1986,2026-09-16,2026-09-16 20:14:39.597723+00:00,35.4,20.2,0.0,0,18.4,33.1,2,open-meteo,7.21,91.95
Douar Sidi Msour,Morocco,32.2725,-7.1986,2026-09-17,2026-09-16 20:14:39.597723+00:00,31.9,17.7,0.0,0,16.1,29.2,3,open-meteo,4.93,90.55
Douar Sidi Msour,Morocco,32.2725,-7.1986,2026-09-18,2026-09-16 20:14:39.597723+00:00,32.6,18.0,0.0,0,15.3,27.7,2,open-meteo,4.68,93.72
Douar Sidi Msour,Morocco,32.2725,-7.1986,2026-09-19,2026-09-16 20:14:39.597723+00:00,37.1,19.1,0.0,0,16.3,29.9,2,open-meteo,13.43,87.6
Douar Sidi Msour,Morocco,32.2725,-7.1986,2026-09-20,2026-09-16 20:14:39.597723+00:00,40.2,22.2,0.0,5,9.4,21.6,3,open-meteo,24.14,77.1
Douar Sidi Msour,Morocco,32.2725,-7.1986,2026-09-21,2026-09-16 20:14:39.597723+00:00,37.6,24.0,0.6,3,9.9,20.5,3,open-meteo,14.49,83.86
Douar Sidi Msour,Morocco,32.2725,-7.1986,2026-09-22,2026-09-16 20:14:39.597723+00:00,38.3,20.1,0.0,3,19.7,34.6,2,open-meteo,19.12,83.62
Outa Bouabane,Morocco,34.2606,-4.4139,2026-09-16,2026-09-16 20:14:39.687737+00:00,31.4,19.7,0.0,0,19.0,47.2,1,open-meteo,7.1,95.03
Outa Bouabane,Morocco,34.2606,-4.4139,2026-09-17,2026-09-16 20:14:39.687737+00:00,29.3,16.8,0.0,0,11.9,25.6,45,open-meteo,4.05,85.16
Outa Bouabane,Morocco,34.2606,-4.4139,2026-09-18,2026-09-16 20:14:39.687737+00:00,31.2,17.8,0.0,0,22.7,61.2,3,open-meteo,8.96,87.73
Outa Bouabane,Morocco,34.2606,-4.4139,2026-09-19,2026-09-16 20:14:39.687737+00:00,30.4,20.3,0.0,0,32.0,76.0,2,open-meteo,11.6,88.88
Outa Bouabane,Morocco,34.2606,-4.4139,2026-09-20,2026-09-16 20:14:39.687737+00:00,30.8,21.1,0.0,0,33.2,77.8,2,open-meteo,11.93,88.65
Outa Bouabane,Morocco,34.2606,-4.4139,2026-09-21,2026-09-16 20:14:39.687737+00:00,30.8,21.0,0.0,0,28.7,70.2,1,open-meteo,10.61,92.57
Outa Bouabane,Morocco,34.2606,-4.4139,2026-09-22,2026-09-16 20:14:39.687737+00:00,34.0,20.1,0.0,0,12.2,24.8,1,open-meteo,4.0,97.2
Had Kourt,Morocco,34.6167,-5.7333,2026-09-16,2026-09-16 20:14:39.774172+00:00,29.9,18.8,0.0,0,18.1,35.3,3,open-meteo,5.79,89.95
Had Kourt,Morocco,34.6167,-5.7333,2026-09-17,2026-09-16 20:14:39.774172+00:00,29.0,18.6,0.0,0,13.5,26.6,3,open-meteo,4.35,90.95
Had Kourt,Morocco,34.6167,-5.7333,2026-09-18,2026-09-16 20:14:39.774172+00:00,31.6,16.1,0.0,0,13.9,27.7,3,open-meteo,4.51,90.84
Had Kourt,Morocco,34.6167,-5.7333,2026-09-19,2026-09-16 20:14:39.774172+00:00,36.4,17.9,0.0,0,14.7,28.4,2,open-meteo,10.28,89.8
Had Kourt,Morocco,34.6167,-5.7333,2026-09-20,2026-09-16 20:14:39.774172+00:00,38.2,23.9,0.0,0,19.0,38.9,1,open-meteo,19.07,86.65
Had Kourt,Morocco,34.6167,-5.7333,2026-09-21,2026-09-16 20:14:39.774172+00:00,37.1,24.3,0.0,0,17.0,34.7,0,open-meteo,14.0,90.2
Had Kourt,Morocco,34.6167,-5.7333,2026-09-22,2026-09-16 20:14:39.774172+00:00,36.5,21.7,0.0,0,11.6,27.4,2,open-meteo,10.19,89.87
Tizoual,Morocco,31.0244,-7.8186,2026-09-16,2026-09-16 20:14:39.860990+00:00,22.8,12.8,0.0,0,14.1,25.2,2,open-meteo,4.28,94.0
Tizoual,Morocco,31.0244,-7.8186,2026-09-17,2026-09-16 20:14:39.860990+00:00,20.9,13.4,1.8,70,16.3,43.9,80,open-meteo,8.83,77.32
Tizoual,Morocco,31.0244,-7.8186,2026-09-18,2026-09-16 20:14:39.860990+00:00,20.6,12.3,0.6,91,13.8,27.0,61,open-meteo,5.23,82.84
Tizoual,Morocco,31.0244,-7.8186,2026-09-19,2026-09-16 20:14:39.860990+00:00,21.4,13.3,1.0,75,17.1,36.4,80,open-meteo,7.11,78.52
Tizoual,Morocco,31.0244,-7.8186,2026-09-20,2026-09-16 20:14:39.860990+00:00,22.2,13.9,0.7,60,18.9,38.5,80,open-meteo,7.15,78.49
Tizoual,Morocco,31.0244,-7.8186,2026-09-21,2026-09-16 20:14:39.860990+00:00,21.4,13.9,0.3,25,16.1,40.0,80,open-meteo,6.41,79.01
Tizoual,Morocco,31.0244,-7.8186,2026-09-22,2026-09-16 20:14:39.860990+00:00,20.3,13.7,0.3,25,22.1,54.7,3,open-meteo,8.63,87.96
Dar El Kebdani,Morocco,35.1173,-3.3317,2026-09-16,2026-09-16 20:14:39.943550+00:00,29.7,19.4,0.0,0,15.5,30.2,3,open-meteo,4.96,90.53
Dar El Kebdani,Morocco,35.1173,-3.3317,2026-09-17,2026-09-16 20:14:39.943550+00:00,25.4,19.0,0.0,0,16.0,29.2,3,open-meteo,4.92,90.56
Dar El Kebdani,Morocco,35.1173,-3.3317,2026-09-18,2026-09-16 20:14:39.943550+00:00,26.5,18.1,0.0,3,16.0,29.9,3,open-meteo,4.99,90.51
Dar El Kebdani,Morocco,35.1173,-3.3317,2026-09-19,2026-09-16 20:14:39.943550+00:00,26.5,19.9,0.0,5,21.9,40.0,3,open-meteo,6.74,89.28
Dar El Kebdani,Morocco,35.1173,-3.3317,2026-09-20,2026-09-16 20:14:39.943550+00:00,25.7,20.9,0.6,5,22.2,40.7,3,open-meteo,7.65,88.64
Dar El Kebdani,Morocco,35.1173,-3.3317,2026-09-21,2026-09-16 20:14:39.943550+00:00,26.1,19.6,0.0,3,22.4,42.1,3,open-meteo,7.01,89.09
Dar El Kebdani,Morocco,35.1173,-3.3317,2026-09-22,2026-09-16 20:14:39.943550+00:00,27.7,18.4,0.0,0,11.6,27.4,2,open-meteo,4.19,94.07
Mhamid el Rhozlane,Morocco,29.8222,-5.7208,2026-09-16,2026-09-16 20:14:40.025923+00:00,38.1,26.3,0.0,0,15.3,22.3,2,open-meteo,16.54,85.42
Mhamid el Rhozlane,Morocco,29.8222,-5.7208,2026-09-17,2026-09-16 20:14:40.025923+00:00,36.5,28.2,1.2,13,17.3,27.4,80,open-meteo,12.5,74.75
Mhamid el Rhozlane,Morocco,29.8222,-5.7208,2026-09-18,2026-09-16 20:14:40.025923+00:00,37.1,26.0,0.0,3,17.7,27.4,3,open-meteo,13.35,84.66
Mhamid el Rhozlane,Morocco,29.8222,-5.7208,2026-09-19,2026-09-16 20:14:40.025923+00:00,37.1,26.6,0.0,0,24.9,38.2,2,open-meteo,15.33,86.27
Mhamid el Rhozlane,Morocco,29.8222,-5.7208,2026-09-20,2026-09-16 20:14:40.025923+00:00,37.1,25.6,0.0,0,22.2,34.2,2,open-meteo,14.6,86.78
Mhamid el Rhozlane,Morocco,29.8222,-5.7208,2026-09-21,2026-09-16 20:14:40.025923+00:00,37.5,26.3,0.0,0,27.0,42.5,2,open-meteo,17.62,84.67
Mhamid el Rhozlane,Morocco,29.8222,-5.7208,2026-09-22,2026-09-16 20:14:40.025923+00:00,36.5,24.8,0.3,0,16.2,27.4,3,open-meteo,11.16,86.19
Tendrara,Morocco,33.05,-2.0,2026-09-16,2026-09-16 20:14:40.110030+00:00,26.9,17.2,0.0,0,19.2,32.0,2,open-meteo,5.6,93.08
Tendrara,Morocco,33.05,-2.0,2026-09-17,2026-09-16 20:14:40.110030+00:00,28.8,16.5,0.6,30,23.5,46.4,80,open-meteo,8.38,77.63
Tendrara,Morocco,33.05,-2.0,2026-09-18,2026-09-16 20:14:40.110030+00:00,25.4,13.8,0.9,33,14.8,50.4,80,open-meteo,8.09,77.84
Tendrara,Morocco,33.05,-2.0,2026-09-19,2026-09-16 20:14:40.110030+00:00,27.2,15.9,0.1,30,14.1,26.6,3,open-meteo,4.56,90.81
Tendrara,Morocco,33.05,-2.0,2026-09-20,2026-09-16 20:14:40.110030+00:00,27.7,17.6,1.2,30,16.3,32.8,3,open-meteo,6.92,89.16
Tendrara,Morocco,33.05,-2.0,2026-09-21,2026-09-16 20:14:40.110030+00:00,24.7,15.4,0.45,13,10.4,29.9,45,open-meteo,4.89,84.58
Tendrara,Morocco,33.05,-2.0,2026-09-22,2026-09-16 20:14:40.110030+00:00,25.4,14.4,0.0,13,10.5,17.3,2,open-meteo,3.04,94.87
Bni Tajjit,Morocco,32.3,-3.45,2026-09-16,2026-09-16 20:14:40.192514+00:00,31.5,18.3,0.0,3,21.3,34.6,2,open-meteo,6.12,92.72
Bni Tajjit,Morocco,32.3,-3.45,2026-09-17,2026-09-16 20:14:40.192514+00:00,31.9,16.7,0.1,30,36.4,60.5,3,open-meteo,10.73,86.49
Bni Tajjit,Morocco,32.3,-3.45,2026-09-18,2026-09-16 20:14:40.192514+00:00,30.2,15.1,0.4,40,23.1,37.8,3,open-meteo,7.2,88.96
Bni Tajjit,Morocco,32.3,-3.45,2026-09-19,2026-09-16 20:14:40.192514+00:00,30.9,15.8,0.2,15,10.8,22.3,2,open-meteo,3.85,94.3
Bni Tajjit,Morocco,32.3,-3.45,2026-09-20,2026-09-16 20:14:40.192514+00:00,31.3,17.9,0.0,10,11.6,19.4,80,open-meteo,3.39,81.13
Bni Tajjit,Morocco,32.3,-3.45,2026-09-21,2026-09-16 20:14:40.192514+00:00,27.6,18.8,2.1,25,19.8,36.7,80,open-meteo,8.95,77.23
Bni Tajjit,Morocco,32.3,-3.45,2026-09-22,2026-09-16 20:14:40.192514+00:00,27.3,15.2,0.3,25,12.6,24.8,3,open-meteo,4.46,90.88
Douar Mzoura,Morocco,32.835,-7.9444,2026-09-16,2026-09-16 20:14:40.278764+00:00,31.1,18.9,0.0,0,18.8,36.0,2,open-meteo,5.95,92.83
Douar Mzoura,Morocco,32.835,-7.9444,2026-09-17,2026-09-16 20:14:40.278764+00:00,28.4,17.7,0.0,0,19.0,37.1,3,open-meteo,6.08,89.74
Douar Mzoura,Morocco,32.835,-7.9444,2026-09-18,2026-09-16 20:14:40.278764+00:00,30.1,17.3,0.0,0,19.4,36.4,45,open-meteo,6.07,83.75
Douar Mzoura,Morocco,32.835,-7.9444,2026-09-19,2026-09-16 20:14:40.278764+00:00,33.3,17.0,0.0,0,17.7,33.1,2,open-meteo,5.52,93.14
Douar Mzoura,Morocco,32.835,-7.9444,2026-09-20,2026-09-16 20:14:40.278764+00:00,39.0,20.6,0.0,3,16.2,31.3,3,open-meteo,21.16,79.19
Douar Mzoura,Morocco,32.835,-7.9444,2026-09-21,2026-09-16 20:14:40.278764+00:00,33.8,22.0,0.0,0,14.5,27.0,2,open-meteo,4.51,93.84
Douar Mzoura,Morocco,32.835,-7.9444,2026-09-22,2026-09-16 20:14:40.278764+00:00,36.3,17.7,0.0,0,17.1,32.8,45,open-meteo,10.62,80.57
Sidi Boushab,Morocco,30.4667,-9.3056,2026-09-16,2026-09-16 20:14:40.363817+00:00,34.2,22.5,0.0,0,23.3,36.0,2,open-meteo,6.51,92.44
Sidi Boushab,Morocco,30.4667,-9.3056,2026-09-17,2026-09-16 20:14:40.363817+00:00,29.6,20.0,0.0,0,30.8,49.7,3,open-meteo,8.82,87.83
Sidi Boushab,Morocco,30.4667,-9.3056,2026-09-18,2026-09-16 20:14:40.363817+00:00,28.7,19.5,0.0,0,27.8,44.3,2,open-meteo,7.91,91.46
Sidi Boushab,Morocco,30.4667,-9.3056,2026-09-19,2026-09-16 20:14:40.363817+00:00,30.3,20.7,0.0,0,28.8,46.4,2,open-meteo,8.24,91.23
Sidi Boushab,Morocco,30.4667,-9.3056,2026-09-20,2026-09-16 20:14:40.363817+00:00,30.0,20.2,0.0,0,30.9,49.3,2,open-meteo,8.79,90.85
Sidi Boushab,Morocco,30.4667,-9.3056,2026-09-21,2026-09-16 20:14:40.363817+00:00,39.7,21.4,0.0,0,27.7,47.5,2,open-meteo,27.01,78.09
Sidi Boushab,Morocco,30.4667,-9.3056,2026-09-22,2026-09-16 20:14:40.363817+00:00,40.2,24.6,0.0,0,12.3,20.9,3,open-meteo,24.43,76.9
Douar Ait Taleb,Morocco,32.3839,-8.1856,2026-09-16,2026-09-16 20:14:40.446880+00:00,31.8,18.8,0.0,0,23.5,39.6,3,open-meteo,6.9,89.17
Douar Ait Taleb,Morocco,32.3839,-8.1856,2026-09-17,2026-09-16 20:14:40.446880+00:00,28.2,17.2,0.0,0,20.8,36.7,3,open-meteo,6.27,89.61
Douar Ait Taleb,Morocco,32.3839,-8.1856,2026-09-18,2026-09-16 20:14:40.446880+00:00,29.7,16.7,0.0,0,20.5,35.3,45,open-meteo,6.09,83.74
Douar Ait Taleb,Morocco,32.3839,-8.1856,2026-09-19,2026-09-16 20:14:40.446880+00:00,33.0,16.7,0.0,0,19.8,33.8,2,open-meteo,5.85,92.91
Douar Ait Taleb,Morocco,32.3839,-8.1856,2026-09-20,2026-09-16 20:14:40.446880+00:00,37.7,22.8,0.3,20,16.1,32.0,3,open-meteo,16.41,82.51
Douar Ait Taleb,Morocco,32.3839,-8.1856,2026-09-21,2026-09-16 20:14:40.446880+00:00,36.1,22.2,0.0,3,17.7,32.8,2,open-meteo,9.89,90.08
Douar Ait Taleb,Morocco,32.3839,-8.1856,2026-09-22,2026-09-16 20:14:40.446880+00:00,36.9,19.2,0.0,0,20.7,37.1,3,open-meteo,13.9,84.27
Jouamaa,Morocco,35.6478,-5.6785,2026-09-16,2026-09-16 20:14:40.530070+00:00,29.5,17.2,0.0,0,23.2,45.0,3,open-meteo,7.4,88.82
Jouamaa,Morocco,35.6478,-5.6785,2026-09-17,2026-09-16 20:14:40.530070+00:00,28.5,14.3,0.0,0,12.5,24.1,3,open-meteo,3.97,91.22
Jouamaa,Morocco,35.6478,-5.6785,2026-09-18,2026-09-16 20:14:40.530070+00:00,28.9,18.3,0.0,0,27.4,52.9,2,open-meteo,8.71,90.9
Jouamaa,Morocco,35.6478,-5.6785,2026-09-19,2026-09-16 20:14:40.530070+00:00,27.4,22.1,0.0,0,43.3,87.8,1,open-meteo,14.19,90.07
Jouamaa,Morocco,35.6478,-5.6785,2026-09-20,2026-09-16 20:14:40.530070+00:00,27.2,22.8,0.0,0,46.8,96.1,1,open-meteo,15.46,89.18
Jouamaa,Morocco,35.6478,-5.6785,2026-09-21,2026-09-16 20:14:40.530070+00:00,27.4,22.5,0.0,0,40.1,80.3,1,open-meteo,13.04,90.87
Jouamaa,Morocco,35.6478,-5.6785,2026-09-22,2026-09-16 20:14:40.530070+00:00,28.5,21.9,0.0,0,29.5,59.0,1,open-meteo,9.59,93.29
Berkine,Morocco,33.9331,-3.8439,2026-09-16,2026-09-16 20:14:40.614052+00:00,30.6,19.1,0.0,0,27.2,48.2,1,open-meteo,8.22,94.25
Berkine,Morocco,33.9331,-3.8439,2026-09-17,2026-09-16 20:14:40.614052+00:00,27.6,16.6,0.0,3,18.0,32.8,3,open-meteo,5.53,90.13
Berkine,Morocco,33.9331,-3.8439,2026-09-18,2026-09-16 20:14:40.614052+00:00,26.8,14.2,0.0,0,23.3,40.7,3,open-meteo,6.98,89.11
Berkine,Morocco,33.9331,-3.8439,2026-09-19,2026-09-16 20:14:40.614052+00:00,26.3,16.0,0.0,5,21.3,36.7,45,open-meteo,6.33,83.57
Berkine,Morocco,33.9331,-3.8439,2026-09-20,2026-09-16 20:14:40.614052+00:00,26.7,17.7,0.0,3,18.7,33.5,3,open-meteo,5.69,90.02
Berkine,Morocco,33.9331,-3.8439,2026-09-21,2026-09-16 20:14:40.614052+00:00,27.4,17.9,0.0,0,17.2,31.3,45,open-meteo,5.28,84.3
Berkine,Morocco,33.9331,-3.8439,2026-09-22,2026-09-16 20:14:40.614052+00:00,29.8,15.2,0.0,0,17.2,29.9,2,open-meteo,5.14,93.4
El Aargub,Morocco,23.5759,-15.8775,2026-09-16,2026-09-16 20:14:40.700952+00:00,34.2,23.5,0.0,2,30.1,47.2,0,open-meteo,8.48,94.06
El Aargub,Morocco,23.5759,-15.8775,2026-09-17,2026-09-16 20:14:40.700952+00:00,26.8,20.2,0.0,0,34.2,52.6,0,open-meteo,9.54,93.32
El Aargub,Morocco,23.5759,-15.8775,2026-09-18,2026-09-16 20:14:40.700952+00:00,25.9,19.4,0.0,0,35.1,54.4,0,open-meteo,9.83,93.12
El Aargub,Morocco,23.5759,-15.8775,2026-09-19,2026-09-16 20:14:40.700952+00:00,26.5,18.7,0.0,0,30.8,49.7,1,open-meteo,8.82,93.83
El Aargub,Morocco,23.5759,-15.8775,2026-09-20,2026-09-16 20:14:40.700952+00:00,27.3,18.8,0.0,0,29.0,46.8,0,open-meteo,8.3,94.19
El Aargub,Morocco,23.5759,-15.8775,2026-09-21,2026-09-16 20:14:40.700952+00:00,27.7,20.9,0.0,16,26.5,41.0,0,open-meteo,7.41,94.81
El Aargub,Morocco,23.5759,-15.8775,2026-09-22,2026-09-16 20:14:40.700952+00:00,27.8,21.4,0.0,10,27.6,45.0,0,open-meteo,7.95,94.43
Boureït,Morocco,34.9983,-4.893,2026-09-16,2026-09-16 20:14:40.786155+00:00,25.9,14.8,0.0,0,18.9,48.6,2,open-meteo,7.22,91.95
Boureït,Morocco,34.9983,-4.893,2026-09-17,2026-09-16 20:14:40.786155+00:00,25.8,13.3,0.0,0,12.9,42.1,3,open-meteo,5.82,89.93
Boureït,Morocco,34.9983,-4.893,2026-09-18,2026-09-16 20:14:40.786155+00:00,25.6,13.4,0.0,0,17.0,40.0,3,open-meteo,6.13,89.71
Boureït,Morocco,34.9983,-4.893,2026-09-19,2026-09-16 20:14:40.786155+00:00,25.1,14.7,0.0,0,20.3,42.5,1,open-meteo,6.79,95.25
Boureït,Morocco,34.9983,-4.893,2026-09-20,2026-09-16 20:14:40.786155+00:00,25.2,15.3,0.0,0,19.6,38.9,1,open-meteo,6.34,95.56
Boureït,Morocco,34.9983,-4.893,2026-09-21,2026-09-16 20:14:40.786155+00:00,22.4,14.2,0.0,0,17.9,34.2,45,open-meteo,5.66,84.04
Boureït,Morocco,34.9983,-4.893,2026-09-22,2026-09-16 20:14:40.786155+00:00,24.0,12.2,0.0,0,14.3,29.2,45,open-meteo,4.71,84.7
Reçani,Morocco,31.2175,-4.2737,2026-09-16,2026-09-16 20:14:40.872110+00:00,35.3,24.2,0.0,3,11.6,19.8,3,open-meteo,4.63,90.76
Reçani,Morocco,31.2175,-4.2737,2026-09-17,2026-09-16 20:14:40.872110+00:00,34.0,23.3,0.2,15,18.2,28.1,3,open-meteo,5.35,90.25
Reçani,Morocco,31.2175,-4.2737,2026-09-18,2026-09-16 20:14:40.872110+00:00,34.0,21.4,0.0,8,14.8,21.6,3,open-meteo,4.01,91.19
Reçani,Morocco,31.2175,-4.2737,2026-09-19,2026-09-16 20:14:40.872110+00:00,34.6,22.3,0.0,3,16.9,26.3,2,open-meteo,4.74,93.68
Reçani,Morocco,31.2175,-4.2737,2026-09-20,2026-09-16 20:14:40.872110+00:00,34.4,23.1,0.2,5,13.2,20.5,3,open-meteo,3.97,91.22
Reçani,Morocco,31.2175,-4.2737,2026-09-21,2026-09-16 20:14:40.872110+00:00,33.3,23.0,1.3,8,19.1,31.3,3,open-meteo,7.25,88.92
Reçani,Morocco,31.2175,-4.2737,2026-09-22,2026-09-16 20:14:40.872110+00:00,33.4,20.3,0.0,8,11.0,19.4,2,open-meteo,3.31,94.68
Bou’nane,Morocco,32.2007,-2.8436,2026-09-16,2026-09-16 20:14:40.957405+00:00,33.1,23.4,0.0,0,19.6,29.9,2,open-meteo,5.44,93.19
Bou’nane,Morocco,32.2007,-2.8436,2026-09-17,2026-09-16 20:14:40.957405+00:00,34.1,20.8,0.1,25,23.0,37.4,3,open-meteo,6.75,89.27
Bou’nane,Morocco,32.2007,-2.8436,2026-09-18,2026-09-16 20:14:40.957405+00:00,31.3,20.5,0.3,20,24.8,44.6,80,open-meteo,7.96,77.93
Bou’nane,Morocco,32.2007,-2.8436,2026-09-19,2026-09-16 20:14:40.957405+00:00,33.1,19.9,0.0,10,19.5,32.8,3,open-meteo,5.72,90.0
Bou’nane,Morocco,32.2007,-2.8436,2026-09-20,2026-09-16 20:14:40.957405+00:00,33.1,20.1,0.3,9,10.8,20.5,3,open-meteo,3.8,91.34
Bou’nane,Morocco,32.2007,-2.8436,2026-09-21,2026-09-16 20:14:40.957405+00:00,29.7,21.4,2.4,20,15.4,27.4,80,open-meteo,7.87,77.99
Bou’nane,Morocco,32.2007,-2.8436,2026-09-22,2026-09-16 20:14:40.957405+00:00,30.9,18.6,0.0,20,11.3,18.7,3,open-meteo,3.28,91.7
Tifariti,Morocco,26.158,-10.567,2026-09-16,2026-09-16 20:14:41.041990+00:00,38.7,22.3,0.0,0,39.8,58.3,0,open-meteo,25.61,82.07
Tifariti,Morocco,26.158,-10.567,2026-09-17,2026-09-16 20:14:41.041990+00:00,31.0,17.7,0.0,0,36.8,55.1,0,open-meteo,10.11,92.92
Tifariti,Morocco,26.158,-10.567,2026-09-18,2026-09-16 20:14:41.041990+00:00,29.2,16.5,0.0,0,36.9,54.4,3,open-meteo,10.05,86.97
Tifariti,Morocco,26.158,-10.567,2026-09-19,2026-09-16 20:14:41.041990+00:00,30.7,16.6,0.0,0,23.3,35.3,3,open-meteo,6.44,89.49
Tifariti,Morocco,26.158,-10.567,2026-09-20,2026-09-16 20:14:41.041990+00:00,37.3,18.2,0.0,2,17.1,32.4,0,open-meteo,14.58,89.79
Tifariti,Morocco,26.158,-10.567,2026-09-21,2026-09-16 20:14:41.041990+00:00,38.8,26.1,0.0,8,23.0,43.2,1,open-meteo,22.39,84.33
Tifariti,Morocco,26.158,-10.567,2026-09-22,2026-09-16 20:14:41.041990+00:00,38.2,26.1,0.0,4,18.7,30.6,1,open-meteo,18.2,87.26
Bir Anzarane,Morocco,23.8883,-14.5306,2026-09-16,2026-09-16 20:14:41.127602+00:00,40.4,27.4,0.0,0,32.6,50.4,0,open-meteo,30.71,78.5
Bir Anzarane,Morocco,23.8883,-14.5306,2026-09-17,2026-09-16 20:14:41.127602+00:00,33.4,22.4,0.0,0,30.5,44.6,0,open-meteo,8.27,94.21
Bir Anzarane,Morocco,23.8883,-14.5306,2026-09-18,2026-09-16 20:14:41.127602+00:00,29.3,18.8,0.0,0,30.4,44.6,0,open-meteo,8.26,94.22
Bir Anzarane,Morocco,23.8883,-14.5306,2026-09-19,2026-09-16 20:14:41.127602+00:00,30.8,17.8,0.0,0,23.6,35.3,0,open-meteo,6.48,95.46
Bir Anzarane,Morocco,23.8883,-14.5306,2026-09-20,2026-09-16 20:14:41.127602+00:00,37.7,19.9,0.0,2,20.9,45.7,0,open-meteo,17.98,87.41
Bir Anzarane,Morocco,23.8883,-14.5306,2026-09-21,2026-09-16 20:14:41.127602+00:00,38.5,25.3,0.9,33,22.9,38.5,51,open-meteo,21.91,77.16
Bir Anzarane,Morocco,23.8883,-14.5306,2026-09-22,2026-09-16 20:14:41.127602+00:00,36.5,24.6,0.0,14,30.2,49.7,0,open-meteo,14.75,89.67
Aïn el Mediour,Morocco,30.4,-8.8833,2026-09-16,2026-09-16 20:14:41.210102+00:00,37.9,24.6,0.0,0,24.5,39.6,2,open-meteo,18.62,83.97
Aïn el Mediour,Morocco,30.4,-8.8833,2026-09-17,2026-09-16 20:14:41.210102+00:00,30.9,19.9,0.0,0,26.1,43.9,3,open-meteo,7.65,88.64
Aïn el Mediour,Morocco,30.4,-8.8833,2026-09-18,2026-09-16 20:14:41.210102+00:00,31.1,19.3,0.0,0,22.9,36.4,2,open-meteo,6.5,92.45
Aïn el Mediour,Morocco,30.4,-8.8833,2026-09-19,2026-09-16 20:14:41.210102+00:00,32.5,21.1,0.0,0,20.5,32.8,2,open-meteo,5.84,92.91
Aïn el Mediour,Morocco,30.4,-8.8833,2026-09-20,2026-09-16 20:14:41.210102+00:00,32.6,22.1,0.0,0,20.9,37.1,2,open-meteo,6.32,92.58
Aïn el Mediour,Morocco,30.4,-8.8833,2026-09-21,2026-09-16 20:14:41.210102+00:00,39.5,23.6,0.0,0,23.1,40.3,2,open-meteo,24.92,79.56
Aïn el Mediour,Morocco,30.4,-8.8833,2026-09-22,2026-09-16 20:14:41.210102+00:00,38.6,25.2,0.0,0,15.4,26.6,3,open-meteo,18.99,80.71
Uad Damran,Morocco,27.4617,-12.9941,2026-09-16,2026-09-16 20:14:41.294518+00:00,33.3,21.8,0.0,0,33.4,50.8,0,open-meteo,9.26,93.52
Uad Damran,Morocco,27.4617,-12.9941,2026-09-17,2026-09-16 20:14:41.294518+00:00,27.8,21.1,0.1,0,34.1,51.5,51,open-meteo,9.55,85.81
Uad Damran,Morocco,27.4617,-12.9941,2026-09-18,2026-09-16 20:14:41.294518+00:00,27.9,19.6,0.0,2,30.4,47.9,3,open-meteo,8.59,87.99
Uad Damran,Morocco,27.4617,-12.9941,2026-09-19,2026-09-16 20:14:41.294518+00:00,28.8,18.6,0.0,0,24.3,38.5,1,open-meteo,6.89,95.18
Uad Damran,Morocco,27.4617,-12.9941,2026-09-20,2026-09-16 20:14:41.294518+00:00,32.1,20.2,0.0,0,24.0,40.7,3,open-meteo,7.07,89.05
Uad Damran,Morocco,27.4617,-12.9941,2026-09-21,2026-09-16 20:14:41.294518+00:00,36.0,19.7,0.0,2,30.8,47.5,3,open-meteo,12.6,85.18
Uad Damran,Morocco,27.4617,-12.9941,2026-09-22,2026-09-16 20:14:41.294518+00:00,32.7,20.8,0.0,2,31.3,47.9,3,open-meteo,8.7,87.91
Lemsid,Morocco,26.55,-13.85,2026-09-16,2026-09-16 20:14:41.383104+00:00,27.1,20.8,0.0,0,27.4,45.7,0,open-meteo,7.99,94.41
Lemsid,Morocco,26.55,-13.85,2026-09-17,2026-09-16 20:14:41.383104+00:00,24.6,20.2,0.0,0,30.4,49.3,3,open-meteo,8.73,87.89
Lemsid,Morocco,26.55,-13.85,2026-09-18,2026-09-16 20:14:41.383104+00:00,24.1,19.1,0.3,0,27.2,45.0,51,open-meteo,8.3,86.69
Lemsid,Morocco,26.55,-13.85,2026-09-19,2026-09-16 20:14:41.383104+00:00,24.5,18.6,0.0,2,25.3,41.8,1,open-meteo,7.34,94.86
Lemsid,Morocco,26.55,-13.85,2026-09-20,2026-09-16 20:14:41.383104+00:00,25.2,18.9,0.0,0,23.4,41.4,2,open-meteo,7.06,92.06
Lemsid,Morocco,26.55,-13.85,2026-09-21,2026-09-16 20:14:41.383104+00:00,25.7,19.8,0.0,2,23.5,40.7,2,open-meteo,7.01,92.09
Lemsid,Morocco,26.55,-13.85,2026-09-22,2026-09-16 20:14:41.383104+00:00,24.2,20.3,0.0,4,23.3,40.7,2,open-meteo,6.98,92.11
Wislane,Morocco,30.225,-8.3801,2026-09-16,2026-09-16 20:14:41.468014+00:00,31.0,19.4,0.0,0,17.9,29.9,1,open-meteo,5.23,96.34
Wislane,Morocco,30.225,-8.3801,2026-09-17,2026-09-16 20:14:41.468014+00:00,28.0,17.6,0.2,23,20.5,37.1,3,open-meteo,6.54,89.42
Wislane,Morocco,30.225,-8.3801,2026-09-18,2026-09-16 20:14:41.468014+00:00,28.8,17.4,0.2,13,20.4,33.8,80,open-meteo,6.2,79.16
Wislane,Morocco,30.225,-8.3801,2026-09-19,2026-09-16 20:14:41.468014+00:00,30.7,19.5,0.0,3,22.7,37.8,3,open-meteo,6.62,89.37
Wislane,Morocco,30.225,-8.3801,2026-09-20,2026-09-16 20:14:41.468014+00:00,31.9,20.4,0.0,0,19.2,35.3,2,open-meteo,5.93,92.85
Wislane,Morocco,30.225,-8.3801,2026-09-21,2026-09-16 20:14:41.468014+00:00,31.4,20.1,0.0,8,29.2,57.6,3,open-meteo,9.41,87.41
Wislane,Morocco,30.225,-8.3801,2026-09-22,2026-09-16 20:14:41.468014+00:00,28.7,18.7,0.3,8,20.7,40.7,3,open-meteo,7.06,89.06
